datetime,open,high,low,close
2026-04-30 18:30:00,0.46053,0.46079,0.46034,0.46068
2026-04-30 18:45:00,0.46067,0.46099,0.46061,0.46088
2026-04-30 19:00:00,0.46087,0.46118,0.46081,0.46085
2026-04-30 19:15:00,0.46086,0.46089,0.46061,0.46066
2026-04-30 19:30:00,0.46067,0.461,0.46065,0.46093
2026-04-30 19:45:00,0.46094,0.46108,0.46089,0.46099
2026-04-30 20:00:00,0.46099,0.46118,0.46078,0.46079
2026-04-30 20:15:00,0.46079,0.46096,0.4607,0.46074
2026-04-30 20:30:00,0.46074,0.4611,0.46073,0.46108
2026-04-30 20:45:00,0.46109,0.46116,0.46093,0.46102
2026-04-30 21:00:00,0.46103,0.46136,0.46103,0.46131
2026-04-30 21:15:00,0.46132,0.46136,0.46114,0.46124
2026-04-30 21:30:00,0.46126,0.46144,0.46122,0.46142
2026-04-30 21:45:00,0.46142,0.46158,0.46141,0.46143
2026-04-30 22:00:00,0.46143,0.46144,0.46122,0.46124
2026-04-30 22:15:00,0.46123,0.46152,0.46122,0.46142
2026-04-30 22:30:00,0.46143,0.46162,0.4614,0.46159
2026-04-30 22:45:00,0.46159,0.46159,0.46148,0.4615
2026-04-30 23:00:00,0.4615,0.46166,0.46148,0.46157
2026-04-30 23:15:00,0.46157,0.46165,0.46146,0.46161
2026-04-30 23:30:00,0.46159,0.46181,0.46156,0.46171
2026-04-30 23:45:00,0.4617,0.46181,0.4615,0.46152
2026-05-01 00:00:00,0.46038,0.46156,0.46033,0.4615
2026-05-01 00:15:00,0.46149,0.46158,0.46113,0.46138
2026-05-01 00:30:00,0.46139,0.4614,0.46048,0.46065
2026-05-01 00:45:00,0.46059,0.46121,0.46044,0.46073
2026-05-01 01:00:00,0.46067,0.46171,0.46067,0.46168
2026-05-01 01:15:00,0.46167,0.46169,0.46156,0.46161
2026-05-01 01:30:00,0.4616,0.46164,0.46153,0.46154
2026-05-01 01:45:00,0.46153,0.46156,0.46144,0.46147
2026-05-01 02:00:00,0.46148,0.46159,0.46145,0.46154
2026-05-01 02:15:00,0.46155,0.46159,0.46144,0.46146
2026-05-01 02:30:00,0.46148,0.4617,0.46145,0.46168
2026-05-01 02:45:00,0.46169,0.46176,0.46159,0.46165
2026-05-01 03:00:00,0.46166,0.46173,0.46128,0.46134
2026-05-01 03:15:00,0.46134,0.46152,0.46133,0.4615
2026-05-01 03:30:00,0.46151,0.46152,0.46134,0.46147
2026-05-01 03:45:00,0.46148,0.46153,0.46139,0.46149
2026-05-01 04:00:00,0.46148,0.46158,0.46138,0.46157
2026-05-01 04:15:00,0.46156,0.46158,0.4614,0.46146
2026-05-01 04:30:00,0.46145,0.46153,0.4614,0.46145
2026-05-01 04:45:00,0.46146,0.46166,0.46141,0.46159
2026-05-01 05:00:00,0.46159,0.46164,0.46144,0.46159
2026-05-01 05:15:00,0.46159,0.46162,0.46141,0.46152
2026-05-01 05:30:00,0.46153,0.46153,0.46138,0.46141
2026-05-01 05:45:00,0.4614,0.46142,0.46125,0.46137
2026-05-01 06:00:00,0.46137,0.46153,0.46136,0.46149
2026-05-01 06:15:00,0.4615,0.46153,0.4614,0.46146
2026-05-01 06:30:00,0.46145,0.46148,0.46117,0.46119
2026-05-01 06:45:00,0.4612,0.46121,0.46106,0.46113
2026-05-01 07:00:00,0.46112,0.46113,0.46088,0.46098
2026-05-01 07:15:00,0.46097,0.46101,0.4609,0.46097
2026-05-01 07:30:00,0.46096,0.46098,0.4609,0.46093
2026-05-01 07:45:00,0.46093,0.46105,0.46093,0.46098
2026-05-01 08:00:00,0.46098,0.46116,0.46098,0.46115
2026-05-01 08:15:00,0.46115,0.46123,0.46104,0.46121
2026-05-01 08:30:00,0.46121,0.46128,0.46113,0.46124
2026-05-01 08:45:00,0.46125,0.46129,0.46104,0.4611
2026-05-01 09:00:00,0.4611,0.46125,0.461,0.46103
2026-05-01 09:15:00,0.46104,0.46116,0.46098,0.46103
2026-05-01 09:30:00,0.46103,0.46112,0.46079,0.4608
2026-05-01 09:45:00,0.4608,0.46087,0.45986,0.46046
2026-05-01 10:00:00,0.46047,0.46092,0.46046,0.46088
2026-05-01 10:15:00,0.46088,0.46098,0.46059,0.46071
2026-05-01 10:30:00,0.46071,0.46086,0.46059,0.46083
2026-05-01 10:45:00,0.46084,0.46094,0.46068,0.46085
2026-05-01 11:00:00,0.46085,0.46094,0.46079,0.46083
2026-05-01 11:15:00,0.46082,0.46085,0.46041,0.46048
2026-05-01 11:30:00,0.46047,0.46067,0.46038,0.46059
2026-05-01 11:45:00,0.46058,0.46069,0.46042,0.46046
2026-05-01 12:00:00,0.46046,0.46073,0.46038,0.46059
2026-05-01 12:15:00,0.46058,0.46059,0.46035,0.46045
2026-05-01 12:30:00,0.46045,0.46051,0.46038,0.46043
2026-05-01 12:45:00,0.46045,0.46056,0.4601,0.46026
2026-05-01 13:00:00,0.46026,0.46038,0.46014,0.46023
2026-05-01 13:15:00,0.46024,0.46029,0.46011,0.46012
2026-05-01 13:30:00,0.46013,0.46023,0.45993,0.46007
2026-05-01 13:45:00,0.46006,0.46011,0.45995,0.45999
2026-05-01 14:00:00,0.45999,0.46011,0.4599,0.4601
2026-05-01 14:15:00,0.46009,0.46019,0.45988,0.45995
2026-05-01 14:30:00,0.45995,0.46012,0.45992,0.46011
2026-05-01 14:45:00,0.46012,0.46016,0.45996,0.46012
2026-05-01 15:00:00,0.46012,0.46035,0.46007,0.46021
2026-05-01 15:15:00,0.46022,0.46034,0.45995,0.46031
2026-05-01 15:30:00,0.46032,0.46039,0.46011,0.46035
2026-05-01 15:45:00,0.46034,0.46048,0.46031,0.46039
2026-05-01 16:00:00,0.46039,0.46073,0.46027,0.46069
2026-05-01 16:15:00,0.46069,0.46075,0.46057,0.46073
2026-05-01 16:30:00,0.46074,0.46093,0.4607,0.46073
2026-05-01 16:45:00,0.46073,0.46091,0.46064,0.46077
2026-05-01 17:00:00,0.46071,0.46107,0.46069,0.46094
2026-05-01 17:15:00,0.46093,0.46106,0.46077,0.46084
2026-05-01 17:30:00,0.46085,0.46111,0.46068,0.46106
2026-05-01 17:45:00,0.46107,0.46118,0.46064,0.46067
2026-05-01 18:00:00,0.46067,0.46123,0.46065,0.4612
2026-05-01 18:15:00,0.4612,0.46143,0.46111,0.46134
2026-05-01 18:30:00,0.46132,0.4614,0.46119,0.46126
2026-05-01 18:45:00,0.46125,0.46142,0.46123,0.46131
2026-05-01 19:00:00,0.46131,0.46134,0.46117,0.46123
2026-05-01 19:15:00,0.46123,0.46138,0.46115,0.46125
2026-05-01 19:30:00,0.46125,0.46133,0.46108,0.46127
2026-05-01 19:45:00,0.46127,0.4614,0.46123,0.4613
2026-05-01 20:00:00,0.4613,0.46134,0.46121,0.46128
2026-05-01 20:15:00,0.46127,0.46134,0.46122,0.46124
2026-05-01 20:30:00,0.46125,0.46129,0.46117,0.46121
2026-05-01 20:45:00,0.4612,0.46125,0.46112,0.46115
2026-05-01 21:00:00,0.46116,0.46117,0.46091,0.46103
2026-05-01 21:15:00,0.46102,0.46117,0.46091,0.46115
2026-05-01 21:30:00,0.46113,0.46119,0.46104,0.46113
2026-05-01 21:45:00,0.46113,0.46126,0.46106,0.46122
2026-05-01 22:00:00,0.46121,0.46128,0.46116,0.46119
2026-05-01 22:15:00,0.4612,0.46133,0.46119,0.46131
2026-05-01 22:30:00,0.46131,0.46132,0.46121,0.46127
2026-05-01 22:45:00,0.46128,0.46129,0.46115,0.46116
2026-05-01 23:00:00,0.46117,0.46123,0.46112,0.46117
2026-05-01 23:15:00,0.46118,0.46125,0.46112,0.46114
2026-05-01 23:30:00,0.46114,0.46116,0.46106,0.46111
2026-05-01 23:45:00,0.4611,0.46117,0.46073,0.4608
2026-05-04 00:00:00,0.45853,0.46044,0.45825,0.4604
2026-05-04 00:15:00,0.46045,0.46052,0.46028,0.46049
2026-05-04 00:30:00,0.46047,0.46054,0.45927,0.46044
2026-05-04 00:45:00,0.46044,0.46116,0.46035,0.46102
2026-05-04 01:00:00,0.46113,0.46158,0.46102,0.46131
2026-05-04 01:15:00,0.46132,0.46136,0.46111,0.46113
2026-05-04 01:30:00,0.46113,0.46119,0.46108,0.46111
2026-05-04 01:45:00,0.46111,0.46122,0.46111,0.46115
2026-05-04 02:00:00,0.46114,0.46122,0.46111,0.46113
2026-05-04 02:15:00,0.46113,0.46117,0.4611,0.46117
2026-05-04 02:30:00,0.46115,0.46124,0.46113,0.46123
2026-05-04 02:45:00,0.46124,0.46141,0.4612,0.4613
2026-05-04 03:00:00,0.46129,0.4614,0.46121,0.4613
2026-05-04 03:15:00,0.4613,0.46139,0.46118,0.46125
2026-05-04 03:30:00,0.46124,0.46139,0.46122,0.46129
2026-05-04 03:45:00,0.46129,0.46141,0.46111,0.46111
2026-05-04 04:00:00,0.46111,0.46127,0.46101,0.46126
2026-05-04 04:15:00,0.46127,0.46135,0.46115,0.46126
2026-05-04 04:30:00,0.46124,0.46149,0.46121,0.46146
2026-05-04 04:45:00,0.46147,0.46168,0.46122,0.46165
2026-05-04 05:00:00,0.46165,0.46192,0.46159,0.46189
2026-05-04 05:15:00,0.46188,0.46188,0.46156,0.4616
2026-05-04 05:30:00,0.46161,0.46171,0.46156,0.46166
2026-05-04 05:45:00,0.46165,0.46194,0.46165,0.46185
2026-05-04 06:00:00,0.46183,0.46194,0.46178,0.4619
2026-05-04 06:15:00,0.46191,0.46193,0.46182,0.46184
2026-05-04 06:30:00,0.46183,0.46199,0.46183,0.46196
2026-05-04 06:45:00,0.46195,0.4624,0.46185,0.46229
2026-05-04 07:00:00,0.4623,0.46237,0.46209,0.46214
2026-05-04 07:15:00,0.46212,0.46232,0.46212,0.4622
2026-05-04 07:30:00,0.46218,0.46229,0.46215,0.46228
2026-05-04 07:45:00,0.46228,0.46229,0.46221,0.46221
2026-05-04 08:00:00,0.46221,0.46229,0.46212,0.46213
2026-05-04 08:15:00,0.46212,0.46218,0.46195,0.46206
2026-05-04 08:30:00,0.46206,0.46215,0.46195,0.46215
2026-05-04 08:45:00,0.46215,0.46216,0.46201,0.46206
2026-05-04 09:00:00,0.46205,0.46218,0.46195,0.46204
2026-05-04 09:15:00,0.46203,0.46205,0.46184,0.46201
2026-05-04 09:30:00,0.462,0.46209,0.46149,0.46152
2026-05-04 09:45:00,0.46151,0.46165,0.46139,0.46161
2026-05-04 10:00:00,0.46162,0.46163,0.46136,0.46136
2026-05-04 10:15:00,0.46135,0.46164,0.46129,0.46159
2026-05-04 10:30:00,0.4616,0.46169,0.4614,0.46165
2026-05-04 10:45:00,0.46166,0.46191,0.46145,0.46159
2026-05-04 11:00:00,0.46158,0.46187,0.46153,0.46187
2026-05-04 11:15:00,0.46186,0.46212,0.46177,0.46203
2026-05-04 11:30:00,0.46203,0.46211,0.46181,0.46183
2026-05-04 11:45:00,0.46184,0.4619,0.46165,0.4617
2026-05-04 12:00:00,0.4617,0.4619,0.46167,0.46179
2026-05-04 12:15:00,0.46181,0.46193,0.46178,0.46192
2026-05-04 12:30:00,0.46191,0.46207,0.46182,0.46197
2026-05-04 12:45:00,0.46198,0.46207,0.46185,0.46192
2026-05-04 13:00:00,0.46193,0.46201,0.46078,0.4609
2026-05-04 13:15:00,0.46091,0.46155,0.46083,0.46136
2026-05-04 13:30:00,0.46136,0.46159,0.46115,0.46144
2026-05-04 13:45:00,0.46142,0.46154,0.46136,0.46147
2026-05-04 14:00:00,0.46149,0.46161,0.46136,0.46151
2026-05-04 14:15:00,0.46151,0.46158,0.46132,0.46142
2026-05-04 14:30:00,0.46141,0.46151,0.4613,0.46148
2026-05-04 14:45:00,0.46148,0.46149,0.46132,0.46138
2026-05-04 15:00:00,0.46139,0.46161,0.46131,0.46156
2026-05-04 15:15:00,0.46156,0.46184,0.46144,0.46166
2026-05-04 15:30:00,0.46166,0.46168,0.4614,0.46152
2026-05-04 15:45:00,0.46151,0.46162,0.46143,0.4615
2026-05-04 16:00:00,0.46151,0.46154,0.46109,0.46123
2026-05-04 16:15:00,0.46122,0.4613,0.46097,0.4611
2026-05-04 16:30:00,0.4611,0.46129,0.46102,0.46113
2026-05-04 16:45:00,0.46113,0.46119,0.4608,0.46087
2026-05-04 17:00:00,0.46086,0.46121,0.46084,0.46114
2026-05-04 17:15:00,0.46115,0.46119,0.46091,0.46097
2026-05-04 17:30:00,0.46097,0.46128,0.46097,0.46119
2026-05-04 17:45:00,0.4612,0.46129,0.46072,0.46072
2026-05-04 18:00:00,0.46073,0.46084,0.46051,0.46052
2026-05-04 18:15:00,0.46051,0.46058,0.46002,0.4601
2026-05-04 18:30:00,0.46011,0.4602,0.45992,0.46011
2026-05-04 18:45:00,0.4601,0.46014,0.45993,0.46001
2026-05-04 19:00:00,0.46002,0.46004,0.45949,0.45972
2026-05-04 19:15:00,0.45971,0.46017,0.45967,0.46012
2026-05-04 19:30:00,0.46012,0.46033,0.46011,0.46026
2026-05-04 19:45:00,0.46027,0.46036,0.46017,0.46021
2026-05-04 20:00:00,0.46022,0.46067,0.46022,0.46059
2026-05-04 20:15:00,0.46058,0.46062,0.46034,0.4604
2026-05-04 20:30:00,0.46039,0.46043,0.46015,0.46026
2026-05-04 20:45:00,0.46027,0.4603,0.46019,0.46023
2026-05-04 21:00:00,0.46022,0.46031,0.46015,0.46017
2026-05-04 21:15:00,0.46018,0.46023,0.46008,0.46014
2026-05-04 21:30:00,0.46012,0.46026,0.46011,0.46017
2026-05-04 21:45:00,0.46017,0.4602,0.4601,0.46012
2026-05-04 22:00:00,0.46014,0.46029,0.45999,0.46026
2026-05-04 22:15:00,0.46027,0.46031,0.4602,0.46028
2026-05-04 22:30:00,0.46028,0.46036,0.46019,0.46027
2026-05-04 22:45:00,0.46027,0.46041,0.46022,0.46035
2026-05-04 23:00:00,0.46036,0.46038,0.46029,0.46033
2026-05-04 23:15:00,0.46031,0.46034,0.46022,0.46023
2026-05-04 23:30:00,0.46022,0.46031,0.46021,0.4603
2026-05-04 23:45:00,0.4603,0.46032,0.46005,0.4601
2026-05-05 00:00:00,0.45963,0.4604,0.45948,0.4604
2026-05-05 00:15:00,0.4604,0.46041,0.46015,0.46024
2026-05-05 00:30:00,0.46026,0.4603,0.45987,0.46014
2026-05-05 00:45:00,0.46016,0.4605,0.45988,0.46047
2026-05-05 01:00:00,0.46047,0.46047,0.45981,0.46031
2026-05-05 01:15:00,0.46032,0.46036,0.46026,0.46029
2026-05-05 01:30:00,0.4603,0.46034,0.46026,0.46031
2026-05-05 01:45:00,0.46031,0.46036,0.46024,0.46028
2026-05-05 02:00:00,0.46027,0.46033,0.46025,0.46029
2026-05-05 02:15:00,0.46028,0.46034,0.46027,0.46032
2026-05-05 02:30:00,0.46031,0.46033,0.46029,0.46031
2026-05-05 02:45:00,0.46031,0.46038,0.46025,0.46034
2026-05-05 03:00:00,0.46034,0.4605,0.46022,0.46035
2026-05-05 03:15:00,0.46035,0.46035,0.46007,0.46012
2026-05-05 03:30:00,0.46012,0.46014,0.45986,0.45986
2026-05-05 03:45:00,0.45986,0.46005,0.45984,0.45987
2026-05-05 04:00:00,0.45986,0.45988,0.45973,0.45981
2026-05-05 04:15:00,0.45981,0.45987,0.45965,0.45975
2026-05-05 04:30:00,0.45974,0.45981,0.45961,0.45964
2026-05-05 04:45:00,0.45964,0.45988,0.45964,0.4598
2026-05-05 05:00:00,0.45981,0.45999,0.45979,0.45996
2026-05-05 05:15:00,0.45997,0.46006,0.45994,0.45999
2026-05-05 05:30:00,0.46,0.46005,0.45986,0.4599
2026-05-05 05:45:00,0.4599,0.46011,0.4599,0.46002
2026-05-05 06:00:00,0.46,0.46003,0.45986,0.4599
2026-05-05 06:15:00,0.4599,0.46,0.45988,0.4599
2026-05-05 06:30:00,0.4599,0.45997,0.45982,0.45996
2026-05-05 06:45:00,0.45996,0.46001,0.45984,0.45987
2026-05-05 07:00:00,0.45988,0.46005,0.45987,0.4599
2026-05-05 07:15:00,0.45991,0.46011,0.45991,0.4601
2026-05-05 07:30:00,0.46011,0.46038,0.45979,0.46007
2026-05-05 07:45:00,0.46007,0.46011,0.45962,0.45968
2026-05-05 08:00:00,0.45967,0.46001,0.45963,0.45973
2026-05-05 08:15:00,0.45974,0.45992,0.45959,0.45965
2026-05-05 08:30:00,0.45965,0.46036,0.45952,0.45998
2026-05-05 08:45:00,0.45999,0.4602,0.45982,0.46016
2026-05-05 09:00:00,0.46017,0.46067,0.46015,0.46052
2026-05-05 09:15:00,0.46051,0.46059,0.46023,0.46041
2026-05-05 09:30:00,0.46044,0.46068,0.46044,0.46068
2026-05-05 09:45:00,0.46068,0.46088,0.46063,0.46067
2026-05-05 10:00:00,0.46068,0.46072,0.46041,0.46044
2026-05-05 10:15:00,0.46044,0.46045,0.46013,0.46017
2026-05-05 10:30:00,0.46017,0.46059,0.46016,0.46044
2026-05-05 10:45:00,0.46044,0.46045,0.46018,0.46022
2026-05-05 11:00:00,0.46022,0.46054,0.4602,0.46049
2026-05-05 11:15:00,0.46048,0.46074,0.46047,0.46067
2026-05-05 11:30:00,0.46068,0.46068,0.46045,0.46051
2026-05-05 11:45:00,0.46052,0.46071,0.46043,0.4606
2026-05-05 12:00:00,0.4606,0.46071,0.46051,0.46066
2026-05-05 12:15:00,0.46064,0.46077,0.46058,0.46066
2026-05-05 12:30:00,0.46067,0.4608,0.46065,0.46072
2026-05-05 12:45:00,0.46071,0.46095,0.4607,0.46073
2026-05-05 13:00:00,0.46072,0.46077,0.46055,0.46073
2026-05-05 13:15:00,0.46074,0.46085,0.4607,0.46078
2026-05-05 13:30:00,0.46079,0.4609,0.46054,0.46055
2026-05-05 13:45:00,0.46055,0.46063,0.46051,0.4606
2026-05-05 14:00:00,0.46058,0.4607,0.46047,0.46066
2026-05-05 14:15:00,0.46065,0.46083,0.46059,0.46075
2026-05-05 14:30:00,0.46076,0.46095,0.4607,0.46093
2026-05-05 14:45:00,0.46095,0.4611,0.46083,0.46092
2026-05-05 15:00:00,0.46091,0.46114,0.46085,0.46108
2026-05-05 15:15:00,0.46107,0.46143,0.46096,0.46141
2026-05-05 15:30:00,0.46141,0.46141,0.46103,0.46105
2026-05-05 15:45:00,0.46106,0.46114,0.46096,0.46102
2026-05-05 16:00:00,0.46102,0.46119,0.46095,0.46097
2026-05-05 16:15:00,0.46097,0.46107,0.46094,0.46103
2026-05-05 16:30:00,0.46104,0.46108,0.46082,0.46088
2026-05-05 16:45:00,0.46089,0.4611,0.4608,0.46091
2026-05-05 17:00:00,0.46093,0.46113,0.46082,0.46083
2026-05-05 17:15:00,0.46083,0.46106,0.46072,0.4609
2026-05-05 17:30:00,0.46091,0.46111,0.46086,0.46106
2026-05-05 17:45:00,0.46105,0.4611,0.46071,0.46076
2026-05-05 18:00:00,0.46077,0.46132,0.46073,0.46131
2026-05-05 18:15:00,0.46131,0.46139,0.46114,0.46132
2026-05-05 18:30:00,0.46133,0.46146,0.46112,0.46129
2026-05-05 18:45:00,0.4613,0.46165,0.46127,0.4616
2026-05-05 19:00:00,0.46159,0.46159,0.46141,0.46144
2026-05-05 19:15:00,0.46143,0.46145,0.46123,0.46134
2026-05-05 19:30:00,0.46134,0.46138,0.46124,0.46126
2026-05-05 19:45:00,0.46127,0.46134,0.46115,0.46125
2026-05-05 20:00:00,0.46124,0.46131,0.46116,0.46121
2026-05-05 20:15:00,0.46121,0.46122,0.46109,0.46122
2026-05-05 20:30:00,0.46122,0.46126,0.46113,0.46115
2026-05-05 20:45:00,0.46116,0.46123,0.4611,0.46119
2026-05-05 21:00:00,0.46118,0.46123,0.46114,0.46117
2026-05-05 21:15:00,0.46118,0.46119,0.46102,0.46106
2026-05-05 21:30:00,0.46106,0.4612,0.46105,0.46106
2026-05-05 21:45:00,0.46107,0.46111,0.46095,0.46099
2026-05-05 22:00:00,0.46099,0.46108,0.46097,0.46099
2026-05-05 22:15:00,0.46098,0.46106,0.46097,0.461
2026-05-05 22:30:00,0.461,0.46106,0.46097,0.46097
2026-05-05 22:45:00,0.46097,0.46103,0.46086,0.46103
2026-05-05 23:00:00,0.46103,0.46107,0.46095,0.46097
2026-05-05 23:15:00,0.46096,0.46097,0.46083,0.46096
2026-05-05 23:30:00,0.46097,0.46098,0.46087,0.46097
2026-05-05 23:45:00,0.46097,0.46097,0.4608,0.46084
2026-05-06 00:00:00,0.45918,0.46142,0.45905,0.4603
2026-05-06 00:15:00,0.46028,0.46136,0.45998,0.46078
2026-05-06 00:30:00,0.46074,0.46077,0.46021,0.46026
2026-05-06 00:45:00,0.46026,0.46115,0.45953,0.46098
2026-05-06 01:00:00,0.46098,0.46102,0.46023,0.46094
2026-05-06 01:15:00,0.46093,0.46094,0.46083,0.46085
2026-05-06 01:30:00,0.46085,0.46103,0.46081,0.46094
2026-05-06 01:45:00,0.46096,0.46117,0.46085,0.46114
2026-05-06 02:00:00,0.46114,0.46155,0.46092,0.46148
2026-05-06 02:15:00,0.46149,0.46172,0.46143,0.46146
2026-05-06 02:30:00,0.46145,0.46149,0.46132,0.46135
2026-05-06 02:45:00,0.46139,0.4614,0.46114,0.46114
2026-05-06 03:00:00,0.46114,0.46167,0.46114,0.46154
2026-05-06 03:15:00,0.46154,0.46192,0.46145,0.46189
2026-05-06 03:30:00,0.46188,0.46235,0.46185,0.46234
2026-05-06 03:45:00,0.46233,0.46247,0.46224,0.46247
2026-05-06 04:00:00,0.46248,0.46259,0.4624,0.46246
2026-05-06 04:15:00,0.46247,0.463,0.46247,0.46285
2026-05-06 04:30:00,0.46285,0.46285,0.46255,0.46276
2026-05-06 04:45:00,0.46275,0.46315,0.46275,0.4631
2026-05-06 05:00:00,0.4631,0.46316,0.46298,0.46304
2026-05-06 05:15:00,0.46305,0.46325,0.46299,0.46317
2026-05-06 05:30:00,0.46317,0.46334,0.46312,0.4633
2026-05-06 05:45:00,0.46332,0.46346,0.46329,0.46343
2026-05-06 06:00:00,0.46345,0.46405,0.46343,0.46365
2026-05-06 06:15:00,0.46364,0.46374,0.46352,0.46355
2026-05-06 06:30:00,0.46354,0.46373,0.46348,0.46371
2026-05-06 06:45:00,0.46372,0.46372,0.46344,0.46344
2026-05-06 07:00:00,0.46344,0.46382,0.46344,0.46381
2026-05-06 07:15:00,0.46382,0.46388,0.4636,0.46365
2026-05-06 07:30:00,0.46365,0.46401,0.46353,0.46374
2026-05-06 07:45:00,0.46374,0.46392,0.46348,0.46363
2026-05-06 08:00:00,0.46365,0.46387,0.46357,0.46385
2026-05-06 08:15:00,0.46384,0.46387,0.46354,0.4638
2026-05-06 08:30:00,0.4638,0.46386,0.46365,0.46382
2026-05-06 08:45:00,0.46382,0.46408,0.4638,0.46391
2026-05-06 09:00:00,0.46391,0.4641,0.46368,0.46401
2026-05-06 09:15:00,0.46401,0.46441,0.46396,0.46431
2026-05-06 09:30:00,0.46431,0.46449,0.46416,0.46427
2026-05-06 09:45:00,0.46428,0.46459,0.46419,0.46457
2026-05-06 10:00:00,0.46459,0.46479,0.46422,0.46431
2026-05-06 10:15:00,0.4643,0.46476,0.46413,0.4646
2026-05-06 10:30:00,0.4646,0.46487,0.4646,0.46467
2026-05-06 10:45:00,0.46466,0.46479,0.46419,0.46431
2026-05-06 11:00:00,0.46433,0.46465,0.4643,0.46465
2026-05-06 11:15:00,0.46465,0.46466,0.46439,0.46451
2026-05-06 11:30:00,0.4645,0.46475,0.46446,0.46466
2026-05-06 11:45:00,0.46467,0.46511,0.46449,0.46495
2026-05-06 12:00:00,0.46495,0.46502,0.46451,0.46498
2026-05-06 12:15:00,0.46499,0.46521,0.46482,0.46506
2026-05-06 12:30:00,0.46505,0.46512,0.46485,0.46501
2026-05-06 12:45:00,0.46502,0.46508,0.46486,0.4649
2026-05-06 13:00:00,0.46491,0.465,0.46458,0.46473
2026-05-06 13:15:00,0.46472,0.46491,0.46467,0.46473
2026-05-06 13:30:00,0.46474,0.46528,0.46466,0.46521
2026-05-06 13:45:00,0.4652,0.46566,0.46504,0.46519
2026-05-06 14:00:00,0.46519,0.46532,0.46501,0.46508
2026-05-06 14:15:00,0.46507,0.46515,0.46493,0.46501
2026-05-06 14:30:00,0.46501,0.4652,0.46486,0.46496
2026-05-06 14:45:00,0.46498,0.46519,0.46484,0.46489
2026-05-06 15:00:00,0.4649,0.46492,0.46444,0.46456
2026-05-06 15:15:00,0.46457,0.46487,0.46447,0.46454
2026-05-06 15:30:00,0.46455,0.46459,0.46438,0.46452
2026-05-06 15:45:00,0.46452,0.46467,0.4644,0.4645
2026-05-06 16:00:00,0.46449,0.46455,0.4641,0.46443
2026-05-06 16:15:00,0.46442,0.46452,0.46415,0.46424
2026-05-06 16:30:00,0.46423,0.46443,0.46414,0.46441
2026-05-06 16:45:00,0.46442,0.46444,0.46422,0.46435
2026-05-06 17:00:00,0.46434,0.46456,0.46433,0.46451
2026-05-06 17:15:00,0.46452,0.46456,0.4642,0.46424
2026-05-06 17:30:00,0.46423,0.46483,0.46423,0.46481
2026-05-06 17:45:00,0.46479,0.46488,0.46426,0.46429
2026-05-06 18:00:00,0.46428,0.46444,0.46412,0.46423
2026-05-06 18:15:00,0.46423,0.46433,0.46413,0.46414
2026-05-06 18:30:00,0.46415,0.46428,0.46412,0.46425
2026-05-06 18:45:00,0.46425,0.4643,0.46387,0.46411
2026-05-06 19:00:00,0.4641,0.4642,0.46402,0.46414
2026-05-06 19:15:00,0.46413,0.46413,0.46397,0.46401
2026-05-06 19:30:00,0.46402,0.46406,0.46397,0.46403
2026-05-06 19:45:00,0.46402,0.46402,0.46381,0.46388
2026-05-06 20:00:00,0.4639,0.4639,0.46378,0.46383
2026-05-06 20:15:00,0.46382,0.46386,0.46376,0.46381
2026-05-06 20:30:00,0.46381,0.46389,0.46372,0.46378
2026-05-06 20:45:00,0.46379,0.464,0.46374,0.46395
2026-05-06 21:00:00,0.46396,0.46405,0.46388,0.46389
2026-05-06 21:15:00,0.46388,0.46395,0.46386,0.46392
2026-05-06 21:30:00,0.46393,0.46398,0.46378,0.46382
2026-05-06 21:45:00,0.46381,0.46385,0.46373,0.46374
2026-05-06 22:00:00,0.46369,0.46384,0.46359,0.46375
2026-05-06 22:15:00,0.46374,0.4638,0.4637,0.46377
2026-05-06 22:30:00,0.46376,0.46379,0.46369,0.46375
2026-05-06 22:45:00,0.46374,0.46379,0.46359,0.46361
2026-05-06 23:00:00,0.4636,0.46366,0.46345,0.46355
2026-05-06 23:15:00,0.46357,0.4637,0.46353,0.4637
2026-05-06 23:30:00,0.4637,0.46373,0.46368,0.4637
2026-05-06 23:45:00,0.4637,0.4637,0.46345,0.46358
2026-05-07 00:00:00,0.46215,0.4645,0.46215,0.46416
2026-05-07 00:15:00,0.46396,0.46424,0.46278,0.46278
2026-05-07 00:30:00,0.46278,0.46386,0.46264,0.46375
2026-05-07 00:45:00,0.4638,0.46386,0.46324,0.46338
2026-05-07 01:00:00,0.46338,0.4637,0.46324,0.46367
2026-05-07 01:15:00,0.46366,0.46375,0.46364,0.46371
2026-05-07 01:30:00,0.4637,0.46372,0.46361,0.46367
2026-05-07 01:45:00,0.46367,0.46373,0.4636,0.46373
2026-05-07 02:00:00,0.46373,0.4638,0.46369,0.46379
2026-05-07 02:15:00,0.46379,0.46379,0.46365,0.46367
2026-05-07 02:30:00,0.46367,0.46376,0.46362,0.46376
2026-05-07 02:45:00,0.46375,0.46382,0.46362,0.46367
2026-05-07 03:00:00,0.46369,0.46392,0.46366,0.4638
2026-05-07 03:15:00,0.46381,0.46384,0.46365,0.46379
2026-05-07 03:30:00,0.46378,0.46391,0.46375,0.46382
2026-05-07 03:45:00,0.46382,0.46392,0.46374,0.46388
2026-05-07 04:00:00,0.46389,0.46389,0.46366,0.46376
2026-05-07 04:15:00,0.46375,0.46386,0.46369,0.46375
2026-05-07 04:30:00,0.46375,0.46385,0.46366,0.46383
2026-05-07 04:45:00,0.46382,0.46412,0.46381,0.46396
2026-05-07 05:00:00,0.46396,0.46422,0.46396,0.46419
2026-05-07 05:15:00,0.46418,0.46418,0.46396,0.46403
2026-05-07 05:30:00,0.46404,0.46417,0.46397,0.46401
2026-05-07 05:45:00,0.46403,0.46427,0.46403,0.46412
2026-05-07 06:00:00,0.46412,0.46418,0.46403,0.46418
2026-05-07 06:15:00,0.46418,0.46425,0.46405,0.46407
2026-05-07 06:30:00,0.46406,0.46433,0.46403,0.46419
2026-05-07 06:45:00,0.46419,0.46428,0.46415,0.46424
2026-05-07 07:00:00,0.46423,0.46437,0.46421,0.46432
2026-05-07 07:15:00,0.46431,0.46446,0.46426,0.46442
2026-05-07 07:30:00,0.46442,0.46442,0.46431,0.46441
2026-05-07 07:45:00,0.46441,0.46445,0.46428,0.4644
2026-05-07 08:00:00,0.4644,0.46445,0.46437,0.4644
2026-05-07 08:15:00,0.4644,0.46446,0.46436,0.4644
2026-05-07 08:30:00,0.46441,0.46446,0.46434,0.46435
2026-05-07 08:45:00,0.46435,0.46442,0.46419,0.46424
2026-05-07 09:00:00,0.46424,0.46424,0.46396,0.46404
2026-05-07 09:15:00,0.46405,0.46416,0.46405,0.46405
2026-05-07 09:30:00,0.46405,0.46433,0.464,0.46425
2026-05-07 09:45:00,0.46423,0.46426,0.46386,0.4639
2026-05-07 10:00:00,0.4639,0.46447,0.46386,0.46442
2026-05-07 10:15:00,0.46441,0.4645,0.46428,0.46442
2026-05-07 10:30:00,0.46443,0.46464,0.46415,0.4645
2026-05-07 10:45:00,0.46451,0.4647,0.46442,0.46462
2026-05-07 11:00:00,0.46462,0.46492,0.46459,0.46482
2026-05-07 11:15:00,0.46482,0.46485,0.46456,0.4646
2026-05-07 11:30:00,0.46459,0.46487,0.46455,0.46479
2026-05-07 11:45:00,0.46478,0.46491,0.46459,0.46462
2026-05-07 12:00:00,0.46461,0.46464,0.46436,0.4645
2026-05-07 12:15:00,0.46449,0.46458,0.46436,0.46437
2026-05-07 12:30:00,0.46436,0.46478,0.46431,0.46478
2026-05-07 12:45:00,0.46477,0.46482,0.46453,0.4647
2026-05-07 13:00:00,0.46469,0.4649,0.46465,0.46483
2026-05-07 13:15:00,0.46483,0.4649,0.46478,0.46486
2026-05-07 13:30:00,0.46486,0.465,0.46461,0.46498
2026-05-07 13:45:00,0.46499,0.46526,0.46497,0.46517
2026-05-07 14:00:00,0.46518,0.46534,0.46511,0.46525
2026-05-07 14:15:00,0.46524,0.46532,0.46497,0.46524
2026-05-07 14:30:00,0.46524,0.46538,0.46514,0.46526
2026-05-07 14:45:00,0.46525,0.46534,0.46515,0.46524
2026-05-07 15:00:00,0.46524,0.46544,0.46493,0.46497
2026-05-07 15:15:00,0.46496,0.46515,0.46468,0.46472
2026-05-07 15:30:00,0.46473,0.46494,0.46462,0.4649
2026-05-07 15:45:00,0.4649,0.46503,0.4647,0.46471
2026-05-07 16:00:00,0.4647,0.46471,0.46429,0.46447
2026-05-07 16:15:00,0.46447,0.46468,0.46442,0.46451
2026-05-07 16:30:00,0.46451,0.46458,0.46434,0.46434
2026-05-07 16:45:00,0.46434,0.46463,0.46428,0.46435
2026-05-07 17:00:00,0.46434,0.46446,0.46412,0.46445
2026-05-07 17:15:00,0.46446,0.46467,0.46434,0.46448
2026-05-07 17:30:00,0.46449,0.46475,0.46447,0.46468
2026-05-07 17:45:00,0.46469,0.46471,0.46424,0.4643
2026-05-07 18:00:00,0.46429,0.46434,0.46413,0.46432
2026-05-07 18:15:00,0.46432,0.46433,0.46382,0.46402
2026-05-07 18:30:00,0.46403,0.4641,0.46382,0.4639
2026-05-07 18:45:00,0.46389,0.4639,0.46363,0.46368
2026-05-07 19:00:00,0.46367,0.46379,0.46351,0.46365
2026-05-07 19:15:00,0.46365,0.46384,0.46347,0.4638
2026-05-07 19:30:00,0.46381,0.46385,0.46366,0.46374
2026-05-07 19:45:00,0.46375,0.46388,0.46369,0.46387
2026-05-07 20:00:00,0.46386,0.46397,0.46379,0.46392
2026-05-07 20:15:00,0.46393,0.46415,0.46378,0.46388
2026-05-07 20:30:00,0.4639,0.46398,0.46375,0.46382
2026-05-07 20:45:00,0.46381,0.46391,0.46375,0.4639
2026-05-07 21:00:00,0.46391,0.46392,0.46371,0.46377
2026-05-07 21:15:00,0.46378,0.4638,0.46367,0.4637
2026-05-07 21:30:00,0.46371,0.46379,0.46357,0.46364
2026-05-07 21:45:00,0.46363,0.46371,0.46345,0.46364
2026-05-07 22:00:00,0.46366,0.46377,0.46359,0.46371
2026-05-07 22:15:00,0.46371,0.46378,0.46349,0.46367
2026-05-07 22:30:00,0.46366,0.46372,0.46355,0.46371
2026-05-07 22:45:00,0.4637,0.4638,0.4635,0.46359
2026-05-07 23:00:00,0.4636,0.46391,0.46355,0.46376
2026-05-07 23:15:00,0.46377,0.46379,0.46366,0.46369
2026-05-07 23:30:00,0.4637,0.46378,0.46348,0.46365
2026-05-07 23:45:00,0.46364,0.46367,0.4633,0.46333
2026-05-08 00:00:00,0.46198,0.46298,0.46175,0.46283
2026-05-08 00:15:00,0.46276,0.46303,0.46271,0.46303
2026-05-08 00:30:00,0.46303,0.46307,0.46212,0.4625
2026-05-08 00:45:00,0.46251,0.46306,0.46201,0.46254
2026-05-08 01:00:00,0.46259,0.4634,0.46254,0.4634
2026-05-08 01:15:00,0.46338,0.4635,0.46332,0.46349
2026-05-08 01:30:00,0.46349,0.4635,0.46336,0.46341
2026-05-08 01:45:00,0.4634,0.46345,0.46329,0.46329
2026-05-08 02:00:00,0.4633,0.46353,0.46329,0.46347
2026-05-08 02:15:00,0.46346,0.46359,0.46344,0.46353
2026-05-08 02:30:00,0.46353,0.46356,0.46342,0.46345
2026-05-08 02:45:00,0.46344,0.46352,0.46338,0.46348
2026-05-08 03:00:00,0.46348,0.46356,0.46332,0.46348
2026-05-08 03:15:00,0.46346,0.4635,0.46314,0.46336
2026-05-08 03:30:00,0.46335,0.46355,0.46335,0.4635
2026-05-08 03:45:00,0.46351,0.46351,0.46334,0.46348
2026-05-08 04:00:00,0.46348,0.46362,0.46339,0.46343
2026-05-08 04:15:00,0.46342,0.46352,0.46325,0.46329
2026-05-08 04:30:00,0.4633,0.46342,0.46321,0.46338
2026-05-08 04:45:00,0.46339,0.46347,0.46327,0.46337
2026-05-08 05:00:00,0.46339,0.46347,0.46328,0.46341
2026-05-08 05:15:00,0.46342,0.46352,0.46333,0.46339
2026-05-08 05:30:00,0.4634,0.46349,0.46311,0.46338
2026-05-08 05:45:00,0.46339,0.46359,0.46338,0.46343
2026-05-08 06:00:00,0.46343,0.46373,0.46341,0.46372
2026-05-08 06:15:00,0.46373,0.46375,0.46358,0.46367
2026-05-08 06:30:00,0.46368,0.46392,0.46367,0.46383
2026-05-08 06:45:00,0.46384,0.46391,0.46368,0.46368
2026-05-08 07:00:00,0.46367,0.46384,0.46365,0.46376
2026-05-08 07:15:00,0.46375,0.46387,0.4637,0.46377
2026-05-08 07:30:00,0.46378,0.46379,0.46349,0.46353
2026-05-08 07:45:00,0.46354,0.46372,0.46353,0.46354
2026-05-08 08:00:00,0.46355,0.4637,0.46348,0.46367
2026-05-08 08:15:00,0.46368,0.46388,0.46367,0.46386
2026-05-08 08:30:00,0.46385,0.46399,0.46364,0.46369
2026-05-08 08:45:00,0.46369,0.46381,0.46366,0.46377
2026-05-08 09:00:00,0.46377,0.46388,0.46365,0.46369
2026-05-08 09:15:00,0.4637,0.46394,0.46366,0.46383
2026-05-08 09:30:00,0.46383,0.464,0.46378,0.46399
2026-05-08 09:45:00,0.46399,0.46404,0.46384,0.46384
2026-05-08 10:00:00,0.46384,0.46394,0.46367,0.46369
2026-05-08 10:15:00,0.46369,0.46372,0.46357,0.46366
2026-05-08 10:30:00,0.46367,0.46377,0.46361,0.4637
2026-05-08 10:45:00,0.46371,0.46384,0.46368,0.46373
2026-05-08 11:00:00,0.46372,0.4638,0.4636,0.4636
2026-05-08 11:15:00,0.46358,0.46404,0.46358,0.46392
2026-05-08 11:30:00,0.46392,0.46413,0.46386,0.46387
2026-05-08 11:45:00,0.46388,0.46402,0.46383,0.46398
2026-05-08 12:00:00,0.46399,0.46415,0.46392,0.46399
2026-05-08 12:15:00,0.46398,0.46415,0.46392,0.46405
2026-05-08 12:30:00,0.46406,0.46411,0.46386,0.46399
2026-05-08 12:45:00,0.46397,0.46403,0.46367,0.46382
2026-05-08 13:00:00,0.46382,0.4641,0.46376,0.46408
2026-05-08 13:15:00,0.46407,0.46424,0.46394,0.46413
2026-05-08 13:30:00,0.46413,0.4643,0.46409,0.46421
2026-05-08 13:45:00,0.4642,0.46426,0.46411,0.46424
2026-05-08 14:00:00,0.46423,0.46447,0.46418,0.4642
2026-05-08 14:15:00,0.46422,0.46427,0.46407,0.46412
2026-05-08 14:30:00,0.46413,0.46416,0.46373,0.46377
2026-05-08 14:45:00,0.46378,0.46381,0.46368,0.46379
2026-05-08 15:00:00,0.46378,0.46391,0.46368,0.46374
2026-05-08 15:15:00,0.46373,0.46387,0.46346,0.46374
2026-05-08 15:30:00,0.46376,0.46397,0.46339,0.46367
2026-05-08 15:45:00,0.46366,0.46368,0.4633,0.46335
2026-05-08 16:00:00,0.46334,0.46347,0.46282,0.46297
2026-05-08 16:15:00,0.46297,0.46331,0.4629,0.46329
2026-05-08 16:30:00,0.46329,0.46341,0.46312,0.46338
2026-05-08 16:45:00,0.46338,0.4636,0.46331,0.46341
2026-05-08 17:00:00,0.4634,0.46355,0.46331,0.46347
2026-05-08 17:15:00,0.46346,0.46363,0.46341,0.46343
2026-05-08 17:30:00,0.46343,0.46354,0.46316,0.46338
2026-05-08 17:45:00,0.46337,0.46349,0.46306,0.46306
2026-05-08 18:00:00,0.46306,0.46325,0.46297,0.46313
2026-05-08 18:15:00,0.46313,0.46327,0.46304,0.46326
2026-05-08 18:30:00,0.46326,0.46332,0.46307,0.46307
2026-05-08 18:45:00,0.46307,0.46324,0.46303,0.46318
2026-05-08 19:00:00,0.46319,0.46327,0.46303,0.46305
2026-05-08 19:15:00,0.46303,0.46324,0.463,0.46324
2026-05-08 19:30:00,0.46323,0.46329,0.46313,0.46317
2026-05-08 19:45:00,0.46316,0.46323,0.46303,0.46303
2026-05-08 20:00:00,0.46304,0.46308,0.46296,0.46305
2026-05-08 20:15:00,0.46306,0.4631,0.46299,0.4631
2026-05-08 20:30:00,0.46309,0.46317,0.46301,0.46303
2026-05-08 20:45:00,0.46304,0.46316,0.46301,0.46314
2026-05-08 21:00:00,0.46315,0.46323,0.46305,0.46308
2026-05-08 21:15:00,0.46308,0.46314,0.46302,0.46305
2026-05-08 21:30:00,0.46304,0.46309,0.46291,0.46292
2026-05-08 21:45:00,0.46292,0.46296,0.4627,0.46276
2026-05-08 22:00:00,0.46277,0.46287,0.46277,0.46281
2026-05-08 22:15:00,0.46282,0.46285,0.46275,0.46278
2026-05-08 22:30:00,0.46277,0.46298,0.46276,0.4629
2026-05-08 22:45:00,0.4629,0.46326,0.4629,0.46326
2026-05-08 23:00:00,0.46325,0.4633,0.46304,0.46305
2026-05-08 23:15:00,0.46305,0.4631,0.46298,0.46302
2026-05-08 23:30:00,0.46301,0.46307,0.46298,0.46303
2026-05-08 23:45:00,0.46303,0.46312,0.46287,0.4629
2026-05-11 00:00:00,0.46058,0.46148,0.46058,0.46133
2026-05-11 00:15:00,0.46131,0.46268,0.46126,0.46258
2026-05-11 00:30:00,0.46252,0.46269,0.46196,0.46196
2026-05-11 00:45:00,0.46198,0.46217,0.46176,0.46197
2026-05-11 01:00:00,0.46203,0.46269,0.46187,0.46264
2026-05-11 01:15:00,0.46265,0.46283,0.46253,0.46281
2026-05-11 01:30:00,0.4628,0.46302,0.46278,0.46282
2026-05-11 01:45:00,0.46283,0.4629,0.46273,0.46286
2026-05-11 02:00:00,0.46285,0.46287,0.46272,0.46279
2026-05-11 02:15:00,0.46278,0.46293,0.46278,0.46288
2026-05-11 02:30:00,0.46287,0.46292,0.46273,0.46274
2026-05-11 02:45:00,0.46273,0.46281,0.46267,0.46274
2026-05-11 03:00:00,0.46274,0.46278,0.46263,0.46265
2026-05-11 03:15:00,0.46263,0.4629,0.46258,0.46287
2026-05-11 03:30:00,0.46287,0.46321,0.46285,0.46316
2026-05-11 03:45:00,0.46315,0.46335,0.46299,0.46331
2026-05-11 04:00:00,0.4633,0.46338,0.46313,0.46319
2026-05-11 04:15:00,0.4632,0.46338,0.4632,0.46323
2026-05-11 04:30:00,0.46322,0.4633,0.46302,0.46306
2026-05-11 04:45:00,0.46306,0.46325,0.46301,0.46321
2026-05-11 05:00:00,0.46323,0.46332,0.46318,0.46327
2026-05-11 05:15:00,0.46327,0.46335,0.4632,0.46332
2026-05-11 05:30:00,0.46332,0.4634,0.4631,0.46311
2026-05-11 05:45:00,0.4631,0.46319,0.46305,0.46305
2026-05-11 06:00:00,0.46305,0.4632,0.46303,0.46314
2026-05-11 06:15:00,0.46314,0.46327,0.4631,0.46325
2026-05-11 06:30:00,0.46325,0.46329,0.46316,0.46327
2026-05-11 06:45:00,0.46325,0.46329,0.46314,0.46316
2026-05-11 07:00:00,0.46315,0.46319,0.46299,0.46308
2026-05-11 07:15:00,0.46308,0.46315,0.46299,0.46306
2026-05-11 07:30:00,0.46305,0.46311,0.463,0.46301
2026-05-11 07:45:00,0.463,0.46309,0.46298,0.46304
2026-05-11 08:00:00,0.46303,0.46308,0.46297,0.46301
2026-05-11 08:15:00,0.46302,0.46323,0.46301,0.46323
2026-05-11 08:30:00,0.46322,0.46322,0.463,0.46304
2026-05-11 08:45:00,0.46306,0.46318,0.46289,0.46306
2026-05-11 09:00:00,0.46306,0.46321,0.46286,0.46313
2026-05-11 09:15:00,0.46313,0.46314,0.4628,0.46285
2026-05-11 09:30:00,0.46286,0.46296,0.46268,0.46287
2026-05-11 09:45:00,0.46287,0.4629,0.46261,0.46282
2026-05-11 10:00:00,0.46283,0.46299,0.46268,0.46273
2026-05-11 10:15:00,0.46273,0.46283,0.4626,0.46262
2026-05-11 10:30:00,0.46261,0.46281,0.46261,0.46275
2026-05-11 10:45:00,0.46275,0.46294,0.46261,0.46284
2026-05-11 11:00:00,0.46285,0.46324,0.46281,0.46315
2026-05-11 11:15:00,0.46316,0.46325,0.46297,0.46299
2026-05-11 11:30:00,0.463,0.46302,0.46283,0.46289
2026-05-11 11:45:00,0.46289,0.46319,0.46277,0.46312
2026-05-11 12:00:00,0.46312,0.46318,0.46303,0.4631
2026-05-11 12:15:00,0.46309,0.46325,0.463,0.46301
2026-05-11 12:30:00,0.463,0.46314,0.46298,0.46308
2026-05-11 12:45:00,0.46309,0.46312,0.46293,0.46295
2026-05-11 13:00:00,0.46294,0.46305,0.4629,0.463
2026-05-11 13:15:00,0.46299,0.46312,0.46293,0.46299
2026-05-11 13:30:00,0.463,0.46316,0.4629,0.46299
2026-05-11 13:45:00,0.46301,0.46324,0.46292,0.46306
2026-05-11 14:00:00,0.46309,0.46321,0.46301,0.46311
2026-05-11 14:15:00,0.46312,0.46316,0.46304,0.4631
2026-05-11 14:30:00,0.4631,0.46325,0.46308,0.46321
2026-05-11 14:45:00,0.46322,0.46324,0.46303,0.46321
2026-05-11 15:00:00,0.46322,0.46323,0.463,0.46308
2026-05-11 15:15:00,0.46307,0.46327,0.46304,0.46321
2026-05-11 15:30:00,0.46322,0.46333,0.46313,0.46318
2026-05-11 15:45:00,0.46317,0.46325,0.46305,0.46315
2026-05-11 16:00:00,0.46316,0.46335,0.46315,0.46326
2026-05-11 16:15:00,0.46327,0.46336,0.46318,0.4632
2026-05-11 16:30:00,0.46323,0.46339,0.46316,0.46337
2026-05-11 16:45:00,0.46338,0.46352,0.46322,0.46326
2026-05-11 17:00:00,0.46325,0.46334,0.4632,0.46334
2026-05-11 17:15:00,0.46333,0.46351,0.46332,0.46339
2026-05-11 17:30:00,0.46339,0.4636,0.46326,0.46348
2026-05-11 17:45:00,0.46347,0.46357,0.46338,0.46352
2026-05-11 18:00:00,0.46353,0.46358,0.46346,0.46349
2026-05-11 18:15:00,0.4635,0.46376,0.46345,0.46375
2026-05-11 18:30:00,0.46375,0.46385,0.46372,0.46378
2026-05-11 18:45:00,0.46379,0.46386,0.46372,0.46383
2026-05-11 19:00:00,0.46383,0.4639,0.46377,0.46387
2026-05-11 19:15:00,0.46386,0.46388,0.46372,0.46387
2026-05-11 19:30:00,0.46386,0.46392,0.46362,0.46369
2026-05-11 19:45:00,0.46369,0.46384,0.46368,0.46381
2026-05-11 20:00:00,0.46382,0.46384,0.46371,0.46379
2026-05-11 20:15:00,0.4638,0.46388,0.46378,0.46386
2026-05-11 20:30:00,0.46385,0.46398,0.46379,0.46396
2026-05-11 20:45:00,0.46395,0.46396,0.46381,0.46384
2026-05-11 21:00:00,0.46385,0.46397,0.46385,0.46393
2026-05-11 21:15:00,0.46392,0.46397,0.46387,0.46391
2026-05-11 21:30:00,0.46391,0.46401,0.46386,0.46398
2026-05-11 21:45:00,0.46399,0.46399,0.46389,0.4639
2026-05-11 22:00:00,0.4639,0.46394,0.46376,0.46387
2026-05-11 22:15:00,0.46387,0.46389,0.46374,0.46377
2026-05-11 22:30:00,0.46378,0.46382,0.46375,0.46379
2026-05-11 22:45:00,0.46378,0.46389,0.46375,0.46387
2026-05-11 23:00:00,0.46387,0.46387,0.46368,0.46372
2026-05-11 23:15:00,0.46371,0.46374,0.46369,0.46371
2026-05-11 23:30:00,0.46371,0.46382,0.46371,0.46382
2026-05-11 23:45:00,0.46381,0.46393,0.4637,0.46371
2026-05-12 00:00:00,0.46263,0.46336,0.46228,0.46336
2026-05-12 00:15:00,0.46336,0.464,0.46324,0.46343
2026-05-12 00:30:00,0.46337,0.46393,0.46296,0.46312
2026-05-12 00:45:00,0.46311,0.4636,0.46247,0.46353
2026-05-12 01:00:00,0.46356,0.46402,0.46349,0.46401
2026-05-12 01:15:00,0.46403,0.46421,0.46401,0.46408
2026-05-12 01:30:00,0.46407,0.46411,0.46403,0.4641
2026-05-12 01:45:00,0.4641,0.46412,0.46403,0.46411
2026-05-12 02:00:00,0.4641,0.46424,0.46407,0.46422
2026-05-12 02:15:00,0.46422,0.46427,0.4642,0.46422
2026-05-12 02:30:00,0.46423,0.4643,0.46422,0.46429
2026-05-12 02:45:00,0.46428,0.4643,0.46409,0.46419
2026-05-12 03:00:00,0.4642,0.46427,0.46411,0.46417
2026-05-12 03:15:00,0.46418,0.46422,0.464,0.46408
2026-05-12 03:30:00,0.46407,0.46413,0.46396,0.46396
2026-05-12 03:45:00,0.46397,0.46416,0.46388,0.46394
2026-05-12 04:00:00,0.46394,0.46409,0.4639,0.46404
2026-05-12 04:15:00,0.46405,0.46406,0.46379,0.46391
2026-05-12 04:30:00,0.4639,0.46402,0.46373,0.46395
2026-05-12 04:45:00,0.46395,0.46416,0.46392,0.46413
2026-05-12 05:00:00,0.46413,0.4643,0.46413,0.46428
2026-05-12 05:15:00,0.46427,0.46428,0.46408,0.46424
2026-05-12 05:30:00,0.46424,0.46439,0.46418,0.46439
2026-05-12 05:45:00,0.46441,0.46469,0.4644,0.46463
2026-05-12 06:00:00,0.46462,0.46463,0.46451,0.46459
2026-05-12 06:15:00,0.46458,0.4646,0.46442,0.46446
2026-05-12 06:30:00,0.46443,0.46445,0.46429,0.46442
2026-05-12 06:45:00,0.46442,0.46444,0.46431,0.46433
2026-05-12 07:00:00,0.46434,0.46445,0.46434,0.46435
2026-05-12 07:15:00,0.46437,0.46462,0.46437,0.46462
2026-05-12 07:30:00,0.46462,0.46464,0.46449,0.46449
2026-05-12 07:45:00,0.4645,0.46453,0.46441,0.46446
2026-05-12 08:00:00,0.46447,0.4645,0.4643,0.46435
2026-05-12 08:15:00,0.46434,0.46443,0.4643,0.46437
2026-05-12 08:30:00,0.46439,0.46443,0.4642,0.46424
2026-05-12 08:45:00,0.46423,0.46429,0.46393,0.46405
2026-05-12 09:00:00,0.46406,0.46407,0.46382,0.46396
2026-05-12 09:15:00,0.46397,0.46405,0.46371,0.46382
2026-05-12 09:30:00,0.46383,0.46394,0.46359,0.46365
2026-05-12 09:45:00,0.46365,0.46371,0.46351,0.46355
2026-05-12 10:00:00,0.46356,0.46383,0.4634,0.46369
2026-05-12 10:15:00,0.46369,0.4639,0.46354,0.46389
2026-05-12 10:30:00,0.46389,0.46415,0.46376,0.46402
2026-05-12 10:45:00,0.46403,0.46416,0.46398,0.46415
2026-05-12 11:00:00,0.46415,0.46426,0.46382,0.46397
2026-05-12 11:15:00,0.46397,0.46411,0.46387,0.46404
2026-05-12 11:30:00,0.46405,0.46412,0.46388,0.46398
2026-05-12 11:45:00,0.46399,0.46419,0.46395,0.46405
2026-05-12 12:00:00,0.46406,0.46425,0.46402,0.46424
2026-05-12 12:15:00,0.46424,0.46424,0.46405,0.46414
2026-05-12 12:30:00,0.46414,0.46444,0.46414,0.46439
2026-05-12 12:45:00,0.46441,0.46452,0.46433,0.46445
2026-05-12 13:00:00,0.46445,0.46474,0.46445,0.4647
2026-05-12 13:15:00,0.4647,0.46476,0.4646,0.46466
2026-05-12 13:30:00,0.46466,0.46472,0.46452,0.46455
2026-05-12 13:45:00,0.46456,0.46476,0.46446,0.46467
2026-05-12 14:00:00,0.46468,0.46475,0.46452,0.46463
2026-05-12 14:15:00,0.46462,0.46465,0.46454,0.46457
2026-05-12 14:30:00,0.46458,0.46478,0.46451,0.46471
2026-05-12 14:45:00,0.46471,0.46482,0.46461,0.46481
2026-05-12 15:00:00,0.46482,0.46484,0.46447,0.46468
2026-05-12 15:15:00,0.46467,0.46472,0.46446,0.46452
2026-05-12 15:30:00,0.46453,0.46487,0.46404,0.46474
2026-05-12 15:45:00,0.46475,0.465,0.46472,0.46487
2026-05-12 16:00:00,0.46486,0.46492,0.46468,0.46487
2026-05-12 16:15:00,0.46487,0.46505,0.46472,0.46503
2026-05-12 16:30:00,0.46502,0.46527,0.4649,0.46521
2026-05-12 16:45:00,0.46521,0.46526,0.46462,0.46467
2026-05-12 17:00:00,0.46468,0.46509,0.46462,0.46498
2026-05-12 17:15:00,0.46497,0.46507,0.46472,0.46477
2026-05-12 17:30:00,0.46477,0.46482,0.46448,0.46466
2026-05-12 17:45:00,0.46465,0.46477,0.46431,0.46452
2026-05-12 18:00:00,0.46454,0.46462,0.4643,0.46459
2026-05-12 18:15:00,0.46458,0.46463,0.46417,0.46436
2026-05-12 18:30:00,0.46436,0.46461,0.46433,0.46454
2026-05-12 18:45:00,0.46455,0.46464,0.4645,0.46453
2026-05-12 19:00:00,0.46452,0.46463,0.46443,0.46459
2026-05-12 19:15:00,0.4646,0.46461,0.46437,0.46442
2026-05-12 19:30:00,0.46443,0.46445,0.46427,0.4643
2026-05-12 19:45:00,0.46431,0.46437,0.46423,0.46431
2026-05-12 20:00:00,0.4643,0.46456,0.4643,0.4645
2026-05-12 20:15:00,0.4645,0.46459,0.46448,0.46451
2026-05-12 20:30:00,0.4645,0.46461,0.46447,0.4646
2026-05-12 20:45:00,0.46459,0.46463,0.46455,0.46462
2026-05-12 21:00:00,0.46461,0.46466,0.46451,0.46462
2026-05-12 21:15:00,0.46462,0.46468,0.46457,0.46465
2026-05-12 21:30:00,0.46465,0.46473,0.46463,0.46471
2026-05-12 21:45:00,0.46473,0.46477,0.46459,0.4646
2026-05-12 22:00:00,0.46458,0.46466,0.46448,0.46462
2026-05-12 22:15:00,0.46462,0.46465,0.46444,0.46452
2026-05-12 22:30:00,0.46452,0.46462,0.46451,0.46459
2026-05-12 22:45:00,0.4646,0.4647,0.46456,0.46464
2026-05-12 23:00:00,0.46463,0.46466,0.46458,0.46466
2026-05-12 23:15:00,0.46466,0.46468,0.46461,0.46464
2026-05-12 23:30:00,0.46464,0.46468,0.46459,0.46468
2026-05-12 23:45:00,0.46466,0.46466,0.46424,0.46428
2026-05-13 00:00:00,0.46358,0.46413,0.46338,0.46368
2026-05-13 00:15:00,0.46386,0.46443,0.46333,0.46417
2026-05-13 00:30:00,0.46415,0.46448,0.46371,0.4638
2026-05-13 00:45:00,0.46373,0.46458,0.46369,0.4639
2026-05-13 01:00:00,0.4639,0.46462,0.46379,0.46457
2026-05-13 01:15:00,0.46456,0.4646,0.46453,0.46454
2026-05-13 01:30:00,0.46455,0.46469,0.46452,0.46458
2026-05-13 01:45:00,0.46461,0.46466,0.46458,0.46458
2026-05-13 02:00:00,0.46457,0.46467,0.46455,0.46465
2026-05-13 02:15:00,0.46462,0.46471,0.46459,0.4647
2026-05-13 02:30:00,0.4647,0.46473,0.46456,0.46459
2026-05-13 02:45:00,0.46458,0.46468,0.46453,0.46459
2026-05-13 03:00:00,0.46458,0.46477,0.46453,0.46459
2026-05-13 03:15:00,0.46459,0.46485,0.46458,0.46482
2026-05-13 03:30:00,0.46483,0.46494,0.46476,0.46479
2026-05-13 03:45:00,0.46478,0.4648,0.46459,0.46468
2026-05-13 04:00:00,0.46468,0.46486,0.46464,0.46477
2026-05-13 04:15:00,0.46477,0.46492,0.4647,0.46489
2026-05-13 04:30:00,0.46489,0.4652,0.46488,0.46512
2026-05-13 04:45:00,0.46513,0.46542,0.46511,0.46526
2026-05-13 05:00:00,0.46526,0.46536,0.46517,0.46519
2026-05-13 05:15:00,0.46518,0.46528,0.46514,0.46525
2026-05-13 05:30:00,0.46524,0.46533,0.46519,0.46528
2026-05-13 05:45:00,0.46529,0.46531,0.46509,0.4651
2026-05-13 06:00:00,0.46506,0.46521,0.46394,0.46413
2026-05-13 06:15:00,0.46414,0.46414,0.46366,0.46382
2026-05-13 06:30:00,0.46383,0.46416,0.46383,0.46413
2026-05-13 06:45:00,0.46412,0.46423,0.464,0.46409
2026-05-13 07:00:00,0.46407,0.46413,0.46375,0.46376
2026-05-13 07:15:00,0.46377,0.46384,0.46358,0.46362
2026-05-13 07:30:00,0.46361,0.46378,0.4636,0.46366
2026-05-13 07:45:00,0.46366,0.46371,0.46358,0.46364
2026-05-13 08:00:00,0.46363,0.46382,0.46361,0.46375
2026-05-13 08:15:00,0.46374,0.46378,0.46359,0.46373
2026-05-13 08:30:00,0.46374,0.46376,0.46362,0.46376
2026-05-13 08:45:00,0.46378,0.46389,0.46366,0.46382
2026-05-13 09:00:00,0.46381,0.46398,0.46373,0.46388
2026-05-13 09:15:00,0.46388,0.46392,0.4636,0.46379
2026-05-13 09:30:00,0.46378,0.46406,0.46377,0.46399
2026-05-13 09:45:00,0.464,0.46403,0.4638,0.46392
2026-05-13 10:00:00,0.46391,0.46404,0.46386,0.46398
2026-05-13 10:15:00,0.46398,0.46405,0.46384,0.46404
2026-05-13 10:30:00,0.46404,0.46406,0.46371,0.46393
2026-05-13 10:45:00,0.46392,0.46399,0.46365,0.46365
2026-05-13 11:00:00,0.46366,0.46393,0.46364,0.4638
2026-05-13 11:15:00,0.46379,0.46381,0.46367,0.4638
2026-05-13 11:30:00,0.46379,0.46387,0.46373,0.46374
2026-05-13 11:45:00,0.46373,0.46403,0.46373,0.46385
2026-05-13 12:00:00,0.46385,0.46392,0.46367,0.46376
2026-05-13 12:15:00,0.46376,0.46389,0.46369,0.46373
2026-05-13 12:30:00,0.46373,0.4638,0.46363,0.46366
2026-05-13 12:45:00,0.46366,0.46378,0.46362,0.46377
2026-05-13 13:00:00,0.46377,0.46388,0.46356,0.4637
2026-05-13 13:15:00,0.4637,0.4637,0.4635,0.46358
2026-05-13 13:30:00,0.46359,0.4636,0.46343,0.46356
2026-05-13 13:45:00,0.46355,0.46377,0.46349,0.46355
2026-05-13 14:00:00,0.46356,0.46374,0.46353,0.46358
2026-05-13 14:15:00,0.46358,0.4636,0.46327,0.46335
2026-05-13 14:30:00,0.46334,0.46345,0.46324,0.46335
2026-05-13 14:45:00,0.46334,0.46354,0.46333,0.46347
2026-05-13 15:00:00,0.46346,0.4636,0.46344,0.46347
2026-05-13 15:15:00,0.46349,0.46358,0.4633,0.46338
2026-05-13 15:30:00,0.46339,0.46362,0.46327,0.46348
2026-05-13 15:45:00,0.46348,0.46369,0.46344,0.46366
2026-05-13 16:00:00,0.46367,0.46384,0.46363,0.46379
2026-05-13 16:15:00,0.4638,0.46388,0.46357,0.46361
2026-05-13 16:30:00,0.46362,0.46366,0.46325,0.46341
2026-05-13 16:45:00,0.46341,0.46353,0.46321,0.46346
2026-05-13 17:00:00,0.46347,0.46379,0.46346,0.4637
2026-05-13 17:15:00,0.4637,0.46409,0.4637,0.464
2026-05-13 17:30:00,0.46399,0.46433,0.46399,0.46424
2026-05-13 17:45:00,0.46423,0.46429,0.46406,0.4641
2026-05-13 18:00:00,0.46411,0.46438,0.46399,0.46425
2026-05-13 18:15:00,0.46425,0.46455,0.46419,0.46454
2026-05-13 18:30:00,0.46453,0.46469,0.4645,0.46467
2026-05-13 18:45:00,0.46466,0.46468,0.46441,0.46449
2026-05-13 19:00:00,0.46449,0.46463,0.46448,0.46452
2026-05-13 19:15:00,0.46451,0.46469,0.46446,0.46457
2026-05-13 19:30:00,0.46456,0.46462,0.46446,0.46456
2026-05-13 19:45:00,0.46455,0.46461,0.46448,0.4645
2026-05-13 20:00:00,0.46449,0.46453,0.46439,0.46444
2026-05-13 20:15:00,0.46443,0.46447,0.46436,0.46437
2026-05-13 20:30:00,0.46439,0.46439,0.46429,0.46436
2026-05-13 20:45:00,0.46437,0.46437,0.46415,0.46416
2026-05-13 21:00:00,0.46416,0.46426,0.46412,0.46421
2026-05-13 21:15:00,0.4642,0.46427,0.46407,0.4641
2026-05-13 21:30:00,0.4641,0.46416,0.46404,0.46406
2026-05-13 21:45:00,0.46407,0.46413,0.4639,0.46405
2026-05-13 22:00:00,0.46405,0.46419,0.46399,0.46409
2026-05-13 22:15:00,0.4641,0.46412,0.46398,0.464
2026-05-13 22:30:00,0.46401,0.46403,0.46391,0.46398
2026-05-13 22:45:00,0.46398,0.46403,0.46395,0.46396
2026-05-13 23:00:00,0.46396,0.464,0.46384,0.46398
2026-05-13 23:15:00,0.46399,0.46412,0.46398,0.46404
2026-05-13 23:30:00,0.46404,0.46411,0.46403,0.46408
2026-05-13 23:45:00,0.46407,0.46408,0.46379,0.46383
2026-05-14 00:00:00,0.46248,0.46332,0.46248,0.46322
2026-05-14 00:15:00,0.46323,0.46383,0.46302,0.46376
2026-05-14 00:30:00,0.46364,0.4638,0.46349,0.46361
2026-05-14 00:45:00,0.46355,0.46361,0.46334,0.46339
2026-05-14 01:00:00,0.46348,0.46401,0.46343,0.46393
2026-05-14 01:15:00,0.46393,0.46398,0.4639,0.46395
2026-05-14 01:30:00,0.46395,0.46397,0.46392,0.46393
2026-05-14 01:45:00,0.46393,0.46396,0.4639,0.46394
2026-05-14 02:00:00,0.46395,0.46397,0.46381,0.46385
2026-05-14 02:15:00,0.46384,0.4639,0.46381,0.46386
2026-05-14 02:30:00,0.46387,0.46389,0.4637,0.46373
2026-05-14 02:45:00,0.46374,0.46378,0.46356,0.46358
2026-05-14 03:00:00,0.4636,0.46364,0.46342,0.46363
2026-05-14 03:15:00,0.46364,0.46377,0.46354,0.46371
2026-05-14 03:30:00,0.46371,0.46378,0.46352,0.46354
2026-05-14 03:45:00,0.46355,0.46359,0.46332,0.46356
2026-05-14 04:00:00,0.46355,0.46359,0.46325,0.46331
2026-05-14 04:15:00,0.46332,0.46347,0.46327,0.46343
2026-05-14 04:30:00,0.46342,0.4636,0.46336,0.46349
2026-05-14 04:45:00,0.46348,0.46353,0.46331,0.46333
2026-05-14 05:00:00,0.46333,0.46353,0.46322,0.46347
2026-05-14 05:15:00,0.46347,0.46363,0.46345,0.46357
2026-05-14 05:30:00,0.46358,0.46373,0.46356,0.46368
2026-05-14 05:45:00,0.46369,0.46371,0.4635,0.46361
2026-05-14 06:00:00,0.4636,0.46362,0.46352,0.46353
2026-05-14 06:15:00,0.46354,0.46356,0.46333,0.4635
2026-05-14 06:30:00,0.46351,0.46354,0.46344,0.46344
2026-05-14 06:45:00,0.46345,0.46351,0.46338,0.4634
2026-05-14 07:00:00,0.46339,0.46367,0.46339,0.46364
2026-05-14 07:15:00,0.46364,0.46387,0.4636,0.46374
2026-05-14 07:30:00,0.46374,0.46379,0.46367,0.46377
2026-05-14 07:45:00,0.46378,0.46385,0.46374,0.46379
2026-05-14 08:00:00,0.46378,0.4638,0.46366,0.46373
2026-05-14 08:15:00,0.46374,0.46387,0.46373,0.46381
2026-05-14 08:30:00,0.46381,0.46393,0.46371,0.46392
2026-05-14 08:45:00,0.46394,0.46415,0.46388,0.464
2026-05-14 09:00:00,0.46398,0.46427,0.46397,0.46418
2026-05-14 09:15:00,0.46417,0.46422,0.46408,0.46417
2026-05-14 09:30:00,0.46418,0.4642,0.46398,0.46401
2026-05-14 09:45:00,0.46402,0.46411,0.46388,0.46389
2026-05-14 10:00:00,0.46387,0.46394,0.46376,0.46388
2026-05-14 10:15:00,0.46387,0.4641,0.46385,0.46409
2026-05-14 10:30:00,0.46409,0.46418,0.46399,0.46408
2026-05-14 10:45:00,0.46409,0.46423,0.46373,0.4638
2026-05-14 11:00:00,0.4638,0.46424,0.46377,0.46423
2026-05-14 11:15:00,0.46422,0.46427,0.46413,0.46427
2026-05-14 11:30:00,0.46427,0.46432,0.46418,0.46425
2026-05-14 11:45:00,0.46425,0.46448,0.46422,0.46443
2026-05-14 12:00:00,0.46442,0.4645,0.46429,0.46449
2026-05-14 12:15:00,0.46448,0.46448,0.46426,0.46428
2026-05-14 12:30:00,0.46427,0.46433,0.46403,0.46415
2026-05-14 12:45:00,0.46415,0.46419,0.46405,0.46408
2026-05-14 13:00:00,0.46408,0.4642,0.464,0.46402
2026-05-14 13:15:00,0.46404,0.46415,0.46399,0.46405
2026-05-14 13:30:00,0.46407,0.46407,0.46383,0.46388
2026-05-14 13:45:00,0.46388,0.46396,0.46379,0.46384
2026-05-14 14:00:00,0.46383,0.46388,0.46365,0.46384
2026-05-14 14:15:00,0.46384,0.46391,0.46372,0.46375
2026-05-14 14:30:00,0.46376,0.46393,0.4637,0.46382
2026-05-14 14:45:00,0.46382,0.46401,0.46376,0.46376
2026-05-14 15:00:00,0.46376,0.46379,0.46358,0.46364
2026-05-14 15:15:00,0.46364,0.46382,0.46361,0.46367
2026-05-14 15:30:00,0.46375,0.46382,0.46358,0.46371
2026-05-14 15:45:00,0.4637,0.46378,0.46362,0.46363
2026-05-14 16:00:00,0.46362,0.46369,0.46337,0.46341
2026-05-14 16:15:00,0.4634,0.46356,0.46335,0.46336
2026-05-14 16:30:00,0.46336,0.46344,0.46308,0.46335
2026-05-14 16:45:00,0.46336,0.46347,0.46316,0.46316
2026-05-14 17:00:00,0.46317,0.46354,0.46314,0.46354
2026-05-14 17:15:00,0.46353,0.46381,0.46352,0.4637
2026-05-14 17:30:00,0.4637,0.46374,0.46356,0.46358
2026-05-14 17:45:00,0.46358,0.46371,0.46348,0.4637
2026-05-14 18:00:00,0.4637,0.4638,0.46366,0.46375
2026-05-14 18:15:00,0.46374,0.46383,0.46358,0.46364
2026-05-14 18:30:00,0.46364,0.46378,0.46359,0.4637
2026-05-14 18:45:00,0.46371,0.46381,0.46367,0.46368
2026-05-14 19:00:00,0.46367,0.4637,0.46349,0.46359
2026-05-14 19:15:00,0.46358,0.4637,0.46353,0.46358
2026-05-14 19:30:00,0.46357,0.46362,0.46341,0.46342
2026-05-14 19:45:00,0.46343,0.46356,0.46333,0.46355
2026-05-14 20:00:00,0.46355,0.46367,0.46345,0.46347
2026-05-14 20:15:00,0.46346,0.46354,0.46341,0.46348
2026-05-14 20:30:00,0.46347,0.46361,0.46346,0.46357
2026-05-14 20:45:00,0.46358,0.46363,0.4635,0.46351
2026-05-14 21:00:00,0.46351,0.46358,0.46339,0.46355
2026-05-14 21:15:00,0.46354,0.46362,0.46352,0.46359
2026-05-14 21:30:00,0.46359,0.46365,0.46356,0.46363
2026-05-14 21:45:00,0.46362,0.46366,0.46353,0.46357
2026-05-14 22:00:00,0.46357,0.46357,0.46346,0.46351
2026-05-14 22:15:00,0.46351,0.46356,0.46345,0.46346
2026-05-14 22:30:00,0.46346,0.46348,0.46341,0.46344
2026-05-14 22:45:00,0.46343,0.46348,0.46328,0.46334
2026-05-14 23:00:00,0.46334,0.46343,0.4633,0.46331
2026-05-14 23:15:00,0.46332,0.46332,0.46321,0.46328
2026-05-14 23:30:00,0.46327,0.46334,0.46326,0.46329
2026-05-14 23:45:00,0.4633,0.46334,0.46302,0.46303
2026-05-15 00:00:00,0.46263,0.46289,0.46254,0.46258
2026-05-15 00:15:00,0.46258,0.4628,0.46212,0.4628
2026-05-15 00:30:00,0.46274,0.46311,0.46269,0.46273
2026-05-15 00:45:00,0.46272,0.46291,0.46272,0.46288
2026-05-15 01:00:00,0.46288,0.46344,0.46283,0.46343
2026-05-15 01:15:00,0.46343,0.46345,0.46335,0.46337
2026-05-15 01:30:00,0.46336,0.46339,0.46327,0.46335
2026-05-15 01:45:00,0.46334,0.46341,0.46326,0.46329
2026-05-15 02:00:00,0.46329,0.46331,0.46295,0.46306
2026-05-15 02:15:00,0.46306,0.46316,0.46301,0.46316
2026-05-15 02:30:00,0.46316,0.4632,0.46308,0.46313
2026-05-15 02:45:00,0.46313,0.46317,0.46285,0.4629
2026-05-15 03:00:00,0.46289,0.46308,0.46286,0.46288
2026-05-15 03:15:00,0.46289,0.46303,0.46288,0.4629
2026-05-15 03:30:00,0.46292,0.46296,0.46244,0.4625
2026-05-15 03:45:00,0.46252,0.46263,0.46221,0.46233
2026-05-15 04:00:00,0.46234,0.46243,0.4622,0.46241
2026-05-15 04:15:00,0.4624,0.46243,0.46209,0.46213
2026-05-15 04:30:00,0.46212,0.46249,0.46203,0.46244
2026-05-15 04:45:00,0.46245,0.46246,0.46204,0.46208
2026-05-15 05:00:00,0.46208,0.46219,0.46187,0.46198
2026-05-15 05:15:00,0.46199,0.46199,0.46184,0.46187
2026-05-15 05:30:00,0.46185,0.46206,0.46182,0.46204
2026-05-15 05:45:00,0.46204,0.46226,0.462,0.46206
2026-05-15 06:00:00,0.46205,0.46215,0.46201,0.46205
2026-05-15 06:15:00,0.46205,0.4621,0.4619,0.46194
2026-05-15 06:30:00,0.46195,0.462,0.46183,0.46195
2026-05-15 06:45:00,0.46196,0.46201,0.46192,0.46197
2026-05-15 07:00:00,0.46198,0.46198,0.46175,0.46187
2026-05-15 07:15:00,0.46187,0.4619,0.46157,0.46158
2026-05-15 07:30:00,0.46158,0.46177,0.46154,0.46156
2026-05-15 07:45:00,0.46156,0.4616,0.46141,0.46146
2026-05-15 08:00:00,0.46147,0.46147,0.46086,0.46092
2026-05-15 08:15:00,0.46091,0.46116,0.46085,0.46114
2026-05-15 08:30:00,0.46114,0.46129,0.46106,0.46111
2026-05-15 08:45:00,0.46112,0.46112,0.46053,0.46082
2026-05-15 09:00:00,0.46079,0.46091,0.46059,0.46068
2026-05-15 09:15:00,0.4607,0.46079,0.46049,0.46059
2026-05-15 09:30:00,0.46059,0.46085,0.46054,0.46068
2026-05-15 09:45:00,0.4607,0.46082,0.46038,0.46042
2026-05-15 10:00:00,0.46042,0.46049,0.46016,0.46038
2026-05-15 10:15:00,0.46038,0.46063,0.46031,0.46048
2026-05-15 10:30:00,0.46049,0.46049,0.46021,0.46034
2026-05-15 10:45:00,0.46033,0.46037,0.46006,0.46009
2026-05-15 11:00:00,0.4601,0.46013,0.4598,0.45988
2026-05-15 11:15:00,0.45987,0.45994,0.45977,0.45989
2026-05-15 11:30:00,0.45988,0.45994,0.45958,0.45961
2026-05-15 11:45:00,0.45962,0.45982,0.45952,0.45957
2026-05-15 12:00:00,0.45959,0.45965,0.45929,0.45938
2026-05-15 12:15:00,0.45938,0.45949,0.4592,0.45933
2026-05-15 12:30:00,0.45932,0.45967,0.45929,0.45947
2026-05-15 12:45:00,0.45946,0.45951,0.45924,0.45945
2026-05-15 13:00:00,0.45946,0.45956,0.45935,0.45944
2026-05-15 13:15:00,0.45943,0.45967,0.45932,0.45949
2026-05-15 13:30:00,0.4595,0.45969,0.45947,0.45968
2026-05-15 13:45:00,0.45967,0.45996,0.4596,0.45968
2026-05-15 14:00:00,0.45967,0.45973,0.45931,0.45941
2026-05-15 14:15:00,0.45942,0.45947,0.45934,0.45941
2026-05-15 14:30:00,0.45942,0.45951,0.45924,0.45928
2026-05-15 14:45:00,0.45927,0.45955,0.45926,0.45943
2026-05-15 15:00:00,0.45944,0.45947,0.45921,0.45935
2026-05-15 15:15:00,0.45936,0.45954,0.45931,0.45942
2026-05-15 15:30:00,0.45941,0.45957,0.45928,0.45955
2026-05-15 15:45:00,0.45955,0.45981,0.45951,0.45979
2026-05-15 16:00:00,0.45979,0.4598,0.45957,0.45967
2026-05-15 16:15:00,0.45968,0.4599,0.45963,0.45982
2026-05-15 16:30:00,0.45984,0.45984,0.45931,0.45946
2026-05-15 16:45:00,0.45947,0.45965,0.45928,0.45929
2026-05-15 17:00:00,0.45927,0.45952,0.45917,0.45951
2026-05-15 17:15:00,0.4595,0.45977,0.45949,0.45959
2026-05-15 17:30:00,0.45958,0.45983,0.45958,0.45975
2026-05-15 17:45:00,0.45974,0.45984,0.45956,0.45974
2026-05-15 18:00:00,0.45975,0.45981,0.45953,0.4596
2026-05-15 18:15:00,0.45959,0.45962,0.4594,0.45958
2026-05-15 18:30:00,0.45959,0.45968,0.45934,0.45943
2026-05-15 18:45:00,0.45943,0.45965,0.45937,0.45954
2026-05-15 19:00:00,0.45954,0.45963,0.45946,0.45962
2026-05-15 19:15:00,0.45962,0.45972,0.45958,0.45967
2026-05-15 19:30:00,0.45968,0.45978,0.45962,0.45973
2026-05-15 19:45:00,0.45972,0.45979,0.45954,0.45967
2026-05-15 20:00:00,0.45967,0.45989,0.45966,0.45979
2026-05-15 20:15:00,0.4598,0.45983,0.45973,0.45977
2026-05-15 20:30:00,0.45975,0.45987,0.45974,0.45977
2026-05-15 20:45:00,0.45977,0.45984,0.45976,0.45982
2026-05-15 21:00:00,0.45983,0.4599,0.45976,0.45983
2026-05-15 21:15:00,0.45983,0.45986,0.45971,0.45977
2026-05-15 21:30:00,0.45979,0.45979,0.45964,0.45976
2026-05-15 21:45:00,0.45976,0.45976,0.45961,0.45966
2026-05-15 22:00:00,0.45967,0.45968,0.45958,0.45959
2026-05-15 22:15:00,0.4596,0.45971,0.45959,0.45966
2026-05-15 22:30:00,0.45966,0.45967,0.45952,0.45955
2026-05-15 22:45:00,0.45954,0.45958,0.45929,0.45931
2026-05-15 23:00:00,0.4593,0.4594,0.45924,0.45933
2026-05-15 23:15:00,0.45932,0.45937,0.4592,0.45921
2026-05-15 23:30:00,0.45921,0.45923,0.45911,0.45917
2026-05-15 23:45:00,0.45918,0.45941,0.45903,0.4591
2026-05-18 00:00:00,0.45815,0.45905,0.45805,0.45894
2026-05-18 00:15:00,0.45902,0.4592,0.45894,0.4592
2026-05-18 00:30:00,0.4592,0.45939,0.45882,0.45895
2026-05-18 00:45:00,0.45894,0.45909,0.45879,0.45904
2026-05-18 01:00:00,0.45924,0.45957,0.45873,0.45947
2026-05-18 01:15:00,0.45947,0.45952,0.45926,0.45942
2026-05-18 01:30:00,0.45943,0.45959,0.45943,0.45951
2026-05-18 01:45:00,0.45952,0.45958,0.45948,0.45953
2026-05-18 02:00:00,0.45954,0.45966,0.45947,0.4595
2026-05-18 02:15:00,0.45949,0.45953,0.4593,0.45932
2026-05-18 02:30:00,0.45931,0.45943,0.45905,0.4592
2026-05-18 02:45:00,0.4592,0.45941,0.4591,0.45915
2026-05-18 03:00:00,0.45916,0.45932,0.45884,0.45886
2026-05-18 03:15:00,0.45887,0.45919,0.45872,0.45891
2026-05-18 03:30:00,0.45892,0.459,0.45877,0.45879
2026-05-18 03:45:00,0.45878,0.4589,0.45871,0.45876
2026-05-18 04:00:00,0.45876,0.45909,0.45868,0.45903
2026-05-18 04:15:00,0.45902,0.45907,0.45874,0.45881
2026-05-18 04:30:00,0.45882,0.45896,0.45871,0.45879
2026-05-18 04:45:00,0.45879,0.45904,0.45874,0.45892
2026-05-18 05:00:00,0.4589,0.45895,0.45878,0.45892
2026-05-18 05:15:00,0.45893,0.45908,0.45887,0.45904
2026-05-18 05:30:00,0.45904,0.45924,0.459,0.45921
2026-05-18 05:45:00,0.45921,0.45921,0.45892,0.45899
2026-05-18 06:00:00,0.459,0.45934,0.45899,0.45922
2026-05-18 06:15:00,0.45921,0.4593,0.45908,0.45925
2026-05-18 06:30:00,0.45924,0.45939,0.45908,0.45938
2026-05-18 06:45:00,0.45939,0.45951,0.45932,0.45948
2026-05-18 07:00:00,0.45947,0.45953,0.45939,0.45939
2026-05-18 07:15:00,0.45939,0.45948,0.45924,0.45928
2026-05-18 07:30:00,0.45928,0.45936,0.45923,0.45933
2026-05-18 07:45:00,0.45934,0.45941,0.45924,0.45928
2026-05-18 08:00:00,0.45929,0.45935,0.45918,0.45925
2026-05-18 08:15:00,0.45924,0.45937,0.45911,0.45936
2026-05-18 08:30:00,0.45936,0.45948,0.4593,0.45942
2026-05-18 08:45:00,0.45943,0.45947,0.45935,0.45936
2026-05-18 09:00:00,0.45936,0.45954,0.4593,0.45951
2026-05-18 09:15:00,0.4595,0.45965,0.45943,0.45946
2026-05-18 09:30:00,0.45945,0.45956,0.4593,0.45936
2026-05-18 09:45:00,0.45936,0.45945,0.45931,0.45942
2026-05-18 10:00:00,0.45943,0.45948,0.45929,0.45938
2026-05-18 10:15:00,0.45937,0.45943,0.45915,0.45934
2026-05-18 10:30:00,0.45933,0.45966,0.45933,0.45946
2026-05-18 10:45:00,0.45945,0.4595,0.45925,0.45945
2026-05-18 11:00:00,0.45941,0.45975,0.45941,0.45959
2026-05-18 11:15:00,0.4596,0.45988,0.4595,0.45979
2026-05-18 11:30:00,0.4598,0.46,0.45973,0.4598
2026-05-18 11:45:00,0.4598,0.46004,0.45978,0.45999
2026-05-18 12:00:00,0.45997,0.46005,0.45991,0.45999
2026-05-18 12:15:00,0.45999,0.46016,0.45998,0.46012
2026-05-18 12:30:00,0.46012,0.46019,0.46,0.46003
2026-05-18 12:45:00,0.46001,0.46016,0.45998,0.46014
2026-05-18 13:00:00,0.46015,0.46019,0.45993,0.45998
2026-05-18 13:15:00,0.45999,0.46006,0.45993,0.45999
2026-05-18 13:30:00,0.45998,0.46014,0.45997,0.46003
2026-05-18 13:45:00,0.46001,0.46024,0.46,0.46024
2026-05-18 14:00:00,0.46025,0.4603,0.46002,0.46021
2026-05-18 14:15:00,0.4602,0.46026,0.4601,0.46026
2026-05-18 14:30:00,0.46026,0.46055,0.46022,0.46032
2026-05-18 14:45:00,0.46032,0.46041,0.46016,0.46041
2026-05-18 15:00:00,0.4604,0.46051,0.46029,0.46044
2026-05-18 15:15:00,0.46045,0.4606,0.46036,0.46052
2026-05-18 15:30:00,0.46053,0.46112,0.46045,0.46108
2026-05-18 15:45:00,0.46108,0.46152,0.46105,0.46139
2026-05-18 16:00:00,0.46139,0.46147,0.46118,0.46127
2026-05-18 16:15:00,0.46126,0.4615,0.46121,0.46137
2026-05-18 16:30:00,0.46138,0.46139,0.46099,0.46107
2026-05-18 16:45:00,0.46107,0.46145,0.46104,0.46129
2026-05-18 17:00:00,0.4613,0.4613,0.46074,0.46078
2026-05-18 17:15:00,0.4608,0.46088,0.4606,0.4606
2026-05-18 17:30:00,0.4606,0.4607,0.46035,0.46043
2026-05-18 17:45:00,0.46043,0.46084,0.46039,0.4608
2026-05-18 18:00:00,0.46081,0.46087,0.46057,0.4607
2026-05-18 18:15:00,0.46069,0.4608,0.46061,0.46067
2026-05-18 18:30:00,0.46066,0.46083,0.46064,0.4608
2026-05-18 18:45:00,0.46079,0.46087,0.4607,0.46086
2026-05-18 19:00:00,0.46086,0.4609,0.46073,0.46082
2026-05-18 19:15:00,0.46081,0.46091,0.46055,0.46057
2026-05-18 19:30:00,0.46057,0.46073,0.46049,0.4607
2026-05-18 19:45:00,0.46069,0.46094,0.46067,0.46076
2026-05-18 20:00:00,0.46075,0.46099,0.46065,0.4609
2026-05-18 20:15:00,0.46089,0.46094,0.46082,0.46088
2026-05-18 20:30:00,0.46088,0.46089,0.46076,0.46077
2026-05-18 20:45:00,0.46077,0.4608,0.46072,0.46076
2026-05-18 21:00:00,0.46075,0.46078,0.46057,0.46057
2026-05-18 21:15:00,0.46058,0.46058,0.46043,0.46053
2026-05-18 21:30:00,0.46054,0.46067,0.4605,0.4606
2026-05-18 21:45:00,0.4606,0.46062,0.46048,0.46055
2026-05-18 22:00:00,0.46056,0.46117,0.4605,0.46081
2026-05-18 22:15:00,0.46082,0.46084,0.46061,0.46071
2026-05-18 22:30:00,0.46071,0.46097,0.46069,0.46097
2026-05-18 22:45:00,0.46096,0.46102,0.46086,0.46091
2026-05-18 23:00:00,0.46091,0.46091,0.46078,0.46086
2026-05-18 23:15:00,0.46086,0.46091,0.46082,0.46084
2026-05-18 23:30:00,0.46084,0.46087,0.46077,0.46081
2026-05-18 23:45:00,0.46081,0.46085,0.46066,0.46068
2026-05-19 00:00:00,0.45943,0.46019,0.45943,0.46016
2026-05-19 00:15:00,0.46021,0.46034,0.45986,0.46029
2026-05-19 00:30:00,0.46038,0.46062,0.45999,0.46049
2026-05-19 00:45:00,0.46043,0.46063,0.46037,0.46049
2026-05-19 01:00:00,0.4605,0.46096,0.4605,0.4608
2026-05-19 01:15:00,0.46078,0.46089,0.46078,0.46087
2026-05-19 01:30:00,0.46087,0.46088,0.46079,0.46084
2026-05-19 01:45:00,0.46084,0.46097,0.46082,0.46095
2026-05-19 02:00:00,0.46095,0.46101,0.46083,0.46084
2026-05-19 02:15:00,0.46084,0.46102,0.46084,0.46092
2026-05-19 02:30:00,0.46092,0.46102,0.46092,0.461
2026-05-19 02:45:00,0.461,0.46101,0.46072,0.46075
2026-05-19 03:00:00,0.46076,0.46087,0.46052,0.46058
2026-05-19 03:15:00,0.46058,0.46071,0.46042,0.4605
2026-05-19 03:30:00,0.46051,0.46056,0.46029,0.46035
2026-05-19 03:45:00,0.46035,0.4604,0.46013,0.46016
2026-05-19 04:00:00,0.46015,0.46015,0.45991,0.46012
2026-05-19 04:15:00,0.46013,0.46018,0.45992,0.45997
2026-05-19 04:30:00,0.45996,0.4601,0.45973,0.46008
2026-05-19 04:45:00,0.46008,0.46011,0.45991,0.45992
2026-05-19 05:00:00,0.4599,0.45995,0.45974,0.45976
2026-05-19 05:15:00,0.45978,0.46007,0.45971,0.45996
2026-05-19 05:30:00,0.45996,0.4601,0.45994,0.46005
2026-05-19 05:45:00,0.46004,0.46007,0.45991,0.46005
2026-05-19 06:00:00,0.46005,0.46007,0.45993,0.46006
2026-05-19 06:15:00,0.46006,0.46009,0.46001,0.46005
2026-05-19 06:30:00,0.46005,0.46022,0.46005,0.46014
2026-05-19 06:45:00,0.46013,0.46013,0.45996,0.46003
2026-05-19 07:00:00,0.46004,0.46023,0.45997,0.46018
2026-05-19 07:15:00,0.46018,0.46018,0.45988,0.45993
2026-05-19 07:30:00,0.45994,0.46004,0.45986,0.45989
2026-05-19 07:45:00,0.4599,0.45994,0.45982,0.45986
2026-05-19 08:00:00,0.45986,0.45999,0.45981,0.45997
2026-05-19 08:15:00,0.45995,0.45996,0.4598,0.45982
2026-05-19 08:30:00,0.45982,0.45987,0.45968,0.45984
2026-05-19 08:45:00,0.45984,0.46008,0.45972,0.45998
2026-05-19 09:00:00,0.45997,0.46022,0.4599,0.46014
2026-05-19 09:15:00,0.46014,0.46015,0.45995,0.46004
2026-05-19 09:30:00,0.46003,0.46032,0.45996,0.46021
2026-05-19 09:45:00,0.46022,0.46038,0.46019,0.4603
2026-05-19 10:00:00,0.46029,0.46033,0.46001,0.46008
2026-05-19 10:15:00,0.46009,0.46031,0.46004,0.46021
2026-05-19 10:30:00,0.46022,0.46022,0.45991,0.45995
2026-05-19 10:45:00,0.45996,0.46002,0.45941,0.45943
2026-05-19 11:00:00,0.45943,0.4595,0.4592,0.45928
2026-05-19 11:15:00,0.45928,0.45947,0.45924,0.45941
2026-05-19 11:30:00,0.45942,0.45993,0.4594,0.45975
2026-05-19 11:45:00,0.45975,0.46013,0.45975,0.45997
2026-05-19 12:00:00,0.45997,0.46012,0.45984,0.4601
2026-05-19 12:15:00,0.46011,0.46011,0.45979,0.45994
2026-05-19 12:30:00,0.45993,0.46,0.45978,0.45984
2026-05-19 12:45:00,0.45984,0.46003,0.45976,0.45981
2026-05-19 13:00:00,0.4598,0.45985,0.45961,0.45974
2026-05-19 13:15:00,0.45974,0.46001,0.45973,0.45994
2026-05-19 13:30:00,0.45993,0.46007,0.45986,0.45991
2026-05-19 13:45:00,0.45992,0.46013,0.45985,0.45997
2026-05-19 14:00:00,0.45997,0.46009,0.45986,0.45998
2026-05-19 14:15:00,0.45997,0.46017,0.45994,0.46015
2026-05-19 14:30:00,0.46015,0.46029,0.46013,0.46026
2026-05-19 14:45:00,0.46026,0.46036,0.46016,0.46029
2026-05-19 15:00:00,0.4603,0.46034,0.46015,0.4603
2026-05-19 15:15:00,0.4603,0.46042,0.46025,0.46034
2026-05-19 15:30:00,0.46033,0.46049,0.46026,0.46037
2026-05-19 15:45:00,0.46036,0.46041,0.4601,0.46014
2026-05-19 16:00:00,0.46014,0.4602,0.45993,0.46004
2026-05-19 16:15:00,0.46003,0.4601,0.45982,0.46003
2026-05-19 16:30:00,0.46005,0.46045,0.45991,0.46039
2026-05-19 16:45:00,0.46038,0.46055,0.46023,0.46034
2026-05-19 17:00:00,0.46033,0.46054,0.46023,0.46024
2026-05-19 17:15:00,0.46024,0.46025,0.45978,0.45988
2026-05-19 17:30:00,0.45987,0.46009,0.45981,0.46005
2026-05-19 17:45:00,0.46006,0.46032,0.45989,0.46025
2026-05-19 18:00:00,0.46024,0.46032,0.46001,0.46022
2026-05-19 18:15:00,0.46023,0.46032,0.46005,0.46024
2026-05-19 18:30:00,0.46024,0.46042,0.46022,0.46034
2026-05-19 18:45:00,0.46035,0.46052,0.46027,0.46046
2026-05-19 19:00:00,0.46047,0.46052,0.46022,0.46026
2026-05-19 19:15:00,0.46025,0.46047,0.46023,0.46032
2026-05-19 19:30:00,0.46031,0.46048,0.4603,0.46038
2026-05-19 19:45:00,0.46039,0.46052,0.46035,0.4605
2026-05-19 20:00:00,0.4605,0.46061,0.46048,0.46057
2026-05-19 20:15:00,0.46058,0.46066,0.46052,0.46057
2026-05-19 20:30:00,0.46057,0.46058,0.46043,0.46043
2026-05-19 20:45:00,0.46043,0.46052,0.46037,0.46048
2026-05-19 21:00:00,0.46049,0.46055,0.46044,0.46052
2026-05-19 21:15:00,0.46053,0.46054,0.46042,0.46045
2026-05-19 21:30:00,0.46044,0.46054,0.46039,0.46051
2026-05-19 21:45:00,0.46052,0.46052,0.4604,0.46043
2026-05-19 22:00:00,0.46043,0.46053,0.46028,0.46051
2026-05-19 22:15:00,0.46052,0.46053,0.46033,0.46035
2026-05-19 22:30:00,0.46036,0.46042,0.46033,0.46039
2026-05-19 22:45:00,0.46038,0.4604,0.46031,0.46037
2026-05-19 23:00:00,0.46038,0.46041,0.46029,0.46036
2026-05-19 23:15:00,0.46034,0.46037,0.46024,0.46029
2026-05-19 23:30:00,0.46028,0.4604,0.46028,0.46036
2026-05-19 23:45:00,0.46036,0.46037,0.46004,0.46007
2026-05-20 00:00:00,0.45913,0.45956,0.45878,0.45956
2026-05-20 00:15:00,0.45973,0.4602,0.45936,0.46018
2026-05-20 00:30:00,0.46018,0.46019,0.45984,0.46006
2026-05-20 00:45:00,0.46005,0.46018,0.45999,0.46008
2026-05-20 01:00:00,0.46008,0.46028,0.45986,0.46019
2026-05-20 01:15:00,0.46018,0.46035,0.46018,0.46034
2026-05-20 01:30:00,0.46034,0.46037,0.46028,0.46035
2026-05-20 01:45:00,0.46036,0.46039,0.46031,0.46033
2026-05-20 02:00:00,0.46033,0.46044,0.46033,0.4604
2026-05-20 02:15:00,0.46039,0.4604,0.46035,0.46036
2026-05-20 02:30:00,0.46036,0.46046,0.46031,0.46033
2026-05-20 02:45:00,0.46033,0.46036,0.46004,0.46008
2026-05-20 03:00:00,0.46007,0.46011,0.45986,0.45991
2026-05-20 03:15:00,0.45991,0.45995,0.45965,0.45966
2026-05-20 03:30:00,0.45966,0.45978,0.45961,0.45964
2026-05-20 03:45:00,0.45964,0.45972,0.45947,0.45952
2026-05-20 04:00:00,0.45952,0.45983,0.4595,0.45964
2026-05-20 04:15:00,0.45964,0.45967,0.45934,0.45941
2026-05-20 04:30:00,0.45942,0.45965,0.45933,0.45964
2026-05-20 04:45:00,0.45964,0.45997,0.45957,0.45995
2026-05-20 05:00:00,0.45997,0.46012,0.45993,0.46004
2026-05-20 05:15:00,0.46004,0.46013,0.45992,0.45998
2026-05-20 05:30:00,0.45998,0.46,0.45968,0.45983
2026-05-20 05:45:00,0.45984,0.45995,0.4598,0.45983
2026-05-20 06:00:00,0.45983,0.46013,0.45978,0.45992
2026-05-20 06:15:00,0.45992,0.46029,0.45991,0.46026
2026-05-20 06:30:00,0.46025,0.4606,0.46022,0.46055
2026-05-20 06:45:00,0.46054,0.46064,0.46044,0.46056
2026-05-20 07:00:00,0.46057,0.4608,0.46057,0.46079
2026-05-20 07:15:00,0.46078,0.46078,0.46052,0.4606
2026-05-20 07:30:00,0.46058,0.46061,0.46022,0.46045
2026-05-20 07:45:00,0.46045,0.46047,0.46031,0.46036
2026-05-20 08:00:00,0.46036,0.46054,0.46034,0.46044
2026-05-20 08:15:00,0.46043,0.46052,0.46037,0.46042
2026-05-20 08:30:00,0.46043,0.46059,0.46042,0.46044
2026-05-20 08:45:00,0.46044,0.46061,0.46037,0.46059
2026-05-20 09:00:00,0.46061,0.46077,0.46053,0.46072
2026-05-20 09:15:00,0.46071,0.46096,0.4607,0.46081
2026-05-20 09:30:00,0.46083,0.46095,0.46075,0.46087
2026-05-20 09:45:00,0.46089,0.46115,0.46086,0.4611
2026-05-20 10:00:00,0.4611,0.46148,0.46104,0.46138
2026-05-20 10:15:00,0.46138,0.46148,0.46128,0.4614
2026-05-20 10:30:00,0.46139,0.46146,0.46127,0.46127
2026-05-20 10:45:00,0.46125,0.46127,0.46109,0.46113
2026-05-20 11:00:00,0.46114,0.46151,0.46113,0.46125
2026-05-20 11:15:00,0.46125,0.46143,0.4611,0.46127
2026-05-20 11:30:00,0.46128,0.46168,0.46127,0.46158
2026-05-20 11:45:00,0.46159,0.46175,0.46139,0.4614
2026-05-20 12:00:00,0.46142,0.46164,0.46141,0.46152
2026-05-20 12:15:00,0.46152,0.4616,0.46125,0.46142
2026-05-20 12:30:00,0.46142,0.46165,0.46131,0.46131
2026-05-20 12:45:00,0.46131,0.46147,0.46129,0.46139
2026-05-20 13:00:00,0.46139,0.46154,0.46137,0.46144
2026-05-20 13:15:00,0.46143,0.46152,0.46132,0.46143
2026-05-20 13:30:00,0.46145,0.46164,0.46133,0.46144
2026-05-20 13:45:00,0.46145,0.46154,0.4614,0.46153
2026-05-20 14:00:00,0.46153,0.46184,0.46147,0.46177
2026-05-20 14:15:00,0.46177,0.46206,0.46177,0.46204
2026-05-20 14:30:00,0.46204,0.46212,0.46192,0.46206
2026-05-20 14:45:00,0.46206,0.46208,0.46183,0.46196
2026-05-20 15:00:00,0.46195,0.46205,0.46186,0.46187
2026-05-20 15:15:00,0.46186,0.46195,0.46165,0.46194
2026-05-20 15:30:00,0.46195,0.46215,0.4619,0.46192
2026-05-20 15:45:00,0.4619,0.46192,0.46165,0.4617
2026-05-20 16:00:00,0.4617,0.46182,0.46153,0.46171
2026-05-20 16:15:00,0.4617,0.46173,0.46142,0.46146
2026-05-20 16:30:00,0.46147,0.46185,0.46143,0.46183
2026-05-20 16:45:00,0.46183,0.46203,0.46154,0.46161
2026-05-20 17:00:00,0.46161,0.46166,0.46133,0.46158
2026-05-20 17:15:00,0.46159,0.46204,0.46159,0.46203
2026-05-20 17:30:00,0.46203,0.46227,0.46191,0.46226
2026-05-20 17:45:00,0.46227,0.46231,0.46185,0.4621
2026-05-20 18:00:00,0.46212,0.46236,0.46199,0.46223
2026-05-20 18:15:00,0.46223,0.46277,0.4621,0.46212
2026-05-20 18:30:00,0.46211,0.46248,0.46211,0.46236
2026-05-20 18:45:00,0.46236,0.46241,0.46219,0.46224
2026-05-20 19:00:00,0.46225,0.46239,0.46222,0.46231
2026-05-20 19:15:00,0.46232,0.46239,0.46206,0.46213
2026-05-20 19:30:00,0.46213,0.46214,0.46195,0.46214
2026-05-20 19:45:00,0.46214,0.46222,0.46204,0.46217
2026-05-20 20:00:00,0.46216,0.46228,0.46211,0.46222
2026-05-20 20:15:00,0.46223,0.46224,0.4621,0.4622
2026-05-20 20:30:00,0.46221,0.46226,0.46214,0.46219
2026-05-20 20:45:00,0.46219,0.4623,0.46214,0.46214
2026-05-20 21:00:00,0.46213,0.46222,0.46205,0.46218
2026-05-20 21:15:00,0.46218,0.46226,0.46214,0.46222
2026-05-20 21:30:00,0.46223,0.46228,0.46209,0.4621
2026-05-20 21:45:00,0.46209,0.46222,0.46207,0.46214
2026-05-20 22:00:00,0.46209,0.46219,0.46193,0.46203
2026-05-20 22:15:00,0.46202,0.46207,0.46198,0.46205
2026-05-20 22:30:00,0.46204,0.46208,0.46197,0.462
2026-05-20 22:45:00,0.462,0.46208,0.46189,0.46205
2026-05-20 23:00:00,0.46204,0.46206,0.46194,0.46196
2026-05-20 23:15:00,0.46197,0.46197,0.46184,0.46195
2026-05-20 23:30:00,0.46197,0.46203,0.4619,0.46197
2026-05-20 23:45:00,0.46195,0.46197,0.46174,0.46177
2026-05-21 00:00:00,0.46073,0.4608,0.46043,0.46079
2026-05-21 00:15:00,0.46089,0.46143,0.46086,0.46141
2026-05-21 00:30:00,0.46137,0.46164,0.46135,0.46157
2026-05-21 00:45:00,0.46162,0.46166,0.46124,0.46139
2026-05-21 01:00:00,0.4614,0.46191,0.46135,0.46191
2026-05-21 01:15:00,0.46192,0.46194,0.46185,0.46191
2026-05-21 01:30:00,0.46192,0.46196,0.46189,0.46191
2026-05-21 01:45:00,0.4619,0.46193,0.46186,0.46193
2026-05-21 02:00:00,0.46192,0.46195,0.46186,0.46191
2026-05-21 02:15:00,0.46191,0.46193,0.46187,0.46189
2026-05-21 02:30:00,0.46189,0.46192,0.4618,0.46191
2026-05-21 02:45:00,0.4619,0.46192,0.46182,0.46183
2026-05-21 03:00:00,0.46184,0.46185,0.46152,0.46156
2026-05-21 03:15:00,0.46157,0.46167,0.46148,0.46167
2026-05-21 03:30:00,0.46166,0.46167,0.46155,0.46159
2026-05-21 03:45:00,0.46158,0.46166,0.46144,0.46145
2026-05-21 04:00:00,0.46145,0.46164,0.46141,0.46156
2026-05-21 04:15:00,0.46156,0.4616,0.46136,0.46137
2026-05-21 04:30:00,0.46137,0.46186,0.46124,0.46174
2026-05-21 04:45:00,0.46175,0.46175,0.4608,0.46086
2026-05-21 05:00:00,0.46088,0.46121,0.46079,0.46091
2026-05-21 05:15:00,0.46093,0.46094,0.4606,0.4608
2026-05-21 05:30:00,0.46081,0.46103,0.46077,0.46093
2026-05-21 05:45:00,0.46092,0.46113,0.46075,0.46112
2026-05-21 06:00:00,0.46111,0.46116,0.46097,0.46099
2026-05-21 06:15:00,0.46099,0.46108,0.46095,0.461
2026-05-21 06:30:00,0.46101,0.4612,0.461,0.46118
2026-05-21 06:45:00,0.46117,0.46126,0.46112,0.46125
2026-05-21 07:00:00,0.46124,0.46132,0.46121,0.46125
2026-05-21 07:15:00,0.46124,0.4614,0.46123,0.4614
2026-05-21 07:30:00,0.46139,0.46148,0.46125,0.46134
2026-05-21 07:45:00,0.46133,0.46146,0.46132,0.46139
2026-05-21 08:00:00,0.46139,0.46143,0.46112,0.46123
2026-05-21 08:15:00,0.46122,0.4613,0.46115,0.46123
2026-05-21 08:30:00,0.46124,0.46131,0.46114,0.46117
2026-05-21 08:45:00,0.46116,0.46133,0.46103,0.4612
2026-05-21 09:00:00,0.46121,0.46139,0.46112,0.46116
2026-05-21 09:15:00,0.46117,0.4612,0.461,0.46113
2026-05-21 09:30:00,0.46113,0.46117,0.46079,0.46093
2026-05-21 09:45:00,0.46094,0.4611,0.4609,0.46098
2026-05-21 10:00:00,0.46098,0.46117,0.46094,0.46113
2026-05-21 10:15:00,0.46111,0.46149,0.46108,0.46114
2026-05-21 10:30:00,0.46114,0.46144,0.46109,0.46141
2026-05-21 10:45:00,0.46142,0.46163,0.46133,0.4614
2026-05-21 11:00:00,0.46138,0.46168,0.46133,0.46167
2026-05-21 11:15:00,0.46168,0.46175,0.46131,0.46153
2026-05-21 11:30:00,0.46152,0.46186,0.46144,0.46168
2026-05-21 11:45:00,0.46167,0.46185,0.46157,0.46161
2026-05-21 12:00:00,0.46162,0.46178,0.46155,0.46171
2026-05-21 12:15:00,0.46172,0.46174,0.46145,0.46162
2026-05-21 12:30:00,0.46163,0.46172,0.46154,0.46155
2026-05-21 12:45:00,0.46154,0.46158,0.46147,0.46148
2026-05-21 13:00:00,0.46149,0.4615,0.46131,0.46137
2026-05-21 13:15:00,0.46137,0.46146,0.46096,0.46106
2026-05-21 13:30:00,0.46107,0.46127,0.4609,0.46121
2026-05-21 13:45:00,0.46121,0.46139,0.46113,0.46131
2026-05-21 14:00:00,0.46131,0.46142,0.46122,0.4614
2026-05-21 14:15:00,0.4614,0.46175,0.46138,0.46166
2026-05-21 14:30:00,0.46166,0.4617,0.46141,0.46153
2026-05-21 14:45:00,0.46153,0.46164,0.46138,0.46153
2026-05-21 15:00:00,0.46154,0.46196,0.4615,0.46195
2026-05-21 15:15:00,0.46194,0.46201,0.46172,0.4618
2026-05-21 15:30:00,0.46181,0.46203,0.46171,0.46175
2026-05-21 15:45:00,0.46176,0.46178,0.46162,0.4617
2026-05-21 16:00:00,0.46171,0.46185,0.46154,0.4618
2026-05-21 16:15:00,0.46181,0.46215,0.46176,0.46209
2026-05-21 16:30:00,0.46209,0.46214,0.46194,0.46212
2026-05-21 16:45:00,0.46211,0.46237,0.46203,0.46228
2026-05-21 17:00:00,0.46228,0.46237,0.4622,0.46228
2026-05-21 17:15:00,0.46228,0.46231,0.46218,0.46229
2026-05-21 17:30:00,0.4623,0.46242,0.46224,0.46234
2026-05-21 17:45:00,0.46235,0.46255,0.46226,0.46233
2026-05-21 18:00:00,0.46233,0.46235,0.46189,0.46208
2026-05-21 18:15:00,0.46207,0.4621,0.46191,0.46195
2026-05-21 18:30:00,0.46196,0.46217,0.46192,0.46212
2026-05-21 18:45:00,0.46213,0.46227,0.46212,0.46218
2026-05-21 19:00:00,0.46219,0.46247,0.46214,0.46237
2026-05-21 19:15:00,0.46237,0.4624,0.46226,0.46234
2026-05-21 19:30:00,0.46234,0.46239,0.46219,0.4622
2026-05-21 19:45:00,0.46221,0.4623,0.46213,0.46228
2026-05-21 20:00:00,0.46228,0.46255,0.4622,0.46245
2026-05-21 20:15:00,0.46246,0.46275,0.46243,0.46269
2026-05-21 20:30:00,0.46268,0.46279,0.46248,0.46272
2026-05-21 20:45:00,0.46271,0.46271,0.46253,0.46254
2026-05-21 21:00:00,0.46253,0.4626,0.46231,0.46234
2026-05-21 21:15:00,0.46235,0.46241,0.46229,0.46237
2026-05-21 21:30:00,0.46236,0.46246,0.46229,0.4623
2026-05-21 21:45:00,0.4623,0.46239,0.46204,0.46216
2026-05-21 22:00:00,0.46217,0.46227,0.46209,0.46221
2026-05-21 22:15:00,0.4622,0.46224,0.46212,0.46219
2026-05-21 22:30:00,0.46219,0.46225,0.46212,0.46217
2026-05-21 22:45:00,0.46215,0.46217,0.46196,0.46202
2026-05-21 23:00:00,0.46201,0.46204,0.46195,0.462
2026-05-21 23:15:00,0.462,0.46204,0.46194,0.46203
2026-05-21 23:30:00,0.46202,0.46211,0.46201,0.46205
2026-05-21 23:45:00,0.46207,0.46211,0.46174,0.46174
2026-05-22 00:00:00,0.46058,0.46209,0.46058,0.46192
2026-05-22 00:15:00,0.46206,0.4622,0.462,0.4622
2026-05-22 00:30:00,0.4622,0.46224,0.46134,0.46161
2026-05-22 00:45:00,0.46157,0.46175,0.46076,0.46101
2026-05-22 01:00:00,0.46111,0.46221,0.46111,0.46218
2026-05-22 01:15:00,0.46217,0.46222,0.46213,0.46215
2026-05-22 01:30:00,0.46214,0.46226,0.46211,0.46219
2026-05-22 01:45:00,0.4622,0.46235,0.4622,0.46234
2026-05-22 02:00:00,0.46234,0.46242,0.46227,0.46228
2026-05-22 02:15:00,0.46227,0.46234,0.46219,0.46233
2026-05-22 02:30:00,0.46232,0.46236,0.4623,0.4623
2026-05-22 02:45:00,0.46229,0.46245,0.46225,0.46231
2026-05-22 03:00:00,0.46233,0.46236,0.46206,0.46209
2026-05-22 03:15:00,0.4621,0.46216,0.46201,0.46213
2026-05-22 03:30:00,0.46214,0.46219,0.46199,0.46217
2026-05-22 03:45:00,0.46217,0.46221,0.46209,0.46213
2026-05-22 04:00:00,0.46212,0.46215,0.46191,0.46204
2026-05-22 04:15:00,0.46205,0.46222,0.46201,0.46219
2026-05-22 04:30:00,0.46219,0.46229,0.46208,0.46228
2026-05-22 04:45:00,0.46228,0.46246,0.4622,0.46221
2026-05-22 05:00:00,0.4622,0.46236,0.46219,0.46219
2026-05-22 05:15:00,0.4622,0.46222,0.46212,0.46218
2026-05-22 05:30:00,0.46218,0.46225,0.46212,0.46221
2026-05-22 05:45:00,0.46222,0.46224,0.462,0.46209
2026-05-22 06:00:00,0.46209,0.46213,0.46188,0.46188
2026-05-22 06:15:00,0.46188,0.46199,0.46187,0.46196
2026-05-22 06:30:00,0.46197,0.462,0.46186,0.46187
2026-05-22 06:45:00,0.46186,0.46199,0.4618,0.46195
2026-05-22 07:00:00,0.46195,0.46211,0.46193,0.46199
2026-05-22 07:15:00,0.46199,0.46199,0.46193,0.46194
2026-05-22 07:30:00,0.46195,0.46195,0.46183,0.46192
2026-05-22 07:45:00,0.46192,0.46193,0.46181,0.4619
2026-05-22 08:00:00,0.46189,0.46204,0.46188,0.46199
2026-05-22 08:15:00,0.46199,0.46206,0.46195,0.46205
2026-05-22 08:30:00,0.46205,0.46211,0.46197,0.46202
2026-05-22 08:45:00,0.46202,0.4622,0.46194,0.46201
2026-05-22 09:00:00,0.46201,0.46206,0.46183,0.46189
2026-05-22 09:15:00,0.46188,0.46189,0.46159,0.46167
2026-05-22 09:30:00,0.46168,0.46189,0.46163,0.4617
2026-05-22 09:45:00,0.46169,0.46177,0.46151,0.46154
2026-05-22 10:00:00,0.46153,0.4616,0.46137,0.46151
2026-05-22 10:15:00,0.4615,0.46159,0.46109,0.46113
2026-05-22 10:30:00,0.46114,0.46115,0.46081,0.46098
2026-05-22 10:45:00,0.46097,0.461,0.46079,0.46096
2026-05-22 11:00:00,0.46098,0.46103,0.46082,0.46089
2026-05-22 11:15:00,0.4609,0.46116,0.46074,0.46078
2026-05-22 11:30:00,0.46079,0.46091,0.4606,0.46069
2026-05-22 11:45:00,0.4607,0.46084,0.46065,0.46081
2026-05-22 12:00:00,0.4608,0.46081,0.46039,0.46044
2026-05-22 12:15:00,0.46043,0.46057,0.46032,0.46053
2026-05-22 12:30:00,0.46054,0.46058,0.46025,0.46027
2026-05-22 12:45:00,0.46027,0.46055,0.46026,0.46039
2026-05-22 13:00:00,0.46039,0.46049,0.46025,0.46026
2026-05-22 13:15:00,0.46025,0.46043,0.46025,0.46033
2026-05-22 13:30:00,0.46032,0.46054,0.46028,0.46053
2026-05-22 13:45:00,0.46052,0.46058,0.46045,0.46054
2026-05-22 14:00:00,0.46055,0.46059,0.46041,0.46049
2026-05-22 14:15:00,0.4605,0.46055,0.46035,0.46051
2026-05-22 14:30:00,0.46052,0.46052,0.46032,0.46036
2026-05-22 14:45:00,0.46036,0.4605,0.46018,0.46023
2026-05-22 15:00:00,0.46024,0.46039,0.46006,0.46024
2026-05-22 15:15:00,0.46024,0.46037,0.46007,0.46008
2026-05-22 15:30:00,0.46009,0.46024,0.46009,0.46015
2026-05-22 15:45:00,0.46015,0.46038,0.46015,0.46038
2026-05-22 16:00:00,0.4604,0.46048,0.46027,0.46035
2026-05-22 16:15:00,0.46033,0.46038,0.46002,0.46006
2026-05-22 16:30:00,0.46007,0.46013,0.45991,0.45999
2026-05-22 16:45:00,0.46,0.46015,0.45987,0.4601
2026-05-22 17:00:00,0.4601,0.46021,0.45994,0.46012
2026-05-22 17:15:00,0.46012,0.4602,0.45998,0.46008
2026-05-22 17:30:00,0.46009,0.46027,0.46005,0.4602
2026-05-22 17:45:00,0.46021,0.46029,0.45981,0.45982
2026-05-22 18:00:00,0.45982,0.46005,0.45973,0.45993
2026-05-22 18:15:00,0.45994,0.45998,0.45981,0.45995
2026-05-22 18:30:00,0.45997,0.46007,0.45991,0.46
2026-05-22 18:45:00,0.45999,0.46005,0.45993,0.45998
2026-05-22 19:00:00,0.45996,0.46003,0.45966,0.45974
2026-05-22 19:15:00,0.45973,0.45976,0.45945,0.45966
2026-05-22 19:30:00,0.45967,0.45967,0.45944,0.45955
2026-05-22 19:45:00,0.45956,0.45959,0.45942,0.45946
2026-05-22 20:00:00,0.45947,0.45961,0.45938,0.45956
2026-05-22 20:15:00,0.45955,0.45975,0.45951,0.45967
2026-05-22 20:30:00,0.45968,0.45972,0.45955,0.45962
2026-05-22 20:45:00,0.45963,0.45975,0.4596,0.45968
2026-05-22 21:00:00,0.45967,0.45971,0.45955,0.4597
2026-05-22 21:15:00,0.45971,0.45973,0.45963,0.45965
2026-05-22 21:30:00,0.45964,0.45967,0.45948,0.45953
2026-05-22 21:45:00,0.45953,0.45954,0.45945,0.45952
2026-05-22 22:00:00,0.45951,0.45957,0.45946,0.45954
2026-05-22 22:15:00,0.45954,0.45957,0.45943,0.45943
2026-05-22 22:30:00,0.45946,0.4595,0.45942,0.45947
2026-05-22 22:45:00,0.45946,0.45948,0.45941,0.45944
2026-05-22 23:00:00,0.45943,0.45948,0.4594,0.45946
2026-05-22 23:15:00,0.45945,0.45946,0.45933,0.45934
2026-05-22 23:30:00,0.45934,0.4594,0.4592,0.45921
2026-05-22 23:45:00,0.4592,0.45925,0.45885,0.45887
2026-05-25 00:00:00,0.46021,0.46049,0.45997,0.4602
2026-05-25 00:15:00,0.46019,0.46037,0.4598,0.46037
2026-05-25 00:30:00,0.46037,0.46037,0.45986,0.46004
2026-05-25 00:45:00,0.46006,0.46032,0.45974,0.46021
2026-05-25 01:00:00,0.46021,0.46026,0.45942,0.45974
2026-05-25 01:15:00,0.45974,0.45985,0.45945,0.45946
2026-05-25 01:30:00,0.45945,0.45955,0.45937,0.45955
2026-05-25 01:45:00,0.45954,0.45978,0.45953,0.45962
2026-05-25 02:00:00,0.45961,0.45979,0.45961,0.45967
2026-05-25 02:15:00,0.45967,0.45967,0.45955,0.45956
2026-05-25 02:30:00,0.45953,0.45962,0.45945,0.45948
2026-05-25 02:45:00,0.45948,0.45948,0.45934,0.4594
2026-05-25 03:00:00,0.45939,0.45948,0.45924,0.45944
2026-05-25 03:15:00,0.45942,0.45957,0.45934,0.45956
2026-05-25 03:30:00,0.45956,0.45962,0.45948,0.45948
2026-05-25 03:45:00,0.4595,0.45962,0.4594,0.45948
2026-05-25 04:00:00,0.45946,0.45966,0.45946,0.45966
2026-05-25 04:15:00,0.45968,0.45974,0.45958,0.45974
2026-05-25 04:30:00,0.45972,0.4598,0.45958,0.4596
2026-05-25 04:45:00,0.4596,0.45967,0.45947,0.45948
2026-05-25 05:00:00,0.45949,0.45958,0.45944,0.45947
2026-05-25 05:15:00,0.45947,0.45959,0.45942,0.45952
2026-05-25 05:30:00,0.45953,0.45956,0.45941,0.45947
2026-05-25 05:45:00,0.45947,0.45947,0.45926,0.45929
2026-05-25 06:00:00,0.45928,0.45934,0.45923,0.45927
2026-05-25 06:15:00,0.45927,0.45933,0.45922,0.4593
2026-05-25 06:30:00,0.45931,0.45931,0.45915,0.45915
2026-05-25 06:45:00,0.45916,0.45917,0.45908,0.45915
2026-05-25 07:00:00,0.45915,0.4593,0.45915,0.45917
2026-05-25 07:15:00,0.4592,0.4594,0.45916,0.45939
2026-05-25 07:30:00,0.45938,0.45954,0.45935,0.45949
2026-05-25 07:45:00,0.45949,0.45957,0.45945,0.45945
2026-05-25 08:00:00,0.45945,0.45953,0.45942,0.45947
2026-05-25 08:15:00,0.45948,0.4595,0.45933,0.45934
2026-05-25 08:30:00,0.45935,0.45954,0.45934,0.4595
2026-05-25 08:45:00,0.45949,0.45951,0.45935,0.4594
2026-05-25 09:00:00,0.45938,0.4595,0.45936,0.45937
2026-05-25 09:15:00,0.45937,0.45937,0.4592,0.45925
2026-05-25 09:30:00,0.45926,0.4593,0.4591,0.45911
2026-05-25 09:45:00,0.4591,0.45923,0.45899,0.45911
2026-05-25 10:00:00,0.45911,0.45911,0.45886,0.45889
2026-05-25 10:15:00,0.45889,0.4589,0.45861,0.4588
2026-05-25 10:30:00,0.45882,0.45902,0.4588,0.45896
2026-05-25 10:45:00,0.45897,0.45905,0.45889,0.45897
2026-05-25 11:00:00,0.45896,0.459,0.45884,0.45892
2026-05-25 11:15:00,0.45891,0.45901,0.4589,0.45893
2026-05-25 11:30:00,0.45894,0.45908,0.45892,0.45902
2026-05-25 11:45:00,0.45902,0.45907,0.45893,0.459
2026-05-25 12:00:00,0.459,0.45911,0.45893,0.45894
2026-05-25 12:15:00,0.45894,0.45896,0.45881,0.45885
2026-05-25 12:30:00,0.45883,0.45888,0.4588,0.45881
2026-05-25 12:45:00,0.45881,0.45888,0.4588,0.45881
2026-05-25 13:00:00,0.45881,0.45887,0.45876,0.4588
2026-05-25 13:15:00,0.45879,0.4588,0.45867,0.4587
2026-05-25 13:30:00,0.45868,0.4587,0.45859,0.45863
2026-05-25 13:45:00,0.45862,0.45868,0.4586,0.45866
2026-05-25 14:00:00,0.45867,0.45877,0.45857,0.45873
2026-05-25 14:15:00,0.45874,0.45881,0.45871,0.45879
2026-05-25 14:30:00,0.4588,0.45901,0.45877,0.45899
2026-05-25 14:45:00,0.45898,0.45903,0.45891,0.45897
2026-05-25 15:00:00,0.45898,0.45908,0.4589,0.45902
2026-05-25 15:15:00,0.45902,0.45907,0.45891,0.45901
2026-05-25 15:30:00,0.45901,0.45911,0.4589,0.45905
2026-05-25 15:45:00,0.45906,0.45907,0.45888,0.4589
2026-05-25 16:00:00,0.45889,0.45915,0.45885,0.45912
2026-05-25 16:15:00,0.45913,0.45957,0.45912,0.45955
2026-05-25 16:30:00,0.45955,0.46001,0.45954,0.45963
2026-05-25 16:45:00,0.45962,0.45981,0.4596,0.45972
2026-05-25 17:00:00,0.45973,0.45991,0.45972,0.45985
2026-05-25 17:15:00,0.45986,0.45992,0.45982,0.45988
2026-05-25 17:30:00,0.45989,0.45994,0.45981,0.45992
2026-05-25 17:45:00,0.45992,0.46009,0.45984,0.46002
2026-05-25 18:00:00,0.46003,0.46014,0.45993,0.45993
2026-05-25 18:15:00,0.45992,0.45993,0.4598,0.45984
2026-05-25 18:30:00,0.45984,0.45995,0.4598,0.45993
2026-05-25 18:45:00,0.45993,0.45996,0.45972,0.45978
2026-05-25 19:00:00,0.45977,0.45988,0.45971,0.45982
2026-05-25 19:15:00,0.45983,0.4599,0.45978,0.45983
2026-05-25 19:30:00,0.45982,0.4599,0.4598,0.45983
2026-05-25 19:45:00,0.45984,0.45988,0.45979,0.45982
2026-05-25 20:00:00,0.45982,0.45983,0.45975,0.45976
2026-05-25 20:15:00,0.45976,0.4598,0.45969,0.45978
2026-05-25 20:30:00,0.45979,0.4598,0.45969,0.45971
2026-05-25 20:45:00,0.45971,0.45971,0.45966,0.45967
2026-05-25 21:00:00,0.45967,0.45974,0.45965,0.4597
2026-05-25 21:15:00,0.45969,0.4597,0.45959,0.45959
2026-05-25 21:30:00,0.4596,0.4596,0.45954,0.45955
2026-05-25 21:45:00,0.45956,0.45959,0.4595,0.45951
2026-05-25 22:00:00,0.45951,0.45956,0.45947,0.45952
2026-05-25 22:15:00,0.45953,0.45953,0.45948,0.45952
2026-05-25 22:30:00,0.45953,0.45954,0.4595,0.45952
2026-05-25 22:45:00,0.45953,0.45958,0.45951,0.45956
2026-05-25 23:00:00,0.45957,0.4596,0.45954,0.45955
2026-05-25 23:15:00,0.45956,0.45965,0.45951,0.45964
2026-05-25 23:30:00,0.45965,0.45968,0.45954,0.45959
2026-05-25 23:45:00,0.45957,0.45962,0.45947,0.45948
2026-05-26 00:00:00,0.45793,0.45867,0.45793,0.45853
2026-05-26 00:15:00,0.45858,0.45894,0.45853,0.45878
2026-05-26 00:30:00,0.45884,0.45911,0.45851,0.45897
2026-05-26 00:45:00,0.45897,0.45939,0.45863,0.45927
2026-05-26 01:00:00,0.45927,0.45962,0.4591,0.45945
2026-05-26 01:15:00,0.45946,0.45956,0.45939,0.45956
2026-05-26 01:30:00,0.45957,0.45957,0.45949,0.45954
2026-05-26 01:45:00,0.45954,0.45966,0.45951,0.45957
2026-05-26 02:00:00,0.45957,0.4596,0.4595,0.45951
2026-05-26 02:15:00,0.45952,0.45954,0.45942,0.45942
2026-05-26 02:30:00,0.45943,0.45946,0.4591,0.45915
2026-05-26 02:45:00,0.45915,0.45923,0.45901,0.45908
2026-05-26 03:00:00,0.45909,0.45916,0.45893,0.45897
2026-05-26 03:15:00,0.45896,0.45901,0.45884,0.45893
2026-05-26 03:30:00,0.45894,0.45902,0.45883,0.45897
2026-05-26 03:45:00,0.45899,0.45904,0.45886,0.45897
2026-05-26 04:00:00,0.45896,0.45904,0.45885,0.45886
2026-05-26 04:15:00,0.45887,0.45895,0.45873,0.45877
2026-05-26 04:30:00,0.45877,0.45881,0.45854,0.45858
2026-05-26 04:45:00,0.45858,0.45872,0.45847,0.45849
2026-05-26 05:00:00,0.45848,0.45864,0.45844,0.45854
2026-05-26 05:15:00,0.45855,0.45867,0.45851,0.45856
2026-05-26 05:30:00,0.45855,0.45856,0.45829,0.45832
2026-05-26 05:45:00,0.45833,0.45848,0.45826,0.45844
2026-05-26 06:00:00,0.45846,0.45862,0.45843,0.45858
2026-05-26 06:15:00,0.45857,0.45875,0.45856,0.45867
2026-05-26 06:30:00,0.45868,0.45873,0.45865,0.45872
2026-05-26 06:45:00,0.45868,0.45868,0.45844,0.4585
2026-05-26 07:00:00,0.45849,0.45851,0.45837,0.45839
2026-05-26 07:15:00,0.45839,0.45845,0.45837,0.4584
2026-05-26 07:30:00,0.45839,0.45843,0.45824,0.45824
2026-05-26 07:45:00,0.45823,0.45835,0.45823,0.45832
2026-05-26 08:00:00,0.45832,0.45834,0.45811,0.4582
2026-05-26 08:15:00,0.45819,0.45827,0.45816,0.45819
2026-05-26 08:30:00,0.4582,0.45832,0.45816,0.45831
2026-05-26 08:45:00,0.4583,0.45832,0.45819,0.45823
2026-05-26 09:00:00,0.45824,0.45859,0.45819,0.45859
2026-05-26 09:15:00,0.45857,0.45872,0.45847,0.45859
2026-05-26 09:30:00,0.45858,0.45905,0.45857,0.45895
2026-05-26 09:45:00,0.45895,0.45938,0.45887,0.45924
2026-05-26 10:00:00,0.45924,0.45926,0.45872,0.4589
2026-05-26 10:15:00,0.45891,0.45901,0.45879,0.45887
2026-05-26 10:30:00,0.45886,0.45893,0.45855,0.45861
2026-05-26 10:45:00,0.4586,0.45867,0.45844,0.45858
2026-05-26 11:00:00,0.45859,0.45876,0.45857,0.4586
2026-05-26 11:15:00,0.4586,0.4588,0.45855,0.45868
2026-05-26 11:30:00,0.45869,0.45874,0.4586,0.45869
2026-05-26 11:45:00,0.45869,0.4587,0.4585,0.45861
2026-05-26 12:00:00,0.45859,0.4586,0.4583,0.45839
2026-05-26 12:15:00,0.45839,0.45854,0.45837,0.45843
2026-05-26 12:30:00,0.45844,0.45847,0.45832,0.45836
2026-05-26 12:45:00,0.45836,0.45843,0.4583,0.45843
2026-05-26 13:00:00,0.45842,0.45845,0.45836,0.45844
2026-05-26 13:15:00,0.45844,0.45849,0.45829,0.45832
2026-05-26 13:30:00,0.45834,0.45853,0.4583,0.4585
2026-05-26 13:45:00,0.4585,0.45879,0.45833,0.45869
2026-05-26 14:00:00,0.4587,0.45876,0.45863,0.45867
2026-05-26 14:15:00,0.45868,0.45876,0.45866,0.45875
2026-05-26 14:30:00,0.45876,0.45887,0.45862,0.45885
2026-05-26 14:45:00,0.45885,0.45886,0.45871,0.45874
2026-05-26 15:00:00,0.45875,0.45881,0.45861,0.45874
2026-05-26 15:15:00,0.45875,0.45875,0.45857,0.45869
2026-05-26 15:30:00,0.45869,0.4587,0.45857,0.45859
2026-05-26 15:45:00,0.45861,0.45861,0.45845,0.45848
2026-05-26 16:00:00,0.45849,0.45857,0.45843,0.45853
2026-05-26 16:15:00,0.45852,0.45863,0.45844,0.45862
2026-05-26 16:30:00,0.45861,0.45878,0.45836,0.45864
2026-05-26 16:45:00,0.45863,0.4588,0.45846,0.45852
2026-05-26 17:00:00,0.45854,0.45867,0.45848,0.45859
2026-05-26 17:15:00,0.45859,0.45895,0.45859,0.45872
2026-05-26 17:30:00,0.45872,0.45877,0.45839,0.45857
2026-05-26 17:45:00,0.45856,0.45884,0.45853,0.4588
2026-05-26 18:00:00,0.45878,0.45887,0.45868,0.45881
2026-05-26 18:15:00,0.45882,0.45882,0.45864,0.45866
2026-05-26 18:30:00,0.45867,0.45891,0.45865,0.45884
2026-05-26 18:45:00,0.45885,0.45885,0.45853,0.45856
2026-05-26 19:00:00,0.45856,0.45869,0.45852,0.45853
2026-05-26 19:15:00,0.45852,0.4586,0.45842,0.45847
2026-05-26 19:30:00,0.45844,0.4585,0.45834,0.45843
2026-05-26 19:45:00,0.45843,0.45848,0.45839,0.45844
2026-05-26 20:00:00,0.45845,0.45856,0.45844,0.45853
2026-05-26 20:15:00,0.45854,0.45856,0.45842,0.45846
2026-05-26 20:30:00,0.45847,0.45853,0.45841,0.45844
2026-05-26 20:45:00,0.45843,0.45848,0.45837,0.45839
2026-05-26 21:00:00,0.4584,0.45849,0.45839,0.45844
2026-05-26 21:15:00,0.45845,0.45853,0.45842,0.45853
2026-05-26 21:30:00,0.45853,0.45858,0.45848,0.45851
2026-05-26 21:45:00,0.45851,0.45857,0.45845,0.45852
2026-05-26 22:00:00,0.45852,0.45853,0.45839,0.4584
2026-05-26 22:15:00,0.45839,0.4585,0.45837,0.45845
2026-05-26 22:30:00,0.45845,0.45853,0.45843,0.4585
2026-05-26 22:45:00,0.4585,0.45875,0.45848,0.45874
2026-05-26 23:00:00,0.45874,0.45875,0.45859,0.45863
2026-05-26 23:15:00,0.45863,0.45864,0.45853,0.45854
2026-05-26 23:30:00,0.45853,0.45855,0.45848,0.4585
2026-05-26 23:45:00,0.45849,0.45851,0.45839,0.45841
2026-05-27 00:00:00,0.45798,0.45834,0.45781,0.45831
2026-05-27 00:15:00,0.45831,0.4584,0.45829,0.45836
2026-05-27 00:30:00,0.45836,0.45843,0.45828,0.45837
2026-05-27 00:45:00,0.45829,0.45868,0.4582,0.45837
2026-05-27 01:00:00,0.45836,0.45858,0.45819,0.45842
2026-05-27 01:15:00,0.45841,0.45849,0.45835,0.4584
2026-05-27 01:30:00,0.45841,0.45852,0.4584,0.4585
2026-05-27 01:45:00,0.45851,0.45852,0.45844,0.45846
2026-05-27 02:00:00,0.45847,0.45855,0.45846,0.45851
2026-05-27 02:15:00,0.4585,0.45865,0.45849,0.45863
2026-05-27 02:30:00,0.45864,0.45877,0.45863,0.45876
2026-05-27 02:45:00,0.45877,0.45881,0.45858,0.45867
2026-05-27 03:00:00,0.45866,0.45881,0.4586,0.45881
2026-05-27 03:15:00,0.45881,0.45887,0.45874,0.45887
2026-05-27 03:30:00,0.45888,0.45904,0.45884,0.4589
2026-05-27 03:45:00,0.45891,0.45901,0.45887,0.45898
2026-05-27 04:00:00,0.45898,0.45918,0.45896,0.45911
2026-05-27 04:15:00,0.4591,0.45921,0.45908,0.45921
2026-05-27 04:30:00,0.4592,0.45922,0.45858,0.45887
2026-05-27 04:45:00,0.45886,0.45913,0.45867,0.45902
2026-05-27 05:00:00,0.45903,0.46142,0.45902,0.46097
2026-05-27 05:15:00,0.46097,0.46161,0.46089,0.46146
2026-05-27 05:30:00,0.46145,0.4616,0.46115,0.46115
2026-05-27 05:45:00,0.46116,0.46142,0.46116,0.46125
2026-05-27 06:00:00,0.46124,0.46151,0.46108,0.46108
2026-05-27 06:15:00,0.46109,0.46121,0.46098,0.46102
2026-05-27 06:30:00,0.46102,0.46106,0.46064,0.46076
2026-05-27 06:45:00,0.46075,0.46082,0.46063,0.46068
2026-05-27 07:00:00,0.46068,0.46105,0.46061,0.46103
2026-05-27 07:15:00,0.46101,0.46111,0.46089,0.46098
2026-05-27 07:30:00,0.46098,0.46131,0.46093,0.46127
2026-05-27 07:45:00,0.46127,0.46144,0.46123,0.46144
2026-05-27 08:00:00,0.46143,0.46156,0.46129,0.46155
2026-05-27 08:15:00,0.46156,0.46156,0.46141,0.46155
2026-05-27 08:30:00,0.46156,0.46159,0.46123,0.46136
2026-05-27 08:45:00,0.46135,0.46151,0.46118,0.46118
2026-05-27 09:00:00,0.46116,0.46136,0.46108,0.46113
2026-05-27 09:15:00,0.46113,0.46131,0.46099,0.46122
2026-05-27 09:30:00,0.46121,0.46127,0.46107,0.46114
2026-05-27 09:45:00,0.46114,0.46146,0.46109,0.4611
2026-05-27 10:00:00,0.46111,0.46132,0.4609,0.46102
2026-05-27 10:15:00,0.46103,0.46104,0.46071,0.46084
2026-05-27 10:30:00,0.46084,0.46114,0.46073,0.46113
2026-05-27 10:45:00,0.46113,0.46134,0.46103,0.46128
2026-05-27 11:00:00,0.46128,0.46163,0.46126,0.46152
2026-05-27 11:15:00,0.46153,0.46169,0.46138,0.46144
2026-05-27 11:30:00,0.46144,0.46174,0.46138,0.46169
2026-05-27 11:45:00,0.46168,0.46212,0.46161,0.46206
2026-05-27 12:00:00,0.46206,0.46209,0.46187,0.46202
2026-05-27 12:15:00,0.46203,0.46234,0.46203,0.46209
2026-05-27 12:30:00,0.46208,0.4623,0.46207,0.46223
2026-05-27 12:45:00,0.46224,0.46236,0.46205,0.46234
2026-05-27 13:00:00,0.46233,0.46241,0.46219,0.46226
2026-05-27 13:15:00,0.46227,0.4623,0.4621,0.4622
2026-05-27 13:30:00,0.46218,0.46225,0.46206,0.4621
2026-05-27 13:45:00,0.4621,0.4622,0.462,0.4622
2026-05-27 14:00:00,0.4622,0.46245,0.46219,0.46233
2026-05-27 14:15:00,0.46234,0.46246,0.46229,0.46237
2026-05-27 14:30:00,0.46238,0.46294,0.46235,0.46292
2026-05-27 14:45:00,0.46291,0.46299,0.46257,0.46279
2026-05-27 15:00:00,0.46278,0.46307,0.46249,0.46295
2026-05-27 15:15:00,0.46295,0.46346,0.46287,0.46314
2026-05-27 15:30:00,0.46314,0.46319,0.46287,0.46289
2026-05-27 15:45:00,0.46289,0.46298,0.46256,0.46297
2026-05-27 16:00:00,0.46295,0.46347,0.46294,0.46332
2026-05-27 16:15:00,0.46332,0.46346,0.46322,0.46323
2026-05-27 16:30:00,0.46323,0.46338,0.46301,0.46307
2026-05-27 16:45:00,0.46308,0.46349,0.46307,0.46348
2026-05-27 17:00:00,0.46349,0.4637,0.46328,0.46355
2026-05-27 17:15:00,0.46355,0.46381,0.46323,0.46323
2026-05-27 17:30:00,0.46322,0.46345,0.46317,0.46331
2026-05-27 17:45:00,0.46332,0.46365,0.46329,0.46359
2026-05-27 18:00:00,0.46359,0.46378,0.46345,0.46345
2026-05-27 18:15:00,0.46346,0.46372,0.46334,0.46368
2026-05-27 18:30:00,0.4637,0.46381,0.46348,0.46369
2026-05-27 18:45:00,0.46369,0.46382,0.46351,0.46381
2026-05-27 19:00:00,0.46381,0.46399,0.46377,0.46381
2026-05-27 19:15:00,0.4638,0.46388,0.46369,0.46374
2026-05-27 19:30:00,0.46375,0.46377,0.46363,0.46365
2026-05-27 19:45:00,0.46366,0.4637,0.46354,0.46355
2026-05-27 20:00:00,0.46355,0.46367,0.4634,0.46341
2026-05-27 20:15:00,0.46342,0.46354,0.46338,0.46351
2026-05-27 20:30:00,0.46351,0.46368,0.46351,0.46356
2026-05-27 20:45:00,0.46356,0.46372,0.46355,0.46364
2026-05-27 21:00:00,0.46363,0.46382,0.46362,0.4638
2026-05-27 21:15:00,0.46379,0.46398,0.46375,0.46398
2026-05-27 21:30:00,0.46397,0.46397,0.4638,0.46388
2026-05-27 21:45:00,0.46388,0.46397,0.46385,0.46394
2026-05-27 22:00:00,0.46388,0.46396,0.46368,0.46391
2026-05-27 22:15:00,0.46391,0.46399,0.4638,0.46398
2026-05-27 22:30:00,0.46399,0.4641,0.46397,0.46404
2026-05-27 22:45:00,0.46404,0.46416,0.46399,0.46413
2026-05-27 23:00:00,0.46413,0.46417,0.46411,0.46416
2026-05-27 23:15:00,0.46417,0.46429,0.46414,0.46429
2026-05-27 23:30:00,0.46429,0.46433,0.46426,0.46431
2026-05-27 23:45:00,0.4643,0.46442,0.46423,0.46424
2026-05-28 00:00:00,0.46318,0.46346,0.46308,0.46346
2026-05-28 00:15:00,0.46345,0.46374,0.46345,0.46373
2026-05-28 00:30:00,0.4637,0.46402,0.46363,0.46387
2026-05-28 00:45:00,0.46387,0.46406,0.46329,0.46353
2026-05-28 01:00:00,0.46348,0.4644,0.46335,0.46424
2026-05-28 01:15:00,0.46425,0.46429,0.46415,0.46418
2026-05-28 01:30:00,0.46417,0.46424,0.46411,0.46423
2026-05-28 01:45:00,0.46423,0.46428,0.46421,0.46426
2026-05-28 02:00:00,0.46426,0.46429,0.46422,0.46426
2026-05-28 02:15:00,0.46427,0.46441,0.46409,0.46421
2026-05-28 02:30:00,0.4642,0.46426,0.46402,0.46409
2026-05-28 02:45:00,0.46408,0.46421,0.46402,0.46412
2026-05-28 03:00:00,0.46411,0.46441,0.46408,0.46437
2026-05-28 03:15:00,0.46438,0.46448,0.46435,0.46448
2026-05-28 03:30:00,0.46448,0.46463,0.46441,0.46462
2026-05-28 03:45:00,0.46463,0.46491,0.46459,0.46485
2026-05-28 04:00:00,0.46485,0.46566,0.46483,0.46542
2026-05-28 04:15:00,0.46542,0.46543,0.46504,0.46505
2026-05-28 04:30:00,0.46506,0.46518,0.46489,0.465
2026-05-28 04:45:00,0.46499,0.46537,0.46495,0.4651
2026-05-28 05:00:00,0.46509,0.46529,0.46509,0.46526
2026-05-28 05:15:00,0.46528,0.46532,0.46503,0.46504
2026-05-28 05:30:00,0.46504,0.46508,0.46472,0.46483
2026-05-28 05:45:00,0.46481,0.46482,0.46442,0.46449
2026-05-28 06:00:00,0.46446,0.46474,0.46437,0.46447
2026-05-28 06:15:00,0.46447,0.46449,0.4641,0.46436
2026-05-28 06:30:00,0.46435,0.46441,0.46408,0.4642
2026-05-28 06:45:00,0.4642,0.46425,0.46375,0.46384
2026-05-28 07:00:00,0.46384,0.46396,0.46348,0.46355
2026-05-28 07:15:00,0.46355,0.46366,0.46336,0.46344
2026-05-28 07:30:00,0.46345,0.46355,0.46326,0.46331
2026-05-28 07:45:00,0.46331,0.46338,0.46296,0.4631
2026-05-28 08:00:00,0.4631,0.46349,0.4631,0.46346
2026-05-28 08:15:00,0.46344,0.46357,0.46338,0.46338
2026-05-28 08:30:00,0.46337,0.46358,0.46333,0.46352
2026-05-28 08:45:00,0.46352,0.46364,0.46342,0.46352
2026-05-28 09:00:00,0.46353,0.46381,0.46352,0.46367
2026-05-28 09:15:00,0.46367,0.46391,0.46362,0.46377
2026-05-28 09:30:00,0.46376,0.46379,0.46366,0.46375
2026-05-28 09:45:00,0.46376,0.46378,0.46361,0.46366
2026-05-28 10:00:00,0.46367,0.46397,0.46362,0.46393
2026-05-28 10:15:00,0.46391,0.46409,0.46385,0.4639
2026-05-28 10:30:00,0.46389,0.464,0.46381,0.46393
2026-05-28 10:45:00,0.46393,0.46409,0.4638,0.46405
2026-05-28 11:00:00,0.46406,0.46436,0.46401,0.46434
2026-05-28 11:15:00,0.46433,0.46433,0.46411,0.46425
2026-05-28 11:30:00,0.46426,0.46447,0.46424,0.46444
2026-05-28 11:45:00,0.46446,0.4645,0.46434,0.46438
2026-05-28 12:00:00,0.46437,0.46438,0.46408,0.46414
2026-05-28 12:15:00,0.46414,0.46463,0.4641,0.46459
2026-05-28 12:30:00,0.46459,0.46485,0.46458,0.46474
2026-05-28 12:45:00,0.46473,0.46489,0.46471,0.46487
2026-05-28 13:00:00,0.46488,0.46522,0.46482,0.46519
2026-05-28 13:15:00,0.46519,0.46522,0.46509,0.46511
2026-05-28 13:30:00,0.4651,0.46517,0.46494,0.46495
2026-05-28 13:45:00,0.46498,0.46512,0.46473,0.46474
2026-05-28 14:00:00,0.46475,0.46487,0.46473,0.46484
2026-05-28 14:15:00,0.46484,0.46492,0.46466,0.4647
2026-05-28 14:30:00,0.46468,0.46485,0.46467,0.46483
2026-05-28 14:45:00,0.46482,0.46485,0.46457,0.46466
2026-05-28 15:00:00,0.46466,0.46498,0.46462,0.46482
2026-05-28 15:15:00,0.46482,0.46486,0.46453,0.4646
2026-05-28 15:30:00,0.4646,0.46496,0.46454,0.46486
2026-05-28 15:45:00,0.4649,0.46492,0.46468,0.46473
2026-05-28 16:00:00,0.46476,0.46492,0.46472,0.46475
2026-05-28 16:15:00,0.46476,0.46495,0.46473,0.46473
2026-05-28 16:30:00,0.46474,0.46482,0.46446,0.46448
2026-05-28 16:45:00,0.46447,0.46471,0.46444,0.46459
2026-05-28 17:00:00,0.46458,0.46498,0.46457,0.46477
2026-05-28 17:15:00,0.46475,0.46506,0.4645,0.46499
2026-05-28 17:30:00,0.46498,0.4652,0.46483,0.46491
2026-05-28 17:45:00,0.46492,0.46497,0.46438,0.46453
2026-05-28 18:00:00,0.46454,0.46503,0.46453,0.46501
2026-05-28 18:15:00,0.46501,0.46503,0.4648,0.46486
2026-05-28 18:30:00,0.46485,0.46502,0.46474,0.46478
2026-05-28 18:45:00,0.46477,0.46486,0.46472,0.46484
2026-05-28 19:00:00,0.46485,0.46497,0.46479,0.46486
2026-05-28 19:15:00,0.46486,0.46503,0.46481,0.46494
2026-05-28 19:30:00,0.46496,0.46498,0.46472,0.46486
2026-05-28 19:45:00,0.46487,0.4649,0.46473,0.46485
2026-05-28 20:00:00,0.46486,0.46497,0.46474,0.46476
2026-05-28 20:15:00,0.46474,0.46489,0.46474,0.46483
2026-05-28 20:30:00,0.46484,0.46495,0.46479,0.46495
2026-05-28 20:45:00,0.46495,0.46497,0.46485,0.46486
2026-05-28 21:00:00,0.46485,0.46489,0.46477,0.46478
2026-05-28 21:15:00,0.46479,0.46484,0.46467,0.46472
2026-05-28 21:30:00,0.46472,0.4648,0.46467,0.46468
2026-05-28 21:45:00,0.46469,0.46488,0.46466,0.46487
2026-05-28 22:00:00,0.46487,0.46488,0.46474,0.46474
2026-05-28 22:15:00,0.46475,0.4649,0.46473,0.46489
2026-05-28 22:30:00,0.46489,0.46501,0.4648,0.46483
2026-05-28 22:45:00,0.46483,0.46486,0.46469,0.4647
2026-05-28 23:00:00,0.4647,0.46477,0.46464,0.46467
2026-05-28 23:15:00,0.46466,0.46484,0.46466,0.46482
2026-05-28 23:30:00,0.46481,0.46495,0.46481,0.46493
2026-05-28 23:45:00,0.46494,0.46515,0.46491,0.46494
2026-05-29 00:00:00,0.46398,0.46455,0.46328,0.46394
2026-05-29 00:15:00,0.46397,0.46435,0.46393,0.46428
2026-05-29 00:30:00,0.46419,0.46451,0.46393,0.46421
2026-05-29 00:45:00,0.4642,0.46465,0.46401,0.46462
2026-05-29 01:00:00,0.46468,0.46513,0.46446,0.465
2026-05-29 01:15:00,0.46498,0.46502,0.46495,0.46495
2026-05-29 01:30:00,0.46497,0.46505,0.46493,0.46498
2026-05-29 01:45:00,0.46497,0.46514,0.46495,0.46512
2026-05-29 02:00:00,0.46512,0.46602,0.46511,0.46564
2026-05-29 02:15:00,0.46564,0.46596,0.4656,0.46567
2026-05-29 02:30:00,0.46567,0.46583,0.46563,0.4657
2026-05-29 02:45:00,0.46568,0.46594,0.46564,0.46591
2026-05-29 03:00:00,0.4659,0.4659,0.46574,0.46587
2026-05-29 03:15:00,0.46586,0.46604,0.46586,0.46599
2026-05-29 03:30:00,0.46599,0.46626,0.46581,0.46623
2026-05-29 03:45:00,0.46622,0.46632,0.46602,0.46603
2026-05-29 04:00:00,0.46603,0.46641,0.46601,0.46631
2026-05-29 04:15:00,0.4663,0.46642,0.46619,0.46623
2026-05-29 04:30:00,0.46622,0.46647,0.46611,0.46642
2026-05-29 04:45:00,0.46643,0.4665,0.46636,0.4665
2026-05-29 05:00:00,0.4665,0.46658,0.46642,0.46645
2026-05-29 05:15:00,0.46646,0.46647,0.46626,0.46628
2026-05-29 05:30:00,0.46629,0.46647,0.46629,0.46637
2026-05-29 05:45:00,0.46638,0.46647,0.4662,0.46629
2026-05-29 06:00:00,0.4663,0.4664,0.46621,0.46635
2026-05-29 06:15:00,0.46634,0.46668,0.46634,0.46663
2026-05-29 06:30:00,0.46663,0.46672,0.46653,0.46659
2026-05-29 06:45:00,0.46658,0.46683,0.46656,0.4668
2026-05-29 07:00:00,0.46681,0.46714,0.46679,0.4671
2026-05-29 07:15:00,0.4671,0.46734,0.46709,0.46725
2026-05-29 07:30:00,0.46725,0.4673,0.46716,0.46717
2026-05-29 07:45:00,0.46717,0.4672,0.46705,0.46715
2026-05-29 08:00:00,0.46715,0.46734,0.46712,0.46712
2026-05-29 08:15:00,0.46713,0.46713,0.46702,0.46706
2026-05-29 08:30:00,0.46707,0.46713,0.46697,0.46697
2026-05-29 08:45:00,0.46698,0.46713,0.46686,0.46695
2026-05-29 09:00:00,0.46693,0.46726,0.46691,0.46714
2026-05-29 09:15:00,0.46716,0.46728,0.46686,0.46695
2026-05-29 09:30:00,0.46696,0.46704,0.46677,0.46681
2026-05-29 09:45:00,0.4668,0.46689,0.46666,0.46675
2026-05-29 10:00:00,0.46676,0.46695,0.46672,0.46691
2026-05-29 10:15:00,0.46691,0.467,0.46673,0.46693
2026-05-29 10:30:00,0.46694,0.46708,0.46675,0.46694
2026-05-29 10:45:00,0.46693,0.46717,0.46686,0.46713
2026-05-29 11:00:00,0.46713,0.46726,0.46703,0.46721
2026-05-29 11:15:00,0.46721,0.46731,0.46705,0.46719
2026-05-29 11:30:00,0.46719,0.46739,0.46709,0.46736
2026-05-29 11:45:00,0.46737,0.46757,0.46729,0.46744
2026-05-29 12:00:00,0.46744,0.46764,0.46727,0.46761
2026-05-29 12:15:00,0.46761,0.46765,0.46727,0.46732
2026-05-29 12:30:00,0.46731,0.46755,0.46713,0.4675
2026-05-29 12:45:00,0.46751,0.46754,0.46719,0.46725
2026-05-29 13:00:00,0.46725,0.46745,0.46715,0.46716
2026-05-29 13:15:00,0.46716,0.46732,0.467,0.46704
2026-05-29 13:30:00,0.46704,0.46706,0.46687,0.46698
2026-05-29 13:45:00,0.46698,0.46712,0.46687,0.46687
2026-05-29 14:00:00,0.46688,0.46712,0.46679,0.46711
2026-05-29 14:15:00,0.46711,0.46718,0.46686,0.46699
2026-05-29 14:30:00,0.46698,0.46701,0.46674,0.46691
2026-05-29 14:45:00,0.46691,0.46723,0.46685,0.4672
2026-05-29 15:00:00,0.4672,0.46746,0.46714,0.46722
2026-05-29 15:15:00,0.46721,0.46741,0.46714,0.4672
2026-05-29 15:30:00,0.46719,0.4673,0.46711,0.46725
2026-05-29 15:45:00,0.46726,0.46739,0.46702,0.46717
2026-05-29 16:00:00,0.46718,0.46754,0.46708,0.46753
2026-05-29 16:15:00,0.46753,0.46767,0.46743,0.46759
2026-05-29 16:30:00,0.4676,0.46771,0.46736,0.4676
2026-05-29 16:45:00,0.4676,0.46788,0.46738,0.46742
2026-05-29 17:00:00,0.46742,0.46787,0.46736,0.4677
2026-05-29 17:15:00,0.46769,0.46791,0.4676,0.4679
2026-05-29 17:30:00,0.4679,0.46817,0.46782,0.46809
2026-05-29 17:45:00,0.46808,0.46808,0.4668,0.468
2026-05-29 18:00:00,0.46798,0.46847,0.46756,0.46837
2026-05-29 18:15:00,0.46836,0.46837,0.46797,0.46815
2026-05-29 18:30:00,0.46814,0.46817,0.46783,0.46796
