datetime,open,high,low,close
2026-04-30 18:30:00,1.84816,1.8483800000000001,1.84754,1.84768
2026-04-30 18:45:00,1.84769,1.84796,1.84656,1.84788
2026-04-30 19:00:00,1.84788,1.84857,1.8474300000000001,1.84803
2026-04-30 19:15:00,1.84803,1.8481,1.8474,1.84779
2026-04-30 19:30:00,1.8477999999999999,1.8479100000000002,1.84688,1.84771
2026-04-30 19:45:00,1.84772,1.84801,1.84738,1.8479299999999999
2026-04-30 20:00:00,1.8479700000000001,1.8486,1.84787,1.84813
2026-04-30 20:15:00,1.84814,1.8485399999999998,1.8476,1.84849
2026-04-30 20:30:00,1.84849,1.84901,1.84815,1.8486500000000001
2026-04-30 20:45:00,1.84866,1.84886,1.84816,1.84825
2026-04-30 21:00:00,1.84826,1.8489200000000001,1.8479999999999999,1.84815
2026-04-30 21:15:00,1.84815,1.8486799999999999,1.84776,1.84776
2026-04-30 21:30:00,1.8477700000000001,1.84832,1.84749,1.84806
2026-04-30 21:45:00,1.8480699999999999,1.84842,1.84761,1.84762
2026-04-30 22:00:00,1.84762,1.84883,1.84752,1.8488
2026-04-30 22:15:00,1.8488,1.8490600000000001,1.84799,1.84833
2026-04-30 22:30:00,1.84832,1.84876,1.84809,1.84826
2026-04-30 22:45:00,1.8482699999999999,1.84856,1.84755,1.84761
2026-04-30 23:00:00,1.84763,1.8481100000000001,1.84735,1.84782
2026-04-30 23:15:00,1.84782,1.84825,1.84754,1.8479
2026-04-30 23:30:00,1.8479,1.84799,1.84711,1.8475000000000001
2026-04-30 23:45:00,1.84749,1.84765,1.84674,1.84701
2026-05-01 00:00:00,1.84714,1.8473899999999999,1.8470499999999999,1.8473899999999999
2026-05-01 00:15:00,1.8471600000000001,1.8475899999999998,1.84673,1.84701
2026-05-01 00:30:00,1.84701,1.84721,1.8469,1.84714
2026-05-01 00:45:00,1.84714,1.84788,1.84708,1.8476
2026-05-01 01:00:00,1.84772,1.8481800000000002,1.8474599999999999,1.8478599999999998
2026-05-01 01:15:00,1.8478400000000001,1.8479999999999999,1.8478400000000001,1.8479100000000002
2026-05-01 01:30:00,1.84789,1.8480699999999999,1.84752,1.84763
2026-05-01 01:45:00,1.84763,1.84763,1.84718,1.8473000000000002
2026-05-01 02:00:00,1.84729,1.84769,1.8471199999999999,1.8471600000000001
2026-05-01 02:15:00,1.84715,1.8472300000000001,1.84708,1.84711
2026-05-01 02:30:00,1.84711,1.8472300000000001,1.84688,1.84695
2026-05-01 02:45:00,1.84693,1.84726,1.8469,1.847
2026-05-01 03:00:00,1.84702,1.84731,1.84652,1.84665
2026-05-01 03:15:00,1.84663,1.8468200000000001,1.84652,1.8466
2026-05-01 03:30:00,1.84659,1.84713,1.84657,1.84663
2026-05-01 03:45:00,1.8466399999999998,1.8472,1.84602,1.84713
2026-05-01 04:00:00,1.84713,1.84734,1.8465799999999999,1.84677
2026-05-01 04:15:00,1.84676,1.84694,1.84645,1.84673
2026-05-01 04:30:00,1.84672,1.84726,1.84665,1.8469600000000002
2026-05-01 04:45:00,1.8469600000000002,1.8472300000000001,1.8468,1.8470900000000001
2026-05-01 05:00:00,1.84708,1.8471899999999999,1.8469,1.84691
2026-05-01 05:15:00,1.84692,1.84708,1.8467799999999999,1.8468200000000001
2026-05-01 05:30:00,1.8468200000000001,1.8470499999999999,1.8467,1.84677
2026-05-01 05:45:00,1.84677,1.84704,1.8464800000000001,1.84697
2026-05-01 06:00:00,1.84697,1.8471899999999999,1.84679,1.8469799999999998
2026-05-01 06:15:00,1.84699,1.84738,1.84684,1.84722
2026-05-01 06:30:00,1.84722,1.84754,1.84684,1.8469
2026-05-01 06:45:00,1.84691,1.84713,1.84672,1.84704
2026-05-01 07:00:00,1.84706,1.8473600000000001,1.84686,1.84708
2026-05-01 07:15:00,1.84707,1.84724,1.84679,1.8468
2026-05-01 07:30:00,1.84681,1.8473199999999999,1.8467500000000001,1.8471
2026-05-01 07:45:00,1.8470900000000001,1.84727,1.84706,1.8472
2026-05-01 08:00:00,1.8471899999999999,1.84722,1.8468,1.8468
2026-05-01 08:15:00,1.8468,1.84686,1.84649,1.84665
2026-05-01 08:30:00,1.8466399999999998,1.8470900000000001,1.84643,1.84668
2026-05-01 08:45:00,1.84666,1.84674,1.84599,1.84605
2026-05-01 09:00:00,1.84605,1.84636,1.84579,1.84615
2026-05-01 09:15:00,1.8461400000000001,1.8466200000000002,1.84592,1.84652
2026-05-01 09:30:00,1.84653,1.8469799999999998,1.84607,1.84684
2026-05-01 09:45:00,1.84686,1.8485800000000001,1.8468499999999999,1.8479
2026-05-01 10:00:00,1.84788,1.84859,1.84751,1.8478400000000001
2026-05-01 10:15:00,1.8478400000000001,1.84808,1.84729,1.84783
2026-05-01 10:30:00,1.8478400000000001,1.84785,1.84708,1.84751
2026-05-01 10:45:00,1.8475000000000001,1.84826,1.8467799999999999,1.84711
2026-05-01 11:00:00,1.84711,1.84764,1.84683,1.847
2026-05-01 11:15:00,1.847,1.84769,1.8468499999999999,1.84693
2026-05-01 11:30:00,1.84693,1.8472,1.84668,1.84704
2026-05-01 11:45:00,1.84704,1.8475899999999998,1.84663,1.84683
2026-05-01 12:00:00,1.84683,1.84684,1.8462399999999999,1.84625
2026-05-01 12:15:00,1.84625,1.8464399999999999,1.8456299999999999,1.84578
2026-05-01 12:30:00,1.84578,1.84659,1.8457,1.8464800000000001
2026-05-01 12:45:00,1.84646,1.8464800000000001,1.8455,1.84565
2026-05-01 13:00:00,1.84564,1.8467,1.84557,1.84663
2026-05-01 13:15:00,1.8466200000000002,1.84699,1.84647,1.84673
2026-05-01 13:30:00,1.84673,1.84673,1.84595,1.84636
2026-05-01 13:45:00,1.84636,1.8466900000000002,1.84609,1.8463
2026-05-01 14:00:00,1.84629,1.84677,1.84595,1.8465500000000001
2026-05-01 14:15:00,1.84654,1.84737,1.8464399999999999,1.84722
2026-05-01 14:30:00,1.84722,1.84735,1.84656,1.84668
2026-05-01 14:45:00,1.8467,1.84779,1.8463,1.84778
2026-05-01 15:00:00,1.84779,1.8488799999999999,1.84735,1.84849
2026-05-01 15:15:00,1.84851,1.8489900000000001,1.84787,1.84863
2026-05-01 15:30:00,1.84862,1.84912,1.84812,1.8482699999999999
2026-05-01 15:45:00,1.8482699999999999,1.8487200000000001,1.8479700000000001,1.84855
2026-05-01 16:00:00,1.84857,1.84896,1.84788,1.84798
2026-05-01 16:15:00,1.84799,1.84812,1.8469600000000002,1.8470900000000001
2026-05-01 16:30:00,1.84708,1.8477700000000001,1.84656,1.8473000000000002
2026-05-01 16:45:00,1.84731,1.8496700000000001,1.84715,1.84927
2026-05-01 17:00:00,1.84937,1.85237,1.8492199999999999,1.85169
2026-05-01 17:15:00,1.85171,1.8528799999999999,1.85131,1.85189
2026-05-01 17:30:00,1.85191,1.85191,1.8501400000000001,1.85066
2026-05-01 17:45:00,1.85065,1.85076,1.84842,1.849
2026-05-01 18:00:00,1.8490199999999999,1.84921,1.84823,1.8488799999999999
2026-05-01 18:15:00,1.8489,1.8490600000000001,1.8484,1.84897
2026-05-01 18:30:00,1.84898,1.84945,1.84856,1.8489499999999999
2026-05-01 18:45:00,1.84897,1.8495300000000001,1.8481800000000002,1.84856
2026-05-01 19:00:00,1.84855,1.84935,1.84844,1.84921
2026-05-01 19:15:00,1.84923,1.84944,1.84829,1.8484500000000001
2026-05-01 19:30:00,1.84843,1.8486500000000001,1.8479100000000002,1.84823
2026-05-01 19:45:00,1.84824,1.84828,1.84756,1.8476
2026-05-01 20:00:00,1.8476,1.8478400000000001,1.8472,1.84722
2026-05-01 20:15:00,1.84721,1.84741,1.84674,1.84733
2026-05-01 20:30:00,1.84733,1.8473600000000001,1.84611,1.8462800000000001
2026-05-01 20:45:00,1.8462800000000001,1.8470499999999999,1.84613,1.84677
2026-05-01 21:00:00,1.8467799999999999,1.8469,1.84573,1.84579
2026-05-01 21:15:00,1.84579,1.8460299999999998,1.8449,1.84517
2026-05-01 21:30:00,1.84518,1.8457,1.84484,1.8456299999999999
2026-05-01 21:45:00,1.84562,1.84573,1.845,1.8450199999999999
2026-05-01 22:00:00,1.84503,1.8454700000000002,1.84478,1.84524
2026-05-01 22:15:00,1.8452199999999999,1.84527,1.84496,1.84496
2026-05-01 22:30:00,1.84494,1.84501,1.84464,1.8447200000000001
2026-05-01 22:45:00,1.84471,1.84489,1.84439,1.84464
2026-05-01 23:00:00,1.84463,1.84478,1.84423,1.84446
2026-05-01 23:15:00,1.84444,1.84449,1.84406,1.84433
2026-05-01 23:30:00,1.84433,1.84484,1.84403,1.8445399999999998
2026-05-01 23:45:00,1.8446,1.84484,1.84397,1.8444099999999999
2026-05-04 00:00:00,1.8457599999999998,1.84677,1.8457599999999998,1.84591
2026-05-04 00:15:00,1.84596,1.84647,1.84596,1.84618
2026-05-04 00:30:00,1.8462100000000001,1.8464,1.84596,1.8464
2026-05-04 00:45:00,1.84641,1.84751,1.84633,1.84751
2026-05-04 01:00:00,1.8474599999999999,1.8474599999999999,1.84588,1.8460100000000002
2026-05-04 01:15:00,1.84604,1.8460800000000002,1.8457400000000002,1.84578
2026-05-04 01:30:00,1.84579,1.8460100000000002,1.8457400000000002,1.84589
2026-05-04 01:45:00,1.84591,1.8460800000000002,1.8457400000000002,1.8460299999999998
2026-05-04 02:00:00,1.84605,1.84609,1.8458,1.84595
2026-05-04 02:15:00,1.84595,1.84595,1.8456000000000001,1.84573
2026-05-04 02:30:00,1.8457400000000002,1.84575,1.8455599999999999,1.84561
2026-05-04 02:45:00,1.84562,1.8457400000000002,1.8454700000000002,1.84554
2026-05-04 03:00:00,1.8455300000000001,1.8455300000000001,1.8448,1.84493
2026-05-04 03:15:00,1.84494,1.84532,1.8445200000000002,1.84474
2026-05-04 03:30:00,1.84476,1.8454000000000002,1.84466,1.8453300000000001
2026-05-04 03:45:00,1.8453300000000001,1.84612,1.8452600000000001,1.8460800000000002
2026-05-04 04:00:00,1.84609,1.84626,1.84557,1.84568
2026-05-04 04:15:00,1.84568,1.84641,1.84561,1.84564
2026-05-04 04:30:00,1.8456299999999999,1.84602,1.84561,1.8458299999999999
2026-05-04 04:45:00,1.8458299999999999,1.84606,1.84564,1.8460100000000002
2026-05-04 05:00:00,1.84602,1.8469,1.84582,1.8467099999999999
2026-05-04 05:15:00,1.8467099999999999,1.8468,1.8460100000000002,1.84609
2026-05-04 05:30:00,1.84609,1.84641,1.84604,1.8462800000000001
2026-05-04 05:45:00,1.84627,1.8465500000000001,1.84622,1.84622
2026-05-04 06:00:00,1.84622,1.84657,1.84622,1.84645
2026-05-04 06:15:00,1.84646,1.84659,1.84623,1.84646
2026-05-04 06:30:00,1.84645,1.84653,1.84618,1.84626
2026-05-04 06:45:00,1.84631,1.8475700000000002,1.84627,1.8471899999999999
2026-05-04 07:00:00,1.8472,1.8473000000000002,1.84665,1.84668
2026-05-04 07:15:00,1.84668,1.8467,1.8462,1.84636
2026-05-04 07:30:00,1.84636,1.8465099999999999,1.84615,1.84626
2026-05-04 07:45:00,1.84625,1.8465099999999999,1.84619,1.8465099999999999
2026-05-04 08:00:00,1.84652,1.84665,1.84632,1.84638
2026-05-04 08:15:00,1.84638,1.8470499999999999,1.84625,1.84661
2026-05-04 08:30:00,1.8466200000000002,1.8467099999999999,1.84641,1.8466900000000002
2026-05-04 08:45:00,1.8466900000000002,1.84713,1.8466399999999998,1.8470499999999999
2026-05-04 09:00:00,1.84703,1.84779,1.84693,1.84779
2026-05-04 09:15:00,1.84779,1.84817,1.84756,1.84778
2026-05-04 09:30:00,1.84779,1.8478400000000001,1.8466,1.8466900000000002
2026-05-04 09:45:00,1.8466900000000002,1.84672,1.846,1.8463699999999998
2026-05-04 10:00:00,1.8463699999999998,1.8465500000000001,1.84552,1.8458
2026-05-04 10:15:00,1.8458,1.84643,1.84573,1.84588
2026-05-04 10:30:00,1.84589,1.84631,1.84538,1.84571
2026-05-04 10:45:00,1.8457,1.84607,1.84521,1.84565
2026-05-04 11:00:00,1.8456299999999999,1.84571,1.84485,1.84503
2026-05-04 11:15:00,1.84503,1.8451300000000002,1.84437,1.84457
2026-05-04 11:30:00,1.84456,1.8454000000000002,1.8445200000000002,1.84475
2026-05-04 11:45:00,1.84474,1.84497,1.84425,1.84437
2026-05-04 12:00:00,1.8443800000000001,1.8446799999999999,1.84401,1.84437
2026-05-04 12:15:00,1.84437,1.8446,1.8438400000000001,1.8446
2026-05-04 12:30:00,1.8446,1.8449499999999999,1.84448,1.8448
2026-05-04 12:45:00,1.8447900000000002,1.8449499999999999,1.84432,1.84449
2026-05-04 13:00:00,1.84447,1.8446,1.84152,1.84241
2026-05-04 13:15:00,1.84239,1.84347,1.84159,1.8432300000000001
2026-05-04 13:30:00,1.84322,1.84437,1.8430499999999999,1.84344
2026-05-04 13:45:00,1.84344,1.84344,1.8422100000000001,1.84259
2026-05-04 14:00:00,1.84259,1.84304,1.84213,1.84215
2026-05-04 14:15:00,1.84216,1.84328,1.84205,1.84321
2026-05-04 14:30:00,1.84321,1.8434599999999999,1.84253,1.8433199999999998
2026-05-04 14:45:00,1.8433199999999998,1.8439100000000002,1.8430499999999999,1.84376
2026-05-04 15:00:00,1.8437700000000001,1.84475,1.8434300000000001,1.8445
2026-05-04 15:15:00,1.84451,1.84554,1.8444,1.84535
2026-05-04 15:30:00,1.84535,1.8461400000000001,1.84504,1.8460100000000002
2026-05-04 15:45:00,1.84599,1.8465099999999999,1.84581,1.84596
2026-05-04 16:00:00,1.84598,1.84643,1.8450600000000001,1.84629
2026-05-04 16:15:00,1.84629,1.84629,1.84509,1.84514
2026-05-04 16:30:00,1.84512,1.84661,1.84473,1.84619
2026-05-04 16:45:00,1.8462,1.8466399999999998,1.84525,1.84525
2026-05-04 17:00:00,1.84524,1.84541,1.84422,1.845
2026-05-04 17:15:00,1.8449900000000001,1.84599,1.8449200000000001,1.84566
2026-05-04 17:30:00,1.84564,1.8460999999999999,1.84456,1.84456
2026-05-04 17:45:00,1.84455,1.8452199999999999,1.8441,1.8442699999999999
2026-05-04 18:00:00,1.8442699999999999,1.84505,1.84352,1.8437299999999999
2026-05-04 18:15:00,1.84372,1.84414,1.8416700000000001,1.84193
2026-05-04 18:30:00,1.84192,1.84207,1.84119,1.84188
2026-05-04 18:45:00,1.84188,1.8424399999999999,1.8411499999999998,1.8417
2026-05-04 19:00:00,1.84171,1.84204,1.84001,1.84012
2026-05-04 19:15:00,1.8401100000000001,1.8423,1.83987,1.8413
2026-05-04 19:30:00,1.8413,1.84181,1.8409,1.8409200000000001
2026-05-04 19:45:00,1.8409200000000001,1.84127,1.84059,1.8406099999999999
2026-05-04 20:00:00,1.84062,1.84218,1.84059,1.84205
2026-05-04 20:15:00,1.84204,1.84308,1.8419699999999999,1.84274
2026-05-04 20:30:00,1.84274,1.84276,1.8417599999999998,1.84193
2026-05-04 20:45:00,1.8420100000000001,1.84223,1.84164,1.84192
2026-05-04 21:00:00,1.84192,1.84193,1.84134,1.8415
2026-05-04 21:15:00,1.8415,1.84151,1.8403800000000001,1.84055
2026-05-04 21:30:00,1.84056,1.84125,1.84056,1.84114
2026-05-04 21:45:00,1.8411499999999998,1.84151,1.84074,1.84148
2026-05-04 22:00:00,1.84148,1.84242,1.8414199999999998,1.8422399999999999
2026-05-04 22:15:00,1.8422399999999999,1.8427799999999999,1.8422100000000001,1.8424800000000001
2026-05-04 22:30:00,1.84249,1.8428,1.84241,1.84254
2026-05-04 22:45:00,1.8425500000000001,1.84279,1.84246,1.8427099999999998
2026-05-04 23:00:00,1.8427099999999998,1.8431,1.84259,1.84276
2026-05-04 23:15:00,1.84275,1.84326,1.84274,1.84279
2026-05-04 23:30:00,1.84284,1.84329,1.8427099999999998,1.84311
2026-05-04 23:45:00,1.84307,1.8435000000000001,1.8425099999999999,1.84329
2026-05-05 00:00:00,1.84241,1.84241,1.83985,1.84192
2026-05-05 00:15:00,1.84192,1.84241,1.84177,1.84199
2026-05-05 00:30:00,1.84212,1.84293,1.84212,1.8423500000000002
2026-05-05 00:45:00,1.84234,1.84349,1.8420299999999998,1.8422100000000001
2026-05-05 01:00:00,1.84213,1.84325,1.842,1.8430900000000001
2026-05-05 01:15:00,1.8430900000000001,1.8433000000000002,1.84292,1.84306
2026-05-05 01:30:00,1.84306,1.84314,1.84288,1.84301
2026-05-05 01:45:00,1.84301,1.84306,1.84273,1.8430499999999999
2026-05-05 02:00:00,1.84304,1.84308,1.84286,1.8428900000000001
2026-05-05 02:15:00,1.8428900000000001,1.84308,1.8428900000000001,1.84306
2026-05-05 02:30:00,1.84304,1.8431899999999999,1.84304,1.84313
2026-05-05 02:45:00,1.84313,1.8432300000000001,1.8428499999999999,1.84293
2026-05-05 03:00:00,1.8429,1.84321,1.84279,1.8431
2026-05-05 03:15:00,1.84314,1.84317,1.84246,1.84266
2026-05-05 03:30:00,1.84266,1.8428200000000001,1.84261,1.84275
2026-05-05 03:45:00,1.84275,1.84314,1.84267,1.8427799999999999
2026-05-05 04:00:00,1.84279,1.84287,1.8421699999999999,1.84219
2026-05-05 04:15:00,1.84218,1.8424399999999999,1.8419699999999999,1.84215
2026-05-05 04:30:00,1.8421699999999999,1.8425500000000001,1.84206,1.8421699999999999
2026-05-05 04:45:00,1.84218,1.8424,1.84212,1.84234
2026-05-05 05:00:00,1.84234,1.8425,1.8422,1.84231
2026-05-05 05:15:00,1.84229,1.84275,1.84223,1.8426900000000002
2026-05-05 05:30:00,1.8427,1.84291,1.8425799999999999,1.84287
2026-05-05 05:45:00,1.84287,1.84288,1.8422399999999999,1.84243
2026-05-05 06:00:00,1.84241,1.84257,1.84215,1.8425099999999999
2026-05-05 06:15:00,1.84249,1.8426,1.8422100000000001,1.84223
2026-05-05 06:30:00,1.84223,1.84231,1.84204,1.84218
2026-05-05 06:45:00,1.8421699999999999,1.84233,1.84212,1.84215
2026-05-05 07:00:00,1.84215,1.8424399999999999,1.84205,1.8424399999999999
2026-05-05 07:15:00,1.8424399999999999,1.8425799999999999,1.84233,1.84249
2026-05-05 07:30:00,1.8425,1.84266,1.84214,1.8422800000000001
2026-05-05 07:45:00,1.84227,1.84239,1.84165,1.84184
2026-05-05 08:00:00,1.84185,1.84215,1.84172,1.84198
2026-05-05 08:15:00,1.84198,1.84241,1.8418700000000001,1.84226
2026-05-05 08:30:00,1.84226,1.84275,1.84205,1.8425799999999999
2026-05-05 08:45:00,1.84257,1.84268,1.84168,1.84188
2026-05-05 09:00:00,1.84189,1.84274,1.84171,1.84245
2026-05-05 09:15:00,1.8424399999999999,1.84256,1.84111,1.84161
2026-05-05 09:30:00,1.84161,1.84317,1.84157,1.8426399999999998
2026-05-05 09:45:00,1.84268,1.8431600000000001,1.84239,1.84273
2026-05-05 10:00:00,1.8427799999999999,1.84387,1.8426900000000002,1.84351
2026-05-05 10:15:00,1.84352,1.8440699999999999,1.84331,1.84331
2026-05-05 10:30:00,1.84333,1.8442699999999999,1.8431600000000001,1.84324
2026-05-05 10:45:00,1.84324,1.84388,1.84317,1.84372
2026-05-05 11:00:00,1.8437299999999999,1.84415,1.84352,1.84401
2026-05-05 11:15:00,1.84402,1.84457,1.84376,1.84417
2026-05-05 11:30:00,1.84416,1.8445399999999998,1.84321,1.84334
2026-05-05 11:45:00,1.84334,1.84429,1.8431600000000001,1.84397
2026-05-05 12:00:00,1.84396,1.8441999999999998,1.84341,1.84361
2026-05-05 12:15:00,1.84361,1.84388,1.84295,1.8435899999999998
2026-05-05 12:30:00,1.8436,1.84432,1.84354,1.84412
2026-05-05 12:45:00,1.84412,1.84435,1.8431,1.84318
2026-05-05 13:00:00,1.84318,1.8432300000000001,1.84272,1.84303
2026-05-05 13:15:00,1.84304,1.8435700000000002,1.84295,1.8432300000000001
2026-05-05 13:30:00,1.84322,1.84364,1.84294,1.8430900000000001
2026-05-05 13:45:00,1.8431,1.8438400000000001,1.84302,1.84379
2026-05-05 14:00:00,1.8437999999999999,1.84398,1.84311,1.84335
2026-05-05 14:15:00,1.84334,1.84353,1.84229,1.84315
2026-05-05 14:30:00,1.84314,1.8435700000000002,1.8426200000000001,1.84265
2026-05-05 14:45:00,1.84265,1.8432300000000001,1.84246,1.84321
2026-05-05 15:00:00,1.84321,1.8439999999999999,1.84229,1.84394
2026-05-05 15:15:00,1.84395,1.84494,1.84392,1.84456
2026-05-05 15:30:00,1.84457,1.8449499999999999,1.84423,1.84462
2026-05-05 15:45:00,1.84463,1.84528,1.84453,1.84491
2026-05-05 16:00:00,1.84491,1.84541,1.84467,1.8448099999999998
2026-05-05 16:15:00,1.8448,1.84531,1.84424,1.8442699999999999
2026-05-05 16:30:00,1.84424,1.84566,1.8441,1.845
2026-05-05 16:45:00,1.8449900000000001,1.84561,1.84466,1.84469
2026-05-05 17:00:00,1.84469,1.84618,1.84469,1.84558
2026-05-05 17:15:00,1.84557,1.8456000000000001,1.8446,1.84507
2026-05-05 17:30:00,1.84507,1.84598,1.84471,1.84582
2026-05-05 17:45:00,1.84582,1.8471,1.84518,1.8470499999999999
2026-05-05 18:00:00,1.84704,1.8473199999999999,1.84663,1.84688
2026-05-05 18:15:00,1.8468900000000001,1.84717,1.8465099999999999,1.84679
2026-05-05 18:30:00,1.84679,1.8476,1.8466900000000002,1.84728
2026-05-05 18:45:00,1.84728,1.84764,1.84708,1.8472499999999998
2026-05-05 19:00:00,1.8472499999999998,1.84762,1.84691,1.84699
2026-05-05 19:15:00,1.8469799999999998,1.84737,1.84687,1.84703
2026-05-05 19:30:00,1.84704,1.84726,1.84656,1.84666
2026-05-05 19:45:00,1.84665,1.84697,1.8460800000000002,1.8462100000000001
2026-05-05 20:00:00,1.8462100000000001,1.8467799999999999,1.8459400000000001,1.84615
2026-05-05 20:15:00,1.84615,1.84634,1.84557,1.84579
2026-05-05 20:30:00,1.84579,1.84593,1.8454899999999999,1.84552
2026-05-05 20:45:00,1.84548,1.84569,1.8451499999999998,1.84539
2026-05-05 21:00:00,1.84538,1.84566,1.8452199999999999,1.84536
2026-05-05 21:15:00,1.84537,1.8454899999999999,1.8452199999999999,1.84528
2026-05-05 21:30:00,1.84528,1.84528,1.8447900000000002,1.84507
2026-05-05 21:45:00,1.84503,1.84538,1.84477,1.84485
2026-05-05 22:00:00,1.84485,1.84517,1.8447900000000002,1.84491
2026-05-05 22:15:00,1.84491,1.84498,1.84451,1.84458
2026-05-05 22:30:00,1.84458,1.84504,1.8445399999999998,1.84485
2026-05-05 22:45:00,1.8448600000000002,1.84503,1.84459,1.84493
2026-05-05 23:00:00,1.84493,1.84511,1.8445200000000002,1.84455
2026-05-05 23:15:00,1.8445399999999998,1.8445399999999998,1.84394,1.84421
2026-05-05 23:30:00,1.84415,1.84443,1.84413,1.8443
2026-05-05 23:45:00,1.8443100000000001,1.84449,1.84358,1.84362
2026-05-06 00:00:00,1.84245,1.8430499999999999,1.84245,1.8429600000000002
2026-05-06 00:15:00,1.84275,1.84352,1.8424399999999999,1.8435000000000001
2026-05-06 00:30:00,1.84338,1.84398,1.8433199999999998,1.84383
2026-05-06 00:45:00,1.84383,1.84401,1.84277,1.84306
2026-05-06 01:00:00,1.84306,1.84448,1.84288,1.8443
2026-05-06 01:15:00,1.8443100000000001,1.8443399999999999,1.84396,1.8440400000000001
2026-05-06 01:30:00,1.8440400000000001,1.84428,1.84396,1.84414
2026-05-06 01:45:00,1.84416,1.8454899999999999,1.84394,1.84497
2026-05-06 02:00:00,1.84498,1.84665,1.8449,1.84649
2026-05-06 02:15:00,1.8465099999999999,1.84657,1.8456000000000001,1.84573
2026-05-06 02:30:00,1.8457400000000002,1.8458999999999999,1.84561,1.84564
2026-05-06 02:45:00,1.84564,1.8459400000000001,1.8456000000000001,1.84577
2026-05-06 03:00:00,1.84577,1.84607,1.84554,1.8457599999999998
2026-05-06 03:15:00,1.84577,1.84625,1.84572,1.846
2026-05-06 03:30:00,1.8460100000000002,1.84638,1.84595,1.84611
2026-05-06 03:45:00,1.8460999999999999,1.84612,1.8456299999999999,1.84569
2026-05-06 04:00:00,1.84572,1.8459699999999999,1.8456299999999999,1.84588
2026-05-06 04:15:00,1.84588,1.84636,1.8458700000000001,1.8459699999999999
2026-05-06 04:30:00,1.8459699999999999,1.84634,1.84569,1.84629
2026-05-06 04:45:00,1.84632,1.84634,1.84561,1.84564
2026-05-06 05:00:00,1.8456299999999999,1.84622,1.8456299999999999,1.8457400000000002
2026-05-06 05:15:00,1.8457400000000002,1.84593,1.8455,1.8455300000000001
2026-05-06 05:30:00,1.84555,1.84565,1.84523,1.84536
2026-05-06 05:45:00,1.84536,1.8454700000000002,1.84521,1.8454000000000002
2026-05-06 06:00:00,1.8454000000000002,1.8455,1.84508,1.8452199999999999
2026-05-06 06:15:00,1.84523,1.84545,1.84508,1.84516
2026-05-06 06:30:00,1.84516,1.84537,1.84493,1.84528
2026-05-06 06:45:00,1.84528,1.84528,1.8446,1.8448
2026-05-06 07:00:00,1.8448,1.8448799999999999,1.84457,1.84474
2026-05-06 07:15:00,1.84476,1.8461400000000001,1.84458,1.84611
2026-05-06 07:30:00,1.84611,1.84745,1.84578,1.84599
2026-05-06 07:45:00,1.8460100000000002,1.84711,1.84572,1.84631
2026-05-06 08:00:00,1.84631,1.84665,1.84605,1.84629
2026-05-06 08:15:00,1.84631,1.8466,1.84596,1.84645
2026-05-06 08:30:00,1.8464399999999999,1.8467500000000001,1.84604,1.84622
2026-05-06 08:45:00,1.84623,1.84629,1.8459400000000001,1.84618
2026-05-06 09:00:00,1.8462,1.8471199999999999,1.8461699999999999,1.84691
2026-05-06 09:15:00,1.8468900000000001,1.84738,1.84676,1.8471
2026-05-06 09:30:00,1.84708,1.84714,1.846,1.8462
2026-05-06 09:45:00,1.8462100000000001,1.84667,1.8458700000000001,1.84619
2026-05-06 10:00:00,1.8462,1.84693,1.84571,1.84661
2026-05-06 10:15:00,1.8466,1.84738,1.84652,1.84714
2026-05-06 10:30:00,1.84715,1.8476,1.8466,1.8476
2026-05-06 10:45:00,1.8476,1.8483800000000001,1.8475899999999998,1.8481999999999998
2026-05-06 11:00:00,1.8481999999999998,1.84887,1.84775,1.84776
2026-05-06 11:15:00,1.84776,1.84862,1.84745,1.84853
2026-05-06 11:30:00,1.8485,1.84982,1.8485,1.84921
2026-05-06 11:45:00,1.8492,1.85138,1.84916,1.85097
2026-05-06 12:00:00,1.8509600000000002,1.8514300000000001,1.84997,1.85111
2026-05-06 12:15:00,1.8511199999999999,1.85183,1.8508499999999999,1.85158
2026-05-06 12:30:00,1.8516,1.85251,1.8511199999999999,1.85171
2026-05-06 12:45:00,1.8517000000000001,1.85222,1.85147,1.85174
2026-05-06 13:00:00,1.85176,1.85191,1.85099,1.85104
2026-05-06 13:15:00,1.85104,1.8520699999999999,1.851,1.85201
2026-05-06 13:30:00,1.85202,1.85264,1.85172,1.85248
2026-05-06 13:45:00,1.85248,1.85327,1.85179,1.85304
2026-05-06 14:00:00,1.85304,1.85427,1.85294,1.8535300000000001
2026-05-06 14:15:00,1.8535300000000001,1.85474,1.85345,1.8546200000000002
2026-05-06 14:30:00,1.8546200000000002,1.8549799999999999,1.85337,1.85354
2026-05-06 14:45:00,1.8535599999999999,1.8539400000000001,1.8517299999999999,1.85213
2026-05-06 15:00:00,1.85213,1.85252,1.85135,1.85135
2026-05-06 15:15:00,1.85138,1.85311,1.8512300000000002,1.85255
2026-05-06 15:30:00,1.85259,1.8532899999999999,1.8525800000000001,1.85303
2026-05-06 15:45:00,1.85302,1.85305,1.85239,1.8525800000000001
2026-05-06 16:00:00,1.8525800000000001,1.85316,1.8520699999999999,1.8526799999999999
2026-05-06 16:15:00,1.8526799999999999,1.85303,1.85131,1.8521
2026-05-06 16:30:00,1.8521,1.85317,1.85152,1.85243
2026-05-06 16:45:00,1.85244,1.8530600000000002,1.85222,1.85303
2026-05-06 17:00:00,1.85304,1.85325,1.85225,1.85303
2026-05-06 17:15:00,1.85304,1.85314,1.8521999999999998,1.85226
2026-05-06 17:30:00,1.85229,1.8540999999999999,1.8520699999999999,1.8540299999999998
2026-05-06 17:45:00,1.8540299999999998,1.85438,1.85217,1.85219
2026-05-06 18:00:00,1.85219,1.8527200000000001,1.8519700000000001,1.85221
2026-05-06 18:15:00,1.8521999999999998,1.85291,1.8518,1.85242
2026-05-06 18:30:00,1.85242,1.85304,1.8519,1.8523399999999999
2026-05-06 18:45:00,1.8523399999999999,1.8526099999999999,1.85182,1.85198
2026-05-06 19:00:00,1.8519299999999999,1.8527,1.85144,1.85222
2026-05-06 19:15:00,1.85221,1.85262,1.8519,1.85223
2026-05-06 19:30:00,1.85224,1.85235,1.85183,1.85221
2026-05-06 19:45:00,1.85221,1.85224,1.8513600000000001,1.85196
2026-05-06 20:00:00,1.85195,1.85412,1.85181,1.85393
2026-05-06 20:15:00,1.85393,1.85426,1.85352,1.85352
2026-05-06 20:30:00,1.85351,1.8536299999999999,1.85298,1.8531900000000001
2026-05-06 20:45:00,1.8532,1.8539400000000001,1.85275,1.8536899999999998
2026-05-06 21:00:00,1.8536700000000002,1.85372,1.85314,1.85327
2026-05-06 21:15:00,1.8532600000000001,1.85375,1.85325,1.85365
2026-05-06 21:30:00,1.85365,1.85393,1.85336,1.85368
2026-05-06 21:45:00,1.85365,1.85388,1.8532899999999999,1.85362
2026-05-06 22:00:00,1.85362,1.85377,1.85328,1.8535
2026-05-06 22:15:00,1.85352,1.8537,1.85328,1.85337
2026-05-06 22:30:00,1.85336,1.85338,1.8528799999999999,1.85311
2026-05-06 22:45:00,1.8531,1.8534899999999999,1.85297,1.85346
2026-05-06 23:00:00,1.85346,1.8537599999999999,1.8531499999999999,1.85324
2026-05-06 23:15:00,1.85324,1.8533300000000001,1.85274,1.85275
2026-05-06 23:30:00,1.85274,1.8527900000000002,1.85224,1.85224
2026-05-06 23:45:00,1.85223,1.85311,1.8521800000000002,1.85294
2026-05-07 00:00:00,1.85161,1.85163,1.8514,1.85153
2026-05-07 00:15:00,1.85155,1.8528,1.85155,1.85226
2026-05-07 00:30:00,1.85239,1.85239,1.8521800000000002,1.85224
2026-05-07 00:45:00,1.85209,1.85244,1.85163,1.85222
2026-05-07 01:00:00,1.85222,1.85303,1.8516599999999999,1.85287
2026-05-07 01:15:00,1.85287,1.8529499999999999,1.85264,1.85285
2026-05-07 01:30:00,1.85286,1.85293,1.85273,1.8528799999999999
2026-05-07 01:45:00,1.8528799999999999,1.85311,1.85283,1.8531
2026-05-07 02:00:00,1.85307,1.85328,1.85302,1.8532199999999999
2026-05-07 02:15:00,1.85321,1.85324,1.85298,1.85309
2026-05-07 02:30:00,1.85309,1.85337,1.85305,1.8533
2026-05-07 02:45:00,1.8533,1.85339,1.85311,1.8531499999999999
2026-05-07 03:00:00,1.8531499999999999,1.85409,1.8530799999999998,1.8540299999999998
2026-05-07 03:15:00,1.85404,1.85406,1.85354,1.85366
2026-05-07 03:30:00,1.85366,1.85382,1.8535300000000001,1.8537400000000002
2026-05-07 03:45:00,1.85373,1.8538299999999999,1.85337,1.85351
2026-05-07 04:00:00,1.85351,1.85404,1.8532600000000001,1.85396
2026-05-07 04:15:00,1.85395,1.85427,1.85389,1.85419
2026-05-07 04:30:00,1.85419,1.8543699999999999,1.85397,1.85423
2026-05-07 04:45:00,1.8542399999999999,1.85459,1.85415,1.85439
2026-05-07 05:00:00,1.85438,1.8548200000000001,1.85433,1.8545
2026-05-07 05:15:00,1.8544800000000001,1.85481,1.85447,1.85476
2026-05-07 05:30:00,1.85476,1.85537,1.85474,1.85534
2026-05-07 05:45:00,1.8553600000000001,1.85541,1.85467,1.8548
2026-05-07 06:00:00,1.85479,1.85479,1.85443,1.85443
2026-05-07 06:15:00,1.85443,1.85457,1.85438,1.85442
2026-05-07 06:30:00,1.85443,1.85443,1.85399,1.85434
2026-05-07 06:45:00,1.85434,1.85438,1.85375,1.85377
2026-05-07 07:00:00,1.85378,1.85391,1.8535,1.85359
2026-05-07 07:15:00,1.85358,1.85392,1.85352,1.85378
2026-05-07 07:30:00,1.8537599999999999,1.8538999999999999,1.85361,1.85366
2026-05-07 07:45:00,1.8536700000000002,1.85388,1.85364,1.8537599999999999
2026-05-07 08:00:00,1.85378,1.85411,1.85375,1.85406
2026-05-07 08:15:00,1.85406,1.85406,1.8535599999999999,1.85368
2026-05-07 08:30:00,1.8536700000000002,1.85393,1.8536299999999999,1.85371
2026-05-07 08:45:00,1.85371,1.85404,1.8536299999999999,1.85373
2026-05-07 09:00:00,1.85375,1.85408,1.85362,1.85392
2026-05-07 09:15:00,1.85389,1.8546399999999998,1.85377,1.8543699999999999
2026-05-07 09:30:00,1.8543699999999999,1.855,1.85399,1.85469
2026-05-07 09:45:00,1.8547,1.8548,1.8540999999999999,1.85443
2026-05-07 10:00:00,1.85443,1.8563399999999999,1.85443,1.8559700000000001
2026-05-07 10:15:00,1.85599,1.85741,1.8558,1.85714
2026-05-07 10:30:00,1.85714,1.85728,1.85585,1.85591
2026-05-07 10:45:00,1.85591,1.85606,1.85534,1.85575
2026-05-07 11:00:00,1.85576,1.8561999999999999,1.8553199999999999,1.85553
2026-05-07 11:15:00,1.85554,1.8558400000000002,1.85511,1.85554
2026-05-07 11:30:00,1.85555,1.85581,1.8553600000000001,1.85558
2026-05-07 11:45:00,1.8555700000000002,1.85602,1.85534,1.85585
2026-05-07 12:00:00,1.85587,1.8559299999999999,1.8554599999999999,1.8557000000000001
2026-05-07 12:15:00,1.85571,1.85622,1.85561,1.85578
2026-05-07 12:30:00,1.85578,1.85601,1.85507,1.85521
2026-05-07 12:45:00,1.85527,1.85547,1.85481,1.85528
2026-05-07 13:00:00,1.85528,1.85595,1.8551,1.85595
2026-05-07 13:15:00,1.85594,1.8566099999999999,1.85581,1.8563
2026-05-07 13:30:00,1.8563,1.85673,1.85605,1.8563
2026-05-07 13:45:00,1.8563,1.85653,1.8556,1.85567
2026-05-07 14:00:00,1.85572,1.85588,1.85452,1.8546399999999998
2026-05-07 14:15:00,1.85463,1.85504,1.85429,1.85445
2026-05-07 14:30:00,1.8544399999999999,1.85588,1.8544399999999999,1.85555
2026-05-07 14:45:00,1.85556,1.85585,1.85486,1.85578
2026-05-07 15:00:00,1.85578,1.85644,1.85555,1.85642
2026-05-07 15:15:00,1.85642,1.85693,1.8560699999999999,1.8568099999999998
2026-05-07 15:30:00,1.85677,1.85744,1.85656,1.8571499999999999
2026-05-07 15:45:00,1.8571499999999999,1.85799,1.85687,1.85721
2026-05-07 16:00:00,1.8572,1.85806,1.8568799999999999,1.8574000000000002
2026-05-07 16:15:00,1.85739,1.85764,1.85725,1.8573300000000001
2026-05-07 16:30:00,1.85734,1.85777,1.85683,1.85759
2026-05-07 16:45:00,1.8576000000000001,1.85782,1.85644,1.85727
2026-05-07 17:00:00,1.85727,1.8577,1.8570600000000002,1.8572600000000001
2026-05-07 17:15:00,1.85725,1.85745,1.85689,1.85698
2026-05-07 17:30:00,1.857,1.85711,1.85588,1.85599
2026-05-07 17:45:00,1.85598,1.85827,1.85598,1.85816
2026-05-07 18:00:00,1.85816,1.85852,1.85745,1.85747
2026-05-07 18:15:00,1.85748,1.8582,1.85608,1.85635
2026-05-07 18:30:00,1.8563800000000001,1.85683,1.85596,1.8566
2026-05-07 18:45:00,1.8566,1.8567200000000001,1.85537,1.85551
2026-05-07 19:00:00,1.85551,1.85564,1.8548200000000001,1.85494
2026-05-07 19:15:00,1.85493,1.85495,1.85372,1.85432
2026-05-07 19:30:00,1.8542999999999998,1.85433,1.85316,1.85316
2026-05-07 19:45:00,1.85316,1.85346,1.85266,1.85283
2026-05-07 20:00:00,1.85284,1.85289,1.85171,1.8520699999999999
2026-05-07 20:15:00,1.85209,1.85212,1.8503500000000002,1.8508499999999999
2026-05-07 20:30:00,1.8508499999999999,1.85145,1.8502800000000001,1.85129
2026-05-07 20:45:00,1.85129,1.85189,1.8507099999999999,1.85187
2026-05-07 21:00:00,1.85185,1.85222,1.85145,1.8517299999999999
2026-05-07 21:15:00,1.8517299999999999,1.8519999999999999,1.85149,1.85194
2026-05-07 21:30:00,1.85195,1.85242,1.85133,1.85165
2026-05-07 21:45:00,1.85167,1.85194,1.85095,1.85168
2026-05-07 22:00:00,1.85174,1.8517700000000001,1.85102,1.85141
2026-05-07 22:15:00,1.85142,1.85169,1.85029,1.85084
2026-05-07 22:30:00,1.85083,1.85181,1.85076,1.85127
2026-05-07 22:45:00,1.85127,1.8516599999999999,1.85084,1.85151
2026-05-07 23:00:00,1.85151,1.8526099999999999,1.85138,1.85188
2026-05-07 23:15:00,1.85188,1.8520699999999999,1.8515000000000001,1.8517299999999999
2026-05-07 23:30:00,1.8517299999999999,1.85174,1.85034,1.85101
2026-05-07 23:45:00,1.85104,1.85141,1.85068,1.8511199999999999
2026-05-08 00:00:00,1.84999,1.8506200000000002,1.84971,1.85015
2026-05-08 00:15:00,1.85057,1.8508200000000001,1.84853,1.8491300000000002
2026-05-08 00:30:00,1.8494199999999998,1.85072,1.84928,1.85052
2026-05-08 00:45:00,1.85069,1.85069,1.84955,1.84962
2026-05-08 01:00:00,1.8495599999999999,1.85121,1.84924,1.85101
2026-05-08 01:15:00,1.8509,1.85144,1.85088,1.85104
2026-05-08 01:30:00,1.85104,1.85117,1.85076,1.85092
2026-05-08 01:45:00,1.85092,1.8511,1.8508,1.85083
2026-05-08 02:00:00,1.85083,1.8511,1.85083,1.8509799999999998
2026-05-08 02:15:00,1.85097,1.85127,1.8508499999999999,1.8512499999999998
2026-05-08 02:30:00,1.85126,1.85147,1.8510900000000001,1.8514300000000001
2026-05-08 02:45:00,1.85142,1.85183,1.85126,1.85169
2026-05-08 03:00:00,1.85167,1.85198,1.85141,1.85149
2026-05-08 03:15:00,1.85149,1.85153,1.85103,1.85126
2026-05-08 03:30:00,1.85126,1.8514,1.85107,1.85107
2026-05-08 03:45:00,1.85107,1.85114,1.85074,1.85091
2026-05-08 04:00:00,1.85094,1.85144,1.85079,1.85115
2026-05-08 04:15:00,1.85114,1.85163,1.85093,1.8515700000000002
2026-05-08 04:30:00,1.85154,1.85169,1.85126,1.85137
2026-05-08 04:45:00,1.8513600000000001,1.8517700000000001,1.85134,1.8516599999999999
2026-05-08 05:00:00,1.8516599999999999,1.85195,1.8515700000000002,1.85183
2026-05-08 05:15:00,1.85185,1.85195,1.85164,1.8516599999999999
2026-05-08 05:30:00,1.85165,1.85187,1.85118,1.8515899999999998
2026-05-08 05:45:00,1.85161,1.85214,1.85158,1.85162
2026-05-08 06:00:00,1.85162,1.85176,1.85149,1.8516599999999999
2026-05-08 06:15:00,1.8516599999999999,1.85168,1.85113,1.8513
2026-05-08 06:30:00,1.85131,1.8516599999999999,1.8513,1.8515700000000002
2026-05-08 06:45:00,1.8515700000000002,1.8516599999999999,1.85118,1.85126
2026-05-08 07:00:00,1.85127,1.85164,1.85072,1.85151
2026-05-08 07:15:00,1.85151,1.85185,1.85135,1.85182
2026-05-08 07:30:00,1.85183,1.85213,1.8517700000000001,1.8520699999999999
2026-05-08 07:45:00,1.85208,1.85276,1.85195,1.85235
2026-05-08 08:00:00,1.85235,1.8528799999999999,1.85233,1.85259
2026-05-08 08:15:00,1.85259,1.8531499999999999,1.85256,1.8531300000000002
2026-05-08 08:30:00,1.85314,1.85341,1.85304,1.8532
2026-05-08 08:45:00,1.85321,1.8535599999999999,1.85318,1.85344
2026-05-08 09:00:00,1.85345,1.8541400000000001,1.8532899999999999,1.85392
2026-05-08 09:15:00,1.8539400000000001,1.85465,1.85393,1.8545099999999999
2026-05-08 09:30:00,1.85453,1.85517,1.8542999999999998,1.85506
2026-05-08 09:45:00,1.85507,1.85514,1.8545500000000001,1.85484
2026-05-08 10:00:00,1.85484,1.85515,1.85447,1.85447
2026-05-08 10:15:00,1.8544800000000001,1.8546200000000002,1.85385,1.85425
2026-05-08 10:30:00,1.85426,1.8550900000000001,1.854,1.8548200000000001
2026-05-08 10:45:00,1.8548200000000001,1.85511,1.8545,1.85469
2026-05-08 11:00:00,1.85468,1.85564,1.8544,1.8555899999999999
2026-05-08 11:15:00,1.85558,1.8573300000000001,1.85545,1.8572199999999999
2026-05-08 11:30:00,1.85721,1.85831,1.8570799999999998,1.85825
2026-05-08 11:45:00,1.85825,1.85854,1.85805,1.8582800000000002
2026-05-08 12:00:00,1.85832,1.85872,1.85818,1.85834
2026-05-08 12:15:00,1.85833,1.85901,1.8582,1.85822
2026-05-08 12:30:00,1.8582100000000001,1.85845,1.85807,1.85833
2026-05-08 12:45:00,1.85832,1.85842,1.85757,1.85771
2026-05-08 13:00:00,1.85771,1.85818,1.85771,1.8579599999999998
2026-05-08 13:15:00,1.85795,1.8580999999999999,1.8577599999999999,1.85784
2026-05-08 13:30:00,1.85785,1.85791,1.85763,1.8577599999999999
2026-05-08 13:45:00,1.8577599999999999,1.85781,1.85671,1.85683
2026-05-08 14:00:00,1.85689,1.85721,1.85639,1.8568
2026-05-08 14:15:00,1.8568,1.8571,1.8567200000000001,1.85687
2026-05-08 14:30:00,1.8568500000000001,1.85705,1.8566099999999999,1.8569499999999999
2026-05-08 14:45:00,1.85696,1.85743,1.85677,1.85721
2026-05-08 15:00:00,1.8572,1.85907,1.85705,1.85892
2026-05-08 15:15:00,1.85894,1.85962,1.85807,1.85826
2026-05-08 15:30:00,1.8582800000000002,1.86428,1.85724,1.8635000000000002
2026-05-08 15:45:00,1.86349,1.8644500000000002,1.86277,1.86371
2026-05-08 16:00:00,1.8637000000000001,1.86528,1.86337,1.86486
2026-05-08 16:15:00,1.8648500000000001,1.8662999999999998,1.86469,1.86558
2026-05-08 16:30:00,1.86559,1.86683,1.86505,1.86633
2026-05-08 16:45:00,1.86636,1.86776,1.86636,1.86747
2026-05-08 17:00:00,1.86747,1.86757,1.8644699999999998,1.86482
2026-05-08 17:15:00,1.8648099999999999,1.8654600000000001,1.86456,1.8646
2026-05-08 17:30:00,1.8645800000000001,1.86572,1.86433,1.86568
2026-05-08 17:45:00,1.8656700000000002,1.86598,1.86471,1.8653
2026-05-08 18:00:00,1.86532,1.86566,1.8647,1.86496
2026-05-08 18:15:00,1.86503,1.8654199999999999,1.86462,1.86518
2026-05-08 18:30:00,1.86517,1.86534,1.86455,1.86478
2026-05-08 18:45:00,1.86478,1.86479,1.86338,1.86362
2026-05-08 19:00:00,1.8635899999999999,1.86466,1.86358,1.8645
2026-05-08 19:15:00,1.86448,1.86489,1.86448,1.86469
2026-05-08 19:30:00,1.8647200000000002,1.8647200000000002,1.8635000000000002,1.86401
2026-05-08 19:45:00,1.86408,1.8646099999999999,1.86398,1.86401
2026-05-08 20:00:00,1.86401,1.8641,1.86369,1.8639299999999999
2026-05-08 20:15:00,1.86395,1.8641100000000002,1.86346,1.86389
2026-05-08 20:30:00,1.86389,1.86398,1.86367,1.86368
2026-05-08 20:45:00,1.86369,1.8642400000000001,1.86368,1.86374
2026-05-08 21:00:00,1.86374,1.86494,1.8635899999999999,1.86479
2026-05-08 21:15:00,1.8648099999999999,1.8648099999999999,1.8642400000000001,1.86428
2026-05-08 21:30:00,1.8642699999999999,1.86436,1.86361,1.86383
2026-05-08 21:45:00,1.8638400000000002,1.86395,1.86333,1.86347
2026-05-08 22:00:00,1.86346,1.86381,1.86317,1.86344
2026-05-08 22:15:00,1.86344,1.8635899999999999,1.86324,1.8635199999999998
2026-05-08 22:30:00,1.8635199999999998,1.8637899999999998,1.86324,1.86375
2026-05-08 22:45:00,1.86375,1.86452,1.8637299999999999,1.86446
2026-05-08 23:00:00,1.8644500000000002,1.86487,1.86435,1.86469
2026-05-08 23:15:00,1.8647200000000002,1.8649900000000001,1.86428,1.86476
2026-05-08 23:30:00,1.86477,1.86487,1.8633,1.8637299999999999
2026-05-08 23:45:00,1.8637299999999999,1.8645100000000001,1.86348,1.8636599999999999
2026-05-11 00:00:00,1.85312,1.85541,1.85232,1.85442
2026-05-11 00:15:00,1.85442,1.85623,1.85405,1.85623
2026-05-11 00:30:00,1.8561800000000002,1.85881,1.85545,1.85727
2026-05-11 00:45:00,1.85689,1.8575,1.85521,1.8555700000000002
2026-05-11 01:00:00,1.85531,1.85955,1.85531,1.85922
2026-05-11 01:15:00,1.85922,1.85947,1.85854,1.8594
2026-05-11 01:30:00,1.8593899999999999,1.85976,1.85927,1.85947
2026-05-11 01:45:00,1.85955,1.86012,1.8595199999999998,1.8601100000000002
2026-05-11 02:00:00,1.86009,1.86022,1.85991,1.86002
2026-05-11 02:15:00,1.86003,1.8602400000000001,1.85999,1.8601100000000002
2026-05-11 02:30:00,1.8601100000000002,1.86041,1.8598,1.86032
2026-05-11 02:45:00,1.86032,1.86044,1.8597299999999999,1.8600400000000001
2026-05-11 03:00:00,1.86003,1.86046,1.85978,1.86046
2026-05-11 03:15:00,1.86046,1.86076,1.8601299999999998,1.86066
2026-05-11 03:30:00,1.86066,1.86077,1.86043,1.8605800000000001
2026-05-11 03:45:00,1.86056,1.86073,1.86003,1.8607
2026-05-11 04:00:00,1.8607,1.86097,1.8605,1.86077
2026-05-11 04:15:00,1.86077,1.86091,1.86042,1.86073
2026-05-11 04:30:00,1.86071,1.86086,1.86021,1.86032
2026-05-11 04:45:00,1.86032,1.86053,1.86014,1.8602699999999999
2026-05-11 05:00:00,1.8602699999999999,1.86066,1.86022,1.86057
2026-05-11 05:15:00,1.86055,1.8606,1.8603399999999999,1.86042
2026-05-11 05:30:00,1.86041,1.8606500000000001,1.8602699999999999,1.8603
2026-05-11 05:45:00,1.8603100000000001,1.86052,1.86003,1.86008
2026-05-11 06:00:00,1.8601,1.8601,1.8598,1.86007
2026-05-11 06:15:00,1.86006,1.8601,1.8598599999999998,1.8599700000000001
2026-05-11 06:30:00,1.85996,1.86021,1.85991,1.86018
2026-05-11 06:45:00,1.86018,1.86035,1.8599999999999999,1.8601
2026-05-11 07:00:00,1.8601100000000002,1.8603399999999999,1.8601,1.86025
2026-05-11 07:15:00,1.86026,1.8605,1.86026,1.8604500000000002
2026-05-11 07:30:00,1.8604500000000002,1.8606099999999999,1.8602400000000001,1.86026
2026-05-11 07:45:00,1.8602699999999999,1.8603100000000001,1.8595000000000002,1.85967
2026-05-11 08:00:00,1.85967,1.86016,1.85965,1.85996
2026-05-11 08:15:00,1.85996,1.8602400000000001,1.85995,1.85998
2026-05-11 08:30:00,1.85998,1.86006,1.8596,1.8597700000000001
2026-05-11 08:45:00,1.85975,1.8599299999999999,1.8594300000000001,1.85985
2026-05-11 09:00:00,1.85983,1.86001,1.8590900000000001,1.85921
2026-05-11 09:15:00,1.8592,1.8593,1.8575599999999999,1.8580100000000002
2026-05-11 09:30:00,1.85799,1.8591,1.85785,1.8590200000000001
2026-05-11 09:45:00,1.85903,1.86019,1.85887,1.86016
2026-05-11 10:00:00,1.86016,1.86057,1.85896,1.8589799999999999
2026-05-11 10:15:00,1.85899,1.85948,1.85876,1.8590900000000001
2026-05-11 10:30:00,1.8591,1.85921,1.85873,1.85915
2026-05-11 10:45:00,1.85915,1.8596,1.85894,1.8592300000000002
2026-05-11 11:00:00,1.8592300000000002,1.85972,1.85893,1.85955
2026-05-11 11:15:00,1.85955,1.86082,1.85955,1.86068
2026-05-11 11:30:00,1.86067,1.86097,1.85988,1.86006
2026-05-11 11:45:00,1.86006,1.86042,1.85981,1.85996
2026-05-11 12:00:00,1.85995,1.86069,1.85983,1.86044
2026-05-11 12:15:00,1.86044,1.8606500000000001,1.85999,1.86002
2026-05-11 12:30:00,1.86001,1.86022,1.85945,1.85948
2026-05-11 12:45:00,1.85948,1.85948,1.8587799999999999,1.8588
2026-05-11 13:00:00,1.8588,1.85893,1.85766,1.8578299999999999
2026-05-11 13:15:00,1.85782,1.8584100000000001,1.8577,1.8583699999999999
2026-05-11 13:30:00,1.8583699999999999,1.8589,1.8565,1.85716
2026-05-11 13:45:00,1.85717,1.85824,1.85595,1.8563100000000001
2026-05-11 14:00:00,1.8563,1.85967,1.8563,1.85948
2026-05-11 14:15:00,1.85947,1.85981,1.85904,1.8595899999999999
2026-05-11 14:30:00,1.8595899999999999,1.85994,1.85914,1.85975
2026-05-11 14:45:00,1.85979,1.86043,1.8591,1.8596
2026-05-11 15:00:00,1.85965,1.85978,1.85872,1.85892
2026-05-11 15:15:00,1.85896,1.86057,1.85858,1.86056
2026-05-11 15:30:00,1.86056,1.86224,1.8604,1.86086
2026-05-11 15:45:00,1.86086,1.86086,1.85995,1.86015
2026-05-11 16:00:00,1.86015,1.8618299999999999,1.86015,1.86174
2026-05-11 16:15:00,1.86177,1.86188,1.86114,1.8614199999999999
2026-05-11 16:30:00,1.86147,1.86209,1.86112,1.86181
2026-05-11 16:45:00,1.8618000000000001,1.8618999999999999,1.86069,1.8608
2026-05-11 17:00:00,1.8607900000000002,1.8612600000000001,1.8605399999999999,1.86103
2026-05-11 17:15:00,1.86105,1.86129,1.8596599999999999,1.85978
2026-05-11 17:30:00,1.8597700000000001,1.86025,1.8593199999999999,1.86006
2026-05-11 17:45:00,1.86007,1.86375,1.85956,1.8637000000000001
2026-05-11 18:00:00,1.86365,1.86449,1.86335,1.86385
2026-05-11 18:15:00,1.86387,1.86589,1.86374,1.86503
2026-05-11 18:30:00,1.86502,1.86564,1.86453,1.86476
2026-05-11 18:45:00,1.86477,1.86551,1.8645100000000001,1.8652
2026-05-11 19:00:00,1.86518,1.86524,1.86475,1.8650799999999998
2026-05-11 19:15:00,1.86507,1.8651200000000001,1.8643999999999998,1.86453
2026-05-11 19:30:00,1.8645399999999999,1.86473,1.86376,1.86391
2026-05-11 19:45:00,1.8639000000000001,1.86417,1.86334,1.86382
2026-05-11 20:00:00,1.86381,1.86423,1.8635899999999999,1.8639299999999999
2026-05-11 20:15:00,1.8639299999999999,1.86442,1.8638599999999999,1.8641
2026-05-11 20:30:00,1.8641100000000002,1.8643100000000001,1.86389,1.86394
2026-05-11 20:45:00,1.86394,1.86433,1.86387,1.86425
2026-05-11 21:00:00,1.86426,1.86435,1.86399,1.86422
2026-05-11 21:15:00,1.86423,1.8646,1.8637000000000001,1.86414
2026-05-11 21:30:00,1.86414,1.86439,1.8635899999999999,1.8635899999999999
2026-05-11 21:45:00,1.8635899999999999,1.8637000000000001,1.86317,1.8633199999999999
2026-05-11 22:00:00,1.86331,1.86345,1.8630900000000001,1.8631600000000001
2026-05-11 22:15:00,1.86317,1.86342,1.86253,1.8626
2026-05-11 22:30:00,1.86261,1.86315,1.86243,1.86286
2026-05-11 22:45:00,1.86287,1.86293,1.8624,1.86253
2026-05-11 23:00:00,1.86253,1.86287,1.86143,1.86204
2026-05-11 23:15:00,1.86205,1.86252,1.86181,1.86249
2026-05-11 23:30:00,1.86249,1.86252,1.86134,1.86148
2026-05-11 23:45:00,1.86148,1.86215,1.86129,1.86129
2026-05-12 00:00:00,1.86003,1.86064,1.86003,1.86064
2026-05-12 00:15:00,1.8606500000000001,1.86101,1.86055,1.86086
2026-05-12 00:30:00,1.86086,1.86128,1.86019,1.8602699999999999
2026-05-12 00:45:00,1.86036,1.8606099999999999,1.86003,1.86003
2026-05-12 01:00:00,1.86032,1.86068,1.86003,1.8605800000000001
2026-05-12 01:15:00,1.8606099999999999,1.86068,1.8604500000000002,1.86053
2026-05-12 01:30:00,1.8605800000000001,1.86086,1.8605399999999999,1.86078
2026-05-12 01:45:00,1.86077,1.86109,1.86076,1.86093
2026-05-12 02:00:00,1.86097,1.8613,1.86091,1.86111
2026-05-12 02:15:00,1.86111,1.86113,1.8609499999999999,1.86104
2026-05-12 02:30:00,1.8610600000000002,1.8612,1.86087,1.86089
2026-05-12 02:45:00,1.86089,1.8611,1.86062,1.86082
2026-05-12 03:00:00,1.86082,1.86103,1.8604699999999998,1.8609900000000001
2026-05-12 03:15:00,1.86098,1.86117,1.8608,1.86097
2026-05-12 03:30:00,1.86098,1.8612600000000001,1.86086,1.86094
2026-05-12 03:45:00,1.86094,1.86101,1.86052,1.86066
2026-05-12 04:00:00,1.86067,1.8608,1.86039,1.86039
2026-05-12 04:15:00,1.86039,1.86048,1.85994,1.85994
2026-05-12 04:30:00,1.85989,1.86075,1.8595000000000002,1.85976
2026-05-12 04:45:00,1.85976,1.86005,1.85961,1.85988
2026-05-12 05:00:00,1.85989,1.8605,1.8598599999999998,1.86043
2026-05-12 05:15:00,1.8604500000000002,1.86046,1.8600400000000001,1.86028
2026-05-12 05:30:00,1.8603,1.86043,1.8599,1.86008
2026-05-12 05:45:00,1.86009,1.8604699999999998,1.86001,1.86037
2026-05-12 06:00:00,1.8603800000000001,1.86041,1.86003,1.8603800000000001
2026-05-12 06:15:00,1.8603800000000001,1.8605,1.85998,1.8600400000000001
2026-05-12 06:30:00,1.86003,1.86017,1.8598,1.86012
2026-05-12 06:45:00,1.8601100000000002,1.86015,1.85978,1.85992
2026-05-12 07:00:00,1.85991,1.85999,1.8594300000000001,1.85946
2026-05-12 07:15:00,1.85946,1.85971,1.85946,1.8595000000000002
2026-05-12 07:30:00,1.8595000000000002,1.86006,1.85949,1.8600400000000001
2026-05-12 07:45:00,1.86005,1.8601999999999999,1.8599299999999999,1.8599700000000001
2026-05-12 08:00:00,1.8599700000000001,1.86002,1.8584,1.85859
2026-05-12 08:15:00,1.85859,1.8589099999999998,1.85843,1.85849
2026-05-12 08:30:00,1.85849,1.85858,1.8581699999999999,1.85822
2026-05-12 08:45:00,1.85824,1.85847,1.85777,1.85779
2026-05-12 09:00:00,1.85779,1.8584399999999999,1.85703,1.85768
2026-05-12 09:15:00,1.85768,1.8578700000000001,1.85652,1.85657
2026-05-12 09:30:00,1.85657,1.85696,1.85581,1.85603
2026-05-12 09:45:00,1.85602,1.85643,1.85458,1.8547099999999999
2026-05-12 10:00:00,1.85469,1.85534,1.8535,1.85366
2026-05-12 10:15:00,1.85366,1.8541699999999999,1.85341,1.85371
2026-05-12 10:30:00,1.85371,1.85378,1.85205,1.8520699999999999
2026-05-12 10:45:00,1.85208,1.85257,1.85196,1.85239
2026-05-12 11:00:00,1.85239,1.85246,1.85077,1.85104
2026-05-12 11:15:00,1.85104,1.85465,1.85099,1.85195
2026-05-12 11:30:00,1.85196,1.85259,1.85145,1.85208
2026-05-12 11:45:00,1.8520699999999999,1.85472,1.85202,1.85419
2026-05-12 12:00:00,1.85418,1.85472,1.85337,1.8542800000000002
2026-05-12 12:15:00,1.85429,1.85518,1.85404,1.85518
2026-05-12 12:30:00,1.85518,1.85698,1.8547,1.85581
2026-05-12 12:45:00,1.8558,1.85656,1.85571,1.85606
2026-05-12 13:00:00,1.85609,1.85657,1.8558599999999998,1.85643
2026-05-12 13:15:00,1.8563800000000001,1.85671,1.85601,1.8566500000000001
2026-05-12 13:30:00,1.85667,1.85772,1.85648,1.8566500000000001
2026-05-12 13:45:00,1.85664,1.85703,1.85513,1.85521
2026-05-12 14:00:00,1.8552,1.85644,1.8540100000000002,1.85511
2026-05-12 14:15:00,1.8551,1.85589,1.85495,1.85569
2026-05-12 14:30:00,1.85569,1.85601,1.85517,1.85547
2026-05-12 14:45:00,1.8554599999999999,1.8558599999999998,1.85352,1.8542999999999998
2026-05-12 15:00:00,1.85429,1.85438,1.853,1.85324
2026-05-12 15:15:00,1.85324,1.85354,1.85259,1.8532199999999999
2026-05-12 15:30:00,1.85304,1.85508,1.85246,1.855
2026-05-12 15:45:00,1.855,1.85572,1.85436,1.85469
2026-05-12 16:00:00,1.85468,1.8554300000000001,1.85449,1.8550200000000001
2026-05-12 16:15:00,1.85501,1.8552499999999998,1.85409,1.85445
2026-05-12 16:30:00,1.85442,1.8551,1.8540299999999998,1.85445
2026-05-12 16:45:00,1.85445,1.85484,1.8524,1.85301
2026-05-12 17:00:00,1.85305,1.85589,1.85277,1.85511
2026-05-12 17:15:00,1.85511,1.85528,1.85415,1.8545500000000001
2026-05-12 17:30:00,1.85456,1.85484,1.8536700000000002,1.85409
2026-05-12 17:45:00,1.85395,1.85419,1.85256,1.8538999999999999
2026-05-12 18:00:00,1.85391,1.8544100000000001,1.8528,1.85385
2026-05-12 18:15:00,1.85385,1.85419,1.8524699999999998,1.8531
2026-05-12 18:30:00,1.85314,1.85488,1.85314,1.8548
2026-05-12 18:45:00,1.85479,1.8552300000000002,1.8544100000000001,1.85486
2026-05-12 19:00:00,1.8548499999999999,1.85527,1.8541699999999999,1.8547799999999999
2026-05-12 19:15:00,1.85474,1.8550200000000001,1.85412,1.8541400000000001
2026-05-12 19:30:00,1.85415,1.8546200000000002,1.8537,1.85426
2026-05-12 19:45:00,1.85425,1.8546,1.8536299999999999,1.85365
2026-05-12 20:00:00,1.85368,1.85457,1.8536299999999999,1.8545500000000001
2026-05-12 20:15:00,1.85454,1.85466,1.85405,1.8543699999999999
2026-05-12 20:30:00,1.85439,1.85454,1.85396,1.85409
2026-05-12 20:45:00,1.85409,1.85429,1.8536299999999999,1.8541400000000001
2026-05-12 21:00:00,1.85413,1.8544399999999999,1.85341,1.85388
2026-05-12 21:15:00,1.85388,1.8543699999999999,1.8537,1.85407
2026-05-12 21:30:00,1.85407,1.85458,1.8537,1.85389
2026-05-12 21:45:00,1.8538999999999999,1.85419,1.85362,1.85385
2026-05-12 22:00:00,1.85385,1.85443,1.85384,1.85431
2026-05-12 22:15:00,1.85431,1.85442,1.85397,1.85433
2026-05-12 22:30:00,1.85432,1.8549600000000002,1.8542999999999998,1.85487
2026-05-12 22:45:00,1.85487,1.85508,1.85459,1.85477
2026-05-12 23:00:00,1.85476,1.85517,1.85459,1.85486
2026-05-12 23:15:00,1.85484,1.85497,1.8546399999999998,1.85468
2026-05-12 23:30:00,1.85466,1.8547099999999999,1.85434,1.85434
2026-05-12 23:45:00,1.85432,1.85458,1.85365,1.8543699999999999
2026-05-13 00:00:00,1.85174,1.85325,1.8517299999999999,1.85323
2026-05-13 00:15:00,1.8533300000000001,1.85371,1.8531900000000001,1.85345
2026-05-13 00:30:00,1.8533300000000001,1.85391,1.8532,1.85328
2026-05-13 00:45:00,1.85339,1.8536700000000002,1.8531900000000001,1.85338
2026-05-13 01:00:00,1.85327,1.8544800000000001,1.85327,1.85406
2026-05-13 01:15:00,1.85404,1.8541699999999999,1.8539400000000001,1.85395
2026-05-13 01:30:00,1.8539400000000001,1.85425,1.8539400000000001,1.8542100000000001
2026-05-13 01:45:00,1.8542,1.85438,1.85412,1.85419
2026-05-13 02:00:00,1.85422,1.85438,1.85408,1.8540999999999999
2026-05-13 02:15:00,1.85408,1.85416,1.85398,1.85407
2026-05-13 02:30:00,1.85406,1.8542,1.85389,1.85399
2026-05-13 02:45:00,1.85397,1.85412,1.85385,1.8538999999999999
2026-05-13 03:00:00,1.8538999999999999,1.85416,1.8534899999999999,1.85355
2026-05-13 03:15:00,1.8535599999999999,1.85392,1.8535,1.8536299999999999
2026-05-13 03:30:00,1.85364,1.85391,1.8534000000000002,1.8536899999999998
2026-05-13 03:45:00,1.85368,1.8538999999999999,1.8534199999999998,1.85372
2026-05-13 04:00:00,1.8537400000000002,1.85388,1.85309,1.85311
2026-05-13 04:15:00,1.85307,1.8536700000000002,1.8529200000000001,1.85341
2026-05-13 04:30:00,1.85339,1.85359,1.8531499999999999,1.85332
2026-05-13 04:45:00,1.85332,1.85388,1.85331,1.85344
2026-05-13 05:00:00,1.85345,1.85365,1.85275,1.8527900000000002
2026-05-13 05:15:00,1.85277,1.85285,1.85262,1.8527200000000001
2026-05-13 05:30:00,1.85275,1.85318,1.8526099999999999,1.85301
2026-05-13 05:45:00,1.85302,1.85316,1.85274,1.85293
2026-05-13 06:00:00,1.85294,1.85309,1.85264,1.8529900000000001
2026-05-13 06:15:00,1.85298,1.85307,1.8526500000000001,1.85283
2026-05-13 06:30:00,1.85284,1.8534000000000002,1.85283,1.8530799999999998
2026-05-13 06:45:00,1.85309,1.8532899999999999,1.85285,1.85323
2026-05-13 07:00:00,1.85324,1.85335,1.85303,1.85314
2026-05-13 07:15:00,1.85316,1.8534199999999998,1.8531300000000002,1.8532899999999999
2026-05-13 07:30:00,1.85327,1.85341,1.8531300000000002,1.85328
2026-05-13 07:45:00,1.85327,1.85343,1.85323,1.8533300000000001
2026-05-13 08:00:00,1.85332,1.85415,1.85332,1.85413
2026-05-13 08:15:00,1.8541400000000001,1.8548900000000001,1.85399,1.8547500000000001
2026-05-13 08:30:00,1.8547500000000001,1.85538,1.8547099999999999,1.85513
2026-05-13 08:45:00,1.85515,1.85578,1.85503,1.85556
2026-05-13 09:00:00,1.85554,1.8557700000000001,1.8545099999999999,1.85476
2026-05-13 09:15:00,1.85476,1.85527,1.85427,1.85483
2026-05-13 09:30:00,1.85483,1.85506,1.85419,1.85419
2026-05-13 09:45:00,1.85419,1.8544100000000001,1.8531499999999999,1.85361
2026-05-13 10:00:00,1.85361,1.855,1.8534899999999999,1.85402
2026-05-13 10:15:00,1.85402,1.85468,1.8538999999999999,1.8546399999999998
2026-05-13 10:30:00,1.8546399999999998,1.8547,1.85375,1.8539400000000001
2026-05-13 10:45:00,1.85398,1.8544800000000001,1.85285,1.85291
2026-05-13 11:00:00,1.8529200000000001,1.8538299999999999,1.85273,1.85381
2026-05-13 11:15:00,1.85382,1.8541699999999999,1.85354,1.85395
2026-05-13 11:30:00,1.8539400000000001,1.85413,1.8532199999999999,1.8532199999999999
2026-05-13 11:45:00,1.8532199999999999,1.85431,1.85251,1.85267
2026-05-13 12:00:00,1.8527200000000001,1.8529900000000001,1.85196,1.85282
2026-05-13 12:15:00,1.8528099999999998,1.85297,1.8517700000000001,1.85199
2026-05-13 12:30:00,1.85198,1.8523,1.85117,1.8512300000000002
2026-05-13 12:45:00,1.8512499999999998,1.85185,1.85083,1.85172
2026-05-13 13:00:00,1.8517700000000001,1.85182,1.84839,1.85013
2026-05-13 13:15:00,1.85013,1.8515899999999998,1.8490199999999999,1.84993
2026-05-13 13:30:00,1.84993,1.85084,1.8492600000000001,1.85065
2026-05-13 13:45:00,1.85063,1.85121,1.8489499999999999,1.84917
2026-05-13 14:00:00,1.84916,1.84991,1.8485399999999998,1.8491
2026-05-13 14:15:00,1.8491,1.84965,1.8489900000000001,1.84917
2026-05-13 14:30:00,1.84918,1.84971,1.84884,1.84923
2026-05-13 14:45:00,1.84924,1.84952,1.84882,1.84914
2026-05-13 15:00:00,1.8491499999999998,1.84958,1.8490600000000001,1.84934
2026-05-13 15:15:00,1.84937,1.8494899999999999,1.8483,1.84855
2026-05-13 15:30:00,1.84833,1.84864,1.84755,1.8477999999999999
2026-05-13 15:45:00,1.84779,1.84789,1.84701,1.84754
2026-05-13 16:00:00,1.84754,1.8489900000000001,1.84754,1.84812
2026-05-13 16:15:00,1.8481,1.84897,1.8480400000000001,1.8485800000000001
2026-05-13 16:30:00,1.84857,1.8522699999999999,1.84856,1.8521999999999998
2026-05-13 16:45:00,1.8521999999999998,1.8529499999999999,1.85168,1.85239
2026-05-13 17:00:00,1.85239,1.85304,1.85213,1.8523100000000001
2026-05-13 17:15:00,1.85233,1.85236,1.85072,1.85106
2026-05-13 17:30:00,1.85106,1.85145,1.8498700000000001,1.8502399999999999
2026-05-13 17:45:00,1.8502399999999999,1.85221,1.8502,1.8519
2026-05-13 18:00:00,1.8519,1.8523399999999999,1.85147,1.8515000000000001
2026-05-13 18:15:00,1.85152,1.8521,1.85135,1.85158
2026-05-13 18:30:00,1.8516,1.8527200000000001,1.8513199999999999,1.85222
2026-05-13 18:45:00,1.85224,1.85296,1.8520699999999999,1.8524
2026-05-13 19:00:00,1.8524,1.85297,1.85202,1.85252
2026-05-13 19:15:00,1.85252,1.8528,1.85209,1.85248
2026-05-13 19:30:00,1.85249,1.85257,1.85182,1.8518599999999998
2026-05-13 19:45:00,1.8518599999999998,1.8523399999999999,1.85161,1.85219
2026-05-13 20:00:00,1.8521800000000002,1.85264,1.85176,1.85224
2026-05-13 20:15:00,1.85223,1.85237,1.85203,1.85235
2026-05-13 20:30:00,1.8523399999999999,1.85259,1.85216,1.85221
2026-05-13 20:45:00,1.85223,1.8525800000000001,1.85195,1.85223
2026-05-13 21:00:00,1.85223,1.85275,1.85219,1.85243
2026-05-13 21:15:00,1.85244,1.8533,1.8523,1.8532199999999999
2026-05-13 21:30:00,1.8532199999999999,1.85386,1.8530799999999998,1.8536899999999998
2026-05-13 21:45:00,1.85368,1.85397,1.85343,1.8537400000000002
2026-05-13 22:00:00,1.85375,1.8538999999999999,1.85324,1.85337
2026-05-13 22:15:00,1.85338,1.85347,1.85307,1.8533300000000001
2026-05-13 22:30:00,1.85334,1.85339,1.85284,1.85293
2026-05-13 22:45:00,1.8529200000000001,1.8534199999999998,1.85291,1.85317
2026-05-13 23:00:00,1.85317,1.85351,1.85297,1.85345
2026-05-13 23:15:00,1.85343,1.85375,1.8534199999999998,1.8537
2026-05-13 23:30:00,1.8537,1.85375,1.85311,1.85318
2026-05-13 23:45:00,1.85316,1.85366,1.85311,1.85328
2026-05-14 00:00:00,1.8529900000000001,1.8530799999999998,1.85165,1.8529900000000001
2026-05-14 00:15:00,1.8529900000000001,1.85303,1.85223,1.85302
2026-05-14 00:30:00,1.8530600000000002,1.8530600000000002,1.8523800000000001,1.8527
2026-05-14 00:45:00,1.8526500000000001,1.85297,1.85203,1.8520400000000001
2026-05-14 01:00:00,1.85203,1.85373,1.85203,1.8536700000000002
2026-05-14 01:15:00,1.8536700000000002,1.8538999999999999,1.85354,1.85366
2026-05-14 01:30:00,1.85366,1.85396,1.8535599999999999,1.85388
2026-05-14 01:45:00,1.85388,1.85388,1.85347,1.85347
2026-05-14 02:00:00,1.8534899999999999,1.8536700000000002,1.85304,1.8536299999999999
2026-05-14 02:15:00,1.8536299999999999,1.85372,1.8535599999999999,1.85358
2026-05-14 02:30:00,1.85357,1.85361,1.85335,1.85355
2026-05-14 02:45:00,1.8535599999999999,1.85361,1.8534199999999998,1.8535
2026-05-14 03:00:00,1.8534899999999999,1.85402,1.85337,1.85396
2026-05-14 03:15:00,1.85397,1.85426,1.85389,1.85407
2026-05-14 03:30:00,1.85409,1.8542,1.85379,1.85395
2026-05-14 03:45:00,1.85396,1.85419,1.85389,1.85395
2026-05-14 04:00:00,1.85396,1.8540299999999998,1.85357,1.85377
2026-05-14 04:15:00,1.85377,1.85393,1.8536000000000001,1.85381
2026-05-14 04:30:00,1.85378,1.85405,1.85375,1.85389
2026-05-14 04:45:00,1.85389,1.85389,1.85323,1.8532899999999999
2026-05-14 05:00:00,1.8532899999999999,1.85364,1.8532899999999999,1.85347
2026-05-14 05:15:00,1.85346,1.85378,1.85331,1.85373
2026-05-14 05:30:00,1.8537400000000002,1.8537599999999999,1.8535,1.8535
2026-05-14 05:45:00,1.8535,1.85359,1.85321,1.8533
2026-05-14 06:00:00,1.85327,1.8536000000000001,1.85325,1.8536000000000001
2026-05-14 06:15:00,1.8535599999999999,1.85406,1.85355,1.8540100000000002
2026-05-14 06:30:00,1.854,1.85413,1.8538999999999999,1.85409
2026-05-14 06:45:00,1.8540999999999999,1.85425,1.85391,1.85395
2026-05-14 07:00:00,1.85396,1.85422,1.8536899999999998,1.85385
2026-05-14 07:15:00,1.8538299999999999,1.85399,1.85364,1.85388
2026-05-14 07:30:00,1.85388,1.85395,1.85364,1.8537
2026-05-14 07:45:00,1.85371,1.85395,1.85361,1.8536700000000002
2026-05-14 08:00:00,1.85366,1.85381,1.85256,1.85283
2026-05-14 08:15:00,1.85283,1.85298,1.85236,1.85249
2026-05-14 08:30:00,1.8525,1.85253,1.85196,1.85208
2026-05-14 08:45:00,1.85208,1.85259,1.8519700000000001,1.8519999999999999
2026-05-14 09:00:00,1.8519999999999999,1.85317,1.85195,1.85274
2026-05-14 09:15:00,1.85273,1.85314,1.8525800000000001,1.85307
2026-05-14 09:30:00,1.8530799999999998,1.85312,1.85248,1.85298
2026-05-14 09:45:00,1.8529900000000001,1.8538999999999999,1.8529900000000001,1.85328
2026-05-14 10:00:00,1.8532899999999999,1.85335,1.8523,1.85248
2026-05-14 10:15:00,1.8524500000000002,1.8525,1.85191,1.85215
2026-05-14 10:30:00,1.85214,1.85289,1.85208,1.85264
2026-05-14 10:45:00,1.85264,1.85298,1.85191,1.85199
2026-05-14 11:00:00,1.85198,1.8520699999999999,1.8514,1.85181
2026-05-14 11:15:00,1.85181,1.85242,1.85175,1.8523800000000001
2026-05-14 11:30:00,1.85239,1.8528099999999998,1.85213,1.8524500000000002
2026-05-14 11:45:00,1.8524500000000002,1.8526,1.85216,1.8526
2026-05-14 12:00:00,1.8526,1.85269,1.85199,1.85242
2026-05-14 12:15:00,1.85244,1.85274,1.85223,1.85228
2026-05-14 12:30:00,1.8522699999999999,1.8528,1.85171,1.85244
2026-05-14 12:45:00,1.85243,1.8528099999999998,1.85168,1.85185
2026-05-14 13:00:00,1.85185,1.85312,1.85153,1.8526500000000001
2026-05-14 13:15:00,1.85266,1.85331,1.85241,1.85328
2026-05-14 13:30:00,1.8532899999999999,1.85337,1.85271,1.853
2026-05-14 13:45:00,1.853,1.85365,1.85289,1.85309
2026-05-14 14:00:00,1.85309,1.85393,1.85298,1.8538299999999999
2026-05-14 14:15:00,1.85384,1.85396,1.85309,1.85328
2026-05-14 14:30:00,1.8532899999999999,1.85382,1.85325,1.8538000000000001
2026-05-14 14:45:00,1.85379,1.85425,1.85138,1.8520400000000001
2026-05-14 15:00:00,1.85205,1.85434,1.8515899999999998,1.85433
2026-05-14 15:15:00,1.85433,1.85495,1.8541699999999999,1.85456
2026-05-14 15:30:00,1.85458,1.85466,1.85327,1.8536000000000001
2026-05-14 15:45:00,1.85359,1.85415,1.85351,1.85355
2026-05-14 16:00:00,1.85354,1.85395,1.85314,1.85323
2026-05-14 16:15:00,1.85323,1.85335,1.8523100000000001,1.8527900000000002
2026-05-14 16:30:00,1.85278,1.85282,1.85128,1.8520400000000001
2026-05-14 16:45:00,1.85203,1.85307,1.85169,1.85285
2026-05-14 17:00:00,1.85284,1.85301,1.85226,1.8524500000000002
2026-05-14 17:15:00,1.8524500000000002,1.85335,1.85206,1.85335
2026-05-14 17:30:00,1.85335,1.85371,1.85287,1.85287
2026-05-14 17:45:00,1.85291,1.85359,1.8507799999999999,1.85103
2026-05-14 18:00:00,1.85102,1.85199,1.8505500000000001,1.8508900000000001
2026-05-14 18:15:00,1.8508900000000001,1.85117,1.85041,1.85092
2026-05-14 18:30:00,1.85092,1.8510900000000001,1.84886,1.84917
2026-05-14 18:45:00,1.84916,1.84984,1.84914,1.84951
2026-05-14 19:00:00,1.84951,1.84972,1.8466900000000002,1.8468499999999999
2026-05-14 19:15:00,1.8468499999999999,1.8470499999999999,1.84517,1.84569
2026-05-14 19:30:00,1.84568,1.8457400000000002,1.8434300000000001,1.84352
2026-05-14 19:45:00,1.84354,1.84444,1.84352,1.84432
2026-05-14 20:00:00,1.84433,1.84459,1.84303,1.8435000000000001
2026-05-14 20:15:00,1.84348,1.8435899999999998,1.84238,1.84275
2026-05-14 20:30:00,1.84274,1.84283,1.84112,1.8412
2026-05-14 20:45:00,1.84121,1.8412199999999999,1.84002,1.84021
2026-05-14 21:00:00,1.84019,1.8403800000000001,1.8387099999999998,1.83881
2026-05-14 21:15:00,1.8388200000000001,1.83937,1.83796,1.83921
2026-05-14 21:30:00,1.8392,1.8398400000000001,1.83887,1.8392
2026-05-14 21:45:00,1.8391899999999999,1.8395700000000001,1.8388499999999999,1.8394599999999999
2026-05-14 22:00:00,1.83944,1.8400400000000001,1.8393899999999999,1.83979
2026-05-14 22:15:00,1.83979,1.83999,1.8396599999999999,1.83968
2026-05-14 22:30:00,1.83969,1.83985,1.83873,1.839
2026-05-14 22:45:00,1.839,1.8393000000000002,1.83838,1.8387
2026-05-14 23:00:00,1.83873,1.83902,1.83785,1.83827
2026-05-14 23:15:00,1.83827,1.8385799999999999,1.8379699999999999,1.83802
2026-05-14 23:30:00,1.83803,1.83852,1.83789,1.8383699999999998
2026-05-14 23:45:00,1.83836,1.8384,1.8376700000000001,1.83813
2026-05-15 00:00:00,1.8383699999999998,1.83853,1.83717,1.83788
2026-05-15 00:15:00,1.83784,1.83838,1.83782,1.83838
2026-05-15 00:30:00,1.8383699999999998,1.8389,1.83836,1.83847
2026-05-15 00:45:00,1.83859,1.83868,1.83796,1.8384200000000002
2026-05-15 01:00:00,1.8385099999999999,1.83867,1.8376700000000001,1.8377599999999998
2026-05-15 01:15:00,1.83772,1.8378999999999999,1.83759,1.83773
2026-05-15 01:30:00,1.83772,1.83791,1.8376299999999999,1.83773
2026-05-15 01:45:00,1.83772,1.83792,1.8376299999999999,1.83785
2026-05-15 02:00:00,1.83786,1.83792,1.8366799999999999,1.8369
2026-05-15 02:15:00,1.8369,1.8372000000000002,1.83667,1.8371499999999998
2026-05-15 02:30:00,1.8371499999999998,1.83856,1.8371300000000002,1.83849
2026-05-15 02:45:00,1.8385099999999999,1.83857,1.83764,1.8377400000000002
2026-05-15 03:00:00,1.83772,1.8381699999999999,1.83728,1.83766
2026-05-15 03:15:00,1.8376700000000001,1.83816,1.83766,1.8379400000000001
2026-05-15 03:30:00,1.83795,1.8379699999999999,1.83678,1.83738
2026-05-15 03:45:00,1.83738,1.83793,1.83732,1.8378299999999999
2026-05-15 04:00:00,1.83782,1.83806,1.83765,1.8377599999999998
2026-05-15 04:15:00,1.83778,1.83778,1.83657,1.83673
2026-05-15 04:30:00,1.83673,1.8374000000000001,1.83655,1.83718
2026-05-15 04:45:00,1.83719,1.8372199999999999,1.83676,1.83678
2026-05-15 05:00:00,1.83677,1.83681,1.83637,1.83671
2026-05-15 05:15:00,1.83671,1.8370199999999999,1.83633,1.83678
2026-05-15 05:30:00,1.8367900000000001,1.83744,1.83659,1.83743
2026-05-15 05:45:00,1.83742,1.83807,1.8372600000000001,1.8375
2026-05-15 06:00:00,1.83751,1.83786,1.8374700000000002,1.83773
2026-05-15 06:15:00,1.8377400000000002,1.83793,1.8376299999999999,1.8377599999999998
2026-05-15 06:30:00,1.83777,1.8378299999999999,1.83743,1.83761
2026-05-15 06:45:00,1.8376299999999999,1.83795,1.83745,1.8378700000000001
2026-05-15 07:00:00,1.8378700000000001,1.8378700000000001,1.83735,1.8374899999999998
2026-05-15 07:15:00,1.8374899999999998,1.83762,1.8373,1.83731
2026-05-15 07:30:00,1.83731,1.83761,1.83723,1.83727
2026-05-15 07:45:00,1.83727,1.83744,1.83687,1.83694
2026-05-15 08:00:00,1.8369499999999999,1.83745,1.8367,1.83696
2026-05-15 08:15:00,1.83696,1.83718,1.83646,1.83685
2026-05-15 08:30:00,1.8368600000000002,1.8368799999999998,1.83556,1.8357999999999999
2026-05-15 08:45:00,1.83581,1.83582,1.8349199999999999,1.83498
2026-05-15 09:00:00,1.83497,1.8357299999999999,1.8344200000000002,1.8346200000000001
2026-05-15 09:15:00,1.83465,1.83473,1.8328799999999998,1.83301
2026-05-15 09:30:00,1.83298,1.83567,1.83291,1.8355299999999999
2026-05-15 09:45:00,1.8355299999999999,1.83622,1.83537,1.8359999999999999
2026-05-15 10:00:00,1.83602,1.83705,1.83563,1.8366099999999999
2026-05-15 10:15:00,1.83662,1.8378999999999999,1.8361399999999999,1.83746
2026-05-15 10:30:00,1.83745,1.83803,1.83704,1.83723
2026-05-15 10:45:00,1.8372600000000001,1.83789,1.83711,1.83718
2026-05-15 11:00:00,1.83718,1.83739,1.83642,1.83664
2026-05-15 11:15:00,1.83662,1.83663,1.83526,1.83528
2026-05-15 11:30:00,1.83529,1.83548,1.83457,1.83541
2026-05-15 11:45:00,1.83545,1.83554,1.8342399999999999,1.83476
2026-05-15 12:00:00,1.83477,1.83477,1.8332600000000001,1.83362
2026-05-15 12:15:00,1.83362,1.83452,1.8334000000000001,1.83446
2026-05-15 12:30:00,1.83445,1.8351600000000001,1.8342800000000001,1.8351
2026-05-15 12:45:00,1.83509,1.83637,1.8348900000000001,1.8357999999999999
2026-05-15 13:00:00,1.83583,1.8369900000000001,1.83583,1.83678
2026-05-15 13:15:00,1.83677,1.83717,1.83613,1.8367
2026-05-15 13:30:00,1.83671,1.83785,1.83646,1.83782
2026-05-15 13:45:00,1.83785,1.8396599999999999,1.83777,1.83906
2026-05-15 14:00:00,1.8390499999999999,1.8392,1.83804,1.83867
2026-05-15 14:15:00,1.83867,1.83915,1.83833,1.83846
2026-05-15 14:30:00,1.83847,1.8385500000000001,1.8372000000000002,1.8377
2026-05-15 14:45:00,1.83769,1.8380100000000001,1.83708,1.83721
2026-05-15 15:00:00,1.83721,1.83773,1.83658,1.83676
2026-05-15 15:15:00,1.83677,1.83789,1.8366,1.83712
2026-05-15 15:30:00,1.8371499999999998,1.83723,1.83526,1.8355299999999999
2026-05-15 15:45:00,1.83554,1.83692,1.8355299999999999,1.83658
2026-05-15 16:00:00,1.83658,1.83734,1.8363399999999999,1.83712
2026-05-15 16:15:00,1.83712,1.83795,1.83683,1.8376700000000001
2026-05-15 16:30:00,1.8376700000000001,1.8382100000000001,1.83642,1.83647
2026-05-15 16:45:00,1.83647,1.8366500000000001,1.83526,1.8354599999999999
2026-05-15 17:00:00,1.8354300000000001,1.83673,1.83514,1.83663
2026-05-15 17:15:00,1.83663,1.83802,1.8365200000000002,1.8367200000000001
2026-05-15 17:30:00,1.83671,1.8371300000000002,1.83541,1.8357999999999999
2026-05-15 17:45:00,1.83581,1.83703,1.83563,1.8361100000000001
2026-05-15 18:00:00,1.83609,1.83626,1.83476,1.8350499999999998
2026-05-15 18:15:00,1.8350499999999998,1.83517,1.83284,1.83331
2026-05-15 18:30:00,1.83332,1.83348,1.8319299999999998,1.83222
2026-05-15 18:45:00,1.83222,1.8330899999999999,1.83192,1.83308
2026-05-15 19:00:00,1.83311,1.83323,1.83176,1.8318699999999999
2026-05-15 19:15:00,1.83186,1.8319299999999998,1.83115,1.8312
2026-05-15 19:30:00,1.83121,1.8316400000000002,1.8308900000000001,1.83135
2026-05-15 19:45:00,1.83135,1.83156,1.83068,1.83093
2026-05-15 20:00:00,1.83094,1.83128,1.8302399999999999,1.83125
2026-05-15 20:15:00,1.83124,1.83209,1.8311600000000001,1.8315700000000001
2026-05-15 20:30:00,1.83155,1.8321100000000001,1.83144,1.8318699999999999
2026-05-15 20:45:00,1.83185,1.83223,1.83124,1.83148
2026-05-15 21:00:00,1.83148,1.83246,1.8314599999999999,1.83228
2026-05-15 21:15:00,1.8322699999999998,1.8326099999999999,1.8318699999999999,1.8323399999999999
2026-05-15 21:30:00,1.8323399999999999,1.8324500000000001,1.8320400000000001,1.83239
2026-05-15 21:45:00,1.83239,1.8326500000000001,1.8318699999999999,1.83215
2026-05-15 22:00:00,1.8322,1.83229,1.8319999999999999,1.83221
2026-05-15 22:15:00,1.83221,1.83256,1.83189,1.8321399999999999
2026-05-15 22:30:00,1.83213,1.8324799999999999,1.8319999999999999,1.83215
2026-05-15 22:45:00,1.8321399999999999,1.83262,1.83147,1.83178
2026-05-15 23:00:00,1.8317700000000001,1.8320699999999999,1.8315000000000001,1.8319100000000001
2026-05-15 23:15:00,1.83192,1.83197,1.83152,1.83156
2026-05-15 23:30:00,1.83156,1.8322500000000002,1.83127,1.8319800000000002
2026-05-15 23:45:00,1.83203,1.83203,1.8312300000000001,1.83169
2026-05-18 00:00:00,1.8299699999999999,1.8300800000000002,1.82993,1.83005
2026-05-18 00:15:00,1.8298999999999999,1.83109,1.8298999999999999,1.83102
2026-05-18 00:30:00,1.83104,1.8313700000000002,1.8307099999999998,1.83129
2026-05-18 00:45:00,1.83129,1.83151,1.83113,1.83113
2026-05-18 01:00:00,1.8311600000000001,1.83148,1.8306200000000001,1.8312300000000001
2026-05-18 01:15:00,1.8312300000000001,1.83129,1.8303,1.83067
2026-05-18 01:30:00,1.83067,1.83083,1.83034,1.83072
2026-05-18 01:45:00,1.83072,1.83124,1.83068,1.8312300000000001
2026-05-18 02:00:00,1.83124,1.83161,1.8311600000000001,1.83155
2026-05-18 02:15:00,1.83156,1.8317299999999999,1.8313199999999998,1.83134
2026-05-18 02:30:00,1.83134,1.8316599999999998,1.8312,1.83149
2026-05-18 02:45:00,1.8315000000000001,1.83169,1.8313199999999998,1.8316
2026-05-18 03:00:00,1.83159,1.83222,1.8313899999999999,1.83178
2026-05-18 03:15:00,1.83179,1.83194,1.83136,1.83144
2026-05-18 03:30:00,1.83144,1.8317700000000001,1.83102,1.83109
2026-05-18 03:45:00,1.83109,1.83131,1.83094,1.8312599999999999
2026-05-18 04:00:00,1.83128,1.83141,1.83043,1.83045
2026-05-18 04:15:00,1.8304399999999998,1.83073,1.83022,1.83064
2026-05-18 04:30:00,1.83067,1.8310499999999998,1.83056,1.8308499999999999
2026-05-18 04:45:00,1.8308499999999999,1.83134,1.83084,1.8308900000000001
2026-05-18 05:00:00,1.83088,1.83135,1.8307600000000002,1.83133
2026-05-18 05:15:00,1.83131,1.8313899999999999,1.83101,1.83113
2026-05-18 05:30:00,1.8311199999999999,1.83135,1.831,1.8311
2026-05-18 05:45:00,1.8311,1.8311,1.8306900000000002,1.83088
2026-05-18 06:00:00,1.83087,1.8309199999999999,1.8306,1.83074
2026-05-18 06:15:00,1.83075,1.83093,1.83059,1.8308900000000001
2026-05-18 06:30:00,1.8309,1.83093,1.83061,1.8308
2026-05-18 06:45:00,1.8308,1.8310300000000002,1.83053,1.8307600000000002
2026-05-18 07:00:00,1.83077,1.83138,1.83075,1.83121
2026-05-18 07:15:00,1.83121,1.83135,1.8307600000000002,1.8308200000000001
2026-05-18 07:30:00,1.83083,1.8311899999999999,1.83075,1.8311199999999999
2026-05-18 07:45:00,1.83111,1.83129,1.831,1.83124
2026-05-18 08:00:00,1.83125,1.83172,1.83099,1.83171
2026-05-18 08:15:00,1.8317,1.83178,1.83131,1.83171
2026-05-18 08:30:00,1.83171,1.83247,1.8317,1.83222
2026-05-18 08:45:00,1.83222,1.83243,1.83195,1.8321399999999999
2026-05-18 09:00:00,1.8321399999999999,1.83369,1.8320400000000001,1.8336700000000001
2026-05-18 09:15:00,1.8336700000000001,1.83464,1.83359,1.8344200000000002
2026-05-18 09:30:00,1.83441,1.835,1.83422,1.83484
2026-05-18 09:45:00,1.8348499999999999,1.83559,1.8342399999999999,1.8354300000000001
2026-05-18 10:00:00,1.83547,1.83568,1.83465,1.8348
2026-05-18 10:15:00,1.83479,1.83498,1.8343099999999999,1.8345099999999999
2026-05-18 10:30:00,1.83452,1.83534,1.8344,1.83509
2026-05-18 10:45:00,1.83507,1.83576,1.83494,1.83529
2026-05-18 11:00:00,1.83528,1.8359299999999998,1.835,1.83525
2026-05-18 11:15:00,1.83524,1.8362500000000002,1.8349,1.83624
2026-05-18 11:30:00,1.8362699999999998,1.83816,1.83624,1.83716
2026-05-18 11:45:00,1.83717,1.83864,1.8371499999999998,1.83752
2026-05-18 12:00:00,1.8375,1.83766,1.83696,1.83721
2026-05-18 12:15:00,1.8372000000000002,1.8376299999999999,1.83681,1.83701
2026-05-18 12:30:00,1.837,1.83712,1.83643,1.8364500000000001
2026-05-18 12:45:00,1.83646,1.8365399999999998,1.8358400000000001,1.8363800000000001
2026-05-18 13:00:00,1.83639,1.83693,1.8358400000000001,1.83602
2026-05-18 13:15:00,1.83602,1.83617,1.8356,1.83597
2026-05-18 13:30:00,1.83598,1.83603,1.83517,1.8355299999999999
2026-05-18 13:45:00,1.83556,1.83556,1.8344,1.83453
2026-05-18 14:00:00,1.83452,1.83623,1.83448,1.8362
2026-05-18 14:15:00,1.8362,1.83659,1.8360699999999999,1.83642
2026-05-18 14:30:00,1.83643,1.8388200000000001,1.83642,1.83854
2026-05-18 14:45:00,1.83854,1.8388200000000001,1.8380100000000001,1.8386900000000002
2026-05-18 15:00:00,1.8387,1.8393199999999998,1.8385099999999999,1.83888
2026-05-18 15:15:00,1.8388900000000001,1.8394599999999999,1.8385099999999999,1.83931
2026-05-18 15:30:00,1.8393199999999998,1.8404,1.83913,1.8399999999999999
2026-05-18 15:45:00,1.83999,1.84059,1.83945,1.8403
2026-05-18 16:00:00,1.84032,1.84044,1.83944,1.8396400000000002
2026-05-18 16:15:00,1.8396400000000002,1.83982,1.83901,1.8394
2026-05-18 16:30:00,1.83937,1.83952,1.83868,1.8389799999999998
2026-05-18 16:45:00,1.83901,1.8414199999999998,1.83894,1.84046
2026-05-18 17:00:00,1.8404500000000001,1.8408799999999998,1.8399999999999999,1.8403399999999999
2026-05-18 17:15:00,1.84033,1.84159,1.83999,1.84067
2026-05-18 17:30:00,1.84067,1.84091,1.83958,1.8406099999999999
2026-05-18 17:45:00,1.84064,1.84132,1.84028,1.8404500000000001
2026-05-18 18:00:00,1.84044,1.84124,1.8396,1.84105
2026-05-18 18:15:00,1.84105,1.84152,1.84069,1.84119
2026-05-18 18:30:00,1.8412,1.84286,1.84105,1.84231
2026-05-18 18:45:00,1.84231,1.84505,1.84223,1.84396
2026-05-18 19:00:00,1.84395,1.84733,1.84369,1.84708
2026-05-18 19:15:00,1.84708,1.8477000000000001,1.84519,1.8452899999999999
2026-05-18 19:30:00,1.84528,1.8458999999999999,1.8449,1.8450600000000001
2026-05-18 19:45:00,1.84507,1.8459400000000001,1.8449,1.84525
2026-05-18 20:00:00,1.84527,1.84588,1.845,1.84509
2026-05-18 20:15:00,1.84509,1.84561,1.84503,1.8454000000000002
2026-05-18 20:30:00,1.84541,1.84559,1.84494,1.84507
2026-05-18 20:45:00,1.8450600000000001,1.8451,1.84406,1.8440699999999999
2026-05-18 21:00:00,1.84408,1.84413,1.84341,1.84381
2026-05-18 21:15:00,1.84382,1.84395,1.84295,1.84376
2026-05-18 21:30:00,1.84375,1.84398,1.84311,1.8433899999999999
2026-05-18 21:45:00,1.8434,1.84354,1.84263,1.84274
2026-05-18 22:00:00,1.84273,1.84527,1.8425,1.8442699999999999
2026-05-18 22:15:00,1.84428,1.8447900000000002,1.84403,1.8443
2026-05-18 22:30:00,1.84433,1.84489,1.84429,1.84477
2026-05-18 22:45:00,1.84476,1.84555,1.84474,1.84503
2026-05-18 23:00:00,1.84504,1.84585,1.84504,1.84579
2026-05-18 23:15:00,1.84581,1.8459699999999999,1.8455,1.84566
2026-05-18 23:30:00,1.8456700000000001,1.84592,1.84544,1.84584
2026-05-18 23:45:00,1.84584,1.8459400000000001,1.84532,1.84536
2026-05-19 00:00:00,1.8446,1.8446,1.84291,1.8436599999999999
2026-05-19 00:15:00,1.8437000000000001,1.84443,1.8437000000000001,1.84443
2026-05-19 00:30:00,1.84444,1.8451,1.84444,1.84498
2026-05-19 00:45:00,1.84511,1.84578,1.8445,1.8445
2026-05-19 01:00:00,1.8449,1.84579,1.8446500000000001,1.84536
2026-05-19 01:15:00,1.84531,1.84569,1.8453,1.8454700000000002
2026-05-19 01:30:00,1.84548,1.8457,1.84546,1.84548
2026-05-19 01:45:00,1.84548,1.84561,1.8454000000000002,1.84541
2026-05-19 02:00:00,1.84543,1.8455300000000001,1.84534,1.84539
2026-05-19 02:15:00,1.84538,1.84555,1.84535,1.84552
2026-05-19 02:30:00,1.84552,1.84565,1.84539,1.84564
2026-05-19 02:45:00,1.84564,1.84565,1.8451499999999998,1.84524
2026-05-19 03:00:00,1.8452199999999999,1.8454199999999998,1.8449499999999999,1.8452899999999999
2026-05-19 03:15:00,1.84528,1.84539,1.8448799999999999,1.8451499999999998
2026-05-19 03:30:00,1.84518,1.84543,1.84487,1.8450600000000001
2026-05-19 03:45:00,1.84505,1.84514,1.8447200000000001,1.84478
2026-05-19 04:00:00,1.84476,1.8448600000000002,1.84457,1.84464
2026-05-19 04:15:00,1.84464,1.8448799999999999,1.84457,1.8447900000000002
2026-05-19 04:30:00,1.8447900000000002,1.84504,1.8441999999999998,1.8449900000000001
2026-05-19 04:45:00,1.84498,1.8450199999999999,1.84449,1.84451
2026-05-19 05:00:00,1.84453,1.84455,1.84371,1.84402
2026-05-19 05:15:00,1.84403,1.8446,1.84382,1.84443
2026-05-19 05:30:00,1.84443,1.84457,1.84422,1.84449
2026-05-19 05:45:00,1.8445,1.8445200000000002,1.84399,1.84415
2026-05-19 06:00:00,1.84415,1.8441800000000002,1.84362,1.8437299999999999
2026-05-19 06:15:00,1.84375,1.84423,1.84368,1.84398
2026-05-19 06:30:00,1.84397,1.8443,1.84386,1.8440699999999999
2026-05-19 06:45:00,1.84409,1.84415,1.8437700000000001,1.8437700000000001
2026-05-19 07:00:00,1.84379,1.84402,1.84369,1.84396
2026-05-19 07:15:00,1.84395,1.84406,1.8437700000000001,1.84392
2026-05-19 07:30:00,1.8439299999999998,1.8443,1.8439299999999998,1.84401
2026-05-19 07:45:00,1.84401,1.8441,1.84352,1.84352
2026-05-19 08:00:00,1.84352,1.8437700000000001,1.84328,1.8435000000000001
2026-05-19 08:15:00,1.84352,1.84353,1.84288,1.84324
2026-05-19 08:30:00,1.84321,1.84392,1.8430499999999999,1.84369
2026-05-19 08:45:00,1.84369,1.84437,1.84348,1.8441800000000002
2026-05-19 09:00:00,1.84414,1.84416,1.84246,1.84277
2026-05-19 09:15:00,1.84277,1.84397,1.84275,1.84374
2026-05-19 09:30:00,1.84374,1.84382,1.84234,1.84247
2026-05-19 09:45:00,1.84247,1.84247,1.84168,1.84191
2026-05-19 10:00:00,1.84188,1.84188,1.8408099999999998,1.84144
2026-05-19 10:15:00,1.84143,1.84164,1.8408799999999998,1.84127
2026-05-19 10:30:00,1.84127,1.84211,1.8411,1.84179
2026-05-19 10:45:00,1.84179,1.84272,1.84178,1.84259
2026-05-19 11:00:00,1.8426,1.8427099999999998,1.8414199999999998,1.8416000000000001
2026-05-19 11:15:00,1.8416000000000001,1.84284,1.84158,1.8426399999999998
2026-05-19 11:30:00,1.84266,1.84314,1.84206,1.84247
2026-05-19 11:45:00,1.84247,1.8429,1.84175,1.84277
2026-05-19 12:00:00,1.84277,1.84351,1.8425500000000001,1.84274
2026-05-19 12:15:00,1.84273,1.8439100000000002,1.8424800000000001,1.84379
2026-05-19 12:30:00,1.84381,1.8446500000000001,1.8433199999999998,1.84455
2026-05-19 12:45:00,1.84456,1.84534,1.84423,1.84525
2026-05-19 13:00:00,1.84525,1.8455599999999999,1.84456,1.84551
2026-05-19 13:15:00,1.8455,1.84646,1.84544,1.84598
2026-05-19 13:30:00,1.84598,1.84622,1.84436,1.84446
2026-05-19 13:45:00,1.84447,1.8454000000000002,1.84432,1.8449900000000001
2026-05-19 14:00:00,1.8449900000000001,1.84504,1.84398,1.84401
2026-05-19 14:15:00,1.8439999999999999,1.8441100000000001,1.8425500000000001,1.84276
2026-05-19 14:30:00,1.84276,1.8431899999999999,1.8424800000000001,1.8426399999999998
2026-05-19 14:45:00,1.84267,1.8433000000000002,1.84253,1.84315
2026-05-19 15:00:00,1.84314,1.8449499999999999,1.8429,1.84493
2026-05-19 15:15:00,1.84493,1.84519,1.84417,1.8446500000000001
2026-05-19 15:30:00,1.84467,1.84771,1.84432,1.847
2026-05-19 15:45:00,1.84699,1.84737,1.8447900000000002,1.8454199999999998
2026-05-19 16:00:00,1.8454000000000002,1.84577,1.8437299999999999,1.8440699999999999
2026-05-19 16:15:00,1.84406,1.84423,1.84253,1.84283
2026-05-19 16:30:00,1.84281,1.84394,1.84281,1.84358
2026-05-19 16:45:00,1.8435899999999998,1.84497,1.843,1.8446799999999999
2026-05-19 17:00:00,1.8446799999999999,1.8448799999999999,1.84268,1.8428
2026-05-19 17:15:00,1.84279,1.84294,1.84206,1.84276
2026-05-19 17:30:00,1.84277,1.84325,1.8420100000000001,1.84277
2026-05-19 17:45:00,1.84276,1.8446,1.84205,1.84413
2026-05-19 18:00:00,1.84413,1.84451,1.84355,1.84385
2026-05-19 18:15:00,1.8438400000000001,1.8439,1.84297,1.84344
2026-05-19 18:30:00,1.84344,1.84396,1.84293,1.8429799999999998
2026-05-19 18:45:00,1.84297,1.84361,1.84287,1.843
2026-05-19 19:00:00,1.84299,1.84301,1.84225,1.84227
2026-05-19 19:15:00,1.84227,1.8424399999999999,1.84184,1.84218
2026-05-19 19:30:00,1.84219,1.84245,1.8419400000000001,1.8422399999999999
2026-05-19 19:45:00,1.84223,1.8425500000000001,1.84191,1.84218
2026-05-19 20:00:00,1.84218,1.8441,1.84218,1.8441
2026-05-19 20:15:00,1.8441,1.84421,1.84363,1.84381
2026-05-19 20:30:00,1.84382,1.84392,1.8431600000000001,1.84363
2026-05-19 20:45:00,1.84362,1.84414,1.84341,1.84381
2026-05-19 21:00:00,1.84382,1.8439299999999998,1.8434,1.84355
2026-05-19 21:15:00,1.84353,1.84361,1.84275,1.8427799999999999
2026-05-19 21:30:00,1.84279,1.8430499999999999,1.8424,1.84299
2026-05-19 21:45:00,1.84299,1.8430499999999999,1.84191,1.84195
2026-05-19 22:00:00,1.8419400000000001,1.84253,1.84186,1.84245
2026-05-19 22:15:00,1.8424399999999999,1.8425799999999999,1.84219,1.84233
2026-05-19 22:30:00,1.84231,1.84266,1.84202,1.84212
2026-05-19 22:45:00,1.84213,1.8428900000000001,1.84199,1.8424
2026-05-19 23:00:00,1.84239,1.8425500000000001,1.84196,1.84226
2026-05-19 23:15:00,1.84225,1.84246,1.8422,1.84234
2026-05-19 23:30:00,1.8423500000000002,1.84284,1.84229,1.84232
2026-05-19 23:45:00,1.84232,1.84232,1.84066,1.84071
2026-05-20 00:00:00,1.8408,1.8413599999999999,1.84037,1.84101
2026-05-20 00:15:00,1.84104,1.84131,1.8406,1.8410199999999999
2026-05-20 00:30:00,1.8412,1.84165,1.8406099999999999,1.84089
2026-05-20 00:45:00,1.841,1.84127,1.84063,1.8408099999999998
2026-05-20 01:00:00,1.84077,1.8415300000000001,1.84077,1.84127
2026-05-20 01:15:00,1.84127,1.8414199999999998,1.84104,1.8411
2026-05-20 01:30:00,1.84111,1.84134,1.84097,1.84111
2026-05-20 01:45:00,1.84116,1.84124,1.8410600000000001,1.84119
2026-05-20 02:00:00,1.84121,1.8415,1.8412,1.84148
2026-05-20 02:15:00,1.8414899999999998,1.8416000000000001,1.84146,1.84158
2026-05-20 02:30:00,1.84159,1.8419400000000001,1.8415599999999999,1.8417
2026-05-20 02:45:00,1.84171,1.84198,1.8416000000000001,1.8416700000000001
2026-05-20 03:00:00,1.84166,1.84205,1.8415300000000001,1.84195
2026-05-20 03:15:00,1.84196,1.8428,1.84184,1.8427
2026-05-20 03:30:00,1.8427099999999998,1.8429,1.84199,1.8420999999999998
2026-05-20 03:45:00,1.84209,1.8425099999999999,1.84175,1.8419699999999999
2026-05-20 04:00:00,1.8419699999999999,1.8422,1.84159,1.84179
2026-05-20 04:15:00,1.84179,1.84193,1.84091,1.84091
2026-05-20 04:30:00,1.8409200000000001,1.84131,1.84049,1.84082
2026-05-20 04:45:00,1.84083,1.8415599999999999,1.84071,1.8412899999999999
2026-05-20 05:00:00,1.84128,1.84158,1.8412,1.84145
2026-05-20 05:15:00,1.84146,1.84225,1.84132,1.84175
2026-05-20 05:30:00,1.8417400000000002,1.84186,1.84109,1.8417400000000002
2026-05-20 05:45:00,1.84173,1.8420999999999998,1.84172,1.8418700000000001
2026-05-20 06:00:00,1.8418700000000001,1.8418999999999999,1.8416299999999999,1.84179
2026-05-20 06:15:00,1.8418,1.8424800000000001,1.84177,1.8423500000000002
2026-05-20 06:30:00,1.8423699999999998,1.8432,1.84227,1.84302
2026-05-20 06:45:00,1.84302,1.8431899999999999,1.8429,1.84303
2026-05-20 07:00:00,1.84302,1.84369,1.84297,1.84344
2026-05-20 07:15:00,1.8434300000000001,1.84361,1.84311,1.8431899999999999
2026-05-20 07:30:00,1.84317,1.8431899999999999,1.84247,1.8427099999999998
2026-05-20 07:45:00,1.8427099999999998,1.84275,1.8422399999999999,1.84236
2026-05-20 08:00:00,1.84233,1.84288,1.84233,1.84276
2026-05-20 08:15:00,1.84276,1.8429799999999998,1.84249,1.84252
2026-05-20 08:30:00,1.84252,1.84286,1.84215,1.8422800000000001
2026-05-20 08:45:00,1.84227,1.84288,1.84207,1.84215
2026-05-20 09:00:00,1.84218,1.84259,1.84009,1.84242
2026-05-20 09:15:00,1.84242,1.84428,1.84241,1.8434599999999999
2026-05-20 09:30:00,1.8434599999999999,1.84351,1.8420800000000002,1.84222
2026-05-20 09:45:00,1.84223,1.8426900000000002,1.84172,1.84254
2026-05-20 10:00:00,1.84254,1.84362,1.84182,1.8431899999999999
2026-05-20 10:15:00,1.84317,1.84422,1.8426,1.84415
2026-05-20 10:30:00,1.84414,1.84417,1.8432300000000001,1.84361
2026-05-20 10:45:00,1.84362,1.84401,1.84328,1.8434300000000001
2026-05-20 11:00:00,1.84344,1.84368,1.84223,1.84229
2026-05-20 11:15:00,1.84229,1.8425500000000001,1.84157,1.84253
2026-05-20 11:30:00,1.84254,1.84321,1.84234,1.84297
2026-05-20 11:45:00,1.84299,1.8431899999999999,1.84249,1.84291
2026-05-20 12:00:00,1.8428900000000001,1.8441100000000001,1.84287,1.84398
2026-05-20 12:15:00,1.84401,1.8441800000000002,1.84325,1.84333
2026-05-20 12:30:00,1.8433199999999998,1.84395,1.8431899999999999,1.84378
2026-05-20 12:45:00,1.8437700000000001,1.84426,1.84344,1.8437000000000001
2026-05-20 13:00:00,1.8437000000000001,1.84432,1.84342,1.84422
2026-05-20 13:15:00,1.84422,1.8444099999999999,1.84372,1.84376
2026-05-20 13:30:00,1.8437700000000001,1.8446500000000001,1.84364,1.84443
2026-05-20 13:45:00,1.8444500000000001,1.8448799999999999,1.84429,1.84446
2026-05-20 14:00:00,1.84446,1.84478,1.84423,1.84432
2026-05-20 14:15:00,1.8443100000000001,1.84437,1.84379,1.8439299999999998
2026-05-20 14:30:00,1.84394,1.84413,1.8432300000000001,1.8434599999999999
2026-05-20 14:45:00,1.8434599999999999,1.84386,1.84268,1.84287
2026-05-20 15:00:00,1.8428900000000001,1.84409,1.84281,1.84389
2026-05-20 15:15:00,1.8439,1.84489,1.84338,1.84473
2026-05-20 15:30:00,1.84476,1.8448799999999999,1.8437999999999999,1.8437999999999999
2026-05-20 15:45:00,1.84381,1.84442,1.8435700000000002,1.84364
2026-05-20 16:00:00,1.84363,1.8441,1.84315,1.8438400000000001
2026-05-20 16:15:00,1.84385,1.8439,1.84272,1.8427799999999999
2026-05-20 16:30:00,1.84279,1.84371,1.8427,1.84369
2026-05-20 16:45:00,1.8437000000000001,1.84509,1.84364,1.84446
2026-05-20 17:00:00,1.84446,1.84473,1.84308,1.8443
2026-05-20 17:15:00,1.84432,1.84796,1.8441999999999998,1.84566
2026-05-20 17:30:00,1.8456700000000001,1.8470499999999999,1.8452899999999999,1.84586
2026-05-20 17:45:00,1.84586,1.84695,1.8452899999999999,1.8456700000000001
2026-05-20 18:00:00,1.84568,1.84657,1.84532,1.84625
2026-05-20 18:15:00,1.84625,1.84882,1.8460999999999999,1.84787
2026-05-20 18:30:00,1.84787,1.8488,1.84749,1.84782
2026-05-20 18:45:00,1.84781,1.8487,1.84691,1.8477000000000001
2026-05-20 19:00:00,1.84769,1.84877,1.84762,1.84796
2026-05-20 19:15:00,1.84796,1.84796,1.8465,1.84684
2026-05-20 19:30:00,1.84686,1.8474,1.84633,1.84737
2026-05-20 19:45:00,1.84738,1.8479700000000001,1.8471199999999999,1.84787
2026-05-20 20:00:00,1.84785,1.84884,1.84752,1.84866
2026-05-20 20:15:00,1.8486500000000001,1.849,1.84795,1.8483800000000001
2026-05-20 20:30:00,1.8483800000000001,1.84857,1.84788,1.84819
2026-05-20 20:45:00,1.84821,1.8486,1.84771,1.8477299999999999
2026-05-20 21:00:00,1.8477299999999999,1.84783,1.84729,1.8476599999999999
2026-05-20 21:15:00,1.84767,1.84806,1.84714,1.84751
2026-05-20 21:30:00,1.84755,1.8483100000000001,1.84753,1.84775
2026-05-20 21:45:00,1.84775,1.8483800000000001,1.8477000000000001,1.84801
2026-05-20 22:00:00,1.84799,1.84832,1.84775,1.84794
2026-05-20 22:15:00,1.8479299999999999,1.84821,1.8479299999999999,1.84819
2026-05-20 22:30:00,1.8481800000000002,1.84848,1.8476,1.84769
2026-05-20 22:45:00,1.84769,1.84787,1.84657,1.8466399999999998
2026-05-20 23:00:00,1.84667,1.84721,1.84643,1.84706
2026-05-20 23:15:00,1.8470499999999999,1.84733,1.8465099999999999,1.8468
2026-05-20 23:30:00,1.8468,1.8468,1.8462399999999999,1.84657
2026-05-20 23:45:00,1.8465500000000001,1.84673,1.84619,1.8462100000000001
2026-05-21 00:00:00,1.8457,1.8457400000000002,1.84491,1.84554
2026-05-21 00:15:00,1.84554,1.8457,1.84531,1.84565
2026-05-21 00:30:00,1.84568,1.8465,1.84568,1.8459400000000001
2026-05-21 00:45:00,1.84604,1.84611,1.84585,1.84585
2026-05-21 01:00:00,1.8458299999999999,1.84667,1.8458299999999999,1.84659
2026-05-21 01:15:00,1.8466200000000002,1.84677,1.84634,1.84636
2026-05-21 01:30:00,1.84636,1.84665,1.8463500000000002,1.8465500000000001
2026-05-21 01:45:00,1.8465799999999999,1.84672,1.8465,1.8465799999999999
2026-05-21 02:00:00,1.8466,1.84684,1.84659,1.84679
2026-05-21 02:15:00,1.8467799999999999,1.84679,1.8465,1.8466200000000002
2026-05-21 02:30:00,1.84661,1.84665,1.84638,1.84652
2026-05-21 02:45:00,1.8465,1.8467799999999999,1.84645,1.84663
2026-05-21 03:00:00,1.8466200000000002,1.8466399999999998,1.84631,1.84649
2026-05-21 03:15:00,1.8464800000000001,1.84656,1.84607,1.84652
2026-05-21 03:30:00,1.84654,1.84715,1.84646,1.84704
2026-05-21 03:45:00,1.84703,1.8474300000000001,1.84701,1.8472300000000001
2026-05-21 04:00:00,1.84721,1.84783,1.84721,1.84765
2026-05-21 04:15:00,1.84772,1.84798,1.84767,1.84774
2026-05-21 04:30:00,1.84774,1.84836,1.84752,1.8480699999999999
2026-05-21 04:45:00,1.8480699999999999,1.84817,1.84763,1.8478599999999998
2026-05-21 05:00:00,1.8478599999999998,1.8481800000000002,1.8478400000000001,1.8478400000000001
2026-05-21 05:15:00,1.8478599999999998,1.84792,1.8472499999999998,1.8473199999999999
2026-05-21 05:30:00,1.8473000000000002,1.84742,1.8468200000000001,1.84699
2026-05-21 05:45:00,1.8469799999999998,1.84782,1.8467799999999999,1.84765
2026-05-21 06:00:00,1.84765,1.84801,1.84763,1.84775
2026-05-21 06:15:00,1.84775,1.84803,1.84761,1.84789
2026-05-21 06:30:00,1.8479,1.8480400000000001,1.84779,1.84801
2026-05-21 06:45:00,1.84801,1.8480699999999999,1.84762,1.84771
2026-05-21 07:00:00,1.8477000000000001,1.8479100000000002,1.84761,1.8479
2026-05-21 07:15:00,1.84788,1.8479100000000002,1.8474,1.84764
2026-05-21 07:30:00,1.84764,1.84788,1.84754,1.8478599999999998
2026-05-21 07:45:00,1.8478599999999998,1.84836,1.84775,1.84822
2026-05-21 08:00:00,1.8481999999999998,1.84842,1.84809,1.84842
2026-05-21 08:15:00,1.8484,1.8485399999999998,1.84813,1.84832
2026-05-21 08:30:00,1.84832,1.8485800000000001,1.84819,1.84846
2026-05-21 08:45:00,1.84846,1.8486,1.8479999999999999,1.84848
2026-05-21 09:00:00,1.8484699999999998,1.84925,1.84839,1.84903
2026-05-21 09:15:00,1.84904,1.84904,1.8481800000000002,1.8485800000000001
2026-05-21 09:30:00,1.8485800000000001,1.8486,1.8479999999999999,1.84817
2026-05-21 09:45:00,1.84817,1.84893,1.8479999999999999,1.8487900000000002
2026-05-21 10:00:00,1.84878,1.84947,1.84875,1.8491300000000002
2026-05-21 10:15:00,1.84909,1.84909,1.8471199999999999,1.84738
2026-05-21 10:30:00,1.84753,1.8486099999999999,1.8473600000000001,1.8485800000000001
2026-05-21 10:45:00,1.84853,1.84977,1.84853,1.84938
2026-05-21 11:00:00,1.84945,1.8514300000000001,1.84925,1.8508200000000001
2026-05-21 11:15:00,1.85083,1.85156,1.8496700000000001,1.8504800000000001
2026-05-21 11:30:00,1.8505099999999999,1.8505099999999999,1.84863,1.84889
2026-05-21 11:45:00,1.84889,1.8498,1.8486500000000001,1.84943
2026-05-21 12:00:00,1.84944,1.85053,1.84931,1.8502399999999999
2026-05-21 12:15:00,1.85023,1.85079,1.84997,1.85025
2026-05-21 12:30:00,1.8502399999999999,1.8505500000000001,1.84965,1.84978
2026-05-21 12:45:00,1.84978,1.85027,1.84965,1.85026
2026-05-21 13:00:00,1.85026,1.85067,1.85,1.8502800000000001
2026-05-21 13:15:00,1.85029,1.8503699999999998,1.8483800000000001,1.84855
2026-05-21 13:30:00,1.84859,1.84859,1.84694,1.8479100000000002
2026-05-21 13:45:00,1.84792,1.84821,1.8471600000000001,1.84762
2026-05-21 14:00:00,1.84763,1.84866,1.84758,1.8484699999999998
2026-05-21 14:15:00,1.8484699999999998,1.8492600000000001,1.8483399999999999,1.84923
2026-05-21 14:30:00,1.84924,1.84932,1.8483800000000001,1.8485200000000002
2026-05-21 14:45:00,1.84853,1.84891,1.84724,1.84775
2026-05-21 15:00:00,1.84775,1.84846,1.84692,1.8471600000000001
2026-05-21 15:15:00,1.84717,1.84783,1.84657,1.84688
2026-05-21 15:30:00,1.84684,1.84821,1.84684,1.84821
2026-05-21 15:45:00,1.84819,1.84859,1.84734,1.84742
2026-05-21 16:00:00,1.84741,1.84877,1.84738,1.84781
2026-05-21 16:15:00,1.8477999999999999,1.84828,1.84738,1.84814
2026-05-21 16:30:00,1.84816,1.84822,1.84618,1.84629
2026-05-21 16:45:00,1.84629,1.84885,1.84619,1.84772
2026-05-21 17:00:00,1.84772,1.8487,1.84753,1.84836
2026-05-21 17:15:00,1.84832,1.84905,1.84779,1.8485200000000002
2026-05-21 17:30:00,1.84851,1.8497599999999998,1.84851,1.84937
2026-05-21 17:45:00,1.84938,1.84951,1.84774,1.8490199999999999
2026-05-21 18:00:00,1.84901,1.8491300000000002,1.8473899999999999,1.84798
2026-05-21 18:15:00,1.8479700000000001,1.8487200000000001,1.84758,1.84764
2026-05-21 18:30:00,1.84762,1.8481999999999998,1.84691,1.84747
2026-05-21 18:45:00,1.84747,1.8482699999999999,1.8473000000000002,1.84809
2026-05-21 19:00:00,1.84813,1.84867,1.84764,1.84835
2026-05-21 19:15:00,1.8483399999999999,1.8485399999999998,1.84783,1.84817
2026-05-21 19:30:00,1.8481800000000002,1.84882,1.84785,1.8488099999999998
2026-05-21 19:45:00,1.84882,1.84886,1.8476599999999999,1.84814
2026-05-21 20:00:00,1.84814,1.84944,1.8479299999999999,1.84941
2026-05-21 20:15:00,1.8494199999999998,1.85092,1.84941,1.85068
2026-05-21 20:30:00,1.85068,1.85189,1.8501400000000001,1.85178
2026-05-21 20:45:00,1.85178,1.85246,1.85154,1.85183
2026-05-21 21:00:00,1.85182,1.85201,1.8507,1.85147
2026-05-21 21:15:00,1.85147,1.8515899999999998,1.85102,1.8510499999999999
2026-05-21 21:30:00,1.85106,1.85182,1.85083,1.85152
2026-05-21 21:45:00,1.85151,1.85174,1.84947,1.85013
2026-05-21 22:00:00,1.8500999999999999,1.85059,1.84998,1.85052
2026-05-21 22:15:00,1.85052,1.85149,1.8505099999999999,1.85141
2026-05-21 22:30:00,1.85142,1.85164,1.8508499999999999,1.85086
2026-05-21 22:45:00,1.8508499999999999,1.8514300000000001,1.8504,1.85101
2026-05-21 23:00:00,1.85102,1.85155,1.85091,1.8511
2026-05-21 23:15:00,1.8511,1.8511,1.8505,1.8507799999999999
2026-05-21 23:30:00,1.85079,1.8509,1.85053,1.85059
2026-05-21 23:45:00,1.85066,1.85079,1.84964,1.84973
2026-05-22 00:00:00,1.84848,1.85031,1.84839,1.85031
2026-05-22 00:15:00,1.85031,1.85033,1.84955,1.8502100000000001
2026-05-22 00:30:00,1.85022,1.85022,1.84886,1.8497599999999998
2026-05-22 00:45:00,1.8497,1.84999,1.8488099999999998,1.84916
2026-05-22 01:00:00,1.8496700000000001,1.85032,1.84932,1.85012
2026-05-22 01:15:00,1.85011,1.8502100000000001,1.85006,1.85013
2026-05-22 01:30:00,1.85013,1.85025,1.84992,1.85023
2026-05-22 01:45:00,1.85022,1.8505,1.85022,1.85032
2026-05-22 02:00:00,1.85032,1.85056,1.8502800000000001,1.85052
2026-05-22 02:15:00,1.85052,1.85052,1.85033,1.8503699999999998
2026-05-22 02:30:00,1.8503699999999998,1.8505,1.8502399999999999,1.85041
2026-05-22 02:45:00,1.8504,1.85058,1.85026,1.85038
2026-05-22 03:00:00,1.85038,1.8513899999999999,1.85034,1.85101
2026-05-22 03:15:00,1.85103,1.8511199999999999,1.8507099999999999,1.85076
2026-05-22 03:30:00,1.85076,1.85108,1.8505099999999999,1.85067
2026-05-22 03:45:00,1.8507,1.85095,1.85038,1.85043
2026-05-22 04:00:00,1.8504399999999999,1.85106,1.8504,1.8508200000000001
2026-05-22 04:15:00,1.8508499999999999,1.8509799999999998,1.85074,1.85086
2026-05-22 04:30:00,1.85086,1.8511199999999999,1.85057,1.85103
2026-05-22 04:45:00,1.8510499999999999,1.85134,1.85092,1.85113
2026-05-22 05:00:00,1.85115,1.85138,1.85107,1.85134
2026-05-22 05:15:00,1.85135,1.85138,1.85117,1.85121
2026-05-22 05:30:00,1.8512,1.85158,1.85118,1.85149
2026-05-22 05:45:00,1.85148,1.85152,1.85111,1.85127
2026-05-22 06:00:00,1.85127,1.8513899999999999,1.85103,1.85122
2026-05-22 06:15:00,1.8512,1.8513199999999999,1.85106,1.85111
2026-05-22 06:30:00,1.8511,1.85135,1.8510499999999999,1.85133
2026-05-22 06:45:00,1.85133,1.85162,1.85128,1.8515899999999998
2026-05-22 07:00:00,1.85158,1.8518599999999998,1.85153,1.8518400000000002
2026-05-22 07:15:00,1.85183,1.8518400000000002,1.8514599999999999,1.85154
2026-05-22 07:30:00,1.85153,1.85195,1.85145,1.8519299999999999
2026-05-22 07:45:00,1.8519299999999999,1.8519999999999999,1.85175,1.8518400000000002
2026-05-22 08:00:00,1.85185,1.8520400000000001,1.85175,1.8517700000000001
2026-05-22 08:15:00,1.85176,1.85191,1.85175,1.8518400000000002
2026-05-22 08:30:00,1.8518599999999998,1.85209,1.85182,1.85201
2026-05-22 08:45:00,1.8519999999999999,1.8520400000000001,1.8508900000000001,1.85124
2026-05-22 09:00:00,1.85127,1.85172,1.85046,1.85171
2026-05-22 09:15:00,1.8517299999999999,1.8519299999999999,1.85126,1.85174
2026-05-22 09:30:00,1.85174,1.85182,1.85081,1.8512300000000002
2026-05-22 09:45:00,1.8512300000000002,1.85137,1.85087,1.85113
2026-05-22 10:00:00,1.85113,1.85115,1.85027,1.8502999999999998
2026-05-22 10:15:00,1.8502999999999998,1.85158,1.8502999999999998,1.85152
2026-05-22 10:30:00,1.85153,1.85176,1.85092,1.85111
2026-05-22 10:45:00,1.8511199999999999,1.85134,1.85088,1.85128
2026-05-22 11:00:00,1.85126,1.85203,1.8511600000000001,1.85153
2026-05-22 11:15:00,1.85153,1.8523399999999999,1.85149,1.8518400000000002
2026-05-22 11:30:00,1.85185,1.85187,1.85091,1.85145
2026-05-22 11:45:00,1.8514599999999999,1.8516,1.85043,1.8506399999999998
2026-05-22 12:00:00,1.85063,1.85119,1.85043,1.85053
2026-05-22 12:15:00,1.8505099999999999,1.8512499999999998,1.85049,1.85095
2026-05-22 12:30:00,1.8509600000000002,1.8517700000000001,1.85091,1.8514300000000001
2026-05-22 12:45:00,1.8514300000000001,1.85189,1.85126,1.85174
2026-05-22 13:00:00,1.85174,1.85249,1.85169,1.85216
2026-05-22 13:15:00,1.85216,1.85255,1.85208,1.85219
2026-05-22 13:30:00,1.85216,1.85232,1.85172,1.85212
2026-05-22 13:45:00,1.85212,1.85233,1.8517299999999999,1.8519999999999999
2026-05-22 14:00:00,1.8519999999999999,1.85212,1.8516,1.85179
2026-05-22 14:15:00,1.85179,1.8518599999999998,1.8513199999999999,1.8513600000000001
2026-05-22 14:30:00,1.8513600000000001,1.8521800000000002,1.8513600000000001,1.85214
2026-05-22 14:45:00,1.85213,1.85237,1.85178,1.85212
2026-05-22 15:00:00,1.8521,1.8528799999999999,1.85165,1.85274
2026-05-22 15:15:00,1.85274,1.85354,1.85236,1.85314
2026-05-22 15:30:00,1.8531499999999999,1.8531499999999999,1.85246,1.85314
2026-05-22 15:45:00,1.85314,1.85468,1.85311,1.85463
2026-05-22 16:00:00,1.8546399999999998,1.85671,1.85395,1.85531
2026-05-22 16:15:00,1.85531,1.8561100000000001,1.85493,1.8557299999999999
2026-05-22 16:30:00,1.8557700000000001,1.85583,1.85459,1.8547
2026-05-22 16:45:00,1.8547,1.85483,1.85378,1.85404
2026-05-22 17:00:00,1.8538700000000001,1.85422,1.85283,1.85316
2026-05-22 17:15:00,1.85316,1.85398,1.8530799999999998,1.8537599999999999
2026-05-22 17:30:00,1.85377,1.85555,1.85359,1.85551
2026-05-22 17:45:00,1.8555199999999998,1.8567,1.85472,1.85642
2026-05-22 18:00:00,1.85643,1.8568,1.85579,1.85639
2026-05-22 18:15:00,1.8564,1.85712,1.85629,1.8568099999999998
2026-05-22 18:30:00,1.8568099999999998,1.85763,1.85635,1.8574000000000002
2026-05-22 18:45:00,1.8574000000000002,1.8575,1.85664,1.8566799999999999
2026-05-22 19:00:00,1.8566799999999999,1.85716,1.8563,1.85655
2026-05-22 19:15:00,1.85655,1.85723,1.8561999999999999,1.85723
2026-05-22 19:30:00,1.85724,1.85734,1.85644,1.8566099999999999
2026-05-22 19:45:00,1.8566099999999999,1.85676,1.8561100000000001,1.8563
2026-05-22 20:00:00,1.8563100000000001,1.8568799999999999,1.85628,1.8567900000000002
2026-05-22 20:15:00,1.85678,1.8570600000000002,1.8561800000000002,1.8569900000000001
2026-05-22 20:30:00,1.8569900000000001,1.8578999999999999,1.8569900000000001,1.8577
2026-05-22 20:45:00,1.8577,1.85774,1.8572,1.8573499999999998
2026-05-22 21:00:00,1.85736,1.85751,1.85615,1.8563399999999999
2026-05-22 21:15:00,1.85633,1.8567200000000001,1.8562699999999999,1.8563100000000001
2026-05-22 21:30:00,1.85632,1.85675,1.8561299999999998,1.85655
2026-05-22 21:45:00,1.85655,1.8569900000000001,1.85641,1.85696
2026-05-22 22:00:00,1.85698,1.85698,1.85608,1.85616
2026-05-22 22:15:00,1.8561800000000002,1.85636,1.85572,1.85574
2026-05-22 22:30:00,1.85574,1.85603,1.8555199999999998,1.85602
2026-05-22 22:45:00,1.85601,1.85664,1.85592,1.8566
2026-05-22 23:00:00,1.8566,1.85662,1.85628,1.85655
2026-05-22 23:15:00,1.85652,1.85678,1.85644,1.85675
2026-05-22 23:30:00,1.85675,1.85677,1.8563,1.85641
2026-05-22 23:45:00,1.8564,1.85689,1.85541,1.8555700000000002
2026-05-25 00:00:00,1.85709,1.85831,1.85332,1.85574
2026-05-25 00:15:00,1.85574,1.8576700000000002,1.85492,1.85761
2026-05-25 00:30:00,1.85761,1.85777,1.85666,1.8575
2026-05-25 00:45:00,1.85766,1.85818,1.85739,1.8576000000000001
2026-05-25 01:00:00,1.8576000000000001,1.8608799999999999,1.85745,1.86043
2026-05-25 01:15:00,1.86043,1.86097,1.8601100000000002,1.86083
2026-05-25 01:30:00,1.86082,1.86096,1.8602699999999999,1.86044
2026-05-25 01:45:00,1.86049,1.86093,1.86033,1.86091
2026-05-25 02:00:00,1.86089,1.86123,1.86084,1.86102
2026-05-25 02:15:00,1.86102,1.8610799999999998,1.8605800000000001,1.86059
2026-05-25 02:30:00,1.86059,1.8611499999999999,1.8605399999999999,1.86105
2026-05-25 02:45:00,1.86104,1.8611,1.86062,1.8606500000000001
2026-05-25 03:00:00,1.86066,1.86102,1.8605800000000001,1.8608099999999999
2026-05-25 03:15:00,1.8608,1.86143,1.86076,1.86116
2026-05-25 03:30:00,1.86116,1.8613,1.86062,1.86075
2026-05-25 03:45:00,1.86075,1.86162,1.86036,1.86049
2026-05-25 04:00:00,1.86048,1.86097,1.8602699999999999,1.86082
2026-05-25 04:15:00,1.8608099999999999,1.86096,1.8606099999999999,1.8609200000000001
2026-05-25 04:30:00,1.8609200000000001,1.8609900000000001,1.8602400000000001,1.8602699999999999
2026-05-25 04:45:00,1.86028,1.86046,1.85988,1.86003
2026-05-25 05:00:00,1.86003,1.86015,1.8597299999999999,1.85975
2026-05-25 05:15:00,1.85978,1.86008,1.85964,1.85999
2026-05-25 05:30:00,1.85999,1.8601299999999998,1.85976,1.8599700000000001
2026-05-25 05:45:00,1.8599700000000001,1.86001,1.85961,1.85975
2026-05-25 06:00:00,1.85976,1.8599299999999999,1.85947,1.8598599999999998
2026-05-25 06:15:00,1.8598599999999998,1.86043,1.85981,1.8603399999999999
2026-05-25 06:30:00,1.86033,1.8608500000000001,1.86028,1.86068
2026-05-25 06:45:00,1.86067,1.86086,1.8605,1.86063
2026-05-25 07:00:00,1.86063,1.86086,1.86049,1.86078
2026-05-25 07:15:00,1.86078,1.86094,1.86066,1.86093
2026-05-25 07:30:00,1.86093,1.8613,1.8608099999999999,1.86128
2026-05-25 07:45:00,1.86129,1.86165,1.8612199999999999,1.86138
2026-05-25 08:00:00,1.86137,1.8619599999999998,1.86134,1.86172
2026-05-25 08:15:00,1.86172,1.8620299999999999,1.86161,1.86199
2026-05-25 08:30:00,1.86198,1.8622800000000002,1.86171,1.86199
2026-05-25 08:45:00,1.86198,1.86231,1.86177,1.8618000000000001
2026-05-25 09:00:00,1.86178,1.8624100000000001,1.8615300000000001,1.86226
2026-05-25 09:15:00,1.86226,1.8622800000000002,1.8615599999999999,1.8617
2026-05-25 09:30:00,1.8617,1.86202,1.8615599999999999,1.8616700000000002
2026-05-25 09:45:00,1.8616700000000002,1.86231,1.8616700000000002,1.8622999999999998
2026-05-25 10:00:00,1.86231,1.8625699999999998,1.86186,1.86225
2026-05-25 10:15:00,1.86225,1.86226,1.86136,1.86154
2026-05-25 10:30:00,1.86154,1.8622,1.86151,1.86199
2026-05-25 10:45:00,1.86198,1.8629,1.86179,1.86288
2026-05-25 11:00:00,1.86287,1.86368,1.86246,1.86321
2026-05-25 11:15:00,1.86321,1.86342,1.8630499999999999,1.8633600000000001
2026-05-25 11:30:00,1.86337,1.86354,1.8631,1.86322
2026-05-25 11:45:00,1.86321,1.8637299999999999,1.86301,1.8637000000000001
2026-05-25 12:00:00,1.86369,1.86392,1.86355,1.86385
2026-05-25 12:15:00,1.8638599999999999,1.86416,1.86369,1.86399
2026-05-25 12:30:00,1.86398,1.8641100000000002,1.86372,1.86383
2026-05-25 12:45:00,1.86383,1.8639999999999999,1.86371,1.86383
2026-05-25 13:00:00,1.86383,1.8639999999999999,1.8636300000000001,1.8636300000000001
2026-05-25 13:15:00,1.86364,1.86396,1.86349,1.86357
2026-05-25 13:30:00,1.86356,1.8637299999999999,1.8634,1.8637000000000001
2026-05-25 13:45:00,1.86369,1.8637700000000001,1.86348,1.8636300000000001
2026-05-25 14:00:00,1.86364,1.86395,1.86346,1.8639299999999999
2026-05-25 14:15:00,1.86392,1.86405,1.8637299999999999,1.86388
2026-05-25 14:30:00,1.86389,1.86457,1.86389,1.8645
2026-05-25 14:45:00,1.8645100000000001,1.8649,1.8641299999999998,1.8641999999999999
2026-05-25 15:00:00,1.86422,1.86479,1.86416,1.86464
2026-05-25 15:15:00,1.86467,1.8648799999999999,1.86439,1.86442
2026-05-25 15:30:00,1.86443,1.86487,1.8643,1.8646099999999999
2026-05-25 15:45:00,1.8646,1.86466,1.86374,1.86392
2026-05-25 16:00:00,1.86391,1.86416,1.86337,1.8635199999999998
2026-05-25 16:15:00,1.8635199999999998,1.86372,1.8634,1.86354
2026-05-25 16:30:00,1.86355,1.86423,1.86353,1.86372
2026-05-25 16:45:00,1.86372,1.8641999999999999,1.8632900000000001,1.8633
2026-05-25 17:00:00,1.86328,1.86347,1.86258,1.8627500000000001
2026-05-25 17:15:00,1.86276,1.86315,1.8627099999999999,1.8630499999999999
2026-05-25 17:30:00,1.86306,1.86321,1.86273,1.86285
2026-05-25 17:45:00,1.86285,1.86328,1.86273,1.8631
2026-05-25 18:00:00,1.8631199999999999,1.86319,1.86225,1.8628200000000001
2026-05-25 18:15:00,1.86281,1.86346,1.86272,1.86341
2026-05-25 18:30:00,1.86342,1.86351,1.86299,1.86307
2026-05-25 18:45:00,1.86306,1.8630900000000001,1.8625699999999998,1.8627500000000001
2026-05-25 19:00:00,1.8627500000000001,1.8629099999999998,1.8624800000000001,1.8627799999999999
2026-05-25 19:15:00,1.86279,1.8631,1.86272,1.86281
2026-05-25 19:30:00,1.86281,1.86341,1.8628,1.86337
2026-05-25 19:45:00,1.86337,1.8639999999999999,1.86335,1.8638599999999999
2026-05-25 20:00:00,1.8638400000000002,1.8639700000000001,1.86372,1.86394
2026-05-25 20:15:00,1.86394,1.86435,1.86392,1.86409
2026-05-25 20:30:00,1.8641,1.8643100000000001,1.86387,1.86425
2026-05-25 20:45:00,1.86426,1.86426,1.86391,1.86412
2026-05-25 21:00:00,1.8641,1.86416,1.86383,1.86407
2026-05-25 21:15:00,1.86408,1.86419,1.8640400000000001,1.86406
2026-05-25 21:30:00,1.86406,1.86437,1.8640400000000001,1.86436
2026-05-25 21:45:00,1.86435,1.86449,1.8641100000000002,1.8644699999999998
2026-05-25 22:00:00,1.86442,1.86448,1.8641999999999999,1.8642400000000001
2026-05-25 22:15:00,1.8642400000000001,1.86442,1.86423,1.8643399999999999
2026-05-25 22:30:00,1.8643399999999999,1.86437,1.8639999999999999,1.8642400000000001
2026-05-25 22:45:00,1.8642400000000001,1.8643399999999999,1.86396,1.86401
2026-05-25 23:00:00,1.86401,1.86414,1.86387,1.86396
2026-05-25 23:15:00,1.86396,1.86425,1.86389,1.86425
2026-05-25 23:30:00,1.8642400000000001,1.8642699999999999,1.86392,1.86408
2026-05-25 23:45:00,1.86408,1.86425,1.86395,1.86401
2026-05-26 00:00:00,1.8629099999999998,1.86345,1.8620299999999999,1.8628
2026-05-26 00:15:00,1.86243,1.86292,1.8623699999999999,1.86292
2026-05-26 00:30:00,1.86292,1.8633199999999999,1.86273,1.86321
2026-05-26 00:45:00,1.8631799999999998,1.86361,1.8626200000000002,1.8635899999999999
2026-05-26 01:00:00,1.86375,1.86405,1.8630900000000001,1.8638599999999999
2026-05-26 01:15:00,1.86387,1.86401,1.86383,1.86385
2026-05-26 01:30:00,1.8638599999999999,1.86406,1.86372,1.86403
2026-05-26 01:45:00,1.86403,1.86403,1.86374,1.86374
2026-05-26 02:00:00,1.86376,1.8639299999999999,1.8636599999999999,1.86378
2026-05-26 02:15:00,1.86378,1.86381,1.8634300000000001,1.86348
2026-05-26 02:30:00,1.86348,1.8636300000000001,1.8633199999999999,1.8635000000000002
2026-05-26 02:45:00,1.86349,1.86391,1.86307,1.8631199999999999
2026-05-26 03:00:00,1.86314,1.86327,1.86256,1.86263
2026-05-26 03:15:00,1.86263,1.86288,1.8624,1.86288
2026-05-26 03:30:00,1.86288,1.86296,1.86247,1.86263
2026-05-26 03:45:00,1.8626399999999999,1.8627799999999999,1.8625099999999999,1.8626200000000002
2026-05-26 04:00:00,1.8626399999999999,1.86269,1.8620700000000001,1.8625
2026-05-26 04:15:00,1.86249,1.86259,1.86219,1.86232
2026-05-26 04:30:00,1.86233,1.86245,1.8617,1.86185
2026-05-26 04:45:00,1.86191,1.8622,1.8617599999999999,1.8622
2026-05-26 05:00:00,1.8622,1.86253,1.86215,1.8622
2026-05-26 05:15:00,1.8622100000000001,1.86235,1.86213,1.86219
2026-05-26 05:30:00,1.86219,1.8624800000000001,1.86209,1.86212
2026-05-26 05:45:00,1.86215,1.86245,1.8619599999999998,1.86235
2026-05-26 06:00:00,1.86234,1.8625699999999998,1.86219,1.8624100000000001
2026-05-26 06:15:00,1.8624,1.86276,1.86239,1.8624399999999999
2026-05-26 06:30:00,1.8624399999999999,1.8625099999999999,1.86229,1.86231
2026-05-26 06:45:00,1.86232,1.86245,1.86216,1.86222
2026-05-26 07:00:00,1.86222,1.86227,1.86204,1.86224
2026-05-26 07:15:00,1.86225,1.86225,1.86191,1.86199
2026-05-26 07:30:00,1.86199,1.8621699999999999,1.8618999999999999,1.86209
2026-05-26 07:45:00,1.86209,1.8620999999999999,1.86173,1.86178
2026-05-26 08:00:00,1.86178,1.8619400000000002,1.86162,1.86173
2026-05-26 08:15:00,1.86166,1.86174,1.86155,1.86161
2026-05-26 08:30:00,1.86161,1.86173,1.86151,1.86159
2026-05-26 08:45:00,1.8615300000000001,1.86161,1.86128,1.86137
2026-05-26 09:00:00,1.86137,1.86141,1.86103,1.86138
2026-05-26 09:15:00,1.86138,1.86213,1.86127,1.8615
2026-05-26 09:30:00,1.86148,1.86162,1.8607900000000002,1.86118
2026-05-26 09:45:00,1.86117,1.86147,1.8608799999999999,1.86137
2026-05-26 10:00:00,1.86138,1.86164,1.86003,1.86053
2026-05-26 10:15:00,1.86053,1.8607200000000002,1.85995,1.8602400000000001
2026-05-26 10:30:00,1.8602400000000001,1.8605800000000001,1.85944,1.85948
2026-05-26 10:45:00,1.85948,1.86017,1.85933,1.86006
2026-05-26 11:00:00,1.86006,1.86059,1.85982,1.85998
2026-05-26 11:15:00,1.8599700000000001,1.8601299999999998,1.85949,1.85957
2026-05-26 11:30:00,1.85957,1.85987,1.85942,1.85956
2026-05-26 11:45:00,1.85956,1.86032,1.8595199999999998,1.85988
2026-05-26 12:00:00,1.85988,1.86035,1.85951,1.86028
2026-05-26 12:15:00,1.86028,1.86073,1.85994,1.86071
2026-05-26 12:30:00,1.8607200000000002,1.86113,1.86017,1.86023
2026-05-26 12:45:00,1.86023,1.86076,1.8601299999999998,1.8606
2026-05-26 13:00:00,1.8606,1.86064,1.8602699999999999,1.86046
2026-05-26 13:15:00,1.8604699999999998,1.86098,1.8602400000000001,1.86094
2026-05-26 13:30:00,1.86094,1.8614600000000001,1.8609,1.8609900000000001
2026-05-26 13:45:00,1.86101,1.86134,1.86075,1.86084
2026-05-26 14:00:00,1.86084,1.86168,1.8607399999999998,1.86113
2026-05-26 14:15:00,1.86114,1.86168,1.86089,1.8609499999999999
2026-05-26 14:30:00,1.8609499999999999,1.86105,1.86014,1.8601999999999999
2026-05-26 14:45:00,1.86022,1.86048,1.85988,1.86029
2026-05-26 15:00:00,1.8603,1.86082,1.86003,1.86039
2026-05-26 15:15:00,1.8603800000000001,1.86172,1.86032,1.86158
2026-05-26 15:30:00,1.86157,1.86166,1.86098,1.86145
2026-05-26 15:45:00,1.86145,1.86168,1.86071,1.8607399999999998
2026-05-26 16:00:00,1.8607399999999998,1.8609,1.86018,1.86056
2026-05-26 16:15:00,1.86056,1.86113,1.86015,1.86016
2026-05-26 16:30:00,1.86017,1.86051,1.85876,1.8589099999999998
2026-05-26 16:45:00,1.85892,1.85947,1.85836,1.85865
2026-05-26 17:00:00,1.85857,1.85886,1.8577,1.85779
2026-05-26 17:15:00,1.85779,1.8581699999999999,1.8575599999999999,1.8580299999999998
2026-05-26 17:30:00,1.85804,1.8588200000000001,1.8578999999999999,1.85793
2026-05-26 17:45:00,1.8578999999999999,1.8582,1.8568099999999998,1.85683
2026-05-26 18:00:00,1.85684,1.8573499999999998,1.85639,1.85656
2026-05-26 18:15:00,1.85655,1.85666,1.85572,1.85629
2026-05-26 18:30:00,1.85629,1.85648,1.85519,1.85529
2026-05-26 18:45:00,1.85528,1.85544,1.8546,1.85465
2026-05-26 19:00:00,1.85465,1.85567,1.8545500000000001,1.8553899999999999
2026-05-26 19:15:00,1.8554,1.85637,1.8553899999999999,1.8563399999999999
2026-05-26 19:30:00,1.8563399999999999,1.8568,1.8556,1.8556300000000001
2026-05-26 19:45:00,1.85562,1.85663,1.8554,1.85642
2026-05-26 20:00:00,1.85643,1.8570600000000002,1.8563399999999999,1.85671
2026-05-26 20:15:00,1.85671,1.8568099999999998,1.85644,1.85659
2026-05-26 20:30:00,1.85662,1.85738,1.85648,1.85675
2026-05-26 20:45:00,1.85675,1.85737,1.85664,1.85721
2026-05-26 21:00:00,1.8572199999999999,1.8572600000000001,1.85666,1.85703
2026-05-26 21:15:00,1.85709,1.85739,1.85675,1.8569
2026-05-26 21:30:00,1.85691,1.85734,1.8569,1.85723
2026-05-26 21:45:00,1.85724,1.85734,1.85678,1.85703
2026-05-26 22:00:00,1.85702,1.85731,1.8569200000000001,1.8572199999999999
2026-05-26 22:15:00,1.85721,1.8574000000000002,1.85714,1.8573
2026-05-26 22:30:00,1.8572899999999999,1.85782,1.8572899999999999,1.85781
2026-05-26 22:45:00,1.85781,1.85811,1.85707,1.85717
2026-05-26 23:00:00,1.85716,1.85793,1.8570799999999998,1.8578000000000001
2026-05-26 23:15:00,1.8578000000000001,1.85792,1.8574199999999998,1.8574199999999998
2026-05-26 23:30:00,1.8574199999999998,1.8576899999999998,1.85714,1.85718
2026-05-26 23:45:00,1.85718,1.85759,1.8569,1.85697
2026-05-27 00:00:00,1.85556,1.85656,1.85556,1.8565399999999999
2026-05-27 00:15:00,1.85632,1.85673,1.85632,1.85651
2026-05-27 00:30:00,1.85669,1.8573499999999998,1.8564,1.8567900000000002
2026-05-27 00:45:00,1.85659,1.85709,1.85648,1.85659
2026-05-27 01:00:00,1.85659,1.85746,1.85659,1.85705
2026-05-27 01:15:00,1.85705,1.85757,1.85698,1.85752
2026-05-27 01:30:00,1.8575,1.85752,1.85737,1.85746
2026-05-27 01:45:00,1.85748,1.8575599999999999,1.8572600000000001,1.8573300000000001
2026-05-27 02:00:00,1.8573300000000001,1.8576000000000001,1.85727,1.8573
2026-05-27 02:15:00,1.8572899999999999,1.85766,1.8572899999999999,1.85761
2026-05-27 02:30:00,1.85761,1.85795,1.85755,1.85771
2026-05-27 02:45:00,1.8577599999999999,1.858,1.8576700000000002,1.85775
2026-05-27 03:00:00,1.85775,1.85813,1.85764,1.85807
2026-05-27 03:15:00,1.85807,1.85809,1.8575599999999999,1.8576700000000002
2026-05-27 03:30:00,1.85768,1.8576899999999998,1.85727,1.8574899999999999
2026-05-27 03:45:00,1.8574899999999999,1.85779,1.8573499999999998,1.85772
2026-05-27 04:00:00,1.85773,1.85804,1.85751,1.8578299999999999
2026-05-27 04:15:00,1.8578299999999999,1.8579599999999998,1.8576700000000002,1.85781
2026-05-27 04:30:00,1.85782,1.85799,1.85754,1.85762
2026-05-27 04:45:00,1.85762,1.85764,1.85731,1.85741
2026-05-27 05:00:00,1.85741,1.85772,1.85721,1.8573499999999998
2026-05-27 05:15:00,1.85736,1.85759,1.85721,1.85738
2026-05-27 05:30:00,1.85736,1.85757,1.8573300000000001,1.85744
2026-05-27 05:45:00,1.85741,1.85788,1.85736,1.85785
2026-05-27 06:00:00,1.85785,1.85832,1.8576899999999998,1.85812
2026-05-27 06:15:00,1.85815,1.85826,1.8580299999999998,1.85818
2026-05-27 06:30:00,1.85818,1.85824,1.85802,1.85824
2026-05-27 06:45:00,1.85823,1.85829,1.85804,1.85825
2026-05-27 07:00:00,1.85825,1.85833,1.85806,1.8580999999999999
2026-05-27 07:15:00,1.85809,1.85831,1.85791,1.85793
2026-05-27 07:30:00,1.85793,1.85815,1.8578999999999999,1.85811
2026-05-27 07:45:00,1.85812,1.85812,1.85773,1.85779
2026-05-27 08:00:00,1.85777,1.85808,1.85773,1.85798
2026-05-27 08:15:00,1.85799,1.8581699999999999,1.85786,1.85808
2026-05-27 08:30:00,1.85812,1.85816,1.85771,1.85813
2026-05-27 08:45:00,1.85812,1.85827,1.85775,1.85782
2026-05-27 09:00:00,1.8578299999999999,1.85823,1.8573300000000001,1.85782
2026-05-27 09:15:00,1.85782,1.8580299999999998,1.85725,1.85754
2026-05-27 09:30:00,1.85754,1.8586399999999998,1.8572600000000001,1.8586
2026-05-27 09:45:00,1.8586,1.8589,1.85836,1.85887
2026-05-27 10:00:00,1.85888,1.8591600000000001,1.85854,1.85859
2026-05-27 10:15:00,1.85858,1.85922,1.85835,1.85881
2026-05-27 10:30:00,1.85879,1.8590499999999999,1.85859,1.85883
2026-05-27 10:45:00,1.85884,1.85892,1.85797,1.85874
2026-05-27 11:00:00,1.85874,1.85964,1.85859,1.85908
2026-05-27 11:15:00,1.85908,1.85946,1.8584399999999999,1.85888
2026-05-27 11:30:00,1.8589,1.8590900000000001,1.85819,1.85904
2026-05-27 11:45:00,1.85906,1.85954,1.8587500000000001,1.8593
2026-05-27 12:00:00,1.85931,1.85976,1.8590900000000001,1.8593899999999999
2026-05-27 12:15:00,1.8594,1.85961,1.85877,1.85911
2026-05-27 12:30:00,1.85911,1.85927,1.85854,1.8585500000000001
2026-05-27 12:45:00,1.85856,1.8594,1.85816,1.85856
2026-05-27 13:00:00,1.85856,1.85886,1.85835,1.85857
2026-05-27 13:15:00,1.85856,1.85858,1.85807,1.85812
2026-05-27 13:30:00,1.85812,1.85937,1.85802,1.85937
2026-05-27 13:45:00,1.85938,1.85962,1.8591199999999999,1.85948
2026-05-27 14:00:00,1.85947,1.85961,1.85863,1.8591199999999999
2026-05-27 14:15:00,1.85911,1.85941,1.85896,1.85917
2026-05-27 14:30:00,1.85917,1.85945,1.85883,1.85911
2026-05-27 14:45:00,1.85913,1.85917,1.85807,1.85833
2026-05-27 15:00:00,1.85834,1.8587,1.85807,1.85842
2026-05-27 15:15:00,1.8584399999999999,1.8607399999999998,1.85826,1.8598599999999998
2026-05-27 15:30:00,1.85985,1.8599999999999999,1.85895,1.85908
2026-05-27 15:45:00,1.85908,1.85918,1.8582800000000002,1.8584
2026-05-27 16:00:00,1.85838,1.85944,1.85833,1.85938
2026-05-27 16:15:00,1.85937,1.86017,1.8589,1.85978
2026-05-27 16:30:00,1.85983,1.86007,1.85928,1.8597700000000001
2026-05-27 16:45:00,1.85976,1.86014,1.85874,1.85914
2026-05-27 17:00:00,1.85914,1.86009,1.85914,1.86008
2026-05-27 17:15:00,1.86007,1.8602699999999999,1.85918,1.85949
2026-05-27 17:30:00,1.85949,1.86021,1.85858,1.8593600000000001
2026-05-27 17:45:00,1.85937,1.85968,1.85804,1.85831
2026-05-27 18:00:00,1.85831,1.85863,1.85732,1.85799
2026-05-27 18:15:00,1.85799,1.85805,1.85713,1.85747
2026-05-27 18:30:00,1.85745,1.85804,1.85667,1.85676
2026-05-27 18:45:00,1.85676,1.8572899999999999,1.85675,1.85721
2026-05-27 19:00:00,1.8572,1.85721,1.85659,1.85663
2026-05-27 19:15:00,1.85664,1.85682,1.85636,1.8567900000000002
2026-05-27 19:30:00,1.85678,1.8572199999999999,1.85667,1.85686
2026-05-27 19:45:00,1.85686,1.8571499999999999,1.85678,1.85687
2026-05-27 20:00:00,1.85689,1.85712,1.8560400000000001,1.85632
2026-05-27 20:15:00,1.8563100000000001,1.8564,1.85561,1.8559299999999999
2026-05-27 20:30:00,1.85594,1.85615,1.85534,1.8559
2026-05-27 20:45:00,1.85591,1.85704,1.85589,1.85687
2026-05-27 21:00:00,1.85686,1.85716,1.8567,1.85696
2026-05-27 21:15:00,1.85697,1.85773,1.85696,1.85751
2026-05-27 21:30:00,1.8575599999999999,1.85772,1.85716,1.85763
2026-05-27 21:45:00,1.85759,1.8579599999999998,1.8575300000000001,1.85786
2026-05-27 22:00:00,1.8578700000000001,1.85798,1.85707,1.85725
2026-05-27 22:15:00,1.85724,1.85773,1.85724,1.8575300000000001
2026-05-27 22:30:00,1.8575300000000001,1.8579400000000001,1.8574899999999999,1.8578299999999999
2026-05-27 22:45:00,1.85782,1.8579599999999998,1.8574899999999999,1.8576000000000001
2026-05-27 23:00:00,1.85759,1.85811,1.85738,1.8578700000000001
2026-05-27 23:15:00,1.85788,1.8579400000000001,1.85759,1.85788
2026-05-27 23:30:00,1.85788,1.85868,1.85786,1.85865
2026-05-27 23:45:00,1.85873,1.85873,1.85789,1.85813
2026-05-28 00:00:00,1.85636,1.85739,1.8563399999999999,1.85738
2026-05-28 00:15:00,1.85656,1.85744,1.85656,1.8571900000000001
2026-05-28 00:30:00,1.8571900000000001,1.85764,1.85718,1.85744
2026-05-28 00:45:00,1.85757,1.858,1.85736,1.8575300000000001
2026-05-28 01:00:00,1.85757,1.85804,1.85746,1.85797
2026-05-28 01:15:00,1.85797,1.8580299999999998,1.8577599999999999,1.85785
2026-05-28 01:30:00,1.85785,1.85804,1.8578299999999999,1.8578999999999999
2026-05-28 01:45:00,1.85788,1.85797,1.8576700000000002,1.85795
2026-05-28 02:00:00,1.8579400000000001,1.858,1.85784,1.85798
2026-05-28 02:15:00,1.858,1.85806,1.8575300000000001,1.8576700000000002
2026-05-28 02:30:00,1.85766,1.85768,1.85738,1.85747
2026-05-28 02:45:00,1.85746,1.8575,1.8568799999999999,1.85711
2026-05-28 03:00:00,1.8571,1.85777,1.85697,1.85775
2026-05-28 03:15:00,1.85774,1.85778,1.85744,1.8576899999999998
2026-05-28 03:30:00,1.85768,1.85774,1.85718,1.8573300000000001
2026-05-28 03:45:00,1.8573300000000001,1.8574199999999998,1.8568500000000001,1.8572199999999999
2026-05-28 04:00:00,1.8572,1.85723,1.85684,1.85712
2026-05-28 04:15:00,1.85712,1.8572,1.85686,1.8569900000000001
2026-05-28 04:30:00,1.8569900000000001,1.8571499999999999,1.85643,1.85643
2026-05-28 04:45:00,1.85643,1.85643,1.85571,1.8559700000000001
2026-05-28 05:00:00,1.8559700000000001,1.85649,1.85592,1.8564500000000002
2026-05-28 05:15:00,1.8564500000000002,1.85675,1.8563399999999999,1.85667
2026-05-28 05:30:00,1.85667,1.85687,1.85633,1.8563800000000001
2026-05-28 05:45:00,1.85639,1.85642,1.85605,1.85616
2026-05-28 06:00:00,1.85616,1.8563,1.85521,1.85526
2026-05-28 06:15:00,1.85527,1.85556,1.8550200000000001,1.85507
2026-05-28 06:30:00,1.8550499999999999,1.85545,1.8545,1.85467
2026-05-28 06:45:00,1.85467,1.85476,1.8537400000000002,1.85382
2026-05-28 07:00:00,1.85381,1.8542999999999998,1.85364,1.85408
2026-05-28 07:15:00,1.85408,1.8541699999999999,1.85373,1.85379
2026-05-28 07:30:00,1.8537599999999999,1.85405,1.8536700000000002,1.85395
2026-05-28 07:45:00,1.85396,1.85409,1.8538000000000001,1.85406
2026-05-28 08:00:00,1.85406,1.85443,1.85402,1.85432
2026-05-28 08:15:00,1.85432,1.85495,1.85423,1.85486
2026-05-28 08:30:00,1.85487,1.8558599999999998,1.85484,1.85568
2026-05-28 08:45:00,1.85568,1.85589,1.85561,1.85564
2026-05-28 09:00:00,1.85565,1.85612,1.8553899999999999,1.85605
2026-05-28 09:15:00,1.85605,1.85633,1.85589,1.8559700000000001
2026-05-28 09:30:00,1.85598,1.85713,1.8559700000000001,1.85686
2026-05-28 09:45:00,1.8568500000000001,1.857,1.85626,1.85642
2026-05-28 10:00:00,1.85643,1.8571,1.85637,1.8566099999999999
2026-05-28 10:15:00,1.85664,1.8566500000000001,1.8555899999999999,1.8564699999999998
2026-05-28 10:30:00,1.85646,1.85693,1.85641,1.85659
2026-05-28 10:45:00,1.85659,1.8567,1.85622,1.85666
2026-05-28 11:00:00,1.85664,1.8569900000000001,1.85608,1.85623
2026-05-28 11:15:00,1.8562400000000001,1.8572199999999999,1.85619,1.85691
2026-05-28 11:30:00,1.85691,1.85709,1.8565399999999999,1.85667
2026-05-28 11:45:00,1.85667,1.85734,1.8565399999999999,1.8572199999999999
2026-05-28 12:00:00,1.85724,1.85784,1.85712,1.85774
2026-05-28 12:15:00,1.85775,1.8578000000000001,1.8571499999999999,1.85717
2026-05-28 12:30:00,1.85717,1.85741,1.85676,1.857
2026-05-28 12:45:00,1.8569900000000001,1.8575,1.85677,1.85717
2026-05-28 13:00:00,1.8571499999999999,1.85762,1.85677,1.85703
2026-05-28 13:15:00,1.85704,1.85747,1.85662,1.85738
2026-05-28 13:30:00,1.85737,1.8574000000000002,1.85625,1.85656
2026-05-28 13:45:00,1.85657,1.85702,1.85581,1.85596
2026-05-28 14:00:00,1.85598,1.85664,1.85594,1.8562699999999999
2026-05-28 14:15:00,1.8562699999999999,1.85687,1.85575,1.85602
2026-05-28 14:30:00,1.8559999999999999,1.85648,1.85574,1.85641
2026-05-28 14:45:00,1.85641,1.85694,1.85622,1.8565
2026-05-28 15:00:00,1.8564699999999998,1.85701,1.85626,1.8566099999999999
2026-05-28 15:15:00,1.85663,1.85684,1.85601,1.85664
2026-05-28 15:30:00,1.85662,1.85809,1.85633,1.85721
2026-05-28 15:45:00,1.85754,1.8579400000000001,1.85731,1.8574199999999998
2026-05-28 16:00:00,1.85755,1.85827,1.85718,1.85721
2026-05-28 16:15:00,1.85721,1.85834,1.8571900000000001,1.85762
2026-05-28 16:30:00,1.85763,1.85799,1.85723,1.8573499999999998
2026-05-28 16:45:00,1.85732,1.85802,1.85693,1.85704
2026-05-28 17:00:00,1.85703,1.85975,1.85663,1.85903
2026-05-28 17:15:00,1.8590200000000001,1.85917,1.85721,1.85778
2026-05-28 17:30:00,1.85778,1.85805,1.85615,1.85632
2026-05-28 17:45:00,1.8563100000000001,1.8571499999999999,1.85519,1.8559700000000001
2026-05-28 18:00:00,1.85598,1.85619,1.85456,1.8546399999999998
2026-05-28 18:15:00,1.8546399999999998,1.85497,1.85422,1.85467
2026-05-28 18:30:00,1.85467,1.85511,1.85419,1.85466
2026-05-28 18:45:00,1.85468,1.8547799999999999,1.85378,1.85378
2026-05-28 19:00:00,1.85379,1.8545099999999999,1.85354,1.85447
2026-05-28 19:15:00,1.85445,1.8547799999999999,1.85407,1.85426
2026-05-28 19:30:00,1.85427,1.85443,1.85384,1.85419
2026-05-28 19:45:00,1.8542100000000001,1.85447,1.85378,1.85422
2026-05-28 20:00:00,1.85423,1.8542399999999999,1.85287,1.85317
2026-05-28 20:15:00,1.85318,1.85372,1.85291,1.8529499999999999
2026-05-28 20:30:00,1.85297,1.85386,1.85287,1.8530799999999998
2026-05-28 20:45:00,1.85309,1.8535300000000001,1.853,1.8533300000000001
2026-05-28 21:00:00,1.8533300000000001,1.85335,1.85249,1.85263
2026-05-28 21:15:00,1.8526500000000001,1.85304,1.8521999999999998,1.8525399999999999
2026-05-28 21:30:00,1.8525399999999999,1.8526,1.85185,1.85212
2026-05-28 21:45:00,1.8521100000000001,1.85237,1.8519700000000001,1.8523100000000001
2026-05-28 22:00:00,1.8522699999999999,1.85236,1.85178,1.85185
2026-05-28 22:15:00,1.85185,1.8519999999999999,1.85162,1.85168
2026-05-28 22:30:00,1.85169,1.8518,1.85148,1.8517000000000001
2026-05-28 22:45:00,1.85171,1.85212,1.85153,1.85206
2026-05-28 23:00:00,1.8520699999999999,1.85246,1.85201,1.8521999999999998
2026-05-28 23:15:00,1.8521999999999998,1.85228,1.85201,1.85216
2026-05-28 23:30:00,1.85219,1.85294,1.85214,1.8525
2026-05-28 23:45:00,1.85249,1.85284,1.85228,1.85255
2026-05-29 00:00:00,1.85225,1.8528099999999998,1.85058,1.85219
2026-05-29 00:15:00,1.8506200000000002,1.85255,1.8506200000000002,1.85226
2026-05-29 00:30:00,1.85226,1.8523,1.85137,1.85188
2026-05-29 00:45:00,1.85198,1.85285,1.8518400000000002,1.85278
2026-05-29 01:00:00,1.85266,1.85338,1.8526099999999999,1.85311
2026-05-29 01:15:00,1.8530600000000002,1.8531499999999999,1.85282,1.85286
2026-05-29 01:30:00,1.8528799999999999,1.85291,1.85264,1.8527
2026-05-29 01:45:00,1.8527,1.8527200000000001,1.85256,1.8526099999999999
2026-05-29 02:00:00,1.85263,1.8529900000000001,1.85259,1.85274
2026-05-29 02:15:00,1.85275,1.85293,1.8527200000000001,1.85282
2026-05-29 02:30:00,1.85282,1.85294,1.85273,1.85293
2026-05-29 02:45:00,1.85294,1.85304,1.85282,1.8529200000000001
2026-05-29 03:00:00,1.8528799999999999,1.85297,1.8525800000000001,1.85276
2026-05-29 03:15:00,1.85276,1.8532199999999999,1.85273,1.85276
2026-05-29 03:30:00,1.85275,1.85275,1.85235,1.8526
2026-05-29 03:45:00,1.8525800000000001,1.8528799999999999,1.8524500000000002,1.85263
2026-05-29 04:00:00,1.85263,1.85298,1.85232,1.85284
2026-05-29 04:15:00,1.85282,1.8532,1.85271,1.8530799999999998
2026-05-29 04:30:00,1.85311,1.85312,1.85264,1.85273
2026-05-29 04:45:00,1.85274,1.85286,1.8524,1.8526
2026-05-29 05:00:00,1.8525800000000001,1.85266,1.8522699999999999,1.8526099999999999
2026-05-29 05:15:00,1.85262,1.85264,1.85233,1.85251
2026-05-29 05:30:00,1.85249,1.8529,1.8523399999999999,1.85286
2026-05-29 05:45:00,1.85285,1.85291,1.8523800000000001,1.85242
2026-05-29 06:00:00,1.85243,1.8526099999999999,1.85233,1.85236
2026-05-29 06:15:00,1.8523399999999999,1.85243,1.85215,1.85237
2026-05-29 06:30:00,1.8523800000000001,1.85243,1.85219,1.85241
2026-05-29 06:45:00,1.85241,1.85242,1.85205,1.8521800000000002
2026-05-29 07:00:00,1.85219,1.8524,1.8521100000000001,1.85235
2026-05-29 07:15:00,1.85235,1.8525,1.85223,1.85241
2026-05-29 07:30:00,1.85242,1.8524699999999998,1.85229,1.85246
2026-05-29 07:45:00,1.8524500000000002,1.85297,1.85239,1.85294
2026-05-29 08:00:00,1.8529499999999999,1.8530600000000002,1.8528,1.85291
2026-05-29 08:15:00,1.85287,1.85305,1.8528,1.8529
2026-05-29 08:30:00,1.85289,1.85289,1.85237,1.8525399999999999
2026-05-29 08:45:00,1.85257,1.85285,1.8523,1.85273
2026-05-29 09:00:00,1.85271,1.85317,1.8525399999999999,1.85307
2026-05-29 09:15:00,1.8530799999999998,1.85365,1.85282,1.85358
2026-05-29 09:30:00,1.8536000000000001,1.85427,1.85336,1.8538700000000001
2026-05-29 09:45:00,1.85385,1.85418,1.85352,1.85402
2026-05-29 10:00:00,1.854,1.85407,1.8532600000000001,1.85334
2026-05-29 10:15:00,1.85332,1.85332,1.85226,1.85241
2026-05-29 10:30:00,1.8524,1.8526500000000001,1.85165,1.8526500000000001
2026-05-29 10:45:00,1.85264,1.85296,1.85224,1.85278
2026-05-29 11:00:00,1.85278,1.8533,1.8523800000000001,1.85256
2026-05-29 11:15:00,1.85256,1.85278,1.85216,1.8521800000000002
2026-05-29 11:30:00,1.8521800000000002,1.8523100000000001,1.85134,1.85155
2026-05-29 11:45:00,1.85155,1.85172,1.8511,1.8514599999999999
2026-05-29 12:00:00,1.85145,1.85213,1.85111,1.85185
2026-05-29 12:15:00,1.8518599999999998,1.85275,1.85174,1.8523
2026-05-29 12:30:00,1.85229,1.85241,1.85162,1.8519
2026-05-29 12:45:00,1.85188,1.8527,1.85182,1.8526
2026-05-29 13:00:00,1.85259,1.85263,1.8520400000000001,1.85213
2026-05-29 13:15:00,1.85212,1.8524500000000002,1.85182,1.85185
2026-05-29 13:30:00,1.85187,1.85228,1.85176,1.85224
2026-05-29 13:45:00,1.85224,1.8527,1.85172,1.8526799999999999
2026-05-29 14:00:00,1.85266,1.8531300000000002,1.85257,1.85301
2026-05-29 14:15:00,1.853,1.8536299999999999,1.8525399999999999,1.85336
2026-05-29 14:30:00,1.85336,1.8535300000000001,1.85269,1.85345
2026-05-29 14:45:00,1.85346,1.85357,1.8522699999999999,1.85316
2026-05-29 15:00:00,1.85314,1.85393,1.85302,1.8533300000000001
2026-05-29 15:15:00,1.8533300000000001,1.8538700000000001,1.85318,1.85344
2026-05-29 15:30:00,1.85343,1.85652,1.85343,1.85651
2026-05-29 15:45:00,1.85651,1.8569499999999999,1.85589,1.8562400000000001
2026-05-29 16:00:00,1.8562400000000001,1.85646,1.8558,1.85621
2026-05-29 16:15:00,1.8561800000000002,1.85657,1.85555,1.85596
2026-05-29 16:30:00,1.8559299999999999,1.85644,1.8554300000000001,1.85641
2026-05-29 16:45:00,1.85641,1.85703,1.85595,1.85616
2026-05-29 17:00:00,1.85616,1.85714,1.8552300000000002,1.85565
2026-05-29 17:15:00,1.85565,1.85569,1.8546399999999998,1.8550900000000001
2026-05-29 17:30:00,1.8551,1.85589,1.85348,1.8546
2026-05-29 17:45:00,1.85459,1.85697,1.85442,1.8565399999999999
2026-05-29 18:00:00,1.85656,1.85867,1.85646,1.85836
2026-05-29 18:15:00,1.8583699999999999,1.85869,1.8572,1.85739
2026-05-29 18:30:00,1.8574000000000002,1.85815,1.8561800000000002,1.8565800000000001
