datetime,open,high,low,close
2026-04-30 18:30:00,0.86357,0.86388,0.86329,0.86386
2026-04-30 18:45:00,0.86386,0.86391,0.8636,0.86374
2026-04-30 19:00:00,0.86375,0.86388,0.86364,0.86383
2026-04-30 19:15:00,0.86383,0.86389,0.86352,0.86353
2026-04-30 19:30:00,0.86352,0.8637,0.86342,0.86358
2026-04-30 19:45:00,0.86357,0.86373,0.86352,0.86357
2026-04-30 20:00:00,0.86357,0.86366,0.86346,0.86351
2026-04-30 20:15:00,0.8635,0.86361,0.86341,0.86348
2026-04-30 20:30:00,0.86349,0.86359,0.86347,0.86357
2026-04-30 20:45:00,0.86358,0.86359,0.86325,0.86333
2026-04-30 21:00:00,0.86332,0.86336,0.863,0.86301
2026-04-30 21:15:00,0.86302,0.86312,0.86286,0.86306
2026-04-30 21:30:00,0.86307,0.86313,0.8629,0.86301
2026-04-30 21:45:00,0.86301,0.86307,0.86277,0.86287
2026-04-30 22:00:00,0.86288,0.86291,0.8625,0.86256
2026-04-30 22:15:00,0.86257,0.86265,0.86249,0.86253
2026-04-30 22:30:00,0.86253,0.86258,0.86244,0.86251
2026-04-30 22:45:00,0.86252,0.86257,0.86243,0.8625
2026-04-30 23:00:00,0.86251,0.86255,0.86225,0.86227
2026-04-30 23:15:00,0.86226,0.86244,0.86226,0.86235
2026-04-30 23:30:00,0.86234,0.86247,0.86231,0.86238
2026-04-30 23:45:00,0.86239,0.8625,0.86225,0.86229
2026-05-01 00:00:00,0.86117,0.8624,0.86117,0.86232
2026-05-01 00:15:00,0.86236,0.86242,0.86227,0.86235
2026-05-01 00:30:00,0.86235,0.86247,0.86231,0.86236
2026-05-01 00:45:00,0.86236,0.86254,0.86233,0.86239
2026-05-01 01:00:00,0.86235,0.8624,0.86218,0.8623
2026-05-01 01:15:00,0.8623,0.86233,0.86228,0.86228
2026-05-01 01:30:00,0.86229,0.86235,0.86227,0.86233
2026-05-01 01:45:00,0.86235,0.86239,0.86234,0.86238
2026-05-01 02:00:00,0.86237,0.86238,0.86232,0.86232
2026-05-01 02:15:00,0.86232,0.86235,0.86232,0.86232
2026-05-01 02:30:00,0.86232,0.86234,0.86226,0.86228
2026-05-01 02:45:00,0.86228,0.86231,0.86222,0.8623
2026-05-01 03:00:00,0.8623,0.86231,0.86217,0.8622
2026-05-01 03:15:00,0.86219,0.86229,0.8621,0.86229
2026-05-01 03:30:00,0.8623,0.8623,0.86208,0.86224
2026-05-01 03:45:00,0.86225,0.8623,0.86208,0.86213
2026-05-01 04:00:00,0.86214,0.86223,0.86211,0.86218
2026-05-01 04:15:00,0.86219,0.86227,0.86217,0.86226
2026-05-01 04:30:00,0.86225,0.86237,0.86225,0.86231
2026-05-01 04:45:00,0.86231,0.86237,0.8622,0.86222
2026-05-01 05:00:00,0.86223,0.86228,0.86221,0.86227
2026-05-01 05:15:00,0.86227,0.86228,0.8622,0.86227
2026-05-01 05:30:00,0.86227,0.86244,0.86223,0.86242
2026-05-01 05:45:00,0.86242,0.86254,0.86239,0.86242
2026-05-01 06:00:00,0.86242,0.86246,0.86229,0.86231
2026-05-01 06:15:00,0.86232,0.86236,0.86225,0.86229
2026-05-01 06:30:00,0.8623,0.86248,0.86225,0.86245
2026-05-01 06:45:00,0.86246,0.86257,0.8624,0.86246
2026-05-01 07:00:00,0.86245,0.86249,0.86238,0.86246
2026-05-01 07:15:00,0.86245,0.86253,0.8624,0.86252
2026-05-01 07:30:00,0.86251,0.86253,0.86241,0.86248
2026-05-01 07:45:00,0.86249,0.86252,0.86242,0.86247
2026-05-01 08:00:00,0.86247,0.86254,0.86243,0.86253
2026-05-01 08:15:00,0.86252,0.86263,0.8625,0.86257
2026-05-01 08:30:00,0.86256,0.8627,0.86254,0.86265
2026-05-01 08:45:00,0.86265,0.86268,0.86255,0.86265
2026-05-01 09:00:00,0.86264,0.86267,0.86253,0.86259
2026-05-01 09:15:00,0.86258,0.86261,0.86235,0.86237
2026-05-01 09:30:00,0.86238,0.86243,0.86206,0.86214
2026-05-01 09:45:00,0.86215,0.86238,0.86202,0.86224
2026-05-01 10:00:00,0.86225,0.86241,0.86203,0.86226
2026-05-01 10:15:00,0.86227,0.86258,0.86222,0.86252
2026-05-01 10:30:00,0.86251,0.86267,0.86249,0.86254
2026-05-01 10:45:00,0.86253,0.86275,0.86247,0.86256
2026-05-01 11:00:00,0.86256,0.86275,0.86248,0.86266
2026-05-01 11:15:00,0.86266,0.86316,0.86263,0.86309
2026-05-01 11:30:00,0.86308,0.86323,0.86293,0.86305
2026-05-01 11:45:00,0.86306,0.8631,0.86282,0.86301
2026-05-01 12:00:00,0.863,0.86301,0.86273,0.86296
2026-05-01 12:15:00,0.86296,0.86319,0.86291,0.86316
2026-05-01 12:30:00,0.86316,0.86316,0.86292,0.863
2026-05-01 12:45:00,0.86298,0.86315,0.86298,0.86306
2026-05-01 13:00:00,0.86307,0.86323,0.86303,0.86306
2026-05-01 13:15:00,0.86306,0.86307,0.86285,0.86285
2026-05-01 13:30:00,0.86287,0.86308,0.86287,0.863
2026-05-01 13:45:00,0.863,0.8633,0.86297,0.86323
2026-05-01 14:00:00,0.86324,0.86324,0.86298,0.86316
2026-05-01 14:15:00,0.86317,0.86326,0.86312,0.86318
2026-05-01 14:30:00,0.86319,0.86322,0.86302,0.86306
2026-05-01 14:45:00,0.86307,0.86319,0.86281,0.86283
2026-05-01 15:00:00,0.86283,0.86297,0.86255,0.86263
2026-05-01 15:15:00,0.86263,0.86273,0.86249,0.86264
2026-05-01 15:30:00,0.86264,0.86279,0.86256,0.86268
2026-05-01 15:45:00,0.86268,0.86276,0.86256,0.86267
2026-05-01 16:00:00,0.86267,0.8627,0.86249,0.86268
2026-05-01 16:15:00,0.86267,0.86271,0.86256,0.86262
2026-05-01 16:30:00,0.86262,0.86283,0.86255,0.86265
2026-05-01 16:45:00,0.86264,0.86267,0.86234,0.86249
2026-05-01 17:00:00,0.86249,0.86296,0.86234,0.86287
2026-05-01 17:15:00,0.86288,0.86313,0.86277,0.86299
2026-05-01 17:30:00,0.86299,0.86348,0.86298,0.86318
2026-05-01 17:45:00,0.86319,0.86409,0.86319,0.8638
2026-05-01 18:00:00,0.86379,0.86384,0.8636,0.86362
2026-05-01 18:15:00,0.86361,0.86371,0.86348,0.86348
2026-05-01 18:30:00,0.86348,0.86358,0.86334,0.86355
2026-05-01 18:45:00,0.86356,0.86358,0.86315,0.86317
2026-05-01 19:00:00,0.86316,0.86319,0.86294,0.86304
2026-05-01 19:15:00,0.86304,0.8634,0.86297,0.86327
2026-05-01 19:30:00,0.86327,0.86334,0.8631,0.8633
2026-05-01 19:45:00,0.8633,0.86333,0.86314,0.86321
2026-05-01 20:00:00,0.86321,0.86332,0.86313,0.8632
2026-05-01 20:15:00,0.8632,0.86332,0.86314,0.86327
2026-05-01 20:30:00,0.86326,0.86337,0.86307,0.86324
2026-05-01 20:45:00,0.86324,0.86326,0.86316,0.86317
2026-05-01 21:00:00,0.86316,0.86327,0.86314,0.86327
2026-05-01 21:15:00,0.86328,0.86348,0.86323,0.86339
2026-05-01 21:30:00,0.8634,0.86341,0.86325,0.86338
2026-05-01 21:45:00,0.86338,0.86351,0.8633,0.86345
2026-05-01 22:00:00,0.86346,0.86353,0.86334,0.86334
2026-05-01 22:15:00,0.86335,0.86338,0.86327,0.86329
2026-05-01 22:30:00,0.86328,0.86336,0.86326,0.86327
2026-05-01 22:45:00,0.86328,0.86346,0.86327,0.86345
2026-05-01 23:00:00,0.86346,0.8636,0.86344,0.86353
2026-05-01 23:15:00,0.86354,0.86357,0.86339,0.86341
2026-05-01 23:30:00,0.8634,0.86353,0.86336,0.86352
2026-05-01 23:45:00,0.86351,0.86359,0.86316,0.86326
2026-05-04 00:00:00,0.86338,0.86353,0.86256,0.86351
2026-05-04 00:15:00,0.86347,0.8635,0.86318,0.86338
2026-05-04 00:30:00,0.86338,0.86339,0.86322,0.86333
2026-05-04 00:45:00,0.86333,0.86333,0.86299,0.86306
2026-05-04 01:00:00,0.86308,0.86343,0.86298,0.86339
2026-05-04 01:15:00,0.8634,0.86344,0.86326,0.86344
2026-05-04 01:30:00,0.86344,0.86367,0.86342,0.86354
2026-05-04 01:45:00,0.86355,0.86357,0.86337,0.8634
2026-05-04 02:00:00,0.86341,0.86341,0.86329,0.86338
2026-05-04 02:15:00,0.8634,0.8635,0.86338,0.86342
2026-05-04 02:30:00,0.86342,0.86344,0.8634,0.86341
2026-05-04 02:45:00,0.86341,0.86344,0.86337,0.86337
2026-05-04 03:00:00,0.86338,0.86341,0.86327,0.86331
2026-05-04 03:15:00,0.86332,0.86354,0.8633,0.86341
2026-05-04 03:30:00,0.86341,0.86343,0.86323,0.86324
2026-05-04 03:45:00,0.86324,0.86325,0.86311,0.86313
2026-05-04 04:00:00,0.86312,0.86327,0.86312,0.86326
2026-05-04 04:15:00,0.86326,0.86335,0.8632,0.86333
2026-05-04 04:30:00,0.86332,0.86334,0.86315,0.86327
2026-05-04 04:45:00,0.86326,0.86329,0.86312,0.86314
2026-05-04 05:00:00,0.86314,0.86317,0.86295,0.86298
2026-05-04 05:15:00,0.86297,0.86322,0.86297,0.86319
2026-05-04 05:30:00,0.8632,0.86323,0.86311,0.86318
2026-05-04 05:45:00,0.86319,0.86323,0.86309,0.86323
2026-05-04 06:00:00,0.86322,0.86324,0.86315,0.8632
2026-05-04 06:15:00,0.86319,0.86321,0.86314,0.86316
2026-05-04 06:30:00,0.86316,0.86323,0.86314,0.8632
2026-05-04 06:45:00,0.8632,0.86322,0.86306,0.86318
2026-05-04 07:00:00,0.86317,0.86328,0.86315,0.86321
2026-05-04 07:15:00,0.86321,0.86328,0.86315,0.86327
2026-05-04 07:30:00,0.86327,0.86327,0.86317,0.86319
2026-05-04 07:45:00,0.86319,0.86325,0.86316,0.8632
2026-05-04 08:00:00,0.86319,0.86324,0.86314,0.86318
2026-05-04 08:15:00,0.86317,0.86321,0.86307,0.86309
2026-05-04 08:30:00,0.8631,0.86313,0.86306,0.86306
2026-05-04 08:45:00,0.86306,0.86307,0.86304,0.86306
2026-05-04 09:00:00,0.86306,0.86327,0.86305,0.86313
2026-05-04 09:15:00,0.86312,0.86322,0.86308,0.86311
2026-05-04 09:30:00,0.8631,0.86341,0.8631,0.86337
2026-05-04 09:45:00,0.86338,0.8637,0.86335,0.86362
2026-05-04 10:00:00,0.86363,0.86382,0.86356,0.86374
2026-05-04 10:15:00,0.86374,0.86384,0.86364,0.86378
2026-05-04 10:30:00,0.86378,0.86389,0.86371,0.86375
2026-05-04 10:45:00,0.86374,0.86387,0.86367,0.86375
2026-05-04 11:00:00,0.86375,0.86386,0.86356,0.86383
2026-05-04 11:15:00,0.86384,0.86412,0.86379,0.86408
2026-05-04 11:30:00,0.86408,0.86419,0.86395,0.86419
2026-05-04 11:45:00,0.86419,0.86428,0.86416,0.86419
2026-05-04 12:00:00,0.86419,0.86425,0.86406,0.86417
2026-05-04 12:15:00,0.86416,0.86425,0.86408,0.86414
2026-05-04 12:30:00,0.86415,0.86418,0.86409,0.86413
2026-05-04 12:45:00,0.86414,0.86423,0.86409,0.86416
2026-05-04 13:00:00,0.86417,0.86451,0.86404,0.8643
2026-05-04 13:15:00,0.86431,0.86441,0.86403,0.86406
2026-05-04 13:30:00,0.86407,0.86421,0.86387,0.86413
2026-05-04 13:45:00,0.86414,0.86427,0.86407,0.86412
2026-05-04 14:00:00,0.86413,0.86418,0.86398,0.86399
2026-05-04 14:15:00,0.864,0.8641,0.86391,0.86396
2026-05-04 14:30:00,0.86397,0.86418,0.86393,0.86393
2026-05-04 14:45:00,0.86394,0.86405,0.86348,0.86353
2026-05-04 15:00:00,0.86354,0.86376,0.86346,0.86367
2026-05-04 15:15:00,0.86368,0.86368,0.86335,0.86346
2026-05-04 15:30:00,0.86347,0.86357,0.8634,0.86343
2026-05-04 15:45:00,0.86342,0.86372,0.8634,0.86369
2026-05-04 16:00:00,0.86369,0.86375,0.86335,0.86351
2026-05-04 16:15:00,0.8635,0.86382,0.86349,0.86379
2026-05-04 16:30:00,0.8638,0.86404,0.86378,0.86398
2026-05-04 16:45:00,0.86397,0.864,0.86374,0.86393
2026-05-04 17:00:00,0.86392,0.86403,0.86373,0.86377
2026-05-04 17:15:00,0.86377,0.86379,0.86344,0.86351
2026-05-04 17:30:00,0.86351,0.86353,0.86336,0.86347
2026-05-04 17:45:00,0.86346,0.8638,0.86346,0.86376
2026-05-04 18:00:00,0.86376,0.86417,0.86371,0.8641
2026-05-04 18:15:00,0.86411,0.86445,0.86408,0.86428
2026-05-04 18:30:00,0.86429,0.86453,0.86411,0.86447
2026-05-04 18:45:00,0.86447,0.86465,0.86431,0.86439
2026-05-04 19:00:00,0.86439,0.86482,0.86437,0.86469
2026-05-04 19:15:00,0.86469,0.86473,0.86402,0.86415
2026-05-04 19:30:00,0.86414,0.86416,0.8639,0.86396
2026-05-04 19:45:00,0.86397,0.86414,0.8638,0.86413
2026-05-04 20:00:00,0.86413,0.86415,0.86368,0.86378
2026-05-04 20:15:00,0.86378,0.86388,0.86366,0.86386
2026-05-04 20:30:00,0.86387,0.86406,0.86381,0.86395
2026-05-04 20:45:00,0.86394,0.86409,0.86392,0.86407
2026-05-04 21:00:00,0.86407,0.86413,0.86397,0.86412
2026-05-04 21:15:00,0.86411,0.86418,0.86408,0.86411
2026-05-04 21:30:00,0.8641,0.86412,0.86404,0.86411
2026-05-04 21:45:00,0.86412,0.86418,0.86405,0.86409
2026-05-04 22:00:00,0.86408,0.86415,0.86402,0.86403
2026-05-04 22:15:00,0.86404,0.86419,0.86402,0.86418
2026-05-04 22:30:00,0.86418,0.86419,0.86405,0.86411
2026-05-04 22:45:00,0.86411,0.86411,0.86388,0.86392
2026-05-04 23:00:00,0.86392,0.86403,0.86384,0.86402
2026-05-04 23:15:00,0.86401,0.86404,0.8639,0.86394
2026-05-04 23:30:00,0.86395,0.86404,0.86392,0.86397
2026-05-04 23:45:00,0.86399,0.86406,0.86395,0.86398
2026-05-05 00:00:00,0.86312,0.86377,0.86304,0.86366
2026-05-05 00:15:00,0.86366,0.86402,0.86359,0.86364
2026-05-05 00:30:00,0.8636,0.86405,0.86354,0.86395
2026-05-05 00:45:00,0.864,0.86405,0.86356,0.86376
2026-05-05 01:00:00,0.86376,0.8641,0.86369,0.86408
2026-05-05 01:15:00,0.86408,0.86414,0.86403,0.8641
2026-05-05 01:30:00,0.8641,0.8641,0.86406,0.86407
2026-05-05 01:45:00,0.86406,0.86412,0.86406,0.8641
2026-05-05 02:00:00,0.86409,0.86414,0.86406,0.86412
2026-05-05 02:15:00,0.86411,0.86414,0.86408,0.86409
2026-05-05 02:30:00,0.8641,0.86412,0.86403,0.86404
2026-05-05 02:45:00,0.86405,0.86407,0.864,0.86405
2026-05-05 03:00:00,0.86405,0.86411,0.86397,0.864
2026-05-05 03:15:00,0.864,0.8641,0.86398,0.86406
2026-05-05 03:30:00,0.86405,0.86412,0.864,0.86411
2026-05-05 03:45:00,0.86411,0.86411,0.86397,0.86407
2026-05-05 04:00:00,0.86408,0.8641,0.86404,0.86407
2026-05-05 04:15:00,0.86408,0.86408,0.864,0.86402
2026-05-05 04:30:00,0.86403,0.8641,0.864,0.86408
2026-05-05 04:45:00,0.86407,0.86408,0.86399,0.86401
2026-05-05 05:00:00,0.86401,0.86404,0.86399,0.86401
2026-05-05 05:15:00,0.86402,0.86403,0.86398,0.864
2026-05-05 05:30:00,0.864,0.86403,0.86399,0.86402
2026-05-05 05:45:00,0.86402,0.8641,0.86399,0.86408
2026-05-05 06:00:00,0.86407,0.86409,0.86398,0.864
2026-05-05 06:15:00,0.86399,0.86412,0.86398,0.86408
2026-05-05 06:30:00,0.86409,0.86411,0.86406,0.86408
2026-05-05 06:45:00,0.86408,0.86411,0.86404,0.86409
2026-05-05 07:00:00,0.8641,0.8641,0.86398,0.86399
2026-05-05 07:15:00,0.864,0.86405,0.86395,0.86398
2026-05-05 07:30:00,0.86398,0.86408,0.8639,0.86398
2026-05-05 07:45:00,0.86399,0.86404,0.86389,0.86401
2026-05-05 08:00:00,0.864,0.86406,0.86393,0.86395
2026-05-05 08:15:00,0.86395,0.86397,0.8639,0.86394
2026-05-05 08:30:00,0.86395,0.86401,0.86388,0.86394
2026-05-05 08:45:00,0.86394,0.86418,0.8639,0.86417
2026-05-05 09:00:00,0.86416,0.86421,0.86383,0.86393
2026-05-05 09:15:00,0.86393,0.8642,0.86383,0.86413
2026-05-05 09:30:00,0.86413,0.86413,0.86358,0.86371
2026-05-05 09:45:00,0.8637,0.86375,0.86339,0.86362
2026-05-05 10:00:00,0.86362,0.86363,0.86329,0.86355
2026-05-05 10:15:00,0.86354,0.86355,0.86331,0.86347
2026-05-05 10:30:00,0.86346,0.86351,0.86335,0.86345
2026-05-05 10:45:00,0.86344,0.86359,0.86338,0.86343
2026-05-05 11:00:00,0.86342,0.86345,0.86322,0.86328
2026-05-05 11:15:00,0.86328,0.86338,0.86312,0.86325
2026-05-05 11:30:00,0.86325,0.8633,0.86304,0.86315
2026-05-05 11:45:00,0.86316,0.86323,0.86299,0.86313
2026-05-05 12:00:00,0.86314,0.86323,0.86293,0.86308
2026-05-05 12:15:00,0.86308,0.86323,0.86295,0.86321
2026-05-05 12:30:00,0.86321,0.86323,0.86301,0.86318
2026-05-05 12:45:00,0.86319,0.86328,0.86308,0.86324
2026-05-05 13:00:00,0.86324,0.86332,0.86315,0.86319
2026-05-05 13:15:00,0.86318,0.86324,0.86307,0.86312
2026-05-05 13:30:00,0.86312,0.86326,0.86299,0.86313
2026-05-05 13:45:00,0.86313,0.86313,0.86293,0.86296
2026-05-05 14:00:00,0.86295,0.86328,0.86288,0.86317
2026-05-05 14:15:00,0.86317,0.86357,0.86311,0.86324
2026-05-05 14:30:00,0.86324,0.86358,0.86313,0.86358
2026-05-05 14:45:00,0.86358,0.86359,0.86318,0.86325
2026-05-05 15:00:00,0.86324,0.86356,0.86316,0.86327
2026-05-05 15:15:00,0.86327,0.86339,0.86315,0.8633
2026-05-05 15:30:00,0.86331,0.86345,0.86326,0.86342
2026-05-05 15:45:00,0.86342,0.86348,0.86331,0.86331
2026-05-05 16:00:00,0.86329,0.86345,0.86319,0.86327
2026-05-05 16:15:00,0.86328,0.86348,0.86313,0.86347
2026-05-05 16:30:00,0.86346,0.86349,0.86324,0.86329
2026-05-05 16:45:00,0.8633,0.86337,0.86299,0.86304
2026-05-05 17:00:00,0.86308,0.86313,0.86276,0.86291
2026-05-05 17:15:00,0.86292,0.86328,0.86284,0.86302
2026-05-05 17:30:00,0.86302,0.86314,0.8627,0.86285
2026-05-05 17:45:00,0.86285,0.86319,0.86281,0.86296
2026-05-05 18:00:00,0.86297,0.86316,0.86278,0.86282
2026-05-05 18:15:00,0.86281,0.86299,0.86272,0.86289
2026-05-05 18:30:00,0.86289,0.86296,0.86265,0.86273
2026-05-05 18:45:00,0.86272,0.86274,0.86238,0.86244
2026-05-05 19:00:00,0.86243,0.86253,0.86233,0.86253
2026-05-05 19:15:00,0.86252,0.86264,0.86245,0.86261
2026-05-05 19:30:00,0.8626,0.86294,0.86258,0.86292
2026-05-05 19:45:00,0.86292,0.8631,0.86284,0.86303
2026-05-05 20:00:00,0.86303,0.86329,0.86297,0.86328
2026-05-05 20:15:00,0.86328,0.86347,0.86325,0.86345
2026-05-05 20:30:00,0.86345,0.86352,0.86335,0.86345
2026-05-05 20:45:00,0.86345,0.86351,0.86326,0.86333
2026-05-05 21:00:00,0.86333,0.86343,0.8633,0.86333
2026-05-05 21:15:00,0.86332,0.86345,0.86331,0.86337
2026-05-05 21:30:00,0.86338,0.86358,0.86336,0.86346
2026-05-05 21:45:00,0.86346,0.86356,0.86334,0.86353
2026-05-05 22:00:00,0.86352,0.86361,0.86345,0.86351
2026-05-05 22:15:00,0.86351,0.86351,0.86344,0.86351
2026-05-05 22:30:00,0.86352,0.86357,0.86349,0.86357
2026-05-05 22:45:00,0.86357,0.86365,0.8635,0.86357
2026-05-05 23:00:00,0.86357,0.8637,0.86354,0.86369
2026-05-05 23:15:00,0.8637,0.86372,0.86358,0.86359
2026-05-05 23:30:00,0.8636,0.86365,0.86357,0.86358
2026-05-05 23:45:00,0.86359,0.8637,0.86356,0.86362
2026-05-06 00:00:00,0.86203,0.86341,0.86187,0.86341
2026-05-06 00:15:00,0.86341,0.86351,0.86311,0.86338
2026-05-06 00:30:00,0.86338,0.86341,0.8629,0.86324
2026-05-06 00:45:00,0.86322,0.86352,0.86301,0.86333
2026-05-06 01:00:00,0.8633,0.86357,0.86316,0.86352
2026-05-06 01:15:00,0.86354,0.86361,0.8635,0.86361
2026-05-06 01:30:00,0.8636,0.86361,0.86356,0.86358
2026-05-06 01:45:00,0.86359,0.86364,0.86332,0.86344
2026-05-06 02:00:00,0.86344,0.86354,0.86334,0.86351
2026-05-06 02:15:00,0.8635,0.86352,0.86338,0.86344
2026-05-06 02:30:00,0.86345,0.86353,0.86343,0.86345
2026-05-06 02:45:00,0.86346,0.8635,0.86337,0.86342
2026-05-06 03:00:00,0.86342,0.86344,0.86323,0.86333
2026-05-06 03:15:00,0.86333,0.86339,0.86324,0.86329
2026-05-06 03:30:00,0.86328,0.86335,0.86321,0.86328
2026-05-06 03:45:00,0.86329,0.86338,0.86326,0.86337
2026-05-06 04:00:00,0.86337,0.86343,0.8633,0.86338
2026-05-06 04:15:00,0.86338,0.86346,0.86325,0.86341
2026-05-06 04:30:00,0.86341,0.86352,0.86334,0.86341
2026-05-06 04:45:00,0.86342,0.86355,0.86342,0.86351
2026-05-06 05:00:00,0.86352,0.8636,0.8634,0.8635
2026-05-06 05:15:00,0.86351,0.86357,0.86347,0.86351
2026-05-06 05:30:00,0.8635,0.86364,0.8635,0.8636
2026-05-06 05:45:00,0.8636,0.8636,0.86355,0.86356
2026-05-06 06:00:00,0.86357,0.86376,0.86354,0.86375
2026-05-06 06:15:00,0.86374,0.86382,0.86371,0.86379
2026-05-06 06:30:00,0.86379,0.86386,0.86373,0.86375
2026-05-06 06:45:00,0.86374,0.86384,0.86369,0.86382
2026-05-06 07:00:00,0.86382,0.86385,0.86373,0.86382
2026-05-06 07:15:00,0.86381,0.86393,0.86368,0.8637
2026-05-06 07:30:00,0.86369,0.86382,0.86333,0.86378
2026-05-06 07:45:00,0.86377,0.86381,0.86351,0.86366
2026-05-06 08:00:00,0.86366,0.8637,0.86348,0.86355
2026-05-06 08:15:00,0.86355,0.86362,0.86349,0.86357
2026-05-06 08:30:00,0.86357,0.86369,0.86345,0.86365
2026-05-06 08:45:00,0.86364,0.86369,0.86359,0.86361
2026-05-06 09:00:00,0.8636,0.86379,0.86354,0.86365
2026-05-06 09:15:00,0.86364,0.86367,0.86349,0.86352
2026-05-06 09:30:00,0.86353,0.86365,0.8635,0.86356
2026-05-06 09:45:00,0.86357,0.86359,0.86345,0.86345
2026-05-06 10:00:00,0.86346,0.86352,0.86319,0.86336
2026-05-06 10:15:00,0.86337,0.8634,0.86309,0.86316
2026-05-06 10:30:00,0.86317,0.86318,0.86297,0.86297
2026-05-06 10:45:00,0.86298,0.86317,0.86277,0.86312
2026-05-06 11:00:00,0.86311,0.86323,0.86295,0.86321
2026-05-06 11:15:00,0.86322,0.86325,0.86291,0.8631
2026-05-06 11:30:00,0.86308,0.86313,0.86288,0.8631
2026-05-06 11:45:00,0.8631,0.86364,0.86297,0.86324
2026-05-06 12:00:00,0.86325,0.86366,0.8632,0.86355
2026-05-06 12:15:00,0.86355,0.86385,0.86351,0.86372
2026-05-06 12:30:00,0.86371,0.86406,0.86366,0.86405
2026-05-06 12:45:00,0.86406,0.86437,0.86401,0.86417
2026-05-06 13:00:00,0.86415,0.86437,0.86412,0.86431
2026-05-06 13:15:00,0.86432,0.86439,0.86424,0.86427
2026-05-06 13:30:00,0.86427,0.86474,0.86425,0.86468
2026-05-06 13:45:00,0.86468,0.8649,0.86446,0.86448
2026-05-06 14:00:00,0.86447,0.86481,0.86427,0.86459
2026-05-06 14:15:00,0.86457,0.86461,0.86406,0.86413
2026-05-06 14:30:00,0.86414,0.86423,0.86394,0.86404
2026-05-06 14:45:00,0.86403,0.86418,0.86392,0.86395
2026-05-06 15:00:00,0.86394,0.86395,0.86352,0.86366
2026-05-06 15:15:00,0.86372,0.86378,0.86327,0.86351
2026-05-06 15:30:00,0.86351,0.86378,0.86347,0.86374
2026-05-06 15:45:00,0.86373,0.86374,0.86344,0.86349
2026-05-06 16:00:00,0.8635,0.86375,0.86348,0.8637
2026-05-06 16:15:00,0.8637,0.86376,0.86358,0.86369
2026-05-06 16:30:00,0.86368,0.86384,0.86352,0.86371
2026-05-06 16:45:00,0.8637,0.8638,0.86352,0.86359
2026-05-06 17:00:00,0.8636,0.86365,0.86335,0.86361
2026-05-06 17:15:00,0.86361,0.8639,0.86355,0.86373
2026-05-06 17:30:00,0.86373,0.86383,0.86353,0.86371
2026-05-06 17:45:00,0.8637,0.86412,0.86366,0.86408
2026-05-06 18:00:00,0.86407,0.8643,0.86401,0.86425
2026-05-06 18:15:00,0.86426,0.86428,0.86413,0.86421
2026-05-06 18:30:00,0.8642,0.86439,0.86413,0.86433
2026-05-06 18:45:00,0.86434,0.86467,0.86429,0.86445
2026-05-06 19:00:00,0.86445,0.86491,0.86445,0.86462
2026-05-06 19:15:00,0.86463,0.86477,0.86455,0.86465
2026-05-06 19:30:00,0.86466,0.8647,0.86451,0.86457
2026-05-06 19:45:00,0.86458,0.86489,0.86456,0.86458
2026-05-06 20:00:00,0.86459,0.86468,0.86435,0.8644
2026-05-06 20:15:00,0.86441,0.8645,0.86435,0.86447
2026-05-06 20:30:00,0.86446,0.86456,0.86438,0.8645
2026-05-06 20:45:00,0.8645,0.8646,0.86421,0.86431
2026-05-06 21:00:00,0.86431,0.86437,0.86421,0.86425
2026-05-06 21:15:00,0.86425,0.86431,0.86417,0.8642
2026-05-06 21:30:00,0.86419,0.86432,0.86417,0.86431
2026-05-06 21:45:00,0.86433,0.8644,0.86422,0.8643
2026-05-06 22:00:00,0.86429,0.86446,0.86427,0.86445
2026-05-06 22:15:00,0.86444,0.8645,0.86439,0.86448
2026-05-06 22:30:00,0.86448,0.86458,0.86434,0.86435
2026-05-06 22:45:00,0.86434,0.86443,0.86422,0.86423
2026-05-06 23:00:00,0.86422,0.86433,0.86417,0.86426
2026-05-06 23:15:00,0.86425,0.86429,0.8642,0.86422
2026-05-06 23:30:00,0.86421,0.86426,0.86416,0.86424
2026-05-06 23:45:00,0.86425,0.86441,0.86417,0.86422
2026-05-07 00:00:00,0.86305,0.86392,0.86305,0.86386
2026-05-07 00:15:00,0.86388,0.86411,0.8638,0.86397
2026-05-07 00:30:00,0.86397,0.86426,0.86395,0.86418
2026-05-07 00:45:00,0.86417,0.86432,0.86411,0.86426
2026-05-07 01:00:00,0.86429,0.86443,0.8642,0.8644
2026-05-07 01:15:00,0.86439,0.86448,0.86438,0.8644
2026-05-07 01:30:00,0.8644,0.86445,0.86439,0.86442
2026-05-07 01:45:00,0.86443,0.86444,0.86434,0.86436
2026-05-07 02:00:00,0.86436,0.86436,0.8643,0.86432
2026-05-07 02:15:00,0.86432,0.86435,0.8643,0.86433
2026-05-07 02:30:00,0.86433,0.86433,0.86426,0.86426
2026-05-07 02:45:00,0.86426,0.86437,0.86421,0.86437
2026-05-07 03:00:00,0.86436,0.86439,0.86425,0.86431
2026-05-07 03:15:00,0.86431,0.86442,0.8643,0.86438
2026-05-07 03:30:00,0.86439,0.86454,0.86432,0.86437
2026-05-07 03:45:00,0.86436,0.86442,0.8643,0.86436
2026-05-07 04:00:00,0.86435,0.86439,0.86424,0.86426
2026-05-07 04:15:00,0.86426,0.86437,0.86421,0.86422
2026-05-07 04:30:00,0.86423,0.86449,0.86421,0.86441
2026-05-07 04:45:00,0.86442,0.86446,0.86424,0.86431
2026-05-07 05:00:00,0.86432,0.86433,0.86421,0.86431
2026-05-07 05:15:00,0.86432,0.86432,0.86423,0.86426
2026-05-07 05:30:00,0.86426,0.86428,0.86417,0.86417
2026-05-07 05:45:00,0.86417,0.86431,0.86415,0.8642
2026-05-07 06:00:00,0.86421,0.86427,0.86415,0.86424
2026-05-07 06:15:00,0.86425,0.86428,0.86414,0.86419
2026-05-07 06:30:00,0.8642,0.86426,0.86419,0.86422
2026-05-07 06:45:00,0.86423,0.86434,0.8642,0.86433
2026-05-07 07:00:00,0.86435,0.86437,0.86426,0.86429
2026-05-07 07:15:00,0.86429,0.86429,0.86419,0.86423
2026-05-07 07:30:00,0.86424,0.86424,0.86411,0.86417
2026-05-07 07:45:00,0.86418,0.86425,0.86415,0.86418
2026-05-07 08:00:00,0.86418,0.86428,0.86418,0.86419
2026-05-07 08:15:00,0.86418,0.86431,0.86418,0.86429
2026-05-07 08:30:00,0.8643,0.86432,0.86424,0.86431
2026-05-07 08:45:00,0.86431,0.86444,0.8643,0.86442
2026-05-07 09:00:00,0.86443,0.86446,0.8643,0.86438
2026-05-07 09:15:00,0.86438,0.86442,0.86419,0.86425
2026-05-07 09:30:00,0.86426,0.86426,0.86379,0.8639
2026-05-07 09:45:00,0.8639,0.86396,0.86367,0.8638
2026-05-07 10:00:00,0.86381,0.86416,0.86374,0.86381
2026-05-07 10:15:00,0.86381,0.86388,0.86366,0.86379
2026-05-07 10:30:00,0.86379,0.86397,0.86377,0.86392
2026-05-07 10:45:00,0.86393,0.86398,0.86382,0.86387
2026-05-07 11:00:00,0.86387,0.8639,0.86365,0.86385
2026-05-07 11:15:00,0.86386,0.86424,0.86385,0.86411
2026-05-07 11:30:00,0.86411,0.86427,0.8641,0.86415
2026-05-07 11:45:00,0.86415,0.86428,0.86413,0.86416
2026-05-07 12:00:00,0.86415,0.86426,0.8639,0.86398
2026-05-07 12:15:00,0.86397,0.86408,0.86391,0.86407
2026-05-07 12:30:00,0.86406,0.86455,0.86405,0.86453
2026-05-07 12:45:00,0.86452,0.86457,0.86423,0.86426
2026-05-07 13:00:00,0.86426,0.86449,0.86416,0.86432
2026-05-07 13:15:00,0.86431,0.86436,0.86394,0.86396
2026-05-07 13:30:00,0.86396,0.86398,0.86365,0.86378
2026-05-07 13:45:00,0.86381,0.86397,0.86369,0.86393
2026-05-07 14:00:00,0.86395,0.86422,0.86369,0.86413
2026-05-07 14:15:00,0.86414,0.8643,0.86413,0.8643
2026-05-07 14:30:00,0.86429,0.8643,0.86395,0.86422
2026-05-07 14:45:00,0.86423,0.86437,0.86411,0.8643
2026-05-07 15:00:00,0.86429,0.86431,0.86398,0.86406
2026-05-07 15:15:00,0.86407,0.86422,0.8639,0.86402
2026-05-07 15:30:00,0.86403,0.86409,0.8639,0.86398
2026-05-07 15:45:00,0.86399,0.86429,0.86397,0.86417
2026-05-07 16:00:00,0.86417,0.86432,0.86413,0.86422
2026-05-07 16:15:00,0.86422,0.8643,0.86416,0.86416
2026-05-07 16:30:00,0.86416,0.86417,0.86392,0.86393
2026-05-07 16:45:00,0.86393,0.86424,0.8639,0.86412
2026-05-07 17:00:00,0.86412,0.86423,0.86394,0.86397
2026-05-07 17:15:00,0.86396,0.86431,0.86394,0.86406
2026-05-07 17:30:00,0.86407,0.86434,0.86404,0.86428
2026-05-07 17:45:00,0.86428,0.86453,0.86391,0.86395
2026-05-07 18:00:00,0.86395,0.86414,0.86387,0.86408
2026-05-07 18:15:00,0.86408,0.86444,0.86398,0.86424
2026-05-07 18:30:00,0.86423,0.86444,0.86417,0.86429
2026-05-07 18:45:00,0.8643,0.8645,0.86426,0.86447
2026-05-07 19:00:00,0.86449,0.86465,0.86442,0.86458
2026-05-07 19:15:00,0.86457,0.86468,0.86452,0.86463
2026-05-07 19:30:00,0.86462,0.86497,0.86461,0.86492
2026-05-07 19:45:00,0.86493,0.86518,0.86492,0.8651
2026-05-07 20:00:00,0.8651,0.86527,0.86504,0.86525
2026-05-07 20:15:00,0.86524,0.8654,0.8652,0.86524
2026-05-07 20:30:00,0.86523,0.86527,0.86484,0.86504
2026-05-07 20:45:00,0.86505,0.86524,0.86496,0.86496
2026-05-07 21:00:00,0.86497,0.86519,0.86495,0.86497
2026-05-07 21:15:00,0.86498,0.86515,0.86498,0.86513
2026-05-07 21:30:00,0.86513,0.86519,0.86502,0.86508
2026-05-07 21:45:00,0.86508,0.86542,0.86508,0.86522
2026-05-07 22:00:00,0.86521,0.86528,0.86503,0.86507
2026-05-07 22:15:00,0.86508,0.86517,0.86502,0.86507
2026-05-07 22:30:00,0.86508,0.86517,0.86504,0.86511
2026-05-07 22:45:00,0.8651,0.86524,0.86502,0.86515
2026-05-07 23:00:00,0.86515,0.86524,0.8651,0.86517
2026-05-07 23:15:00,0.86518,0.86529,0.86514,0.8652
2026-05-07 23:30:00,0.86519,0.8655,0.86517,0.86539
2026-05-07 23:45:00,0.86538,0.86546,0.8651,0.86511
2026-05-08 00:00:00,0.86409,0.86512,0.86404,0.86503
2026-05-08 00:15:00,0.86504,0.86521,0.86504,0.86511
2026-05-08 00:30:00,0.86511,0.86518,0.86502,0.86508
2026-05-08 00:45:00,0.86508,0.86523,0.86502,0.86517
2026-05-08 01:00:00,0.86517,0.86544,0.86501,0.86539
2026-05-08 01:15:00,0.86543,0.86555,0.86538,0.86551
2026-05-08 01:30:00,0.86551,0.86558,0.86548,0.86555
2026-05-08 01:45:00,0.86555,0.86556,0.86546,0.86548
2026-05-08 02:00:00,0.86549,0.86549,0.86541,0.86542
2026-05-08 02:15:00,0.86543,0.86546,0.86542,0.86543
2026-05-08 02:30:00,0.86543,0.86547,0.86536,0.86536
2026-05-08 02:45:00,0.86537,0.86545,0.86533,0.86537
2026-05-08 03:00:00,0.86539,0.86541,0.86528,0.86535
2026-05-08 03:15:00,0.86536,0.86553,0.86536,0.86541
2026-05-08 03:30:00,0.86542,0.86543,0.86534,0.86538
2026-05-08 03:45:00,0.86537,0.86551,0.86536,0.8654
2026-05-08 04:00:00,0.86541,0.86552,0.86533,0.86536
2026-05-08 04:15:00,0.86537,0.86548,0.86535,0.86537
2026-05-08 04:30:00,0.86538,0.86539,0.86525,0.86531
2026-05-08 04:45:00,0.8653,0.86534,0.86525,0.86532
2026-05-08 05:00:00,0.86531,0.86532,0.86514,0.86515
2026-05-08 05:15:00,0.86515,0.86518,0.86512,0.86517
2026-05-08 05:30:00,0.86517,0.86533,0.86511,0.86512
2026-05-08 05:45:00,0.86511,0.86513,0.86501,0.8651
2026-05-08 06:00:00,0.86509,0.86521,0.86506,0.86518
2026-05-08 06:15:00,0.86517,0.86534,0.86516,0.86534
2026-05-08 06:30:00,0.86533,0.86537,0.8652,0.86534
2026-05-08 06:45:00,0.86533,0.86537,0.86525,0.86527
2026-05-08 07:00:00,0.86526,0.86562,0.8652,0.86522
2026-05-08 07:15:00,0.86523,0.86526,0.86509,0.86511
2026-05-08 07:30:00,0.86512,0.8652,0.8651,0.86511
2026-05-08 07:45:00,0.86511,0.86511,0.86482,0.86509
2026-05-08 08:00:00,0.86509,0.86511,0.86479,0.86489
2026-05-08 08:15:00,0.86489,0.86489,0.86464,0.86466
2026-05-08 08:30:00,0.86467,0.8647,0.86455,0.86469
2026-05-08 08:45:00,0.86469,0.86479,0.86464,0.86466
2026-05-08 09:00:00,0.86464,0.86494,0.86463,0.86466
2026-05-08 09:15:00,0.86467,0.86467,0.86436,0.86463
2026-05-08 09:30:00,0.86463,0.86467,0.86437,0.86437
2026-05-08 09:45:00,0.86437,0.86458,0.86437,0.86445
2026-05-08 10:00:00,0.86445,0.8648,0.8644,0.86472
2026-05-08 10:15:00,0.86471,0.86489,0.86465,0.86473
2026-05-08 10:30:00,0.86472,0.86479,0.86444,0.86455
2026-05-08 10:45:00,0.86454,0.86463,0.86435,0.86461
2026-05-08 11:00:00,0.86462,0.86476,0.86444,0.86448
2026-05-08 11:15:00,0.86448,0.86456,0.8643,0.86436
2026-05-08 11:30:00,0.86435,0.86452,0.86398,0.8642
2026-05-08 11:45:00,0.86419,0.86428,0.86398,0.86412
2026-05-08 12:00:00,0.86412,0.86427,0.86405,0.86418
2026-05-08 12:15:00,0.86418,0.86429,0.8641,0.86427
2026-05-08 12:30:00,0.86427,0.86439,0.86425,0.86437
2026-05-08 12:45:00,0.86437,0.8645,0.86434,0.86441
2026-05-08 13:00:00,0.86441,0.86446,0.86436,0.86439
2026-05-08 13:15:00,0.86439,0.8645,0.86439,0.86445
2026-05-08 13:30:00,0.86445,0.86463,0.86445,0.86452
2026-05-08 13:45:00,0.86452,0.86482,0.86441,0.8648
2026-05-08 14:00:00,0.86479,0.86489,0.8647,0.86478
2026-05-08 14:15:00,0.86478,0.86486,0.86471,0.86475
2026-05-08 14:30:00,0.86475,0.86477,0.86453,0.86453
2026-05-08 14:45:00,0.86454,0.86454,0.86424,0.86427
2026-05-08 15:00:00,0.86429,0.86438,0.86402,0.86408
2026-05-08 15:15:00,0.86409,0.86457,0.86404,0.86431
2026-05-08 15:30:00,0.86426,0.8647,0.86415,0.86462
2026-05-08 15:45:00,0.86461,0.86496,0.86451,0.86488
2026-05-08 16:00:00,0.86487,0.86493,0.86466,0.86475
2026-05-08 16:15:00,0.86475,0.86486,0.86458,0.86468
2026-05-08 16:30:00,0.86466,0.86493,0.86456,0.86475
2026-05-08 16:45:00,0.86475,0.86478,0.86445,0.86448
2026-05-08 17:00:00,0.86447,0.86467,0.86442,0.86457
2026-05-08 17:15:00,0.86456,0.86475,0.86448,0.86454
2026-05-08 17:30:00,0.86453,0.86477,0.86437,0.86445
2026-05-08 17:45:00,0.86445,0.86457,0.8641,0.86416
2026-05-08 18:00:00,0.86415,0.86459,0.86414,0.86415
2026-05-08 18:15:00,0.86416,0.86428,0.86396,0.86397
2026-05-08 18:30:00,0.86397,0.86417,0.86386,0.86412
2026-05-08 18:45:00,0.86412,0.86453,0.86412,0.86414
2026-05-08 19:00:00,0.86413,0.8643,0.86401,0.86426
2026-05-08 19:15:00,0.86426,0.86432,0.86416,0.8642
2026-05-08 19:30:00,0.8642,0.86453,0.86418,0.86442
2026-05-08 19:45:00,0.86442,0.86457,0.86433,0.86444
2026-05-08 20:00:00,0.86445,0.86449,0.86437,0.8644
2026-05-08 20:15:00,0.8644,0.86453,0.8643,0.86439
2026-05-08 20:30:00,0.86436,0.8645,0.8643,0.86447
2026-05-08 20:45:00,0.86446,0.86449,0.86431,0.86435
2026-05-08 21:00:00,0.86435,0.86441,0.8643,0.86431
2026-05-08 21:15:00,0.86431,0.86445,0.86427,0.86442
2026-05-08 21:30:00,0.86443,0.86461,0.86441,0.86461
2026-05-08 21:45:00,0.8646,0.86467,0.86453,0.86467
2026-05-08 22:00:00,0.86466,0.86468,0.86457,0.86467
2026-05-08 22:15:00,0.86466,0.86468,0.86462,0.86466
2026-05-08 22:30:00,0.86466,0.86467,0.86454,0.86458
2026-05-08 22:45:00,0.86458,0.86461,0.86437,0.86439
2026-05-08 23:00:00,0.8644,0.8644,0.86422,0.86438
2026-05-08 23:15:00,0.86438,0.86453,0.86432,0.86433
2026-05-08 23:30:00,0.86432,0.86469,0.86432,0.86459
2026-05-08 23:45:00,0.86458,0.86462,0.86433,0.86437
2026-05-11 00:00:00,0.86584,0.8665,0.86578,0.866
2026-05-11 00:15:00,0.86599,0.86624,0.8653,0.86594
2026-05-11 00:30:00,0.86597,0.86645,0.86573,0.86614
2026-05-11 00:45:00,0.86614,0.86703,0.86614,0.86687
2026-05-11 01:00:00,0.86688,0.86689,0.86565,0.86581
2026-05-11 01:15:00,0.86582,0.8661,0.86577,0.86591
2026-05-11 01:30:00,0.86591,0.86595,0.86575,0.86586
2026-05-11 01:45:00,0.86585,0.86585,0.86564,0.86565
2026-05-11 02:00:00,0.86564,0.86567,0.86557,0.86561
2026-05-11 02:15:00,0.86562,0.86564,0.86557,0.86561
2026-05-11 02:30:00,0.8656,0.86572,0.86558,0.86563
2026-05-11 02:45:00,0.86563,0.86573,0.86561,0.86561
2026-05-11 03:00:00,0.86561,0.86564,0.86555,0.86557
2026-05-11 03:15:00,0.86558,0.86561,0.86545,0.86553
2026-05-11 03:30:00,0.86554,0.86558,0.86546,0.86551
2026-05-11 03:45:00,0.86551,0.86574,0.86543,0.86548
2026-05-11 04:00:00,0.86548,0.86555,0.86541,0.86547
2026-05-11 04:15:00,0.86547,0.86549,0.86541,0.86545
2026-05-11 04:30:00,0.86543,0.86556,0.86537,0.86553
2026-05-11 04:45:00,0.86552,0.86554,0.86534,0.86535
2026-05-11 05:00:00,0.86536,0.8654,0.86526,0.86529
2026-05-11 05:15:00,0.86528,0.86538,0.86525,0.86526
2026-05-11 05:30:00,0.86526,0.86532,0.86523,0.86526
2026-05-11 05:45:00,0.86527,0.86527,0.86517,0.86523
2026-05-11 06:00:00,0.86523,0.86527,0.86512,0.86513
2026-05-11 06:15:00,0.86513,0.86516,0.86503,0.86505
2026-05-11 06:30:00,0.86505,0.8651,0.86502,0.86505
2026-05-11 06:45:00,0.86505,0.86515,0.86501,0.86512
2026-05-11 07:00:00,0.86512,0.86513,0.86499,0.86501
2026-05-11 07:15:00,0.86501,0.86508,0.86496,0.86501
2026-05-11 07:30:00,0.86501,0.86509,0.86495,0.86508
2026-05-11 07:45:00,0.86508,0.8653,0.86508,0.8652
2026-05-11 08:00:00,0.8652,0.86522,0.86511,0.86513
2026-05-11 08:15:00,0.86512,0.86513,0.86498,0.86503
2026-05-11 08:30:00,0.86503,0.8652,0.865,0.86511
2026-05-11 08:45:00,0.86512,0.86516,0.86489,0.86498
2026-05-11 09:00:00,0.86497,0.86517,0.86488,0.86502
2026-05-11 09:15:00,0.86503,0.86572,0.86502,0.86553
2026-05-11 09:30:00,0.86552,0.8656,0.86522,0.86531
2026-05-11 09:45:00,0.86534,0.86553,0.86531,0.86534
2026-05-11 10:00:00,0.86534,0.86535,0.86502,0.86525
2026-05-11 10:15:00,0.86525,0.86564,0.86522,0.8655
2026-05-11 10:30:00,0.86549,0.86549,0.8653,0.86545
2026-05-11 10:45:00,0.86546,0.86568,0.86532,0.86559
2026-05-11 11:00:00,0.8656,0.86573,0.86556,0.86573
2026-05-11 11:15:00,0.86572,0.86584,0.86533,0.8654
2026-05-11 11:30:00,0.86539,0.86543,0.86522,0.86522
2026-05-11 11:45:00,0.86522,0.86526,0.86493,0.86504
2026-05-11 12:00:00,0.86505,0.86512,0.86481,0.86509
2026-05-11 12:15:00,0.8651,0.86515,0.86496,0.8651
2026-05-11 12:30:00,0.86511,0.8653,0.86501,0.86521
2026-05-11 12:45:00,0.86522,0.86534,0.86518,0.86529
2026-05-11 13:00:00,0.86529,0.86573,0.86524,0.86562
2026-05-11 13:15:00,0.86563,0.86565,0.86527,0.8653
2026-05-11 13:30:00,0.86532,0.86613,0.8652,0.86601
2026-05-11 13:45:00,0.86602,0.86635,0.86551,0.8661
2026-05-11 14:00:00,0.86611,0.86612,0.86474,0.86505
2026-05-11 14:15:00,0.86507,0.86521,0.86489,0.86496
2026-05-11 14:30:00,0.86497,0.86513,0.86483,0.86496
2026-05-11 14:45:00,0.86495,0.86523,0.86476,0.86486
2026-05-11 15:00:00,0.86487,0.8651,0.86479,0.86504
2026-05-11 15:15:00,0.86505,0.86508,0.86469,0.86482
2026-05-11 15:30:00,0.8648,0.86497,0.86471,0.86493
2026-05-11 15:45:00,0.86494,0.86508,0.86493,0.86506
2026-05-11 16:00:00,0.86504,0.86519,0.86501,0.8651
2026-05-11 16:15:00,0.86509,0.86514,0.86482,0.86508
2026-05-11 16:30:00,0.86507,0.86507,0.86455,0.86481
2026-05-11 16:45:00,0.86481,0.86508,0.8648,0.86504
2026-05-11 17:00:00,0.86505,0.86524,0.86497,0.865
2026-05-11 17:15:00,0.86501,0.86506,0.86485,0.865
2026-05-11 17:30:00,0.865,0.86517,0.86479,0.86491
2026-05-11 17:45:00,0.86491,0.86502,0.86364,0.86364
2026-05-11 18:00:00,0.86365,0.86387,0.86352,0.86381
2026-05-11 18:15:00,0.8638,0.86381,0.863,0.86332
2026-05-11 18:30:00,0.86331,0.86343,0.86306,0.86323
2026-05-11 18:45:00,0.86323,0.86325,0.86297,0.86302
2026-05-11 19:00:00,0.86302,0.86322,0.86301,0.86316
2026-05-11 19:15:00,0.86316,0.86334,0.86315,0.86321
2026-05-11 19:30:00,0.86322,0.86324,0.86304,0.86316
2026-05-11 19:45:00,0.86317,0.8633,0.86301,0.86308
2026-05-11 20:00:00,0.86307,0.86328,0.86305,0.86317
2026-05-11 20:15:00,0.86318,0.86327,0.86308,0.86318
2026-05-11 20:30:00,0.86319,0.86334,0.86315,0.86334
2026-05-11 20:45:00,0.86331,0.86337,0.86327,0.86331
2026-05-11 21:00:00,0.8633,0.86352,0.86328,0.86351
2026-05-11 21:15:00,0.86349,0.86379,0.86344,0.86378
2026-05-11 21:30:00,0.86378,0.86399,0.86377,0.86398
2026-05-11 21:45:00,0.86397,0.86406,0.86385,0.86397
2026-05-11 22:00:00,0.86397,0.86414,0.86394,0.86405
2026-05-11 22:15:00,0.86405,0.86454,0.86399,0.86446
2026-05-11 22:30:00,0.86446,0.86458,0.86435,0.86457
2026-05-11 22:45:00,0.86456,0.86486,0.86455,0.86484
2026-05-11 23:00:00,0.86483,0.86533,0.86476,0.86522
2026-05-11 23:15:00,0.86523,0.86538,0.86514,0.86531
2026-05-11 23:30:00,0.86532,0.86571,0.86531,0.86565
2026-05-11 23:45:00,0.86565,0.86571,0.86538,0.86561
2026-05-12 00:00:00,0.86487,0.86554,0.86487,0.86553
2026-05-12 00:15:00,0.86552,0.86564,0.86535,0.86562
2026-05-12 00:30:00,0.8656,0.86584,0.86553,0.86576
2026-05-12 00:45:00,0.86576,0.86607,0.86565,0.86606
2026-05-12 01:00:00,0.86607,0.86619,0.86603,0.86617
2026-05-12 01:15:00,0.86617,0.8662,0.86612,0.86615
2026-05-12 01:30:00,0.86614,0.86616,0.86609,0.86611
2026-05-12 01:45:00,0.86613,0.86613,0.86607,0.86611
2026-05-12 02:00:00,0.8661,0.8661,0.86592,0.86595
2026-05-12 02:15:00,0.86596,0.86599,0.86578,0.86579
2026-05-12 02:30:00,0.86579,0.86581,0.86565,0.86575
2026-05-12 02:45:00,0.86572,0.86588,0.86566,0.86578
2026-05-12 03:00:00,0.86579,0.86589,0.86563,0.86567
2026-05-12 03:15:00,0.86566,0.86575,0.86562,0.86568
2026-05-12 03:30:00,0.86568,0.86572,0.86557,0.8657
2026-05-12 03:45:00,0.86569,0.86571,0.8655,0.8656
2026-05-12 04:00:00,0.86559,0.8657,0.86553,0.86561
2026-05-12 04:15:00,0.86562,0.86579,0.86561,0.86577
2026-05-12 04:30:00,0.86579,0.8658,0.86564,0.86569
2026-05-12 04:45:00,0.8657,0.86584,0.86561,0.86562
2026-05-12 05:00:00,0.86562,0.86565,0.86545,0.8655
2026-05-12 05:15:00,0.86551,0.86559,0.86551,0.86556
2026-05-12 05:30:00,0.86556,0.86561,0.8655,0.86554
2026-05-12 05:45:00,0.86555,0.86556,0.86547,0.86547
2026-05-12 06:00:00,0.86548,0.86549,0.86533,0.86535
2026-05-12 06:15:00,0.86535,0.86544,0.8653,0.86542
2026-05-12 06:30:00,0.86542,0.86553,0.86541,0.86545
2026-05-12 06:45:00,0.86544,0.86556,0.86543,0.86551
2026-05-12 07:00:00,0.86551,0.8657,0.8655,0.86566
2026-05-12 07:15:00,0.86565,0.86567,0.86556,0.8656
2026-05-12 07:30:00,0.86559,0.8656,0.86547,0.86554
2026-05-12 07:45:00,0.86553,0.86555,0.86541,0.86547
2026-05-12 08:00:00,0.86547,0.8659,0.86544,0.86589
2026-05-12 08:15:00,0.8659,0.86598,0.86578,0.86597
2026-05-12 08:30:00,0.86598,0.8662,0.86593,0.8662
2026-05-12 08:45:00,0.8662,0.86662,0.86615,0.86651
2026-05-12 09:00:00,0.8665,0.86652,0.86622,0.86639
2026-05-12 09:15:00,0.86638,0.86695,0.86638,0.86691
2026-05-12 09:30:00,0.86692,0.86733,0.86685,0.86726
2026-05-12 09:45:00,0.86725,0.86753,0.86715,0.86747
2026-05-12 10:00:00,0.86745,0.868,0.86703,0.86783
2026-05-12 10:15:00,0.86782,0.86828,0.86772,0.86803
2026-05-12 10:30:00,0.86804,0.86881,0.86797,0.8688
2026-05-12 10:45:00,0.8688,0.86914,0.86864,0.86904
2026-05-12 11:00:00,0.86903,0.86976,0.86898,0.86968
2026-05-12 11:15:00,0.86968,0.86971,0.86796,0.86917
2026-05-12 11:30:00,0.86917,0.8693,0.86882,0.86911
2026-05-12 11:45:00,0.86912,0.86913,0.86789,0.86801
2026-05-12 12:00:00,0.868,0.86858,0.86787,0.86819
2026-05-12 12:15:00,0.86819,0.86834,0.86775,0.86775
2026-05-12 12:30:00,0.86776,0.86813,0.86731,0.86755
2026-05-12 12:45:00,0.86753,0.86776,0.86726,0.86765
2026-05-12 13:00:00,0.86765,0.8677,0.86744,0.86758
2026-05-12 13:15:00,0.86758,0.86764,0.8672,0.86721
2026-05-12 13:30:00,0.86721,0.86724,0.86688,0.86721
2026-05-12 13:45:00,0.86721,0.86767,0.86708,0.86755
2026-05-12 14:00:00,0.86755,0.86794,0.86722,0.86769
2026-05-12 14:15:00,0.8677,0.86777,0.86735,0.8674
2026-05-12 14:30:00,0.86739,0.86754,0.86722,0.86742
2026-05-12 14:45:00,0.86742,0.86804,0.86734,0.86782
2026-05-12 15:00:00,0.86783,0.86818,0.86771,0.86813
2026-05-12 15:15:00,0.86813,0.86838,0.86807,0.86807
2026-05-12 15:30:00,0.86807,0.86854,0.86791,0.86801
2026-05-12 15:45:00,0.86801,0.86809,0.86754,0.86781
2026-05-12 16:00:00,0.8678,0.86796,0.8676,0.86781
2026-05-12 16:15:00,0.8678,0.86816,0.8678,0.86811
2026-05-12 16:30:00,0.86812,0.86831,0.86777,0.86813
2026-05-12 16:45:00,0.86813,0.86825,0.86797,0.86818
2026-05-12 17:00:00,0.86819,0.86825,0.86679,0.86721
2026-05-12 17:15:00,0.86723,0.8675,0.86716,0.86733
2026-05-12 17:30:00,0.86731,0.86762,0.8673,0.86749
2026-05-12 17:45:00,0.86751,0.86805,0.8675,0.86776
2026-05-12 18:00:00,0.86777,0.8681,0.86764,0.86776
2026-05-12 18:15:00,0.86777,0.86846,0.86772,0.86808
2026-05-12 18:30:00,0.86808,0.86812,0.86739,0.86742
2026-05-12 18:45:00,0.86743,0.86759,0.86725,0.86737
2026-05-12 19:00:00,0.86737,0.86776,0.86725,0.86753
2026-05-12 19:15:00,0.86753,0.86791,0.86749,0.86785
2026-05-12 19:30:00,0.86784,0.86796,0.86757,0.86766
2026-05-12 19:45:00,0.86767,0.86786,0.86736,0.86761
2026-05-12 20:00:00,0.8676,0.86761,0.86727,0.86747
2026-05-12 20:15:00,0.86748,0.86757,0.8673,0.86744
2026-05-12 20:30:00,0.86743,0.86764,0.86743,0.86764
2026-05-12 20:45:00,0.86763,0.86784,0.86758,0.86765
2026-05-12 21:00:00,0.86765,0.86778,0.86758,0.8676
2026-05-12 21:15:00,0.86759,0.86774,0.86744,0.86757
2026-05-12 21:30:00,0.86757,0.86773,0.86737,0.86768
2026-05-12 21:45:00,0.86768,0.86774,0.86751,0.86761
2026-05-12 22:00:00,0.8676,0.86762,0.86731,0.86731
2026-05-12 22:15:00,0.86732,0.86741,0.8673,0.86735
2026-05-12 22:30:00,0.86735,0.86738,0.86711,0.86713
2026-05-12 22:45:00,0.86713,0.86717,0.867,0.8671
2026-05-12 23:00:00,0.86711,0.86714,0.86701,0.86703
2026-05-12 23:15:00,0.86704,0.86715,0.86701,0.86714
2026-05-12 23:30:00,0.86715,0.86715,0.86709,0.86713
2026-05-12 23:45:00,0.86714,0.86719,0.86696,0.86699
2026-05-13 00:00:00,0.86676,0.86692,0.86672,0.86683
2026-05-13 00:15:00,0.86683,0.86698,0.86677,0.86685
2026-05-13 00:30:00,0.86679,0.86691,0.86668,0.86682
2026-05-13 00:45:00,0.86682,0.86709,0.86672,0.86685
2026-05-13 01:00:00,0.86679,0.86706,0.86675,0.86699
2026-05-13 01:15:00,0.867,0.86701,0.86694,0.867
2026-05-13 01:30:00,0.86701,0.86702,0.86696,0.86699
2026-05-13 01:45:00,0.86699,0.86701,0.86699,0.86701
2026-05-13 02:00:00,0.867,0.86701,0.86696,0.86696
2026-05-13 02:15:00,0.86696,0.86698,0.86691,0.86693
2026-05-13 02:30:00,0.86693,0.86703,0.86692,0.86702
2026-05-13 02:45:00,0.86703,0.86704,0.86697,0.86699
2026-05-13 03:00:00,0.867,0.86714,0.86695,0.86712
2026-05-13 03:15:00,0.86713,0.86715,0.86703,0.86712
2026-05-13 03:30:00,0.86712,0.86716,0.86708,0.86713
2026-05-13 03:45:00,0.86714,0.86722,0.86706,0.86713
2026-05-13 04:00:00,0.86712,0.86721,0.86706,0.86718
2026-05-13 04:15:00,0.86717,0.86722,0.8671,0.86714
2026-05-13 04:30:00,0.86713,0.86718,0.86695,0.86697
2026-05-13 04:45:00,0.86697,0.867,0.86683,0.86688
2026-05-13 05:00:00,0.86687,0.86699,0.86677,0.86696
2026-05-13 05:15:00,0.86696,0.86705,0.86695,0.86696
2026-05-13 05:30:00,0.86696,0.86698,0.86682,0.86683
2026-05-13 05:45:00,0.86684,0.86699,0.86684,0.86694
2026-05-13 06:00:00,0.86695,0.86709,0.86692,0.86697
2026-05-13 06:15:00,0.86698,0.86706,0.86696,0.86701
2026-05-13 06:30:00,0.867,0.867,0.86687,0.86689
2026-05-13 06:45:00,0.86688,0.86692,0.86678,0.8668
2026-05-13 07:00:00,0.8668,0.86702,0.86679,0.86695
2026-05-13 07:15:00,0.86694,0.86699,0.86691,0.86696
2026-05-13 07:30:00,0.86696,0.86703,0.86693,0.86702
2026-05-13 07:45:00,0.86701,0.86704,0.86696,0.86702
2026-05-13 08:00:00,0.86703,0.86707,0.8667,0.8667
2026-05-13 08:15:00,0.8667,0.86679,0.86649,0.86653
2026-05-13 08:30:00,0.86653,0.86654,0.86622,0.86627
2026-05-13 08:45:00,0.86626,0.86627,0.86596,0.86605
2026-05-13 09:00:00,0.86607,0.86617,0.86587,0.86603
2026-05-13 09:15:00,0.86603,0.86627,0.86598,0.86603
2026-05-13 09:30:00,0.86603,0.86628,0.86594,0.86627
2026-05-13 09:45:00,0.86626,0.86651,0.86613,0.86633
2026-05-13 10:00:00,0.86634,0.86642,0.86593,0.8663
2026-05-13 10:15:00,0.86629,0.86633,0.8659,0.8659
2026-05-13 10:30:00,0.8659,0.86606,0.86569,0.86592
2026-05-13 10:45:00,0.86593,0.86602,0.86571,0.86586
2026-05-13 11:00:00,0.86587,0.86593,0.86556,0.86556
2026-05-13 11:15:00,0.86557,0.86572,0.86536,0.86536
2026-05-13 11:30:00,0.86537,0.86552,0.86535,0.86547
2026-05-13 11:45:00,0.86546,0.86549,0.86473,0.86531
2026-05-13 12:00:00,0.86529,0.86583,0.86527,0.86529
2026-05-13 12:15:00,0.86529,0.8657,0.86528,0.86559
2026-05-13 12:30:00,0.8656,0.86608,0.86558,0.86607
2026-05-13 12:45:00,0.86606,0.86637,0.86595,0.86597
2026-05-13 13:00:00,0.86596,0.86721,0.86571,0.86642
2026-05-13 13:15:00,0.86645,0.86689,0.86579,0.86647
2026-05-13 13:30:00,0.86647,0.86683,0.86637,0.86642
2026-05-13 13:45:00,0.86645,0.86721,0.86634,0.86713
2026-05-13 14:00:00,0.86713,0.86762,0.86697,0.86743
2026-05-13 14:15:00,0.86744,0.86747,0.86712,0.86722
2026-05-13 14:30:00,0.86722,0.86758,0.86721,0.86755
2026-05-13 14:45:00,0.86755,0.86759,0.8672,0.86732
2026-05-13 15:00:00,0.86731,0.86738,0.86711,0.86724
2026-05-13 15:15:00,0.86724,0.86742,0.86711,0.86731
2026-05-13 15:30:00,0.86731,0.86765,0.86721,0.86746
2026-05-13 15:45:00,0.86747,0.86755,0.86735,0.86742
2026-05-13 16:00:00,0.86742,0.86744,0.867,0.86724
2026-05-13 16:15:00,0.86725,0.86727,0.86692,0.86711
2026-05-13 16:30:00,0.86711,0.86714,0.86649,0.86653
2026-05-13 16:45:00,0.86654,0.86677,0.86641,0.86651
2026-05-13 17:00:00,0.86651,0.86653,0.86619,0.86624
2026-05-13 17:15:00,0.86623,0.8665,0.86617,0.86645
2026-05-13 17:30:00,0.86646,0.86669,0.86634,0.86664
2026-05-13 17:45:00,0.86665,0.86672,0.86621,0.86637
2026-05-13 18:00:00,0.86637,0.86649,0.86621,0.86648
2026-05-13 18:15:00,0.86649,0.86651,0.86626,0.86631
2026-05-13 18:30:00,0.86632,0.8664,0.86595,0.86606
2026-05-13 18:45:00,0.86605,0.86634,0.86594,0.86626
2026-05-13 19:00:00,0.86625,0.86635,0.86602,0.86615
2026-05-13 19:15:00,0.86614,0.86631,0.8661,0.8663
2026-05-13 19:30:00,0.86633,0.86642,0.86622,0.86637
2026-05-13 19:45:00,0.86636,0.8665,0.86631,0.86632
2026-05-13 20:00:00,0.86633,0.86641,0.8662,0.86628
2026-05-13 20:15:00,0.86629,0.86642,0.86629,0.8663
2026-05-13 20:30:00,0.86631,0.86634,0.86623,0.86628
2026-05-13 20:45:00,0.86627,0.86642,0.86617,0.86618
2026-05-13 21:00:00,0.8662,0.86622,0.86611,0.86614
2026-05-13 21:15:00,0.86613,0.86619,0.86605,0.8661
2026-05-13 21:30:00,0.8661,0.86617,0.86603,0.86614
2026-05-13 21:45:00,0.86614,0.86624,0.86604,0.86606
2026-05-13 22:00:00,0.86606,0.86614,0.86604,0.86607
2026-05-13 22:15:00,0.86607,0.8661,0.86601,0.86604
2026-05-13 22:30:00,0.86603,0.86611,0.86597,0.86601
2026-05-13 22:45:00,0.86601,0.86603,0.86588,0.86592
2026-05-13 23:00:00,0.86592,0.86604,0.8659,0.86598
2026-05-13 23:15:00,0.86598,0.86599,0.86588,0.86593
2026-05-13 23:30:00,0.86594,0.8661,0.86594,0.86608
2026-05-13 23:45:00,0.86607,0.86615,0.866,0.86605
2026-05-14 00:00:00,0.86533,0.86603,0.86533,0.86603
2026-05-14 00:15:00,0.86603,0.86642,0.86603,0.86612
2026-05-14 00:30:00,0.86613,0.86628,0.86603,0.86622
2026-05-14 00:45:00,0.86623,0.86627,0.86608,0.86618
2026-05-14 01:00:00,0.86618,0.86622,0.86597,0.86611
2026-05-14 01:15:00,0.8661,0.86611,0.866,0.86605
2026-05-14 01:30:00,0.86604,0.86606,0.86598,0.86601
2026-05-14 01:45:00,0.866,0.86619,0.866,0.86618
2026-05-14 02:00:00,0.86618,0.86635,0.86609,0.8661
2026-05-14 02:15:00,0.8661,0.86613,0.86608,0.8661
2026-05-14 02:30:00,0.86609,0.86615,0.86609,0.86611
2026-05-14 02:45:00,0.86612,0.86616,0.86611,0.86613
2026-05-14 03:00:00,0.86614,0.86619,0.86603,0.86608
2026-05-14 03:15:00,0.86608,0.86608,0.86591,0.86593
2026-05-14 03:30:00,0.86593,0.86603,0.86589,0.86601
2026-05-14 03:45:00,0.86601,0.86607,0.86596,0.86602
2026-05-14 04:00:00,0.86601,0.86608,0.86595,0.86603
2026-05-14 04:15:00,0.86604,0.8661,0.86602,0.86606
2026-05-14 04:30:00,0.86606,0.86617,0.86594,0.86612
2026-05-14 04:45:00,0.86613,0.86629,0.86612,0.86626
2026-05-14 05:00:00,0.86627,0.86628,0.86612,0.86612
2026-05-14 05:15:00,0.86612,0.86615,0.86603,0.86603
2026-05-14 05:30:00,0.86602,0.86608,0.86599,0.86607
2026-05-14 05:45:00,0.86606,0.86616,0.86604,0.86608
2026-05-14 06:00:00,0.86609,0.8661,0.86591,0.86594
2026-05-14 06:15:00,0.86595,0.86596,0.86581,0.86585
2026-05-14 06:30:00,0.86585,0.86593,0.86584,0.8659
2026-05-14 06:45:00,0.8659,0.86595,0.86583,0.86587
2026-05-14 07:00:00,0.86587,0.86592,0.86582,0.86586
2026-05-14 07:15:00,0.86585,0.8659,0.86582,0.86587
2026-05-14 07:30:00,0.86587,0.8659,0.86585,0.86587
2026-05-14 07:45:00,0.86586,0.86594,0.86582,0.86592
2026-05-14 08:00:00,0.86592,0.8664,0.86589,0.86626
2026-05-14 08:15:00,0.86627,0.86651,0.86621,0.86647
2026-05-14 08:30:00,0.86647,0.8666,0.86644,0.86658
2026-05-14 08:45:00,0.86657,0.86658,0.86637,0.8664
2026-05-14 09:00:00,0.86638,0.86641,0.86595,0.86604
2026-05-14 09:15:00,0.86605,0.86634,0.86598,0.86618
2026-05-14 09:30:00,0.86618,0.8663,0.86613,0.86625
2026-05-14 09:45:00,0.86626,0.86638,0.8661,0.86626
2026-05-14 10:00:00,0.86625,0.86653,0.86622,0.86645
2026-05-14 10:15:00,0.86644,0.86662,0.86637,0.86657
2026-05-14 10:30:00,0.86658,0.86669,0.86651,0.86659
2026-05-14 10:45:00,0.86658,0.86686,0.86653,0.86684
2026-05-14 11:00:00,0.86683,0.86685,0.86642,0.86644
2026-05-14 11:15:00,0.86644,0.86652,0.86635,0.86646
2026-05-14 11:30:00,0.86647,0.86648,0.8663,0.86633
2026-05-14 11:45:00,0.86633,0.86642,0.86623,0.86623
2026-05-14 12:00:00,0.86624,0.8664,0.86615,0.86633
2026-05-14 12:15:00,0.86633,0.86638,0.86623,0.8663
2026-05-14 12:30:00,0.86631,0.86647,0.86602,0.86617
2026-05-14 12:45:00,0.86618,0.86655,0.86615,0.86647
2026-05-14 13:00:00,0.86647,0.86656,0.86623,0.86644
2026-05-14 13:15:00,0.86643,0.86652,0.86626,0.86629
2026-05-14 13:30:00,0.86629,0.8664,0.86618,0.86633
2026-05-14 13:45:00,0.86634,0.86655,0.86629,0.86655
2026-05-14 14:00:00,0.86654,0.86656,0.86618,0.8662
2026-05-14 14:15:00,0.86621,0.86641,0.86604,0.86639
2026-05-14 14:30:00,0.8664,0.86641,0.86586,0.86588
2026-05-14 14:45:00,0.86589,0.86693,0.86586,0.86663
2026-05-14 15:00:00,0.86662,0.86688,0.86593,0.86602
2026-05-14 15:15:00,0.86602,0.8661,0.86584,0.8661
2026-05-14 15:30:00,0.86611,0.86619,0.86575,0.86599
2026-05-14 15:45:00,0.86599,0.86615,0.86586,0.86596
2026-05-14 16:00:00,0.86595,0.86605,0.86577,0.86605
2026-05-14 16:15:00,0.86605,0.86621,0.86595,0.86606
2026-05-14 16:30:00,0.86606,0.86633,0.86596,0.86616
2026-05-14 16:45:00,0.86616,0.86621,0.86582,0.8659
2026-05-14 17:00:00,0.86589,0.86605,0.86574,0.86578
2026-05-14 17:15:00,0.86579,0.86599,0.86574,0.86579
2026-05-14 17:30:00,0.86579,0.8661,0.86571,0.86609
2026-05-14 17:45:00,0.86608,0.86623,0.86594,0.86611
2026-05-14 18:00:00,0.86612,0.8663,0.86601,0.86618
2026-05-14 18:15:00,0.86617,0.86617,0.866,0.86609
2026-05-14 18:30:00,0.86608,0.86655,0.86604,0.86639
2026-05-14 18:45:00,0.8664,0.86643,0.86626,0.8664
2026-05-14 19:00:00,0.86639,0.86759,0.86638,0.86753
2026-05-14 19:15:00,0.86753,0.86853,0.86752,0.86817
2026-05-14 19:30:00,0.86818,0.86905,0.86814,0.86898
2026-05-14 19:45:00,0.86899,0.86903,0.86855,0.86858
2026-05-14 20:00:00,0.86857,0.86925,0.86849,0.8691
2026-05-14 20:15:00,0.86911,0.86989,0.8691,0.86976
2026-05-14 20:30:00,0.86977,0.87039,0.86974,0.87034
2026-05-14 20:45:00,0.87035,0.87081,0.87033,0.87078
2026-05-14 21:00:00,0.87079,0.87151,0.87078,0.87147
2026-05-14 21:15:00,0.87146,0.87177,0.87105,0.87111
2026-05-14 21:30:00,0.87111,0.87128,0.87097,0.87118
2026-05-14 21:45:00,0.87118,0.87118,0.87099,0.87108
2026-05-14 22:00:00,0.87109,0.87112,0.87089,0.87092
2026-05-14 22:15:00,0.87093,0.87094,0.87078,0.87086
2026-05-14 22:30:00,0.87085,0.87124,0.87083,0.87104
2026-05-14 22:45:00,0.87104,0.87108,0.87088,0.87095
2026-05-14 23:00:00,0.87096,0.8711,0.87084,0.87101
2026-05-14 23:15:00,0.87101,0.87108,0.87072,0.87079
2026-05-14 23:30:00,0.87078,0.87085,0.87071,0.87078
2026-05-14 23:45:00,0.87078,0.87081,0.8707,0.87072
2026-05-15 00:00:00,0.87007,0.87071,0.87007,0.87038
2026-05-15 00:15:00,0.87056,0.87081,0.87047,0.87058
2026-05-15 00:30:00,0.87063,0.8708,0.87052,0.87064
2026-05-15 00:45:00,0.87064,0.87078,0.87046,0.87046
2026-05-15 01:00:00,0.87051,0.871,0.87046,0.871
2026-05-15 01:15:00,0.87099,0.87101,0.87092,0.871
2026-05-15 01:30:00,0.87101,0.87104,0.87098,0.87101
2026-05-15 01:45:00,0.871,0.87101,0.87093,0.87094
2026-05-15 02:00:00,0.87094,0.87134,0.87091,0.87118
2026-05-15 02:15:00,0.87119,0.87133,0.87108,0.87109
2026-05-15 02:30:00,0.87108,0.8711,0.87055,0.87056
2026-05-15 02:45:00,0.87057,0.87092,0.87054,0.87087
2026-05-15 03:00:00,0.87087,0.87105,0.87067,0.87092
2026-05-15 03:15:00,0.87093,0.87103,0.87077,0.87082
2026-05-15 03:30:00,0.87082,0.87127,0.87081,0.87113
2026-05-15 03:45:00,0.87114,0.87116,0.87105,0.87108
2026-05-15 04:00:00,0.87108,0.87119,0.87102,0.87114
2026-05-15 04:15:00,0.87114,0.87152,0.87114,0.87147
2026-05-15 04:30:00,0.87148,0.87156,0.87114,0.87127
2026-05-15 04:45:00,0.87126,0.87138,0.87119,0.87132
2026-05-15 05:00:00,0.87133,0.87153,0.87131,0.87138
2026-05-15 05:15:00,0.87141,0.87156,0.87139,0.87148
2026-05-15 05:30:00,0.87147,0.87153,0.87129,0.8713
2026-05-15 05:45:00,0.87129,0.87137,0.87118,0.87126
2026-05-15 06:00:00,0.87127,0.87131,0.87112,0.87115
2026-05-15 06:15:00,0.87115,0.87116,0.87103,0.87111
2026-05-15 06:30:00,0.87111,0.87119,0.87107,0.87116
2026-05-15 06:45:00,0.87117,0.87125,0.87107,0.8711
2026-05-15 07:00:00,0.87113,0.87134,0.87112,0.87132
2026-05-15 07:15:00,0.87132,0.87142,0.87125,0.87142
2026-05-15 07:30:00,0.87141,0.8715,0.87133,0.8715
2026-05-15 07:45:00,0.87149,0.87158,0.87143,0.87156
2026-05-15 08:00:00,0.87156,0.87205,0.87156,0.87199
2026-05-15 08:15:00,0.87198,0.87213,0.87192,0.87193
2026-05-15 08:30:00,0.87194,0.87216,0.87186,0.87201
2026-05-15 08:45:00,0.87202,0.87215,0.8718,0.87184
2026-05-15 09:00:00,0.87186,0.87204,0.87147,0.87191
2026-05-15 09:15:00,0.87191,0.87277,0.87183,0.87262
2026-05-15 09:30:00,0.87262,0.87268,0.87141,0.87142
2026-05-15 09:45:00,0.87141,0.87164,0.87136,0.87147
2026-05-15 10:00:00,0.87146,0.87162,0.87095,0.87108
2026-05-15 10:15:00,0.87108,0.87136,0.87064,0.87068
2026-05-15 10:30:00,0.87069,0.87099,0.8705,0.87069
2026-05-15 10:45:00,0.87069,0.87089,0.87063,0.87071
2026-05-15 11:00:00,0.87072,0.8711,0.87067,0.87107
2026-05-15 11:15:00,0.87107,0.87144,0.87107,0.87142
2026-05-15 11:30:00,0.87143,0.87157,0.87131,0.87144
2026-05-15 11:45:00,0.87143,0.87177,0.8714,0.87165
2026-05-15 12:00:00,0.87165,0.87208,0.87159,0.8716
2026-05-15 12:15:00,0.8716,0.87188,0.87143,0.87146
2026-05-15 12:30:00,0.87145,0.87157,0.8713,0.87136
2026-05-15 12:45:00,0.87136,0.87144,0.87092,0.87113
2026-05-15 13:00:00,0.87112,0.87112,0.87061,0.87068
2026-05-15 13:15:00,0.87067,0.87102,0.87061,0.87081
2026-05-15 13:30:00,0.87082,0.87094,0.87063,0.87066
2026-05-15 13:45:00,0.87066,0.87076,0.87022,0.87049
2026-05-15 14:00:00,0.87049,0.87058,0.87031,0.8705
2026-05-15 14:15:00,0.8705,0.87054,0.87011,0.87039
2026-05-15 14:30:00,0.87039,0.87075,0.87037,0.87054
2026-05-15 14:45:00,0.87054,0.87064,0.8704,0.87064
2026-05-15 15:00:00,0.87063,0.87074,0.87047,0.87067
2026-05-15 15:15:00,0.87067,0.87084,0.87031,0.87083
2026-05-15 15:30:00,0.87082,0.87114,0.87082,0.87095
2026-05-15 15:45:00,0.87095,0.87099,0.87056,0.87066
2026-05-15 16:00:00,0.87066,0.87079,0.87042,0.87052
2026-05-15 16:15:00,0.87053,0.87066,0.87041,0.87062
2026-05-15 16:30:00,0.8706,0.87135,0.87056,0.87128
2026-05-15 16:45:00,0.87128,0.87142,0.87096,0.87126
2026-05-15 17:00:00,0.87126,0.87149,0.87099,0.87101
2026-05-15 17:15:00,0.871,0.87135,0.87085,0.87133
2026-05-15 17:30:00,0.87134,0.87134,0.87104,0.87118
2026-05-15 17:45:00,0.87117,0.8715,0.871,0.87148
2026-05-15 18:00:00,0.87149,0.87191,0.87141,0.87178
2026-05-15 18:15:00,0.87178,0.87263,0.87174,0.87247
2026-05-15 18:30:00,0.87247,0.87279,0.8724,0.87272
2026-05-15 18:45:00,0.87274,0.87279,0.87212,0.87215
2026-05-15 19:00:00,0.87214,0.87256,0.87207,0.87247
2026-05-15 19:15:00,0.87247,0.87272,0.87247,0.87271
2026-05-15 19:30:00,0.87271,0.87278,0.87225,0.87228
2026-05-15 19:45:00,0.87227,0.87249,0.87209,0.87241
2026-05-15 20:00:00,0.87242,0.87273,0.87232,0.87234
2026-05-15 20:15:00,0.87233,0.87254,0.8723,0.87248
2026-05-15 20:30:00,0.87249,0.87249,0.87223,0.87234
2026-05-15 20:45:00,0.87233,0.87246,0.87223,0.87234
2026-05-15 21:00:00,0.87233,0.87233,0.87215,0.87227
2026-05-15 21:15:00,0.87227,0.87243,0.87224,0.87228
2026-05-15 21:30:00,0.87228,0.87231,0.87214,0.87222
2026-05-15 21:45:00,0.87222,0.87247,0.87215,0.87238
2026-05-15 22:00:00,0.87237,0.87246,0.8723,0.8723
2026-05-15 22:15:00,0.8723,0.87234,0.87221,0.87229
2026-05-15 22:30:00,0.8723,0.8724,0.87226,0.87234
2026-05-15 22:45:00,0.87235,0.87258,0.8723,0.87255
2026-05-15 23:00:00,0.87256,0.87278,0.87249,0.87276
2026-05-15 23:15:00,0.87275,0.8728,0.87268,0.87273
2026-05-15 23:30:00,0.87272,0.87292,0.8727,0.87282
2026-05-15 23:45:00,0.87282,0.87289,0.87217,0.87225
2026-05-18 00:00:00,0.87154,0.87188,0.87154,0.87186
2026-05-18 00:15:00,0.87188,0.87216,0.87161,0.87195
2026-05-18 00:30:00,0.87196,0.87209,0.87184,0.87192
2026-05-18 00:45:00,0.87193,0.87214,0.87187,0.87211
2026-05-18 01:00:00,0.87215,0.87259,0.87199,0.87257
2026-05-18 01:15:00,0.87257,0.87288,0.87254,0.87279
2026-05-18 01:30:00,0.8728,0.87297,0.87278,0.87295
2026-05-18 01:45:00,0.87293,0.87295,0.8728,0.87282
2026-05-18 02:00:00,0.87281,0.87281,0.87248,0.87251
2026-05-18 02:15:00,0.87251,0.87262,0.87239,0.8726
2026-05-18 02:30:00,0.8726,0.8727,0.87249,0.87251
2026-05-18 02:45:00,0.87252,0.8726,0.87245,0.87258
2026-05-18 03:00:00,0.87257,0.8726,0.87237,0.87256
2026-05-18 03:15:00,0.87256,0.87267,0.87249,0.87265
2026-05-18 03:30:00,0.87266,0.87266,0.87252,0.87257
2026-05-18 03:45:00,0.87258,0.87263,0.87241,0.87246
2026-05-18 04:00:00,0.87247,0.87267,0.87244,0.87267
2026-05-18 04:15:00,0.87266,0.87278,0.87265,0.8727
2026-05-18 04:30:00,0.87269,0.8728,0.87269,0.87277
2026-05-18 04:45:00,0.87276,0.87277,0.87266,0.87273
2026-05-18 05:00:00,0.87272,0.87281,0.87261,0.87261
2026-05-18 05:15:00,0.87261,0.87273,0.8726,0.87266
2026-05-18 05:30:00,0.87265,0.87269,0.87257,0.87266
2026-05-18 05:45:00,0.87267,0.87287,0.87264,0.87279
2026-05-18 06:00:00,0.87278,0.87289,0.87275,0.87287
2026-05-18 06:15:00,0.87287,0.87294,0.8728,0.87281
2026-05-18 06:30:00,0.87282,0.87292,0.87279,0.87283
2026-05-18 06:45:00,0.87284,0.87298,0.87278,0.87295
2026-05-18 07:00:00,0.87295,0.87296,0.87286,0.87289
2026-05-18 07:15:00,0.8729,0.87295,0.87285,0.87294
2026-05-18 07:30:00,0.87295,0.87295,0.87276,0.87277
2026-05-18 07:45:00,0.87277,0.87278,0.87269,0.87271
2026-05-18 08:00:00,0.87271,0.87276,0.87238,0.87239
2026-05-18 08:15:00,0.8724,0.87247,0.87226,0.87227
2026-05-18 08:30:00,0.87227,0.87227,0.87215,0.87216
2026-05-18 08:45:00,0.87217,0.8724,0.87214,0.87238
2026-05-18 09:00:00,0.87239,0.87242,0.87195,0.87195
2026-05-18 09:15:00,0.87196,0.872,0.87151,0.87156
2026-05-18 09:30:00,0.87157,0.87167,0.87141,0.87161
2026-05-18 09:45:00,0.87162,0.87174,0.87105,0.87122
2026-05-18 10:00:00,0.8712,0.87147,0.87114,0.87142
2026-05-18 10:15:00,0.87143,0.87181,0.87137,0.87158
2026-05-18 10:30:00,0.87157,0.87161,0.87127,0.87135
2026-05-18 10:45:00,0.87136,0.87136,0.87098,0.87114
2026-05-18 11:00:00,0.87114,0.87118,0.87089,0.87113
2026-05-18 11:15:00,0.87114,0.87128,0.87067,0.87067
2026-05-18 11:30:00,0.87067,0.87069,0.86996,0.87033
2026-05-18 11:45:00,0.87033,0.87036,0.87,0.87024
2026-05-18 12:00:00,0.87026,0.87053,0.87024,0.87046
2026-05-18 12:15:00,0.87046,0.87065,0.87026,0.87065
2026-05-18 12:30:00,0.87064,0.87085,0.87064,0.87081
2026-05-18 12:45:00,0.87081,0.87097,0.87064,0.87072
2026-05-18 13:00:00,0.87072,0.87093,0.87052,0.87083
2026-05-18 13:15:00,0.87082,0.87095,0.87071,0.87083
2026-05-18 13:30:00,0.87082,0.87107,0.87077,0.87099
2026-05-18 13:45:00,0.87099,0.87111,0.87092,0.87108
2026-05-18 14:00:00,0.87108,0.87108,0.87074,0.87077
2026-05-18 14:15:00,0.87077,0.87096,0.87067,0.87089
2026-05-18 14:30:00,0.87087,0.87097,0.87046,0.87061
2026-05-18 14:45:00,0.87062,0.87063,0.87029,0.87033
2026-05-18 15:00:00,0.87033,0.87039,0.87015,0.8703
2026-05-18 15:15:00,0.8703,0.87034,0.86976,0.86994
2026-05-18 15:30:00,0.86994,0.87015,0.86977,0.86979
2026-05-18 15:45:00,0.86979,0.87015,0.86967,0.86982
2026-05-18 16:00:00,0.86982,0.87002,0.86969,0.86998
2026-05-18 16:15:00,0.86997,0.87005,0.86984,0.86998
2026-05-18 16:30:00,0.87,0.87028,0.86996,0.87018
2026-05-18 16:45:00,0.87018,0.8702,0.8696,0.87005
2026-05-18 17:00:00,0.87006,0.87013,0.86973,0.87002
2026-05-18 17:15:00,0.87003,0.87012,0.86909,0.86924
2026-05-18 17:30:00,0.86923,0.86961,0.86919,0.86937
2026-05-18 17:45:00,0.86938,0.86947,0.86909,0.86918
2026-05-18 18:00:00,0.86919,0.86947,0.86899,0.86912
2026-05-18 18:15:00,0.86912,0.86918,0.86895,0.86906
2026-05-18 18:30:00,0.86905,0.86912,0.86862,0.86891
2026-05-18 18:45:00,0.86892,0.86893,0.86777,0.8681
2026-05-18 19:00:00,0.86811,0.86815,0.86663,0.86683
2026-05-18 19:15:00,0.86684,0.86781,0.86654,0.86779
2026-05-18 19:30:00,0.8678,0.86792,0.86755,0.86759
2026-05-18 19:45:00,0.8676,0.86768,0.86743,0.8676
2026-05-18 20:00:00,0.86761,0.86762,0.8673,0.86753
2026-05-18 20:15:00,0.86754,0.86761,0.86744,0.86751
2026-05-18 20:30:00,0.8675,0.86771,0.86746,0.86768
2026-05-18 20:45:00,0.86768,0.86782,0.86762,0.86782
2026-05-18 21:00:00,0.86783,0.86804,0.86781,0.86793
2026-05-18 21:15:00,0.86793,0.86803,0.86771,0.86771
2026-05-18 21:30:00,0.86771,0.86786,0.86766,0.86776
2026-05-18 21:45:00,0.86775,0.8679,0.86768,0.86771
2026-05-18 22:00:00,0.86771,0.86786,0.86743,0.86775
2026-05-18 22:15:00,0.86775,0.86785,0.86769,0.86777
2026-05-18 22:30:00,0.86777,0.86785,0.86768,0.86769
2026-05-18 22:45:00,0.86769,0.86778,0.86744,0.86754
2026-05-18 23:00:00,0.86755,0.86763,0.86746,0.86753
2026-05-18 23:15:00,0.86752,0.86775,0.86752,0.86766
2026-05-18 23:30:00,0.86767,0.86773,0.86756,0.8676
2026-05-18 23:45:00,0.86759,0.86765,0.86742,0.86763
2026-05-19 00:00:00,0.86707,0.86753,0.86681,0.86714
2026-05-19 00:15:00,0.86715,0.86769,0.8671,0.86769
2026-05-19 00:30:00,0.86769,0.86783,0.86759,0.86771
2026-05-19 00:45:00,0.86771,0.8681,0.86765,0.86785
2026-05-19 01:00:00,0.86785,0.86796,0.86764,0.86792
2026-05-19 01:15:00,0.86791,0.86792,0.86774,0.86774
2026-05-19 01:30:00,0.86775,0.86776,0.86772,0.86775
2026-05-19 01:45:00,0.86775,0.86776,0.86774,0.86776
2026-05-19 02:00:00,0.86776,0.86777,0.86771,0.86773
2026-05-19 02:15:00,0.86773,0.86774,0.86765,0.86771
2026-05-19 02:30:00,0.8677,0.86772,0.86758,0.86759
2026-05-19 02:45:00,0.86759,0.86778,0.86758,0.86771
2026-05-19 03:00:00,0.8677,0.8677,0.86756,0.86762
2026-05-19 03:15:00,0.86763,0.86767,0.86754,0.86758
2026-05-19 03:30:00,0.86757,0.86764,0.86745,0.86756
2026-05-19 03:45:00,0.86755,0.86774,0.86754,0.86773
2026-05-19 04:00:00,0.86774,0.86785,0.86768,0.86785
2026-05-19 04:15:00,0.86785,0.86792,0.86783,0.86787
2026-05-19 04:30:00,0.86787,0.86813,0.86786,0.86801
2026-05-19 04:45:00,0.868,0.86805,0.86799,0.86803
2026-05-19 05:00:00,0.86803,0.86819,0.86801,0.86817
2026-05-19 05:15:00,0.86818,0.86825,0.86796,0.86799
2026-05-19 05:30:00,0.86801,0.86808,0.86783,0.86785
2026-05-19 05:45:00,0.86786,0.86796,0.86781,0.86784
2026-05-19 06:00:00,0.86784,0.86791,0.86781,0.86787
2026-05-19 06:15:00,0.86787,0.86794,0.86783,0.8679
2026-05-19 06:30:00,0.86791,0.86791,0.86778,0.86784
2026-05-19 06:45:00,0.86785,0.86789,0.86781,0.86787
2026-05-19 07:00:00,0.86786,0.86794,0.86785,0.8679
2026-05-19 07:15:00,0.86791,0.86799,0.86788,0.86794
2026-05-19 07:30:00,0.86793,0.86794,0.86778,0.86782
2026-05-19 07:45:00,0.86781,0.86799,0.86781,0.86798
2026-05-19 08:00:00,0.86799,0.86804,0.8679,0.86801
2026-05-19 08:15:00,0.868,0.86819,0.868,0.86805
2026-05-19 08:30:00,0.86807,0.86819,0.86787,0.86793
2026-05-19 08:45:00,0.86792,0.86801,0.86764,0.86767
2026-05-19 09:00:00,0.86767,0.86836,0.86763,0.8682
2026-05-19 09:15:00,0.86821,0.86822,0.86794,0.86801
2026-05-19 09:30:00,0.86801,0.8684,0.86798,0.86836
2026-05-19 09:45:00,0.86837,0.86858,0.86822,0.86841
2026-05-19 10:00:00,0.86843,0.8687,0.86841,0.86852
2026-05-19 10:15:00,0.86853,0.86853,0.86809,0.86824
2026-05-19 10:30:00,0.86824,0.86832,0.86806,0.86814
2026-05-19 10:45:00,0.86814,0.86821,0.86792,0.86811
2026-05-19 11:00:00,0.86812,0.86833,0.86812,0.86823
2026-05-19 11:15:00,0.86824,0.86826,0.86804,0.86818
2026-05-19 11:30:00,0.86818,0.86823,0.86795,0.86806
2026-05-19 11:45:00,0.86806,0.86817,0.86779,0.86788
2026-05-19 12:00:00,0.86787,0.8679,0.86747,0.86762
2026-05-19 12:15:00,0.86761,0.86774,0.86718,0.86722
2026-05-19 12:30:00,0.86721,0.86729,0.86683,0.86693
2026-05-19 12:45:00,0.86694,0.867,0.86663,0.86664
2026-05-19 13:00:00,0.86663,0.86709,0.86663,0.86697
2026-05-19 13:15:00,0.86697,0.867,0.86652,0.86677
2026-05-19 13:30:00,0.86676,0.86698,0.86663,0.86697
2026-05-19 13:45:00,0.86696,0.86712,0.86672,0.86685
2026-05-19 14:00:00,0.86684,0.86695,0.86669,0.86671
2026-05-19 14:15:00,0.8667,0.86681,0.86647,0.86672
2026-05-19 14:30:00,0.86672,0.86687,0.86668,0.86681
2026-05-19 14:45:00,0.86679,0.86685,0.86664,0.86669
2026-05-19 15:00:00,0.86671,0.86676,0.86642,0.86653
2026-05-19 15:15:00,0.86652,0.86668,0.86618,0.86623
2026-05-19 15:30:00,0.86625,0.86637,0.86611,0.86623
2026-05-19 15:45:00,0.86623,0.86667,0.86621,0.86645
2026-05-19 16:00:00,0.86644,0.86699,0.86641,0.86692
2026-05-19 16:15:00,0.86693,0.86694,0.86668,0.86669
2026-05-19 16:30:00,0.8667,0.86674,0.86648,0.86662
2026-05-19 16:45:00,0.86662,0.86674,0.86642,0.86655
2026-05-19 17:00:00,0.86654,0.86688,0.86642,0.86679
2026-05-19 17:15:00,0.86679,0.86683,0.86651,0.86658
2026-05-19 17:30:00,0.86658,0.86664,0.86631,0.86642
2026-05-19 17:45:00,0.86644,0.86665,0.86581,0.86582
2026-05-19 18:00:00,0.86582,0.86595,0.86561,0.86576
2026-05-19 18:15:00,0.86576,0.86589,0.86561,0.86573
2026-05-19 18:30:00,0.86576,0.866,0.86564,0.86597
2026-05-19 18:45:00,0.86597,0.86601,0.86577,0.86589
2026-05-19 19:00:00,0.86589,0.86624,0.86579,0.86618
2026-05-19 19:15:00,0.86617,0.86628,0.866,0.86621
2026-05-19 19:30:00,0.86621,0.86628,0.86609,0.8662
2026-05-19 19:45:00,0.8662,0.86643,0.86612,0.86625
2026-05-19 20:00:00,0.86624,0.86627,0.86581,0.86582
2026-05-19 20:15:00,0.86581,0.86588,0.86568,0.86578
2026-05-19 20:30:00,0.86579,0.86598,0.86578,0.86593
2026-05-19 20:45:00,0.86593,0.86594,0.86571,0.8659
2026-05-19 21:00:00,0.86591,0.86602,0.86587,0.86595
2026-05-19 21:15:00,0.86595,0.86619,0.86594,0.86613
2026-05-19 21:30:00,0.86613,0.86623,0.86599,0.86599
2026-05-19 21:45:00,0.866,0.86609,0.86595,0.86607
2026-05-19 22:00:00,0.86608,0.8661,0.86585,0.8659
2026-05-19 22:15:00,0.8659,0.86603,0.86588,0.86599
2026-05-19 22:30:00,0.86599,0.86612,0.86597,0.86601
2026-05-19 22:45:00,0.86601,0.86613,0.86594,0.86611
2026-05-19 23:00:00,0.86612,0.86617,0.86606,0.86607
2026-05-19 23:15:00,0.86607,0.86611,0.86604,0.8661
2026-05-19 23:30:00,0.86612,0.86613,0.86596,0.86599
2026-05-19 23:45:00,0.866,0.86649,0.866,0.86641
2026-05-20 00:00:00,0.86544,0.86615,0.86533,0.86607
2026-05-20 00:15:00,0.86606,0.86613,0.86595,0.86608
2026-05-20 00:30:00,0.86604,0.86642,0.86599,0.86603
2026-05-20 00:45:00,0.86602,0.86624,0.86602,0.86609
2026-05-20 01:00:00,0.86609,0.86639,0.86608,0.86638
2026-05-20 01:15:00,0.86639,0.86648,0.86638,0.86648
2026-05-20 01:30:00,0.86647,0.86648,0.86641,0.86647
2026-05-20 01:45:00,0.86646,0.86648,0.86645,0.86647
2026-05-20 02:00:00,0.86647,0.86648,0.86637,0.8664
2026-05-20 02:15:00,0.86641,0.86646,0.86636,0.86642
2026-05-20 02:30:00,0.86641,0.86642,0.86635,0.8664
2026-05-20 02:45:00,0.86641,0.86644,0.86638,0.86644
2026-05-20 03:00:00,0.86645,0.86663,0.86645,0.86657
2026-05-20 03:15:00,0.86657,0.86661,0.86633,0.8664
2026-05-20 03:30:00,0.8664,0.8664,0.86625,0.86633
2026-05-20 03:45:00,0.86633,0.86656,0.86617,0.86646
2026-05-20 04:00:00,0.86646,0.86653,0.86639,0.86646
2026-05-20 04:15:00,0.86645,0.86661,0.86639,0.86661
2026-05-20 04:30:00,0.8666,0.86666,0.86644,0.86654
2026-05-20 04:45:00,0.86654,0.86656,0.86629,0.86632
2026-05-20 05:00:00,0.86631,0.86635,0.86627,0.86634
2026-05-20 05:15:00,0.86633,0.86637,0.86612,0.86618
2026-05-20 05:30:00,0.86619,0.86638,0.86611,0.86615
2026-05-20 05:45:00,0.86614,0.86615,0.86609,0.86611
2026-05-20 06:00:00,0.86611,0.86617,0.86611,0.86615
2026-05-20 06:15:00,0.86615,0.86616,0.86601,0.86605
2026-05-20 06:30:00,0.86605,0.86607,0.86586,0.86593
2026-05-20 06:45:00,0.86592,0.86593,0.86579,0.86586
2026-05-20 07:00:00,0.86585,0.8659,0.86572,0.86582
2026-05-20 07:15:00,0.86583,0.86598,0.8658,0.86597
2026-05-20 07:30:00,0.86596,0.86603,0.86591,0.86594
2026-05-20 07:45:00,0.86594,0.86613,0.86593,0.86606
2026-05-20 08:00:00,0.86606,0.86607,0.8659,0.86592
2026-05-20 08:15:00,0.86592,0.86598,0.86583,0.86586
2026-05-20 08:30:00,0.86585,0.8659,0.8658,0.86588
2026-05-20 08:45:00,0.86589,0.8659,0.86566,0.86585
2026-05-20 09:00:00,0.86586,0.86677,0.8658,0.86621
2026-05-20 09:15:00,0.86621,0.86623,0.86562,0.866
2026-05-20 09:30:00,0.866,0.86644,0.86597,0.86637
2026-05-20 09:45:00,0.86637,0.86655,0.86617,0.86628
2026-05-20 10:00:00,0.86628,0.86656,0.86602,0.86615
2026-05-20 10:15:00,0.86615,0.86624,0.86566,0.8657
2026-05-20 10:30:00,0.86571,0.86606,0.86567,0.86592
2026-05-20 10:45:00,0.86592,0.86609,0.86573,0.86606
2026-05-20 11:00:00,0.86606,0.86616,0.86568,0.86595
2026-05-20 11:15:00,0.86595,0.86606,0.86581,0.8659
2026-05-20 11:30:00,0.86591,0.86618,0.86585,0.86592
2026-05-20 11:45:00,0.86592,0.8661,0.86591,0.86609
2026-05-20 12:00:00,0.86608,0.8661,0.86571,0.86578
2026-05-20 12:15:00,0.86578,0.86608,0.86572,0.86607
2026-05-20 12:30:00,0.86607,0.86608,0.86586,0.8659
2026-05-20 12:45:00,0.86589,0.86615,0.86574,0.8659
2026-05-20 13:00:00,0.86589,0.86611,0.86585,0.86587
2026-05-20 13:15:00,0.86587,0.86605,0.86581,0.86602
2026-05-20 13:30:00,0.86602,0.86603,0.86588,0.86593
2026-05-20 13:45:00,0.86592,0.86605,0.86589,0.86594
2026-05-20 14:00:00,0.86594,0.86595,0.86554,0.86568
2026-05-20 14:15:00,0.86568,0.8657,0.86559,0.86568
2026-05-20 14:30:00,0.86568,0.86579,0.8655,0.86572
2026-05-20 14:45:00,0.86573,0.86589,0.86561,0.86574
2026-05-20 15:00:00,0.86573,0.86578,0.86542,0.86548
2026-05-20 15:15:00,0.86548,0.86558,0.8654,0.8655
2026-05-20 15:30:00,0.8655,0.86567,0.86534,0.86551
2026-05-20 15:45:00,0.86549,0.86557,0.86532,0.86547
2026-05-20 16:00:00,0.86547,0.86556,0.86519,0.86533
2026-05-20 16:15:00,0.86533,0.8655,0.8652,0.86537
2026-05-20 16:30:00,0.86538,0.86545,0.86509,0.86527
2026-05-20 16:45:00,0.86526,0.86551,0.86502,0.86545
2026-05-20 17:00:00,0.86545,0.8655,0.86526,0.86546
2026-05-20 17:15:00,0.86546,0.86553,0.86494,0.86546
2026-05-20 17:30:00,0.86547,0.86549,0.86518,0.86536
2026-05-20 17:45:00,0.86535,0.86552,0.86478,0.86489
2026-05-20 18:00:00,0.86491,0.8653,0.86479,0.86514
2026-05-20 18:15:00,0.86514,0.86515,0.86448,0.86456
2026-05-20 18:30:00,0.86458,0.8647,0.8644,0.86444
2026-05-20 18:45:00,0.86442,0.86465,0.86432,0.86444
2026-05-20 19:00:00,0.86445,0.86458,0.86427,0.86458
2026-05-20 19:15:00,0.86457,0.86498,0.86457,0.86486
2026-05-20 19:30:00,0.86485,0.86499,0.86478,0.86479
2026-05-20 19:45:00,0.86481,0.86499,0.86477,0.86486
2026-05-20 20:00:00,0.86487,0.86492,0.86446,0.86457
2026-05-20 20:15:00,0.86457,0.86476,0.86453,0.86473
2026-05-20 20:30:00,0.86472,0.86481,0.86464,0.86467
2026-05-20 20:45:00,0.86466,0.86487,0.86464,0.86473
2026-05-20 21:00:00,0.86473,0.86493,0.86468,0.86493
2026-05-20 21:15:00,0.86492,0.86503,0.86487,0.86502
2026-05-20 21:30:00,0.86501,0.86509,0.86499,0.86508
2026-05-20 21:45:00,0.86507,0.86525,0.86506,0.86522
2026-05-20 22:00:00,0.86524,0.86527,0.86509,0.86512
2026-05-20 22:15:00,0.86511,0.86517,0.86509,0.86513
2026-05-20 22:30:00,0.86513,0.86516,0.86498,0.86515
2026-05-20 22:45:00,0.86516,0.86533,0.86512,0.86532
2026-05-20 23:00:00,0.86531,0.86534,0.86515,0.86521
2026-05-20 23:15:00,0.8652,0.86529,0.8651,0.86521
2026-05-20 23:30:00,0.86521,0.86525,0.86512,0.86515
2026-05-20 23:45:00,0.86515,0.86541,0.86506,0.86529
2026-05-21 00:00:00,0.8642,0.86509,0.86419,0.86509
2026-05-21 00:15:00,0.86511,0.86518,0.86494,0.86494
2026-05-21 00:30:00,0.86494,0.86511,0.86477,0.86506
2026-05-21 00:45:00,0.86509,0.8651,0.86487,0.86492
2026-05-21 01:00:00,0.86495,0.86534,0.86486,0.86532
2026-05-21 01:15:00,0.86533,0.86537,0.86531,0.86533
2026-05-21 01:30:00,0.86532,0.86533,0.86531,0.86533
2026-05-21 01:45:00,0.86533,0.86533,0.86525,0.86529
2026-05-21 02:00:00,0.86528,0.86528,0.86521,0.86523
2026-05-21 02:15:00,0.86524,0.86529,0.86523,0.86528
2026-05-21 02:30:00,0.86529,0.86533,0.86527,0.8653
2026-05-21 02:45:00,0.86529,0.86538,0.86526,0.86533
2026-05-21 03:00:00,0.86532,0.86548,0.86532,0.86546
2026-05-21 03:15:00,0.86546,0.86556,0.86546,0.86553
2026-05-21 03:30:00,0.86552,0.86555,0.86533,0.86536
2026-05-21 03:45:00,0.86535,0.86541,0.86528,0.86539
2026-05-21 04:00:00,0.8654,0.86546,0.86536,0.86539
2026-05-21 04:15:00,0.8654,0.86541,0.86532,0.86536
2026-05-21 04:30:00,0.86536,0.86546,0.86529,0.86536
2026-05-21 04:45:00,0.86537,0.86542,0.86529,0.86539
2026-05-21 05:00:00,0.86539,0.86543,0.86533,0.86541
2026-05-21 05:15:00,0.8654,0.86557,0.86537,0.86555
2026-05-21 05:30:00,0.86556,0.86568,0.86547,0.86564
2026-05-21 05:45:00,0.86565,0.86566,0.86531,0.86533
2026-05-21 06:00:00,0.86533,0.86537,0.86527,0.86533
2026-05-21 06:15:00,0.86534,0.86538,0.8653,0.86532
2026-05-21 06:30:00,0.8653,0.86535,0.86525,0.8653
2026-05-21 06:45:00,0.8653,0.86538,0.86527,0.86534
2026-05-21 07:00:00,0.86535,0.86539,0.86531,0.86538
2026-05-21 07:15:00,0.86539,0.86548,0.86535,0.86541
2026-05-21 07:30:00,0.8654,0.86542,0.86533,0.86534
2026-05-21 07:45:00,0.86534,0.86539,0.86525,0.86529
2026-05-21 08:00:00,0.86529,0.86532,0.8652,0.86521
2026-05-21 08:15:00,0.8652,0.86527,0.8652,0.86522
2026-05-21 08:30:00,0.86523,0.86527,0.86515,0.86523
2026-05-21 08:45:00,0.86522,0.86534,0.86513,0.86517
2026-05-21 09:00:00,0.86516,0.8653,0.86509,0.86514
2026-05-21 09:15:00,0.86514,0.86525,0.86507,0.86517
2026-05-21 09:30:00,0.86518,0.86527,0.86497,0.86498
2026-05-21 09:45:00,0.86498,0.86509,0.86484,0.86496
2026-05-21 10:00:00,0.86496,0.86496,0.8646,0.86469
2026-05-21 10:15:00,0.86468,0.86469,0.86418,0.86434
2026-05-21 10:30:00,0.86437,0.86454,0.86434,0.86435
2026-05-21 10:45:00,0.86435,0.8644,0.8642,0.8643
2026-05-21 11:00:00,0.86432,0.86467,0.8642,0.86465
2026-05-21 11:15:00,0.86465,0.86522,0.86462,0.86508
2026-05-21 11:30:00,0.86508,0.86553,0.865,0.86537
2026-05-21 11:45:00,0.86537,0.86541,0.86498,0.86514
2026-05-21 12:00:00,0.86514,0.86518,0.86496,0.86503
2026-05-21 12:15:00,0.86502,0.86517,0.86485,0.86512
2026-05-21 12:30:00,0.86513,0.86532,0.86504,0.86514
2026-05-21 12:45:00,0.86514,0.86522,0.86494,0.86498
2026-05-21 13:00:00,0.86498,0.86502,0.86472,0.86476
2026-05-21 13:15:00,0.86475,0.86486,0.86461,0.86486
2026-05-21 13:30:00,0.86486,0.8649,0.86451,0.86457
2026-05-21 13:45:00,0.86458,0.86473,0.86445,0.86462
2026-05-21 14:00:00,0.86462,0.86464,0.86429,0.86432
2026-05-21 14:15:00,0.86431,0.86453,0.86422,0.86424
2026-05-21 14:30:00,0.86424,0.8643,0.86405,0.8641
2026-05-21 14:45:00,0.86409,0.8643,0.86397,0.86419
2026-05-21 15:00:00,0.8642,0.8645,0.86417,0.86444
2026-05-21 15:15:00,0.86444,0.8645,0.86417,0.86438
2026-05-21 15:30:00,0.86436,0.86457,0.8643,0.86449
2026-05-21 15:45:00,0.86449,0.86461,0.86427,0.86458
2026-05-21 16:00:00,0.86457,0.86492,0.86429,0.86484
2026-05-21 16:15:00,0.86484,0.8649,0.86427,0.86437
2026-05-21 16:30:00,0.86437,0.86453,0.86424,0.86443
2026-05-21 16:45:00,0.86442,0.8649,0.8644,0.86486
2026-05-21 17:00:00,0.86486,0.86511,0.86455,0.86489
2026-05-21 17:15:00,0.86489,0.86493,0.86448,0.86451
2026-05-21 17:30:00,0.8645,0.86469,0.8644,0.86467
2026-05-21 17:45:00,0.86466,0.86486,0.8644,0.86441
2026-05-21 18:00:00,0.86441,0.86467,0.86436,0.86443
2026-05-21 18:15:00,0.86443,0.86449,0.86426,0.86431
2026-05-21 18:30:00,0.86432,0.86466,0.86425,0.86437
2026-05-21 18:45:00,0.86437,0.86454,0.86427,0.86446
2026-05-21 19:00:00,0.86446,0.8646,0.86434,0.86446
2026-05-21 19:15:00,0.86447,0.86479,0.86444,0.86477
2026-05-21 19:30:00,0.86477,0.86488,0.8647,0.86471
2026-05-21 19:45:00,0.86471,0.86495,0.86471,0.86478
2026-05-21 20:00:00,0.86479,0.86483,0.8644,0.86457
2026-05-21 20:15:00,0.86457,0.86497,0.86457,0.86473
2026-05-21 20:30:00,0.86473,0.86484,0.86463,0.86464
2026-05-21 20:45:00,0.86464,0.86484,0.86459,0.86472
2026-05-21 21:00:00,0.86472,0.86494,0.86463,0.86464
2026-05-21 21:15:00,0.86464,0.86473,0.86456,0.86463
2026-05-21 21:30:00,0.86463,0.86469,0.86454,0.86462
2026-05-21 21:45:00,0.86463,0.86489,0.86456,0.86482
2026-05-21 22:00:00,0.86484,0.86486,0.86471,0.86477
2026-05-21 22:15:00,0.86478,0.86478,0.86471,0.86472
2026-05-21 22:30:00,0.86471,0.8649,0.86469,0.86482
2026-05-21 22:45:00,0.86483,0.86501,0.86481,0.86493
2026-05-21 23:00:00,0.86494,0.86498,0.86464,0.86466
2026-05-21 23:15:00,0.86465,0.86476,0.86462,0.86472
2026-05-21 23:30:00,0.86472,0.86485,0.86469,0.86481
2026-05-21 23:45:00,0.86481,0.86509,0.86479,0.86495
2026-05-22 00:00:00,0.86443,0.8652,0.86437,0.86495
2026-05-22 00:15:00,0.86495,0.86508,0.86487,0.86495
2026-05-22 00:30:00,0.86493,0.86522,0.86481,0.86483
2026-05-22 00:45:00,0.86483,0.86524,0.86472,0.86489
2026-05-22 01:00:00,0.86483,0.86499,0.86481,0.86498
2026-05-22 01:15:00,0.86499,0.86499,0.86496,0.86496
2026-05-22 01:30:00,0.86496,0.865,0.86493,0.86493
2026-05-22 01:45:00,0.86494,0.86494,0.8649,0.86491
2026-05-22 02:00:00,0.86491,0.86494,0.8649,0.86491
2026-05-22 02:15:00,0.86492,0.86495,0.8649,0.86492
2026-05-22 02:30:00,0.86493,0.86496,0.86491,0.86493
2026-05-22 02:45:00,0.86493,0.86498,0.8649,0.86495
2026-05-22 03:00:00,0.86495,0.86498,0.8649,0.86495
2026-05-22 03:15:00,0.86497,0.86504,0.86493,0.865
2026-05-22 03:30:00,0.86499,0.86511,0.86492,0.8651
2026-05-22 03:45:00,0.86511,0.86514,0.86498,0.86512
2026-05-22 04:00:00,0.86513,0.86515,0.86506,0.86509
2026-05-22 04:15:00,0.86509,0.8651,0.86499,0.86501
2026-05-22 04:30:00,0.86501,0.86505,0.86489,0.86493
2026-05-22 04:45:00,0.86493,0.86494,0.8648,0.86483
2026-05-22 05:00:00,0.86482,0.86484,0.8648,0.86481
2026-05-22 05:15:00,0.86481,0.86484,0.8648,0.86482
2026-05-22 05:30:00,0.86481,0.86485,0.86481,0.86481
2026-05-22 05:45:00,0.86481,0.8649,0.86481,0.86484
2026-05-22 06:00:00,0.86483,0.8649,0.86483,0.86485
2026-05-22 06:15:00,0.86485,0.86493,0.86484,0.86486
2026-05-22 06:30:00,0.86487,0.86491,0.86482,0.86486
2026-05-22 06:45:00,0.86486,0.86491,0.86482,0.8649
2026-05-22 07:00:00,0.8649,0.86491,0.86483,0.86483
2026-05-22 07:15:00,0.86483,0.86486,0.86482,0.86482
2026-05-22 07:30:00,0.86483,0.86488,0.86479,0.8648
2026-05-22 07:45:00,0.86481,0.86489,0.86478,0.86488
2026-05-22 08:00:00,0.86487,0.86489,0.86482,0.86487
2026-05-22 08:15:00,0.86488,0.86493,0.86483,0.86485
2026-05-22 08:30:00,0.86486,0.8649,0.86481,0.8649
2026-05-22 08:45:00,0.8649,0.86508,0.86486,0.86492
2026-05-22 09:00:00,0.86491,0.86529,0.86486,0.865
2026-05-22 09:15:00,0.86501,0.86506,0.86482,0.86484
2026-05-22 09:30:00,0.86485,0.86502,0.86481,0.86499
2026-05-22 09:45:00,0.86499,0.86503,0.86483,0.86486
2026-05-22 10:00:00,0.86486,0.86494,0.86479,0.86492
2026-05-22 10:15:00,0.86493,0.86493,0.86463,0.8647
2026-05-22 10:30:00,0.86469,0.86477,0.86456,0.86472
2026-05-22 10:45:00,0.86472,0.86479,0.86465,0.86473
2026-05-22 11:00:00,0.86473,0.86475,0.86439,0.86446
2026-05-22 11:15:00,0.86446,0.86448,0.86429,0.86435
2026-05-22 11:30:00,0.86435,0.86453,0.86427,0.86432
2026-05-22 11:45:00,0.86431,0.86461,0.86431,0.86459
2026-05-22 12:00:00,0.86459,0.86463,0.86437,0.86441
2026-05-22 12:15:00,0.86442,0.86443,0.8642,0.86422
2026-05-22 12:30:00,0.86423,0.86438,0.86413,0.86438
2026-05-22 12:45:00,0.86437,0.86442,0.86422,0.86425
2026-05-22 13:00:00,0.86426,0.86427,0.86402,0.86403
2026-05-22 13:15:00,0.86403,0.86417,0.86401,0.86405
2026-05-22 13:30:00,0.86404,0.86418,0.86403,0.86406
2026-05-22 13:45:00,0.86406,0.86408,0.86382,0.86401
2026-05-22 14:00:00,0.86401,0.86408,0.86387,0.86404
2026-05-22 14:15:00,0.86404,0.86409,0.86392,0.86399
2026-05-22 14:30:00,0.864,0.86416,0.86395,0.86409
2026-05-22 14:45:00,0.86409,0.86427,0.86402,0.86409
2026-05-22 15:00:00,0.86409,0.86441,0.86406,0.86432
2026-05-22 15:15:00,0.86432,0.86448,0.86407,0.86411
2026-05-22 15:30:00,0.86411,0.86417,0.86401,0.86402
2026-05-22 15:45:00,0.86403,0.86405,0.86366,0.86366
2026-05-22 16:00:00,0.86367,0.86376,0.86299,0.86338
2026-05-22 16:15:00,0.86338,0.86355,0.86328,0.8634
2026-05-22 16:30:00,0.8634,0.86364,0.86333,0.86343
2026-05-22 16:45:00,0.86343,0.8637,0.86337,0.86351
2026-05-22 17:00:00,0.86352,0.86366,0.86341,0.86355
2026-05-22 17:15:00,0.86356,0.86399,0.86348,0.86395
2026-05-22 17:30:00,0.86393,0.864,0.86365,0.86366
2026-05-22 17:45:00,0.86366,0.86384,0.86326,0.86334
2026-05-22 18:00:00,0.86335,0.86366,0.86333,0.86359
2026-05-22 18:15:00,0.8636,0.8636,0.86327,0.86341
2026-05-22 18:30:00,0.8634,0.86343,0.86303,0.86313
2026-05-22 18:45:00,0.86314,0.86352,0.86313,0.86352
2026-05-22 19:00:00,0.86353,0.86376,0.86343,0.86369
2026-05-22 19:15:00,0.8637,0.86377,0.86345,0.86351
2026-05-22 19:30:00,0.8635,0.86368,0.86342,0.8635
2026-05-22 19:45:00,0.8635,0.86369,0.86346,0.86367
2026-05-22 20:00:00,0.86367,0.86379,0.86365,0.86368
2026-05-22 20:15:00,0.86368,0.86377,0.8635,0.8637
2026-05-22 20:30:00,0.8637,0.86374,0.86341,0.8635
2026-05-22 20:45:00,0.86349,0.86359,0.86348,0.86354
2026-05-22 21:00:00,0.86353,0.86369,0.86352,0.86359
2026-05-22 21:15:00,0.86358,0.86362,0.86354,0.86358
2026-05-22 21:30:00,0.86357,0.86359,0.86349,0.86356
2026-05-22 21:45:00,0.86355,0.86358,0.86348,0.86348
2026-05-22 22:00:00,0.86349,0.86372,0.86349,0.86365
2026-05-22 22:15:00,0.86365,0.8637,0.86362,0.86366
2026-05-22 22:30:00,0.86365,0.86372,0.86359,0.86363
2026-05-22 22:45:00,0.86363,0.86369,0.8635,0.86356
2026-05-22 23:00:00,0.86357,0.86362,0.86341,0.86343
2026-05-22 23:15:00,0.86343,0.8635,0.86334,0.86336
2026-05-22 23:30:00,0.86335,0.86345,0.86333,0.86344
2026-05-22 23:45:00,0.86342,0.86383,0.86331,0.86368
2026-05-25 00:00:00,0.86411,0.86465,0.86374,0.86452
2026-05-25 00:15:00,0.86448,0.86451,0.86408,0.8643
2026-05-25 00:30:00,0.8643,0.86456,0.86413,0.86438
2026-05-25 00:45:00,0.86432,0.8644,0.86412,0.86414
2026-05-25 01:00:00,0.86424,0.86425,0.86326,0.86341
2026-05-25 01:15:00,0.86337,0.86352,0.86332,0.86337
2026-05-25 01:30:00,0.86337,0.86365,0.86332,0.86362
2026-05-25 01:45:00,0.86361,0.86363,0.86346,0.86346
2026-05-25 02:00:00,0.86346,0.86348,0.8634,0.86342
2026-05-25 02:15:00,0.86343,0.86361,0.86339,0.8636
2026-05-25 02:30:00,0.8636,0.86361,0.86349,0.86353
2026-05-25 02:45:00,0.86354,0.8636,0.8635,0.86355
2026-05-25 03:00:00,0.86356,0.8636,0.86338,0.86344
2026-05-25 03:15:00,0.86345,0.8636,0.86337,0.86354
2026-05-25 03:30:00,0.86353,0.86366,0.86352,0.86361
2026-05-25 03:45:00,0.86361,0.86366,0.8633,0.86332
2026-05-25 04:00:00,0.86332,0.86337,0.86322,0.86332
2026-05-25 04:15:00,0.86332,0.86337,0.86325,0.86332
2026-05-25 04:30:00,0.86332,0.86337,0.86325,0.86327
2026-05-25 04:45:00,0.86327,0.86345,0.86327,0.86343
2026-05-25 05:00:00,0.86343,0.86354,0.86341,0.86354
2026-05-25 05:15:00,0.86353,0.86359,0.86352,0.86354
2026-05-25 05:30:00,0.86354,0.86357,0.86347,0.8635
2026-05-25 05:45:00,0.8635,0.86358,0.86349,0.86352
2026-05-25 06:00:00,0.86352,0.86364,0.8635,0.86356
2026-05-25 06:15:00,0.86355,0.86356,0.86347,0.86352
2026-05-25 06:30:00,0.86352,0.86358,0.8635,0.86353
2026-05-25 06:45:00,0.86353,0.86361,0.86353,0.8636
2026-05-25 07:00:00,0.8636,0.86361,0.86351,0.86355
2026-05-25 07:15:00,0.86354,0.86357,0.86349,0.86349
2026-05-25 07:30:00,0.86348,0.86354,0.8634,0.86343
2026-05-25 07:45:00,0.86343,0.86352,0.86341,0.86344
2026-05-25 08:00:00,0.86344,0.86347,0.86322,0.86333
2026-05-25 08:15:00,0.86333,0.86339,0.86328,0.86331
2026-05-25 08:30:00,0.86331,0.86338,0.86325,0.86326
2026-05-25 08:45:00,0.86326,0.86332,0.86316,0.86328
2026-05-25 09:00:00,0.86328,0.86341,0.86324,0.86332
2026-05-25 09:15:00,0.86331,0.86343,0.86331,0.86338
2026-05-25 09:30:00,0.86339,0.86349,0.86331,0.86345
2026-05-25 09:45:00,0.86346,0.86346,0.86317,0.86317
2026-05-25 10:00:00,0.86318,0.86333,0.86313,0.86313
2026-05-25 10:15:00,0.86313,0.86346,0.86311,0.86343
2026-05-25 10:30:00,0.86343,0.86345,0.86328,0.86338
2026-05-25 10:45:00,0.86337,0.8634,0.863,0.86301
2026-05-25 11:00:00,0.86301,0.8631,0.86286,0.86298
2026-05-25 11:15:00,0.86299,0.86304,0.86294,0.86303
2026-05-25 11:30:00,0.86302,0.86328,0.86301,0.86322
2026-05-25 11:45:00,0.86322,0.86323,0.86291,0.86291
2026-05-25 12:00:00,0.86291,0.86296,0.86275,0.8628
2026-05-25 12:15:00,0.86279,0.86288,0.86276,0.8628
2026-05-25 12:30:00,0.86279,0.86284,0.86275,0.86284
2026-05-25 12:45:00,0.86284,0.86284,0.86269,0.86279
2026-05-25 13:00:00,0.86278,0.86296,0.86274,0.86296
2026-05-25 13:15:00,0.86295,0.86309,0.86292,0.86297
2026-05-25 13:30:00,0.86296,0.86305,0.86296,0.86301
2026-05-25 13:45:00,0.86298,0.86306,0.86296,0.86299
2026-05-25 14:00:00,0.86299,0.86307,0.86292,0.86294
2026-05-25 14:15:00,0.86293,0.86295,0.86282,0.86284
2026-05-25 14:30:00,0.86285,0.8629,0.86267,0.86267
2026-05-25 14:45:00,0.86266,0.86268,0.86254,0.86261
2026-05-25 15:00:00,0.8626,0.86263,0.86246,0.86258
2026-05-25 15:15:00,0.86257,0.86259,0.86249,0.86254
2026-05-25 15:30:00,0.86255,0.86268,0.8625,0.86265
2026-05-25 15:45:00,0.86265,0.8628,0.86261,0.86279
2026-05-25 16:00:00,0.8628,0.86284,0.86272,0.86278
2026-05-25 16:15:00,0.86279,0.86281,0.86242,0.86243
2026-05-25 16:30:00,0.86242,0.86246,0.86225,0.8624
2026-05-25 16:45:00,0.86241,0.86253,0.86232,0.86251
2026-05-25 17:00:00,0.8625,0.86263,0.86245,0.86256
2026-05-25 17:15:00,0.86257,0.8626,0.86249,0.86252
2026-05-25 17:30:00,0.86251,0.86259,0.86247,0.8625
2026-05-25 17:45:00,0.86249,0.86262,0.86224,0.86232
2026-05-25 18:00:00,0.86233,0.86257,0.86227,0.86253
2026-05-25 18:15:00,0.86253,0.86262,0.86246,0.86246
2026-05-25 18:30:00,0.86245,0.86252,0.86228,0.86229
2026-05-25 18:45:00,0.86228,0.86237,0.86219,0.86225
2026-05-25 19:00:00,0.86224,0.86233,0.86208,0.86212
2026-05-25 19:15:00,0.86212,0.86214,0.86207,0.86207
2026-05-25 19:30:00,0.86207,0.86211,0.862,0.86202
2026-05-25 19:45:00,0.86202,0.86207,0.862,0.86203
2026-05-25 20:00:00,0.86204,0.86207,0.862,0.86207
2026-05-25 20:15:00,0.86206,0.86209,0.86204,0.86208
2026-05-25 20:30:00,0.86207,0.86208,0.86201,0.86202
2026-05-25 20:45:00,0.86204,0.86211,0.86203,0.86209
2026-05-25 21:00:00,0.86209,0.8621,0.86202,0.86204
2026-05-25 21:15:00,0.86203,0.86208,0.86203,0.86203
2026-05-25 21:30:00,0.86203,0.86204,0.862,0.86201
2026-05-25 21:45:00,0.86202,0.86204,0.86199,0.86202
2026-05-25 22:00:00,0.86201,0.86203,0.86199,0.86202
2026-05-25 22:15:00,0.86201,0.86203,0.86198,0.86202
2026-05-25 22:30:00,0.86203,0.86203,0.86189,0.8619
2026-05-25 22:45:00,0.86189,0.8619,0.8618,0.86185
2026-05-25 23:00:00,0.86186,0.86193,0.86185,0.86191
2026-05-25 23:15:00,0.8619,0.86195,0.86188,0.86192
2026-05-25 23:30:00,0.86192,0.86196,0.86189,0.86195
2026-05-25 23:45:00,0.86194,0.86199,0.86189,0.86193
2026-05-26 00:00:00,0.86115,0.86208,0.86115,0.86194
2026-05-26 00:15:00,0.86194,0.86201,0.86186,0.86196
2026-05-26 00:30:00,0.86193,0.86224,0.86187,0.86191
2026-05-26 00:45:00,0.86192,0.86201,0.86179,0.862
2026-05-26 01:00:00,0.862,0.86212,0.86184,0.86202
2026-05-26 01:15:00,0.86204,0.86206,0.862,0.86201
2026-05-26 01:30:00,0.86201,0.86203,0.86196,0.86198
2026-05-26 01:45:00,0.86198,0.86209,0.86198,0.86207
2026-05-26 02:00:00,0.86208,0.86219,0.86205,0.86214
2026-05-26 02:15:00,0.86215,0.86223,0.86214,0.86221
2026-05-26 02:30:00,0.86222,0.86228,0.86209,0.86214
2026-05-26 02:45:00,0.86214,0.86222,0.86204,0.86218
2026-05-26 03:00:00,0.86217,0.86255,0.86217,0.86253
2026-05-26 03:15:00,0.86253,0.86255,0.86236,0.86236
2026-05-26 03:30:00,0.86236,0.86245,0.86231,0.86244
2026-05-26 03:45:00,0.86243,0.86252,0.8624,0.86248
2026-05-26 04:00:00,0.86247,0.86258,0.86243,0.86257
2026-05-26 04:15:00,0.86258,0.86261,0.86251,0.86256
2026-05-26 04:30:00,0.86255,0.86267,0.86254,0.86257
2026-05-26 04:45:00,0.86258,0.86259,0.86253,0.86258
2026-05-26 05:00:00,0.86257,0.86259,0.86247,0.86252
2026-05-26 05:15:00,0.86253,0.86255,0.86246,0.86253
2026-05-26 05:30:00,0.86255,0.8626,0.8625,0.86259
2026-05-26 05:45:00,0.86258,0.86266,0.86256,0.86258
2026-05-26 06:00:00,0.86258,0.86261,0.86252,0.86258
2026-05-26 06:15:00,0.86257,0.86258,0.86248,0.86252
2026-05-26 06:30:00,0.86252,0.8626,0.86252,0.86258
2026-05-26 06:45:00,0.86259,0.86266,0.86256,0.86263
2026-05-26 07:00:00,0.86263,0.86268,0.8626,0.86262
2026-05-26 07:15:00,0.86263,0.86266,0.86262,0.86264
2026-05-26 07:30:00,0.86265,0.86268,0.86261,0.86266
2026-05-26 07:45:00,0.86265,0.86273,0.86265,0.86266
2026-05-26 08:00:00,0.86267,0.86278,0.86265,0.86276
2026-05-26 08:15:00,0.86275,0.86285,0.86274,0.86283
2026-05-26 08:30:00,0.86283,0.86291,0.86277,0.86288
2026-05-26 08:45:00,0.8629,0.86294,0.86287,0.8629
2026-05-26 09:00:00,0.86289,0.86305,0.86289,0.86296
2026-05-26 09:15:00,0.86296,0.86298,0.86281,0.86296
2026-05-26 09:30:00,0.86297,0.86334,0.86297,0.86327
2026-05-26 09:45:00,0.86327,0.86339,0.86316,0.86329
2026-05-26 10:00:00,0.86328,0.86344,0.86312,0.86316
2026-05-26 10:15:00,0.86316,0.86366,0.86316,0.8636
2026-05-26 10:30:00,0.8636,0.86379,0.86355,0.86377
2026-05-26 10:45:00,0.86379,0.86387,0.8636,0.86362
2026-05-26 11:00:00,0.86362,0.86369,0.86346,0.86363
2026-05-26 11:15:00,0.86363,0.86382,0.8636,0.86372
2026-05-26 11:30:00,0.86371,0.86379,0.86355,0.86358
2026-05-26 11:45:00,0.86358,0.86372,0.86353,0.86357
2026-05-26 12:00:00,0.86356,0.86363,0.86333,0.86349
2026-05-26 12:15:00,0.8635,0.86364,0.86341,0.86352
2026-05-26 12:30:00,0.86351,0.86369,0.86337,0.86364
2026-05-26 12:45:00,0.86364,0.86366,0.86342,0.86346
2026-05-26 13:00:00,0.86345,0.86366,0.86345,0.86362
2026-05-26 13:15:00,0.86362,0.86367,0.86348,0.86352
2026-05-26 13:30:00,0.86351,0.86353,0.86316,0.86336
2026-05-26 13:45:00,0.86336,0.86341,0.86312,0.8633
2026-05-26 14:00:00,0.86329,0.86343,0.86317,0.86342
2026-05-26 14:15:00,0.86342,0.86348,0.86326,0.86343
2026-05-26 14:30:00,0.86343,0.86379,0.86342,0.86379
2026-05-26 14:45:00,0.86378,0.86389,0.86366,0.86379
2026-05-26 15:00:00,0.8638,0.8639,0.86365,0.86373
2026-05-26 15:15:00,0.86374,0.86374,0.86337,0.86351
2026-05-26 15:30:00,0.86352,0.86381,0.8635,0.8637
2026-05-26 15:45:00,0.8637,0.86378,0.86359,0.86372
2026-05-26 16:00:00,0.86372,0.86378,0.86356,0.86366
2026-05-26 16:15:00,0.86367,0.86375,0.86351,0.86355
2026-05-26 16:30:00,0.86354,0.86372,0.86346,0.8637
2026-05-26 16:45:00,0.8637,0.86375,0.86328,0.86348
2026-05-26 17:00:00,0.8635,0.86355,0.86332,0.86351
2026-05-26 17:15:00,0.86351,0.86359,0.86336,0.86359
2026-05-26 17:30:00,0.86358,0.86367,0.86337,0.86365
2026-05-26 17:45:00,0.86365,0.86432,0.86359,0.86432
2026-05-26 18:00:00,0.86431,0.86462,0.86414,0.86451
2026-05-26 18:15:00,0.86452,0.86476,0.86446,0.8645
2026-05-26 18:30:00,0.8645,0.86469,0.86441,0.86466
2026-05-26 18:45:00,0.86466,0.86487,0.8646,0.86479
2026-05-26 19:00:00,0.86481,0.86493,0.86474,0.86481
2026-05-26 19:15:00,0.8648,0.8648,0.86463,0.86475
2026-05-26 19:30:00,0.86475,0.86492,0.8647,0.86489
2026-05-26 19:45:00,0.86488,0.86489,0.8647,0.86479
2026-05-26 20:00:00,0.86478,0.86479,0.86453,0.86467
2026-05-26 20:15:00,0.86467,0.86474,0.86464,0.8647
2026-05-26 20:30:00,0.86469,0.86484,0.86458,0.86481
2026-05-26 20:45:00,0.86481,0.86487,0.8647,0.86479
2026-05-26 21:00:00,0.8648,0.86488,0.86479,0.86484
2026-05-26 21:15:00,0.86484,0.86497,0.86482,0.86496
2026-05-26 21:30:00,0.86497,0.86499,0.86491,0.86496
2026-05-26 21:45:00,0.86496,0.86501,0.86492,0.86497
2026-05-26 22:00:00,0.86497,0.86504,0.86493,0.86502
2026-05-26 22:15:00,0.86502,0.86503,0.86493,0.86497
2026-05-26 22:30:00,0.86497,0.86497,0.86482,0.86486
2026-05-26 22:45:00,0.86486,0.86498,0.86483,0.8649
2026-05-26 23:00:00,0.86489,0.86492,0.8646,0.86472
2026-05-26 23:15:00,0.86472,0.86493,0.86471,0.86483
2026-05-26 23:30:00,0.86483,0.8649,0.8648,0.86487
2026-05-26 23:45:00,0.86487,0.86504,0.86484,0.86492
2026-05-27 00:00:00,0.86427,0.86466,0.86424,0.86466
2026-05-27 00:15:00,0.86466,0.86487,0.86466,0.86487
2026-05-27 00:30:00,0.86487,0.86487,0.86456,0.86466
2026-05-27 00:45:00,0.86468,0.86479,0.86459,0.86471
2026-05-27 01:00:00,0.86471,0.865,0.86462,0.86494
2026-05-27 01:15:00,0.86494,0.86495,0.86489,0.86492
2026-05-27 01:30:00,0.86492,0.86495,0.86492,0.86493
2026-05-27 01:45:00,0.86493,0.86494,0.86488,0.86489
2026-05-27 02:00:00,0.86489,0.86491,0.86489,0.8649
2026-05-27 02:15:00,0.86487,0.86489,0.86485,0.86488
2026-05-27 02:30:00,0.86488,0.86488,0.86479,0.86483
2026-05-27 02:45:00,0.86483,0.86488,0.86481,0.86484
2026-05-27 03:00:00,0.86485,0.86495,0.86481,0.8649
2026-05-27 03:15:00,0.86491,0.865,0.86489,0.86495
2026-05-27 03:30:00,0.86496,0.86502,0.8649,0.86493
2026-05-27 03:45:00,0.86493,0.86503,0.86491,0.86492
2026-05-27 04:00:00,0.86493,0.86504,0.86491,0.86502
2026-05-27 04:15:00,0.86503,0.86506,0.86497,0.865
2026-05-27 04:30:00,0.865,0.86511,0.865,0.86504
2026-05-27 04:45:00,0.86505,0.86517,0.86505,0.86514
2026-05-27 05:00:00,0.86514,0.86517,0.86508,0.86512
2026-05-27 05:15:00,0.86512,0.86517,0.86507,0.86508
2026-05-27 05:30:00,0.86508,0.86511,0.86502,0.86502
2026-05-27 05:45:00,0.86502,0.86514,0.865,0.86513
2026-05-27 06:00:00,0.86512,0.86516,0.865,0.86501
2026-05-27 06:15:00,0.865,0.86504,0.86498,0.86502
2026-05-27 06:30:00,0.86502,0.86504,0.86496,0.86499
2026-05-27 06:45:00,0.86498,0.86506,0.86496,0.86501
2026-05-27 07:00:00,0.86501,0.86509,0.865,0.86509
2026-05-27 07:15:00,0.86509,0.86518,0.86505,0.86517
2026-05-27 07:30:00,0.86518,0.86525,0.86515,0.86518
2026-05-27 07:45:00,0.86518,0.86527,0.86518,0.86524
2026-05-27 08:00:00,0.86525,0.86528,0.86521,0.86526
2026-05-27 08:15:00,0.86525,0.86533,0.86523,0.86531
2026-05-27 08:30:00,0.86531,0.86535,0.86527,0.86528
2026-05-27 08:45:00,0.86528,0.86542,0.86527,0.86541
2026-05-27 09:00:00,0.86542,0.86555,0.86541,0.86552
2026-05-27 09:15:00,0.86552,0.86568,0.86549,0.86563
2026-05-27 09:30:00,0.86562,0.86575,0.86559,0.86561
2026-05-27 09:45:00,0.8656,0.86575,0.86556,0.86567
2026-05-27 10:00:00,0.86568,0.86586,0.86561,0.86577
2026-05-27 10:15:00,0.86577,0.86603,0.86565,0.86595
2026-05-27 10:30:00,0.86595,0.8661,0.86586,0.86605
2026-05-27 10:45:00,0.86605,0.86624,0.86589,0.86591
2026-05-27 11:00:00,0.86592,0.86596,0.86567,0.86581
2026-05-27 11:15:00,0.8658,0.86623,0.86569,0.86613
2026-05-27 11:30:00,0.86613,0.8662,0.86603,0.86614
2026-05-27 11:45:00,0.86614,0.86618,0.86588,0.86601
2026-05-27 12:00:00,0.866,0.86603,0.86566,0.86578
2026-05-27 12:15:00,0.86579,0.86595,0.86573,0.86582
2026-05-27 12:30:00,0.86582,0.86601,0.86576,0.866
2026-05-27 12:45:00,0.866,0.86608,0.86585,0.86607
2026-05-27 13:00:00,0.86607,0.86614,0.86595,0.86613
2026-05-27 13:15:00,0.86613,0.86624,0.866,0.86606
2026-05-27 13:30:00,0.86607,0.8661,0.86585,0.86586
2026-05-27 13:45:00,0.86586,0.86598,0.86578,0.86593
2026-05-27 14:00:00,0.86594,0.86623,0.86586,0.86612
2026-05-27 14:15:00,0.86611,0.86624,0.866,0.86618
2026-05-27 14:30:00,0.86618,0.86623,0.86606,0.86609
2026-05-27 14:45:00,0.86609,0.8663,0.86606,0.86623
2026-05-27 15:00:00,0.86623,0.8664,0.86615,0.86626
2026-05-27 15:15:00,0.86627,0.86657,0.86617,0.86643
2026-05-27 15:30:00,0.86642,0.86669,0.86642,0.86652
2026-05-27 15:45:00,0.86653,0.86671,0.86626,0.86635
2026-05-27 16:00:00,0.86635,0.86639,0.86601,0.86611
2026-05-27 16:15:00,0.86612,0.86623,0.86587,0.8659
2026-05-27 16:30:00,0.86591,0.86611,0.86582,0.86597
2026-05-27 16:45:00,0.86598,0.86622,0.86568,0.86573
2026-05-27 17:00:00,0.86573,0.86597,0.86552,0.86591
2026-05-27 17:15:00,0.86591,0.86617,0.86577,0.86616
2026-05-27 17:30:00,0.86616,0.86624,0.86593,0.866
2026-05-27 17:45:00,0.86601,0.86662,0.86594,0.86636
2026-05-27 18:00:00,0.86635,0.86645,0.86616,0.86623
2026-05-27 18:15:00,0.86624,0.86649,0.86621,0.86638
2026-05-27 18:30:00,0.86638,0.86646,0.86617,0.86632
2026-05-27 18:45:00,0.86633,0.86635,0.86603,0.86603
2026-05-27 19:00:00,0.86603,0.86623,0.86602,0.86619
2026-05-27 19:15:00,0.86619,0.86622,0.86592,0.86593
2026-05-27 19:30:00,0.86594,0.86625,0.86592,0.86621
2026-05-27 19:45:00,0.86622,0.86622,0.86602,0.86609
2026-05-27 20:00:00,0.86608,0.86621,0.86598,0.86611
2026-05-27 20:15:00,0.86612,0.86627,0.86603,0.86622
2026-05-27 20:30:00,0.86622,0.86628,0.86609,0.86622
2026-05-27 20:45:00,0.86622,0.86624,0.86591,0.86599
2026-05-27 21:00:00,0.86598,0.86604,0.8659,0.86598
2026-05-27 21:15:00,0.86599,0.86601,0.86572,0.86576
2026-05-27 21:30:00,0.86576,0.866,0.86575,0.86596
2026-05-27 21:45:00,0.86597,0.86601,0.86589,0.86594
2026-05-27 22:00:00,0.86594,0.86601,0.86592,0.86599
2026-05-27 22:15:00,0.86599,0.86602,0.86593,0.86597
2026-05-27 22:30:00,0.86596,0.86598,0.86583,0.86584
2026-05-27 22:45:00,0.86583,0.86593,0.86574,0.86585
2026-05-27 23:00:00,0.86584,0.86591,0.86574,0.86576
2026-05-27 23:15:00,0.86576,0.86584,0.86576,0.86581
2026-05-27 23:30:00,0.86581,0.86581,0.8657,0.86579
2026-05-27 23:45:00,0.86576,0.86586,0.8657,0.86573
2026-05-28 00:00:00,0.86574,0.86598,0.86574,0.86598
2026-05-28 00:15:00,0.86597,0.86598,0.86588,0.86594
2026-05-28 00:30:00,0.86594,0.86602,0.86591,0.86596
2026-05-28 00:45:00,0.86596,0.86599,0.86565,0.8659
2026-05-28 01:00:00,0.8659,0.86604,0.86577,0.86594
2026-05-28 01:15:00,0.86594,0.86598,0.86592,0.86596
2026-05-28 01:30:00,0.86595,0.866,0.86589,0.8659
2026-05-28 01:45:00,0.86591,0.86596,0.86581,0.86581
2026-05-28 02:00:00,0.86581,0.86593,0.8658,0.86593
2026-05-28 02:15:00,0.86593,0.86594,0.86584,0.86584
2026-05-28 02:30:00,0.86585,0.86599,0.86583,0.86598
2026-05-28 02:45:00,0.86597,0.86599,0.8659,0.86595
2026-05-28 03:00:00,0.86596,0.86612,0.86594,0.86612
2026-05-28 03:15:00,0.86612,0.86617,0.86609,0.86616
2026-05-28 03:30:00,0.86616,0.86623,0.86614,0.86619
2026-05-28 03:45:00,0.86619,0.86636,0.86616,0.86633
2026-05-28 04:00:00,0.86633,0.8664,0.86631,0.86634
2026-05-28 04:15:00,0.86634,0.86642,0.86632,0.86638
2026-05-28 04:30:00,0.86637,0.86651,0.86636,0.86651
2026-05-28 04:45:00,0.86651,0.86656,0.86645,0.8665
2026-05-28 05:00:00,0.86651,0.86652,0.86638,0.86643
2026-05-28 05:15:00,0.86642,0.86645,0.86636,0.86637
2026-05-28 05:30:00,0.86636,0.86648,0.86635,0.86646
2026-05-28 05:45:00,0.86646,0.86652,0.86644,0.86649
2026-05-28 06:00:00,0.86649,0.8666,0.86642,0.86648
2026-05-28 06:15:00,0.86648,0.86658,0.86638,0.86646
2026-05-28 06:30:00,0.86645,0.8667,0.86645,0.86669
2026-05-28 06:45:00,0.86668,0.8669,0.86666,0.86674
2026-05-28 07:00:00,0.86675,0.86683,0.86661,0.86672
2026-05-28 07:15:00,0.86673,0.86673,0.86655,0.86661
2026-05-28 07:30:00,0.86662,0.86663,0.8665,0.86656
2026-05-28 07:45:00,0.86657,0.86657,0.86648,0.8665
2026-05-28 08:00:00,0.86649,0.86657,0.86633,0.86635
2026-05-28 08:15:00,0.86634,0.86648,0.8663,0.86631
2026-05-28 08:30:00,0.86631,0.86632,0.86602,0.86609
2026-05-28 08:45:00,0.8661,0.86614,0.86601,0.8661
2026-05-28 09:00:00,0.86611,0.86619,0.86605,0.86609
2026-05-28 09:15:00,0.86609,0.86627,0.86609,0.86623
2026-05-28 09:30:00,0.86622,0.86622,0.86581,0.86584
2026-05-28 09:45:00,0.86585,0.86625,0.86574,0.86617
2026-05-28 10:00:00,0.86617,0.86627,0.86604,0.86625
2026-05-28 10:15:00,0.86624,0.86657,0.86623,0.86641
2026-05-28 10:30:00,0.8664,0.86649,0.86624,0.86643
2026-05-28 10:45:00,0.86642,0.86652,0.86627,0.86637
2026-05-28 11:00:00,0.86636,0.86655,0.86632,0.86651
2026-05-28 11:15:00,0.86652,0.86653,0.86636,0.86643
2026-05-28 11:30:00,0.86642,0.86675,0.86642,0.86672
2026-05-28 11:45:00,0.86673,0.86678,0.86651,0.86671
2026-05-28 12:00:00,0.86671,0.86676,0.8665,0.86658
2026-05-28 12:15:00,0.86657,0.86672,0.86645,0.86671
2026-05-28 12:30:00,0.86671,0.86698,0.86663,0.86698
2026-05-28 12:45:00,0.86699,0.86709,0.86684,0.86691
2026-05-28 13:00:00,0.8669,0.86702,0.86685,0.867
2026-05-28 13:15:00,0.867,0.86704,0.86689,0.8669
2026-05-28 13:30:00,0.86689,0.86705,0.86679,0.86689
2026-05-28 13:45:00,0.86689,0.86702,0.86664,0.86664
2026-05-28 14:00:00,0.86664,0.86665,0.86645,0.86652
2026-05-28 14:15:00,0.86652,0.86653,0.8664,0.86645
2026-05-28 14:30:00,0.86645,0.86656,0.8663,0.86634
2026-05-28 14:45:00,0.86634,0.86678,0.86625,0.86651
2026-05-28 15:00:00,0.8665,0.86674,0.86649,0.86668
2026-05-28 15:15:00,0.86667,0.86698,0.86663,0.86673
2026-05-28 15:30:00,0.86673,0.86693,0.86669,0.86683
2026-05-28 15:45:00,0.86681,0.86717,0.86673,0.86716
2026-05-28 16:00:00,0.86701,0.86722,0.86693,0.86708
2026-05-28 16:15:00,0.86708,0.86725,0.86695,0.86701
2026-05-28 16:30:00,0.86702,0.86708,0.86678,0.86695
2026-05-28 16:45:00,0.86696,0.86715,0.8668,0.86713
2026-05-28 17:00:00,0.86714,0.8673,0.86626,0.86671
2026-05-28 17:15:00,0.8667,0.8674,0.86663,0.86719
2026-05-28 17:30:00,0.86718,0.86733,0.86704,0.86727
2026-05-28 17:45:00,0.86728,0.86729,0.86701,0.86708
2026-05-28 18:00:00,0.86709,0.8672,0.86694,0.86708
2026-05-28 18:15:00,0.86708,0.86735,0.86706,0.86725
2026-05-28 18:30:00,0.86726,0.86734,0.86712,0.86712
2026-05-28 18:45:00,0.86713,0.86724,0.86692,0.86693
2026-05-28 19:00:00,0.86694,0.86705,0.8668,0.86685
2026-05-28 19:15:00,0.86684,0.86711,0.8668,0.86707
2026-05-28 19:30:00,0.86707,0.86713,0.867,0.86706
2026-05-28 19:45:00,0.86707,0.86709,0.86689,0.86691
2026-05-28 20:00:00,0.8669,0.86694,0.86672,0.8668
2026-05-28 20:15:00,0.86681,0.86688,0.86674,0.8668
2026-05-28 20:30:00,0.8668,0.86685,0.86663,0.86684
2026-05-28 20:45:00,0.86683,0.86684,0.86666,0.8667
2026-05-28 21:00:00,0.8667,0.86676,0.8666,0.8667
2026-05-28 21:15:00,0.8667,0.8668,0.86667,0.86679
2026-05-28 21:30:00,0.8668,0.86682,0.86672,0.86673
2026-05-28 21:45:00,0.86672,0.86676,0.86663,0.86663
2026-05-28 22:00:00,0.86664,0.86672,0.86664,0.8667
2026-05-28 22:15:00,0.86669,0.86672,0.86663,0.8667
2026-05-28 22:30:00,0.86669,0.86675,0.86663,0.86673
2026-05-28 22:45:00,0.86673,0.86676,0.86664,0.86669
2026-05-28 23:00:00,0.8667,0.8667,0.86647,0.86655
2026-05-28 23:15:00,0.86656,0.86665,0.86651,0.86661
2026-05-28 23:30:00,0.8666,0.86663,0.86651,0.86651
2026-05-28 23:45:00,0.86651,0.86657,0.86646,0.86649
2026-05-29 00:00:00,0.86629,0.86669,0.86589,0.86655
2026-05-29 00:15:00,0.86655,0.86663,0.86648,0.86658
2026-05-29 00:30:00,0.8666,0.86662,0.86649,0.86657
2026-05-29 00:45:00,0.86655,0.86661,0.86638,0.86648
2026-05-29 01:00:00,0.86644,0.86663,0.86644,0.86658
2026-05-29 01:15:00,0.86657,0.86664,0.86653,0.86663
2026-05-29 01:30:00,0.86664,0.86669,0.86662,0.86668
2026-05-29 01:45:00,0.86667,0.86674,0.86666,0.8667
2026-05-29 02:00:00,0.86671,0.86672,0.86663,0.86667
2026-05-29 02:15:00,0.86668,0.86668,0.86663,0.86665
2026-05-29 02:30:00,0.86664,0.86668,0.86661,0.86662
2026-05-29 02:45:00,0.86664,0.86673,0.86663,0.86672
2026-05-29 03:00:00,0.86672,0.86678,0.86671,0.86675
2026-05-29 03:15:00,0.86674,0.86675,0.86664,0.86672
2026-05-29 03:30:00,0.86673,0.86678,0.86666,0.86668
2026-05-29 03:45:00,0.86669,0.86674,0.86662,0.86666
2026-05-29 04:00:00,0.86666,0.86685,0.86662,0.86677
2026-05-29 04:15:00,0.86678,0.86678,0.86656,0.86658
2026-05-29 04:30:00,0.86658,0.86661,0.86646,0.8665
2026-05-29 04:45:00,0.86649,0.86655,0.86639,0.86643
2026-05-29 05:00:00,0.86643,0.86644,0.86634,0.86643
2026-05-29 05:15:00,0.86644,0.86652,0.86643,0.86649
2026-05-29 05:30:00,0.8665,0.86655,0.86648,0.8665
2026-05-29 05:45:00,0.86651,0.86656,0.86649,0.86652
2026-05-29 06:00:00,0.86653,0.86655,0.86643,0.86647
2026-05-29 06:15:00,0.86646,0.86655,0.86641,0.86646
2026-05-29 06:30:00,0.86645,0.86651,0.86632,0.86638
2026-05-29 06:45:00,0.86639,0.86645,0.86631,0.86635
2026-05-29 07:00:00,0.86634,0.86637,0.86623,0.86623
2026-05-29 07:15:00,0.86622,0.86624,0.86613,0.86615
2026-05-29 07:30:00,0.86615,0.86622,0.86611,0.86619
2026-05-29 07:45:00,0.8662,0.86621,0.86604,0.86611
2026-05-29 08:00:00,0.8661,0.86625,0.86607,0.8662
2026-05-29 08:15:00,0.86619,0.86624,0.8661,0.86615
2026-05-29 08:30:00,0.86616,0.86634,0.86616,0.86621
2026-05-29 08:45:00,0.86622,0.86634,0.86619,0.8663
2026-05-29 09:00:00,0.86629,0.86656,0.86624,0.8664
2026-05-29 09:15:00,0.86639,0.86654,0.86639,0.86649
2026-05-29 09:30:00,0.86648,0.86693,0.86646,0.86684
2026-05-29 09:45:00,0.86685,0.86695,0.86674,0.86692
2026-05-29 10:00:00,0.86694,0.86725,0.86692,0.86724
2026-05-29 10:15:00,0.86725,0.86744,0.86718,0.86738
2026-05-29 10:30:00,0.86738,0.86755,0.86721,0.86723
2026-05-29 10:45:00,0.86723,0.86724,0.86702,0.86712
2026-05-29 11:00:00,0.86708,0.86708,0.86681,0.86704
2026-05-29 11:15:00,0.86703,0.8673,0.86697,0.86728
2026-05-29 11:30:00,0.86728,0.86739,0.86713,0.86738
2026-05-29 11:45:00,0.86739,0.86741,0.8669,0.86703
2026-05-29 12:00:00,0.86704,0.86745,0.86695,0.86737
2026-05-29 12:15:00,0.86737,0.86746,0.86721,0.8674
2026-05-29 12:30:00,0.86741,0.86769,0.86738,0.86759
2026-05-29 12:45:00,0.86758,0.86769,0.86746,0.86763
2026-05-29 13:00:00,0.86762,0.86809,0.86752,0.86803
2026-05-29 13:15:00,0.86804,0.86805,0.86764,0.86792
2026-05-29 13:30:00,0.86793,0.86805,0.86785,0.86796
2026-05-29 13:45:00,0.86795,0.86816,0.86773,0.86774
2026-05-29 14:00:00,0.86773,0.86784,0.86764,0.86777
2026-05-29 14:15:00,0.86777,0.8678,0.8675,0.86766
2026-05-29 14:30:00,0.86765,0.8677,0.86743,0.86746
2026-05-29 14:45:00,0.86746,0.86757,0.86728,0.86735
2026-05-29 15:00:00,0.86735,0.8674,0.86713,0.86723
2026-05-29 15:15:00,0.86722,0.86751,0.86721,0.86749
2026-05-29 15:30:00,0.8675,0.8676,0.8671,0.86712
2026-05-29 15:45:00,0.86711,0.8673,0.86703,0.86709
2026-05-29 16:00:00,0.8671,0.86715,0.86687,0.86695
2026-05-29 16:15:00,0.86694,0.86699,0.86661,0.86675
2026-05-29 16:30:00,0.86674,0.86684,0.86648,0.86655
2026-05-29 16:45:00,0.86655,0.86678,0.86636,0.86669
2026-05-29 17:00:00,0.86668,0.8668,0.86637,0.86643
2026-05-29 17:15:00,0.86644,0.86665,0.86643,0.86654
2026-05-29 17:30:00,0.86655,0.86685,0.8665,0.86665
2026-05-29 17:45:00,0.86666,0.86672,0.86567,0.86577
2026-05-29 18:00:00,0.86578,0.86614,0.86551,0.866
2026-05-29 18:15:00,0.86601,0.86652,0.86598,0.86647
2026-05-29 18:30:00,0.86648,0.86675,0.86635,0.86672
