datetime,open,high,low,close
2026-04-30 18:30:00,0.80159,0.80187,0.80132,0.80178
2026-04-30 18:45:00,0.80176,0.80178,0.80121,0.80161
2026-04-30 19:00:00,0.80162,0.80208,0.80144,0.80147
2026-04-30 19:15:00,0.80146,0.80151,0.80116,0.80118
2026-04-30 19:30:00,0.80119,0.80169,0.80101,0.80156
2026-04-30 19:45:00,0.80157,0.80182,0.8015,0.80181
2026-04-30 20:00:00,0.80179,0.80212,0.80151,0.80166
2026-04-30 20:15:00,0.80165,0.80193,0.80157,0.80192
2026-04-30 20:30:00,0.80195,0.8023,0.80192,0.80229
2026-04-30 20:45:00,0.8023,0.80235,0.80195,0.80198
2026-04-30 21:00:00,0.80202,0.80232,0.80201,0.8021
2026-04-30 21:15:00,0.80211,0.80238,0.8021,0.80214
2026-04-30 21:30:00,0.80214,0.80254,0.80204,0.8025
2026-04-30 21:45:00,0.8025,0.80275,0.80229,0.80231
2026-04-30 22:00:00,0.80231,0.80259,0.80223,0.80254
2026-04-30 22:15:00,0.80253,0.80267,0.80221,0.80227
2026-04-30 22:30:00,0.80227,0.80264,0.80223,0.8025
2026-04-30 22:45:00,0.8025,0.80257,0.80208,0.80213
2026-04-30 23:00:00,0.80213,0.8025,0.8021,0.80234
2026-04-30 23:15:00,0.80234,0.80252,0.8022,0.80246
2026-04-30 23:30:00,0.80243,0.8026,0.80228,0.80242
2026-04-30 23:45:00,0.80242,0.80249,0.80222,0.80236
2026-05-01 00:00:00,0.80184,0.80203,0.80174,0.80203
2026-05-01 00:15:00,0.80204,0.80214,0.80172,0.80193
2026-05-01 00:30:00,0.80193,0.80208,0.80136,0.80156
2026-05-01 00:45:00,0.80157,0.8024,0.80132,0.80194
2026-05-01 01:00:00,0.80184,0.80237,0.80169,0.80225
2026-05-01 01:15:00,0.80226,0.80232,0.80215,0.80225
2026-05-01 01:30:00,0.80226,0.80233,0.80208,0.80211
2026-05-01 01:45:00,0.8021,0.80216,0.80191,0.802
2026-05-01 02:00:00,0.80199,0.8022,0.80193,0.80196
2026-05-01 02:15:00,0.80195,0.80207,0.80179,0.80181
2026-05-01 02:30:00,0.80181,0.80215,0.80181,0.80207
2026-05-01 02:45:00,0.80206,0.80221,0.80196,0.80202
2026-05-01 03:00:00,0.80203,0.80216,0.8013,0.80145
2026-05-01 03:15:00,0.80144,0.80167,0.80142,0.80162
2026-05-01 03:30:00,0.80163,0.8017,0.80144,0.80162
2026-05-01 03:45:00,0.80163,0.80178,0.8014,0.80178
2026-05-01 04:00:00,0.80179,0.80186,0.80134,0.8016
2026-05-01 04:15:00,0.80161,0.80163,0.80124,0.80148
2026-05-01 04:30:00,0.80147,0.80176,0.80147,0.80156
2026-05-01 04:45:00,0.80157,0.80187,0.80147,0.80184
2026-05-01 05:00:00,0.80184,0.802,0.80162,0.80185
2026-05-01 05:15:00,0.80186,0.80195,0.80149,0.80162
2026-05-01 05:30:00,0.80163,0.80164,0.80144,0.8015
2026-05-01 05:45:00,0.80148,0.80154,0.80117,0.80152
2026-05-01 06:00:00,0.80153,0.80172,0.80152,0.80164
2026-05-01 06:15:00,0.80162,0.80176,0.80153,0.80164
2026-05-01 06:30:00,0.80163,0.80172,0.80124,0.80126
2026-05-01 06:45:00,0.80126,0.80131,0.80108,0.80124
2026-05-01 07:00:00,0.80124,0.80125,0.80081,0.80094
2026-05-01 07:15:00,0.80093,0.801,0.80071,0.80072
2026-05-01 07:30:00,0.80073,0.8009,0.80068,0.80074
2026-05-01 07:45:00,0.80074,0.80089,0.80069,0.80073
2026-05-01 08:00:00,0.80071,0.80079,0.80063,0.80076
2026-05-01 08:15:00,0.80076,0.80077,0.80052,0.80074
2026-05-01 08:30:00,0.80073,0.80095,0.80065,0.80088
2026-05-01 08:45:00,0.80087,0.80089,0.80038,0.80039
2026-05-01 09:00:00,0.80039,0.80054,0.80022,0.80024
2026-05-01 09:15:00,0.80025,0.80041,0.80007,0.80013
2026-05-01 09:30:00,0.80013,0.8002,0.7997,0.79984
2026-05-01 09:45:00,0.79985,0.80081,0.79985,0.80064
2026-05-01 10:00:00,0.80064,0.80102,0.80041,0.80074
2026-05-01 10:15:00,0.80074,0.80092,0.80055,0.80087
2026-05-01 10:30:00,0.80086,0.8009,0.80048,0.80066
2026-05-01 10:45:00,0.80066,0.80085,0.8002,0.80036
2026-05-01 11:00:00,0.80034,0.80068,0.80025,0.80028
2026-05-01 11:15:00,0.80028,0.80057,0.8002,0.80035
2026-05-01 11:30:00,0.80034,0.80035,0.80006,0.80025
2026-05-01 11:45:00,0.80025,0.80044,0.80017,0.8003
2026-05-01 12:00:00,0.8003,0.80041,0.80001,0.80004
2026-05-01 12:15:00,0.80004,0.80015,0.79961,0.79973
2026-05-01 12:30:00,0.79972,0.80009,0.79968,0.80004
2026-05-01 12:45:00,0.80003,0.80013,0.79958,0.79973
2026-05-01 13:00:00,0.79971,0.79986,0.79959,0.79979
2026-05-01 13:15:00,0.7998,0.79995,0.79964,0.79971
2026-05-01 13:30:00,0.79971,0.79973,0.79915,0.79942
2026-05-01 13:45:00,0.79942,0.79965,0.7994,0.79953
2026-05-01 14:00:00,0.79953,0.79959,0.79926,0.79947
2026-05-01 14:15:00,0.79943,0.79985,0.79937,0.79974
2026-05-01 14:30:00,0.79975,0.79987,0.79947,0.79955
2026-05-01 14:45:00,0.79956,0.79991,0.79938,0.79985
2026-05-01 15:00:00,0.79984,0.8006,0.79964,0.80025
2026-05-01 15:15:00,0.80022,0.80053,0.80004,0.80049
2026-05-01 15:30:00,0.80048,0.80049,0.80016,0.80029
2026-05-01 15:45:00,0.80027,0.80052,0.80008,0.80038
2026-05-01 16:00:00,0.80039,0.80066,0.80018,0.80028
2026-05-01 16:15:00,0.80029,0.80033,0.8,0.80013
2026-05-01 16:30:00,0.80011,0.80074,0.79997,0.80042
2026-05-01 16:45:00,0.80046,0.80136,0.80013,0.80134
2026-05-01 17:00:00,0.80134,0.80373,0.80126,0.80332
2026-05-01 17:15:00,0.80333,0.80381,0.80316,0.80337
2026-05-01 17:30:00,0.80336,0.80348,0.80262,0.80311
2026-05-01 17:45:00,0.80314,0.80332,0.80268,0.80283
2026-05-01 18:00:00,0.80283,0.8033,0.80238,0.80327
2026-05-01 18:15:00,0.80326,0.80346,0.80315,0.80338
2026-05-01 18:30:00,0.80339,0.80367,0.80307,0.80341
2026-05-01 18:45:00,0.80341,0.80363,0.803,0.80327
2026-05-01 19:00:00,0.80325,0.80354,0.80313,0.8035
2026-05-01 19:15:00,0.8035,0.80372,0.80313,0.80332
2026-05-01 19:30:00,0.80333,0.80345,0.80298,0.80331
2026-05-01 19:45:00,0.80331,0.80333,0.80299,0.803
2026-05-01 20:00:00,0.80301,0.80311,0.80277,0.80293
2026-05-01 20:15:00,0.80291,0.80304,0.80267,0.80281
2026-05-01 20:30:00,0.8028,0.80283,0.80226,0.80227
2026-05-01 20:45:00,0.80228,0.80266,0.8022,0.8024
2026-05-01 21:00:00,0.80238,0.80247,0.80189,0.80191
2026-05-01 21:15:00,0.8019,0.80215,0.80179,0.80208
2026-05-01 21:30:00,0.80207,0.8022,0.80174,0.80214
2026-05-01 21:45:00,0.80211,0.80236,0.80204,0.80207
2026-05-01 22:00:00,0.80206,0.80215,0.80196,0.80202
2026-05-01 22:15:00,0.80201,0.80218,0.80196,0.80204
2026-05-01 22:30:00,0.80204,0.80204,0.8018,0.80182
2026-05-01 22:45:00,0.80181,0.80191,0.80166,0.80184
2026-05-01 23:00:00,0.80183,0.80196,0.80174,0.80182
2026-05-01 23:15:00,0.80181,0.80187,0.80164,0.80167
2026-05-01 23:30:00,0.80168,0.80185,0.80159,0.80184
2026-05-01 23:45:00,0.80185,0.80185,0.80095,0.80117
2026-05-04 00:00:00,0.80025,0.80165,0.79935,0.80163
2026-05-04 00:15:00,0.8016,0.80188,0.80156,0.80184
2026-05-04 00:30:00,0.80181,0.80285,0.80077,0.80272
2026-05-04 00:45:00,0.80265,0.8032,0.80231,0.80292
2026-05-04 01:00:00,0.80238,0.80302,0.8021,0.80253
2026-05-04 01:15:00,0.80254,0.80256,0.80216,0.80221
2026-05-04 01:30:00,0.80221,0.80241,0.80213,0.80231
2026-05-04 01:45:00,0.80233,0.80244,0.80222,0.80236
2026-05-04 02:00:00,0.80236,0.80245,0.80221,0.80222
2026-05-04 02:15:00,0.80221,0.80226,0.80215,0.80226
2026-05-04 02:30:00,0.80225,0.80237,0.80221,0.80227
2026-05-04 02:45:00,0.80228,0.80254,0.80221,0.80233
2026-05-04 03:00:00,0.8023,0.80236,0.80188,0.80219
2026-05-04 03:15:00,0.80221,0.80221,0.80175,0.80183
2026-05-04 03:30:00,0.80186,0.80222,0.80182,0.80216
2026-05-04 03:45:00,0.80216,0.80241,0.80198,0.80225
2026-05-04 04:00:00,0.80226,0.80228,0.80191,0.80221
2026-05-04 04:15:00,0.80222,0.80264,0.80215,0.80216
2026-05-04 04:30:00,0.80216,0.80263,0.80214,0.80263
2026-05-04 04:45:00,0.80264,0.80308,0.80221,0.80304
2026-05-04 05:00:00,0.80306,0.80373,0.80295,0.80364
2026-05-04 05:15:00,0.80364,0.80364,0.80301,0.80308
2026-05-04 05:30:00,0.80308,0.80331,0.80304,0.80324
2026-05-04 05:45:00,0.80324,0.80378,0.80323,0.80368
2026-05-04 06:00:00,0.80367,0.80385,0.80355,0.80377
2026-05-04 06:15:00,0.80377,0.8038,0.80362,0.80364
2026-05-04 06:30:00,0.80365,0.80374,0.80354,0.80371
2026-05-04 06:45:00,0.80374,0.80504,0.80374,0.80485
2026-05-04 07:00:00,0.80486,0.80495,0.80441,0.80446
2026-05-04 07:15:00,0.80446,0.80474,0.80424,0.80434
2026-05-04 07:30:00,0.80435,0.80446,0.80428,0.80433
2026-05-04 07:45:00,0.80432,0.80437,0.80424,0.80431
2026-05-04 08:00:00,0.80431,0.80446,0.80413,0.80414
2026-05-04 08:15:00,0.80413,0.8045,0.80399,0.80402
2026-05-04 08:30:00,0.80404,0.8042,0.80386,0.8042
2026-05-04 08:45:00,0.80419,0.80424,0.80399,0.80419
2026-05-04 09:00:00,0.80416,0.80457,0.80413,0.80436
2026-05-04 09:15:00,0.80438,0.80443,0.80411,0.80426
2026-05-04 09:30:00,0.80427,0.80443,0.80313,0.80323
2026-05-04 09:45:00,0.80324,0.80352,0.80268,0.80328
2026-05-04 10:00:00,0.80328,0.80335,0.80252,0.80259
2026-05-04 10:15:00,0.80256,0.80296,0.80243,0.80267
2026-05-04 10:30:00,0.80267,0.80288,0.80239,0.80244
2026-05-04 10:45:00,0.80245,0.8027,0.80223,0.80223
2026-05-04 11:00:00,0.80223,0.80239,0.80199,0.80234
2026-05-04 11:15:00,0.80234,0.80275,0.80221,0.80242
2026-05-04 11:30:00,0.80241,0.80279,0.80234,0.80251
2026-05-04 11:45:00,0.80252,0.80272,0.80238,0.80249
2026-05-04 12:00:00,0.80248,0.80279,0.80238,0.8025
2026-05-04 12:15:00,0.8025,0.80279,0.80238,0.80278
2026-05-04 12:30:00,0.80278,0.80294,0.80272,0.80286
2026-05-04 12:45:00,0.80287,0.80289,0.80242,0.80245
2026-05-04 13:00:00,0.80246,0.80247,0.79993,0.80021
2026-05-04 13:15:00,0.80021,0.80148,0.79989,0.80111
2026-05-04 13:30:00,0.8011,0.80201,0.80092,0.8013
2026-05-04 13:45:00,0.8013,0.80135,0.80089,0.80094
2026-05-04 14:00:00,0.80098,0.80127,0.80054,0.8008
2026-05-04 14:15:00,0.80081,0.80129,0.80076,0.80108
2026-05-04 14:30:00,0.80107,0.80123,0.80063,0.80103
2026-05-04 14:45:00,0.80102,0.8012,0.80089,0.80102
2026-05-04 15:00:00,0.80103,0.80166,0.80095,0.8015
2026-05-04 15:15:00,0.80151,0.80221,0.80132,0.80213
2026-05-04 15:30:00,0.80213,0.80234,0.80179,0.80232
2026-05-04 15:45:00,0.80229,0.80251,0.80218,0.80234
2026-05-04 16:00:00,0.80236,0.80271,0.80155,0.8022
2026-05-04 16:15:00,0.8022,0.80231,0.80184,0.80199
2026-05-04 16:30:00,0.80198,0.80249,0.80176,0.80221
2026-05-04 16:45:00,0.80221,0.80229,0.80138,0.8014
2026-05-04 17:00:00,0.80139,0.80186,0.80127,0.80173
2026-05-04 17:15:00,0.80173,0.80202,0.8015,0.80163
2026-05-04 17:30:00,0.80164,0.80186,0.80135,0.80135
2026-05-04 17:45:00,0.80135,0.80183,0.80108,0.80109
2026-05-04 18:00:00,0.8011,0.8015,0.80071,0.80079
2026-05-04 18:15:00,0.80076,0.801,0.79931,0.79942
2026-05-04 18:30:00,0.79943,0.79957,0.79905,0.79946
2026-05-04 18:45:00,0.79945,0.79958,0.79887,0.79906
2026-05-04 19:00:00,0.79907,0.79924,0.798,0.79818
2026-05-04 19:15:00,0.79817,0.79933,0.79798,0.7988
2026-05-04 19:30:00,0.79878,0.7991,0.7987,0.79874
2026-05-04 19:45:00,0.79873,0.79891,0.79849,0.79854
2026-05-04 20:00:00,0.79855,0.79968,0.79852,0.7995
2026-05-04 20:15:00,0.79949,0.79994,0.79933,0.7999
2026-05-04 20:30:00,0.79989,0.7999,0.79919,0.79945
2026-05-04 20:45:00,0.79946,0.79952,0.7993,0.79942
2026-05-04 21:00:00,0.79942,0.79953,0.79922,0.79926
2026-05-04 21:15:00,0.79925,0.79926,0.79869,0.79882
2026-05-04 21:30:00,0.79883,0.79906,0.79881,0.799
2026-05-04 21:45:00,0.79899,0.79921,0.7988,0.7992
2026-05-04 22:00:00,0.7992,0.79979,0.79904,0.79956
2026-05-04 22:15:00,0.79956,0.79983,0.79946,0.79968
2026-05-04 22:30:00,0.79968,0.7998,0.79954,0.79961
2026-05-04 22:45:00,0.7996,0.79977,0.79948,0.79973
2026-05-04 23:00:00,0.79972,0.79984,0.79963,0.7997
2026-05-04 23:15:00,0.79969,0.79977,0.79947,0.79947
2026-05-04 23:30:00,0.79949,0.79977,0.79948,0.79974
2026-05-04 23:45:00,0.79974,0.79996,0.79956,0.79992
2026-05-05 00:00:00,0.79989,0.79994,0.79911,0.79987
2026-05-05 00:15:00,0.79987,0.7999,0.7997,0.79982
2026-05-05 00:30:00,0.79985,0.79996,0.7997,0.79993
2026-05-05 00:45:00,0.79993,0.80011,0.79954,0.7997
2026-05-05 01:00:00,0.7997,0.80002,0.79954,0.79991
2026-05-05 01:15:00,0.79993,0.79997,0.79986,0.79992
2026-05-05 01:30:00,0.79993,0.8,0.7998,0.79987
2026-05-05 01:45:00,0.79987,0.79987,0.79964,0.79981
2026-05-05 02:00:00,0.7998,0.79982,0.79968,0.7997
2026-05-05 02:15:00,0.7997,0.79983,0.79968,0.79982
2026-05-05 02:30:00,0.79982,0.79988,0.79971,0.79977
2026-05-05 02:45:00,0.79977,0.79988,0.79963,0.79971
2026-05-05 03:00:00,0.7997,0.79993,0.79958,0.79969
2026-05-05 03:15:00,0.79969,0.79969,0.79904,0.7992
2026-05-05 03:30:00,0.79919,0.79927,0.79878,0.79882
2026-05-05 03:45:00,0.79883,0.7993,0.79879,0.79885
2026-05-05 04:00:00,0.79885,0.79887,0.79858,0.79869
2026-05-05 04:15:00,0.79868,0.79884,0.79833,0.79854
2026-05-05 04:30:00,0.79855,0.79878,0.79838,0.79845
2026-05-05 04:45:00,0.79844,0.79882,0.79837,0.79876
2026-05-05 05:00:00,0.79876,0.79903,0.79873,0.79895
2026-05-05 05:15:00,0.79895,0.79924,0.79892,0.79921
2026-05-05 05:30:00,0.79921,0.79935,0.799,0.79911
2026-05-05 05:45:00,0.7991,0.79938,0.79902,0.79907
2026-05-05 06:00:00,0.79907,0.79912,0.79874,0.79893
2026-05-05 06:15:00,0.79893,0.79912,0.79892,0.79898
2026-05-05 06:30:00,0.79898,0.7991,0.7988,0.79909
2026-05-05 06:45:00,0.79909,0.79927,0.79894,0.79897
2026-05-05 07:00:00,0.79897,0.79924,0.79893,0.79908
2026-05-05 07:15:00,0.79909,0.79944,0.79905,0.79943
2026-05-05 07:30:00,0.79943,0.79969,0.79876,0.79915
2026-05-05 07:45:00,0.79914,0.79923,0.7982,0.79827
2026-05-05 08:00:00,0.79827,0.79901,0.79821,0.79846
2026-05-05 08:15:00,0.79847,0.79895,0.79842,0.79847
2026-05-05 08:30:00,0.7985,0.79999,0.79827,0.79932
2026-05-05 08:45:00,0.79933,0.79967,0.79888,0.79939
2026-05-05 09:00:00,0.79939,0.8002,0.79936,0.79999
2026-05-05 09:15:00,0.79999,0.80003,0.79915,0.79968
2026-05-05 09:30:00,0.79967,0.79995,0.79952,0.79993
2026-05-05 09:45:00,0.79994,0.80033,0.79982,0.80002
2026-05-05 10:00:00,0.80004,0.80028,0.79982,0.80001
2026-05-05 10:15:00,0.80001,0.80009,0.79938,0.7994
2026-05-05 10:30:00,0.79939,0.8005,0.79937,0.80006
2026-05-05 10:45:00,0.80008,0.80017,0.79984,0.79995
2026-05-05 11:00:00,0.79997,0.80074,0.79993,0.80063
2026-05-05 11:15:00,0.80061,0.80099,0.80056,0.80079
2026-05-05 11:30:00,0.80078,0.80082,0.80033,0.80034
2026-05-05 11:45:00,0.80033,0.80069,0.80025,0.80053
2026-05-05 12:00:00,0.80054,0.80063,0.80021,0.80044
2026-05-05 12:15:00,0.80043,0.80064,0.80025,0.80052
2026-05-05 12:30:00,0.80051,0.80091,0.8005,0.8006
2026-05-05 12:45:00,0.8006,0.80098,0.8006,0.80071
2026-05-05 13:00:00,0.8007,0.80078,0.80052,0.80072
2026-05-05 13:15:00,0.80072,0.80085,0.80064,0.80079
2026-05-05 13:30:00,0.80079,0.80132,0.8003,0.80036
2026-05-05 13:45:00,0.80036,0.80057,0.80022,0.80054
2026-05-05 14:00:00,0.80055,0.80063,0.8001,0.80024
2026-05-05 14:15:00,0.80024,0.80049,0.79985,0.80026
2026-05-05 14:30:00,0.80026,0.80057,0.80026,0.80049
2026-05-05 14:45:00,0.80051,0.80063,0.80037,0.80063
2026-05-05 15:00:00,0.80061,0.8011,0.80023,0.80104
2026-05-05 15:15:00,0.80106,0.8021,0.80097,0.8021
2026-05-05 15:30:00,0.80209,0.80209,0.80145,0.80146
2026-05-05 15:45:00,0.80146,0.80165,0.80131,0.80138
2026-05-05 16:00:00,0.80136,0.80201,0.80129,0.80144
2026-05-05 16:15:00,0.80145,0.80164,0.80117,0.80118
2026-05-05 16:30:00,0.80118,0.80142,0.80105,0.80108
2026-05-05 16:45:00,0.80109,0.80146,0.80091,0.80111
2026-05-05 17:00:00,0.80113,0.80179,0.80087,0.80106
2026-05-05 17:15:00,0.80107,0.80164,0.8007,0.80138
2026-05-05 17:30:00,0.80139,0.80209,0.80139,0.80196
2026-05-05 17:45:00,0.80195,0.80268,0.80165,0.80266
2026-05-05 18:00:00,0.80265,0.80325,0.80265,0.80314
2026-05-05 18:15:00,0.80313,0.80334,0.80297,0.80324
2026-05-05 18:30:00,0.80323,0.80377,0.80299,0.80328
2026-05-05 18:45:00,0.80329,0.80355,0.80303,0.80307
2026-05-05 19:00:00,0.80307,0.80313,0.80284,0.80284
2026-05-05 19:15:00,0.80281,0.80286,0.80261,0.80273
2026-05-05 19:30:00,0.80274,0.8028,0.80252,0.8027
2026-05-05 19:45:00,0.80272,0.80281,0.80231,0.8024
2026-05-05 20:00:00,0.8024,0.80262,0.80235,0.80253
2026-05-05 20:15:00,0.80253,0.80264,0.80238,0.80261
2026-05-05 20:30:00,0.80261,0.80281,0.80249,0.80251
2026-05-05 20:45:00,0.80249,0.80252,0.80234,0.80237
2026-05-05 21:00:00,0.80236,0.80255,0.80231,0.80235
2026-05-05 21:15:00,0.80236,0.8024,0.80217,0.80224
2026-05-05 21:30:00,0.80224,0.80232,0.8021,0.80213
2026-05-05 21:45:00,0.8021,0.80219,0.80194,0.80197
2026-05-05 22:00:00,0.80197,0.80224,0.80195,0.80202
2026-05-05 22:15:00,0.80201,0.80203,0.80177,0.80193
2026-05-05 22:30:00,0.80194,0.8021,0.80193,0.80195
2026-05-05 22:45:00,0.80196,0.80208,0.80174,0.80208
2026-05-05 23:00:00,0.80207,0.80214,0.80195,0.80197
2026-05-05 23:15:00,0.80195,0.80195,0.80164,0.80191
2026-05-05 23:30:00,0.8019,0.80194,0.80179,0.80191
2026-05-05 23:45:00,0.80191,0.80191,0.80149,0.80176
2026-05-06 00:00:00,0.79926,0.80273,0.79889,0.80076
2026-05-06 00:15:00,0.80074,0.8023,0.79976,0.80126
2026-05-06 00:30:00,0.80124,0.80147,0.80108,0.80133
2026-05-06 00:45:00,0.80136,0.8018,0.80019,0.80129
2026-05-06 01:00:00,0.80129,0.80179,0.80094,0.80161
2026-05-06 01:15:00,0.8016,0.8016,0.8014,0.80143
2026-05-06 01:30:00,0.80144,0.8018,0.80137,0.80158
2026-05-06 01:45:00,0.80161,0.80255,0.80161,0.80235
2026-05-06 02:00:00,0.80234,0.80367,0.80217,0.80362
2026-05-06 02:15:00,0.80363,0.80393,0.80311,0.80315
2026-05-06 02:30:00,0.80313,0.8033,0.80297,0.80299
2026-05-06 02:45:00,0.80302,0.80312,0.80281,0.80281
2026-05-06 03:00:00,0.80285,0.80349,0.80285,0.80324
2026-05-06 03:15:00,0.80326,0.80402,0.80304,0.80385
2026-05-06 03:30:00,0.80384,0.80475,0.80378,0.80468
2026-05-06 03:45:00,0.80466,0.80486,0.80437,0.80485
2026-05-06 04:00:00,0.80485,0.80511,0.80466,0.80488
2026-05-06 04:15:00,0.8049,0.80596,0.8049,0.8056
2026-05-06 04:30:00,0.8056,0.8056,0.805,0.80557
2026-05-06 04:45:00,0.80557,0.80617,0.80557,0.80584
2026-05-06 05:00:00,0.80586,0.8061,0.80578,0.80583
2026-05-06 05:15:00,0.80582,0.8062,0.80579,0.80592
2026-05-06 05:30:00,0.80593,0.8062,0.80586,0.80609
2026-05-06 05:45:00,0.80608,0.80638,0.80598,0.80631
2026-05-06 06:00:00,0.80633,0.80753,0.8063,0.80681
2026-05-06 06:15:00,0.80681,0.80695,0.80665,0.80667
2026-05-06 06:30:00,0.80665,0.80709,0.80653,0.80699
2026-05-06 06:45:00,0.80701,0.80703,0.80637,0.80639
2026-05-06 07:00:00,0.80639,0.80699,0.80635,0.80699
2026-05-06 07:15:00,0.807,0.80754,0.80671,0.80743
2026-05-06 07:30:00,0.80744,0.80819,0.8073,0.80806
2026-05-06 07:45:00,0.80806,0.80868,0.80788,0.80802
2026-05-06 08:00:00,0.80802,0.80833,0.80786,0.80815
2026-05-06 08:15:00,0.80813,0.80813,0.80743,0.80794
2026-05-06 08:30:00,0.80792,0.80804,0.80767,0.80798
2026-05-06 08:45:00,0.80799,0.80841,0.80794,0.80811
2026-05-06 09:00:00,0.80811,0.80859,0.80806,0.80852
2026-05-06 09:15:00,0.80853,0.80924,0.8084,0.809
2026-05-06 09:30:00,0.809,0.80901,0.80809,0.80829
2026-05-06 09:45:00,0.80829,0.80877,0.80826,0.80868
2026-05-06 10:00:00,0.8087,0.80875,0.80775,0.80787
2026-05-06 10:15:00,0.80787,0.80848,0.80783,0.80827
2026-05-06 10:30:00,0.80828,0.80849,0.80803,0.80838
2026-05-06 10:45:00,0.80838,0.80934,0.80838,0.80929
2026-05-06 11:00:00,0.80928,0.80959,0.80879,0.80903
2026-05-06 11:15:00,0.80903,0.80926,0.80857,0.80909
2026-05-06 11:30:00,0.80909,0.80977,0.80903,0.80947
2026-05-06 11:45:00,0.80948,0.81154,0.80936,0.81096
2026-05-06 12:00:00,0.81095,0.81125,0.81009,0.81051
2026-05-06 12:15:00,0.81052,0.8111,0.81026,0.81069
2026-05-06 12:30:00,0.81071,0.81122,0.81047,0.81094
2026-05-06 12:45:00,0.81092,0.81136,0.81085,0.8112
2026-05-06 13:00:00,0.81121,0.81156,0.81076,0.81087
2026-05-06 13:15:00,0.81086,0.81152,0.8108,0.81132
2026-05-06 13:30:00,0.81133,0.81267,0.81133,0.81258
2026-05-06 13:45:00,0.81257,0.81377,0.81233,0.81299
2026-05-06 14:00:00,0.81298,0.8134,0.8126,0.81269
2026-05-06 14:15:00,0.81269,0.81316,0.81243,0.81288
2026-05-06 14:30:00,0.81288,0.81313,0.81243,0.8125
2026-05-06 14:45:00,0.81251,0.81303,0.81172,0.81187
2026-05-06 15:00:00,0.81187,0.81188,0.81075,0.81084
2026-05-06 15:15:00,0.81085,0.81176,0.81064,0.81128
2026-05-06 15:30:00,0.81127,0.81169,0.81127,0.81166
2026-05-06 15:45:00,0.81165,0.81165,0.81119,0.81124
2026-05-06 16:00:00,0.81124,0.81156,0.81026,0.81098
2026-05-06 16:15:00,0.811,0.81123,0.80995,0.81046
2026-05-06 16:30:00,0.81046,0.81103,0.81012,0.81077
2026-05-06 16:45:00,0.81078,0.81102,0.81036,0.81087
2026-05-06 17:00:00,0.81087,0.8112,0.81039,0.81113
2026-05-06 17:15:00,0.81116,0.81123,0.81055,0.81058
2026-05-06 17:30:00,0.8106,0.81257,0.81056,0.81253
2026-05-06 17:45:00,0.81253,0.81273,0.81137,0.81139
2026-05-06 18:00:00,0.81138,0.81194,0.81125,0.81151
2026-05-06 18:15:00,0.81151,0.81178,0.8113,0.81138
2026-05-06 18:30:00,0.81139,0.81165,0.81114,0.81148
2026-05-06 18:45:00,0.81148,0.81175,0.81118,0.81119
2026-05-06 19:00:00,0.81118,0.81149,0.81109,0.8113
2026-05-06 19:15:00,0.81129,0.8114,0.81113,0.8112
2026-05-06 19:30:00,0.8112,0.8114,0.81108,0.8113
2026-05-06 19:45:00,0.81128,0.81135,0.81083,0.81111
2026-05-06 20:00:00,0.81112,0.8119,0.81098,0.81185
2026-05-06 20:15:00,0.81185,0.81199,0.8118,0.81182
2026-05-06 20:30:00,0.81181,0.81192,0.81156,0.81177
2026-05-06 20:45:00,0.81178,0.81207,0.81165,0.81202
2026-05-06 21:00:00,0.81203,0.81234,0.81191,0.81191
2026-05-06 21:15:00,0.81192,0.81226,0.81191,0.81218
2026-05-06 21:30:00,0.81219,0.81238,0.81215,0.81228
2026-05-06 21:45:00,0.81227,0.81236,0.8121,0.81217
2026-05-06 22:00:00,0.81215,0.8126,0.81211,0.81224
2026-05-06 22:15:00,0.81225,0.81234,0.81212,0.81213
2026-05-06 22:30:00,0.81213,0.81213,0.81193,0.81211
2026-05-06 22:45:00,0.81211,0.81223,0.8119,0.81197
2026-05-06 23:00:00,0.81196,0.81212,0.81163,0.81177
2026-05-06 23:15:00,0.81178,0.81191,0.81159,0.81172
2026-05-06 23:30:00,0.81173,0.81173,0.81143,0.81145
2026-05-06 23:45:00,0.81144,0.81192,0.81137,0.81159
2026-05-07 00:00:00,0.80984,0.81238,0.80979,0.8118
2026-05-07 00:15:00,0.8118,0.8118,0.81069,0.81084
2026-05-07 00:30:00,0.81084,0.81207,0.81059,0.81145
2026-05-07 00:45:00,0.81147,0.81168,0.81099,0.81124
2026-05-07 01:00:00,0.81124,0.81189,0.81122,0.81182
2026-05-07 01:15:00,0.81182,0.81195,0.81175,0.81188
2026-05-07 01:30:00,0.81187,0.81188,0.81176,0.81181
2026-05-07 01:45:00,0.81181,0.81193,0.81173,0.81193
2026-05-07 02:00:00,0.81192,0.81208,0.81188,0.81197
2026-05-07 02:15:00,0.81197,0.81197,0.8117,0.81175
2026-05-07 02:30:00,0.81177,0.81195,0.81166,0.81195
2026-05-07 02:45:00,0.81194,0.81208,0.81167,0.81172
2026-05-07 03:00:00,0.8117,0.81226,0.81166,0.81222
2026-05-07 03:15:00,0.81224,0.81225,0.8117,0.81187
2026-05-07 03:30:00,0.81188,0.81213,0.8118,0.8119
2026-05-07 03:45:00,0.8119,0.81202,0.81165,0.81198
2026-05-07 04:00:00,0.812,0.81225,0.81145,0.81199
2026-05-07 04:15:00,0.81198,0.81231,0.81196,0.81208
2026-05-07 04:30:00,0.81208,0.81251,0.81194,0.8125
2026-05-07 04:45:00,0.81249,0.81304,0.81246,0.81264
2026-05-07 05:00:00,0.81264,0.81292,0.81253,0.81282
2026-05-07 05:15:00,0.81281,0.81282,0.81235,0.8126
2026-05-07 05:30:00,0.8126,0.81282,0.81259,0.8128
2026-05-07 05:45:00,0.81281,0.81302,0.81274,0.81276
2026-05-07 06:00:00,0.81277,0.81279,0.81256,0.81262
2026-05-07 06:15:00,0.81262,0.81278,0.81246,0.81247
2026-05-07 06:30:00,0.81246,0.81279,0.81227,0.81261
2026-05-07 06:45:00,0.81262,0.81267,0.81248,0.81261
2026-05-07 07:00:00,0.81261,0.81272,0.81243,0.8126
2026-05-07 07:15:00,0.81259,0.81282,0.81251,0.81279
2026-05-07 07:30:00,0.81278,0.81284,0.81261,0.8128
2026-05-07 07:45:00,0.81281,0.81285,0.81262,0.81277
2026-05-07 08:00:00,0.81278,0.81286,0.81272,0.81281
2026-05-07 08:15:00,0.81278,0.81283,0.81269,0.8128
2026-05-07 08:30:00,0.81281,0.81305,0.81279,0.81282
2026-05-07 08:45:00,0.81281,0.81283,0.81262,0.81264
2026-05-07 09:00:00,0.81262,0.81263,0.8123,0.81238
2026-05-07 09:15:00,0.81237,0.81269,0.81235,0.81239
2026-05-07 09:30:00,0.81237,0.81335,0.81227,0.81317
2026-05-07 09:45:00,0.81316,0.8132,0.81237,0.81261
2026-05-07 10:00:00,0.8126,0.81389,0.81245,0.81382
2026-05-07 10:15:00,0.81382,0.81417,0.8134,0.8141
2026-05-07 10:30:00,0.81412,0.81435,0.81377,0.81393
2026-05-07 10:45:00,0.81394,0.81413,0.81364,0.81404
2026-05-07 11:00:00,0.81407,0.81439,0.81392,0.81423
2026-05-07 11:15:00,0.81422,0.81434,0.81384,0.81417
2026-05-07 11:30:00,0.81418,0.81441,0.8141,0.81428
2026-05-07 11:45:00,0.81427,0.81461,0.81396,0.8141
2026-05-07 12:00:00,0.81411,0.81412,0.81365,0.81374
2026-05-07 12:15:00,0.81375,0.81389,0.81353,0.81356
2026-05-07 12:30:00,0.81356,0.81435,0.81352,0.81434
2026-05-07 12:45:00,0.81433,0.81446,0.81372,0.81426
2026-05-07 13:00:00,0.81426,0.81464,0.81419,0.81461
2026-05-07 13:15:00,0.81461,0.81471,0.8144,0.81459
2026-05-07 13:30:00,0.8146,0.8149,0.81428,0.81482
2026-05-07 13:45:00,0.81483,0.81509,0.8147,0.81476
2026-05-07 14:00:00,0.81479,0.81502,0.81456,0.81485
2026-05-07 14:15:00,0.81485,0.81511,0.81451,0.81483
2026-05-07 14:30:00,0.81484,0.81525,0.81465,0.81515
2026-05-07 14:45:00,0.81515,0.81515,0.81468,0.81503
2026-05-07 15:00:00,0.81506,0.8151,0.81463,0.81485
2026-05-07 15:15:00,0.81485,0.81522,0.81461,0.81484
2026-05-07 15:30:00,0.81484,0.81512,0.81461,0.81504
2026-05-07 15:45:00,0.81504,0.8155,0.81496,0.81503
2026-05-07 16:00:00,0.81504,0.81506,0.81462,0.81479
2026-05-07 16:15:00,0.81478,0.81529,0.81474,0.81511
2026-05-07 16:30:00,0.81509,0.8151,0.81459,0.81461
2026-05-07 16:45:00,0.81463,0.81512,0.81431,0.81487
2026-05-07 17:00:00,0.81485,0.81493,0.81437,0.81478
2026-05-07 17:15:00,0.81479,0.8151,0.81446,0.81477
2026-05-07 17:30:00,0.81477,0.81488,0.81443,0.81468
2026-05-07 17:45:00,0.81467,0.81516,0.81455,0.81498
2026-05-07 18:00:00,0.81498,0.8151,0.81434,0.81445
2026-05-07 18:15:00,0.81444,0.81447,0.81318,0.81345
2026-05-07 18:30:00,0.81346,0.81375,0.81341,0.81348
2026-05-07 18:45:00,0.81347,0.81353,0.81289,0.81296
2026-05-07 19:00:00,0.81293,0.81309,0.81258,0.81268
2026-05-07 19:15:00,0.81267,0.81301,0.81223,0.81288
2026-05-07 19:30:00,0.81287,0.81291,0.81225,0.81236
2026-05-07 19:45:00,0.81236,0.81268,0.81221,0.81234
2026-05-07 20:00:00,0.81238,0.81239,0.812,0.81213
2026-05-07 20:15:00,0.81215,0.81251,0.8113,0.81154
2026-05-07 20:30:00,0.81154,0.81176,0.81111,0.81144
2026-05-07 20:45:00,0.81144,0.81198,0.81131,0.81196
2026-05-07 21:00:00,0.81197,0.81211,0.81161,0.8118
2026-05-07 21:15:00,0.8118,0.81196,0.81171,0.81192
2026-05-07 21:30:00,0.81193,0.81217,0.81127,0.81152
2026-05-07 21:45:00,0.81151,0.81172,0.81103,0.81165
2026-05-07 22:00:00,0.81164,0.81173,0.81129,0.81154
2026-05-07 22:15:00,0.81155,0.81167,0.81074,0.81116
2026-05-07 22:30:00,0.81115,0.81176,0.8111,0.81149
2026-05-07 22:45:00,0.81146,0.81169,0.81104,0.81124
2026-05-07 23:00:00,0.81124,0.81221,0.81119,0.81167
2026-05-07 23:15:00,0.81168,0.81176,0.81155,0.8116
2026-05-07 23:30:00,0.81161,0.81162,0.81075,0.81143
2026-05-07 23:45:00,0.81144,0.81154,0.81084,0.81109
2026-05-08 00:00:00,0.80999,0.81113,0.80901,0.81086
2026-05-08 00:15:00,0.81076,0.81086,0.81055,0.81055
2026-05-08 00:30:00,0.81056,0.81121,0.81044,0.81117
2026-05-08 00:45:00,0.81113,0.81131,0.81051,0.81063
2026-05-08 01:00:00,0.81062,0.81109,0.81028,0.81109
2026-05-08 01:15:00,0.8111,0.81133,0.81091,0.81126
2026-05-08 01:30:00,0.81127,0.81127,0.81096,0.8111
2026-05-08 01:45:00,0.8111,0.81118,0.81073,0.81075
2026-05-08 02:00:00,0.81076,0.81103,0.81075,0.81092
2026-05-08 02:15:00,0.81093,0.81124,0.81088,0.81121
2026-05-08 02:30:00,0.81121,0.81127,0.81101,0.81107
2026-05-08 02:45:00,0.81108,0.81125,0.811,0.81119
2026-05-08 03:00:00,0.81117,0.81147,0.81106,0.81113
2026-05-08 03:15:00,0.81113,0.81114,0.81043,0.81081
2026-05-08 03:30:00,0.8108,0.81111,0.81077,0.81107
2026-05-08 03:45:00,0.81108,0.81116,0.81073,0.81109
2026-05-08 04:00:00,0.81108,0.81145,0.81108,0.81118
2026-05-08 04:15:00,0.8112,0.81139,0.81101,0.81107
2026-05-08 04:30:00,0.81107,0.81127,0.81083,0.81105
2026-05-08 04:45:00,0.81105,0.81127,0.81092,0.81103
2026-05-08 05:00:00,0.81103,0.8111,0.81082,0.81098
2026-05-08 05:15:00,0.81097,0.81112,0.81075,0.81087
2026-05-08 05:30:00,0.81087,0.81101,0.81026,0.81084
2026-05-08 05:45:00,0.81083,0.81133,0.81081,0.81091
2026-05-08 06:00:00,0.81091,0.81136,0.81089,0.81136
2026-05-08 06:15:00,0.81136,0.81137,0.81104,0.81131
2026-05-08 06:30:00,0.81131,0.81179,0.81131,0.81173
2026-05-08 06:45:00,0.81173,0.81181,0.81132,0.81133
2026-05-08 07:00:00,0.81132,0.81168,0.81129,0.81146
2026-05-08 07:15:00,0.81146,0.81165,0.81131,0.8115
2026-05-08 07:30:00,0.81151,0.81157,0.81132,0.81152
2026-05-08 07:45:00,0.81152,0.81191,0.81144,0.81165
2026-05-08 08:00:00,0.81166,0.81183,0.81152,0.81172
2026-05-08 08:15:00,0.81173,0.81215,0.81171,0.81212
2026-05-08 08:30:00,0.81211,0.81239,0.81176,0.81189
2026-05-08 08:45:00,0.81189,0.81217,0.81187,0.81209
2026-05-08 09:00:00,0.81209,0.8127,0.81204,0.81234
2026-05-08 09:15:00,0.81235,0.81296,0.81231,0.81292
2026-05-08 09:30:00,0.81291,0.81309,0.81248,0.81303
2026-05-08 09:45:00,0.81304,0.81304,0.81271,0.81274
2026-05-08 10:00:00,0.81274,0.81288,0.81246,0.81246
2026-05-08 10:15:00,0.81246,0.81252,0.8121,0.81226
2026-05-08 10:30:00,0.81227,0.81268,0.81215,0.81247
2026-05-08 10:45:00,0.8125,0.81282,0.81241,0.81272
2026-05-08 11:00:00,0.8127,0.81308,0.81262,0.81269
2026-05-08 11:15:00,0.81269,0.8139,0.81264,0.81386
2026-05-08 11:30:00,0.81387,0.81419,0.81374,0.81402
2026-05-08 11:45:00,0.81404,0.81426,0.81373,0.81389
2026-05-08 12:00:00,0.8139,0.81441,0.81379,0.81407
2026-05-08 12:15:00,0.81407,0.81457,0.814,0.81406
2026-05-08 12:30:00,0.81406,0.8142,0.81386,0.81408
2026-05-08 12:45:00,0.81409,0.81416,0.8133,0.8136
2026-05-08 13:00:00,0.8136,0.81413,0.81357,0.81399
2026-05-08 13:15:00,0.814,0.81425,0.81381,0.81413
2026-05-08 13:30:00,0.81412,0.81448,0.81409,0.81423
2026-05-08 13:45:00,0.81422,0.81422,0.81375,0.8141
2026-05-08 14:00:00,0.81409,0.8144,0.81379,0.81382
2026-05-08 14:15:00,0.81384,0.81403,0.81358,0.81365
2026-05-08 14:30:00,0.81365,0.81372,0.81305,0.81311
2026-05-08 14:45:00,0.81312,0.81335,0.81304,0.81324
2026-05-08 15:00:00,0.81324,0.81393,0.81311,0.81365
2026-05-08 15:15:00,0.81367,0.81383,0.81318,0.81368
2026-05-08 15:30:00,0.81367,0.81677,0.81295,0.8161
2026-05-08 15:45:00,0.8161,0.8164,0.81568,0.81574
2026-05-08 16:00:00,0.81574,0.81624,0.81502,0.81561
2026-05-08 16:15:00,0.81561,0.81663,0.81536,0.81636
2026-05-08 16:30:00,0.81637,0.81696,0.81604,0.81683
2026-05-08 16:45:00,0.81683,0.81744,0.8168,0.81714
2026-05-08 17:00:00,0.81713,0.81719,0.81573,0.81606
2026-05-08 17:15:00,0.81607,0.81627,0.81586,0.81589
2026-05-08 17:30:00,0.81589,0.81632,0.81575,0.81621
2026-05-08 17:45:00,0.8162,0.81642,0.8155,0.8155
2026-05-08 18:00:00,0.81549,0.81579,0.8153,0.81539
2026-05-08 18:15:00,0.81539,0.81562,0.81517,0.81559
2026-05-08 18:30:00,0.8156,0.81575,0.81515,0.81529
2026-05-08 18:45:00,0.81529,0.81537,0.81502,0.8151
2026-05-08 19:00:00,0.8151,0.81552,0.81499,0.81539
2026-05-08 19:15:00,0.81538,0.81584,0.81534,0.81583
2026-05-08 19:30:00,0.81582,0.81585,0.81538,0.8155
2026-05-08 19:45:00,0.81551,0.8158,0.81549,0.81554
2026-05-08 20:00:00,0.81554,0.81562,0.81527,0.81548
2026-05-08 20:15:00,0.81548,0.8157,0.81536,0.81568
2026-05-08 20:30:00,0.81568,0.81574,0.81543,0.81551
2026-05-08 20:45:00,0.81552,0.81572,0.81551,0.81555
2026-05-08 21:00:00,0.81554,0.81603,0.81543,0.81592
2026-05-08 21:15:00,0.81593,0.81594,0.81571,0.81575
2026-05-08 21:30:00,0.81575,0.8158,0.81564,0.81573
2026-05-08 21:45:00,0.81572,0.81575,0.81518,0.81523
2026-05-08 22:00:00,0.81522,0.81543,0.81522,0.81533
2026-05-08 22:15:00,0.81534,0.81537,0.81527,0.81534
2026-05-08 22:30:00,0.81533,0.81568,0.81523,0.81565
2026-05-08 22:45:00,0.81565,0.8159,0.81556,0.81579
2026-05-08 23:00:00,0.81578,0.81578,0.81555,0.8157
2026-05-08 23:15:00,0.81571,0.8159,0.81562,0.81568
2026-05-08 23:30:00,0.81568,0.81577,0.81536,0.81548
2026-05-08 23:45:00,0.81548,0.81592,0.81545,0.81561
2026-05-11 00:00:00,0.81154,0.81257,0.81102,0.81225
2026-05-11 00:15:00,0.81221,0.81413,0.81216,0.814
2026-05-11 00:30:00,0.81401,0.81447,0.81342,0.81342
2026-05-11 00:45:00,0.81342,0.81368,0.81328,0.81368
2026-05-11 01:00:00,0.81369,0.8143,0.81334,0.81417
2026-05-11 01:15:00,0.8142,0.81454,0.81396,0.81448
2026-05-11 01:30:00,0.81447,0.81474,0.81428,0.81436
2026-05-11 01:45:00,0.81437,0.81453,0.8142,0.81451
2026-05-11 02:00:00,0.81449,0.81452,0.81414,0.81425
2026-05-11 02:15:00,0.81424,0.81448,0.81423,0.81432
2026-05-11 02:30:00,0.81433,0.81438,0.81414,0.81429
2026-05-11 02:45:00,0.81429,0.8144,0.81397,0.81406
2026-05-11 03:00:00,0.81405,0.81424,0.81389,0.81395
2026-05-11 03:15:00,0.81396,0.81451,0.81382,0.81437
2026-05-11 03:30:00,0.81437,0.8149,0.81433,0.81468
2026-05-11 03:45:00,0.81469,0.815,0.81422,0.81497
2026-05-11 04:00:00,0.81496,0.81512,0.81451,0.81471
2026-05-11 04:15:00,0.81471,0.81495,0.81464,0.81471
2026-05-11 04:30:00,0.81469,0.81478,0.8141,0.81424
2026-05-11 04:45:00,0.81425,0.81442,0.81413,0.81437
2026-05-11 05:00:00,0.81441,0.81455,0.81432,0.81448
2026-05-11 05:15:00,0.81447,0.81455,0.8143,0.81452
2026-05-11 05:30:00,0.81453,0.81462,0.81402,0.81402
2026-05-11 05:45:00,0.81401,0.8141,0.8138,0.8138
2026-05-11 06:00:00,0.8138,0.81396,0.81364,0.81389
2026-05-11 06:15:00,0.81388,0.81399,0.81379,0.81397
2026-05-11 06:30:00,0.81398,0.81403,0.8138,0.81403
2026-05-11 06:45:00,0.814,0.81406,0.81375,0.8138
2026-05-11 07:00:00,0.81379,0.81385,0.81353,0.81364
2026-05-11 07:15:00,0.81365,0.81384,0.81354,0.81364
2026-05-11 07:30:00,0.81365,0.81373,0.81349,0.81351
2026-05-11 07:45:00,0.81352,0.81366,0.81343,0.81349
2026-05-11 08:00:00,0.8135,0.81371,0.81342,0.81366
2026-05-11 08:15:00,0.81367,0.8139,0.81364,0.81376
2026-05-11 08:30:00,0.81375,0.81375,0.81341,0.81353
2026-05-11 08:45:00,0.81354,0.81361,0.81316,0.81348
2026-05-11 09:00:00,0.8135,0.81359,0.8132,0.81341
2026-05-11 09:15:00,0.8134,0.81344,0.81283,0.81306
2026-05-11 09:30:00,0.81305,0.81377,0.81296,0.81373
2026-05-11 09:45:00,0.81373,0.81402,0.81345,0.81398
2026-05-11 10:00:00,0.81399,0.81406,0.81304,0.81305
2026-05-11 10:15:00,0.81306,0.81333,0.81293,0.81294
2026-05-11 10:30:00,0.81293,0.81312,0.81274,0.81302
2026-05-11 10:45:00,0.81304,0.81324,0.81268,0.81315
2026-05-11 11:00:00,0.81315,0.8136,0.81314,0.81356
2026-05-11 11:15:00,0.81356,0.81403,0.81356,0.81372
2026-05-11 11:30:00,0.81373,0.81392,0.81327,0.8133
2026-05-11 11:45:00,0.8133,0.81355,0.813,0.81319
2026-05-11 12:00:00,0.81318,0.81341,0.8131,0.81333
2026-05-11 12:15:00,0.81331,0.8134,0.81292,0.81295
2026-05-11 12:30:00,0.81293,0.81319,0.81291,0.81303
2026-05-11 12:45:00,0.81304,0.81308,0.81247,0.81248
2026-05-11 13:00:00,0.81245,0.81253,0.81227,0.81243
2026-05-11 13:15:00,0.81242,0.81263,0.81235,0.81261
2026-05-11 13:30:00,0.81262,0.813,0.81234,0.81266
2026-05-11 13:45:00,0.81267,0.81296,0.8125,0.81253
2026-05-11 14:00:00,0.81254,0.81306,0.81254,0.81297
2026-05-11 14:15:00,0.81298,0.81313,0.81287,0.81312
2026-05-11 14:30:00,0.81313,0.81333,0.81307,0.81322
2026-05-11 14:45:00,0.81323,0.81327,0.81273,0.81306
2026-05-11 15:00:00,0.81306,0.81308,0.81248,0.81271
2026-05-11 15:15:00,0.81271,0.8134,0.81257,0.8134
2026-05-11 15:30:00,0.8134,0.81405,0.81338,0.81358
2026-05-11 15:45:00,0.81357,0.81364,0.81309,0.81338
2026-05-11 16:00:00,0.81339,0.8142,0.81338,0.81419
2026-05-11 16:15:00,0.81418,0.81426,0.81385,0.81405
2026-05-11 16:30:00,0.81409,0.81426,0.81368,0.81417
2026-05-11 16:45:00,0.81423,0.8143,0.81382,0.81391
2026-05-11 17:00:00,0.8139,0.8143,0.81382,0.81423
2026-05-11 17:15:00,0.81424,0.81452,0.814,0.81403
2026-05-11 17:30:00,0.81403,0.81429,0.8136,0.81427
2026-05-11 17:45:00,0.81428,0.81504,0.81403,0.81496
2026-05-11 18:00:00,0.81496,0.81529,0.8148,0.81503
2026-05-11 18:15:00,0.81504,0.81563,0.81491,0.81554
2026-05-11 18:30:00,0.81554,0.81572,0.8153,0.81534
2026-05-11 18:45:00,0.81535,0.81561,0.81524,0.81541
2026-05-11 19:00:00,0.81541,0.8156,0.81529,0.81556
2026-05-11 19:15:00,0.81557,0.8156,0.81528,0.81535
2026-05-11 19:30:00,0.81533,0.81535,0.81444,0.8146
2026-05-11 19:45:00,0.8146,0.81473,0.81449,0.81473
2026-05-11 20:00:00,0.81473,0.81488,0.81453,0.81468
2026-05-11 20:15:00,0.81468,0.81501,0.81464,0.81483
2026-05-11 20:30:00,0.81484,0.8151,0.81482,0.81503
2026-05-11 20:45:00,0.81504,0.81511,0.81491,0.81499
2026-05-11 21:00:00,0.81499,0.81528,0.81499,0.81522
2026-05-11 21:15:00,0.81521,0.81544,0.81516,0.81536
2026-05-11 21:30:00,0.81536,0.81553,0.81524,0.81524
2026-05-11 21:45:00,0.81525,0.81527,0.81503,0.81503
2026-05-11 22:00:00,0.81503,0.81523,0.81493,0.815
2026-05-11 22:15:00,0.815,0.81506,0.81484,0.81495
2026-05-11 22:30:00,0.81496,0.81519,0.8149,0.81517
2026-05-11 22:45:00,0.81515,0.8154,0.81506,0.81537
2026-05-11 23:00:00,0.81538,0.81543,0.81493,0.81525
2026-05-11 23:15:00,0.81525,0.81549,0.8152,0.81548
2026-05-11 23:30:00,0.81548,0.81561,0.8154,0.81559
2026-05-11 23:45:00,0.8156,0.81567,0.81544,0.81555
2026-05-12 00:00:00,0.81454,0.81495,0.81373,0.81474
2026-05-12 00:15:00,0.81474,0.81564,0.81469,0.81509
2026-05-12 00:30:00,0.815,0.81568,0.81424,0.81434
2026-05-12 00:45:00,0.81432,0.81533,0.81398,0.81529
2026-05-12 01:00:00,0.8153,0.81578,0.81518,0.81573
2026-05-12 01:15:00,0.81574,0.81607,0.81568,0.81581
2026-05-12 01:30:00,0.81583,0.8159,0.81583,0.81585
2026-05-12 01:45:00,0.81583,0.81599,0.81583,0.81596
2026-05-12 02:00:00,0.81597,0.81614,0.81589,0.81611
2026-05-12 02:15:00,0.81611,0.81615,0.81594,0.81595
2026-05-12 02:30:00,0.81601,0.81611,0.81595,0.81602
2026-05-12 02:45:00,0.816,0.81604,0.81576,0.81589
2026-05-12 03:00:00,0.81589,0.81591,0.81566,0.8158
2026-05-12 03:15:00,0.8158,0.81597,0.81543,0.8156
2026-05-12 03:30:00,0.81559,0.81575,0.81534,0.81535
2026-05-12 03:45:00,0.81536,0.81556,0.81511,0.81516
2026-05-12 04:00:00,0.81516,0.81549,0.81506,0.81526
2026-05-12 04:15:00,0.81528,0.81531,0.8147,0.81486
2026-05-12 04:30:00,0.81485,0.81532,0.81437,0.81475
2026-05-12 04:45:00,0.81475,0.81507,0.81463,0.815
2026-05-12 05:00:00,0.815,0.8154,0.81498,0.81537
2026-05-12 05:15:00,0.81537,0.81537,0.8149,0.81527
2026-05-12 05:30:00,0.81525,0.81539,0.8151,0.81539
2026-05-12 05:45:00,0.81538,0.81603,0.81538,0.81584
2026-05-12 06:00:00,0.81583,0.81585,0.81561,0.81576
2026-05-12 06:15:00,0.81575,0.81578,0.81543,0.81553
2026-05-12 06:30:00,0.81553,0.81553,0.81521,0.81544
2026-05-12 06:45:00,0.81543,0.81547,0.81523,0.81524
2026-05-12 07:00:00,0.81524,0.8154,0.81517,0.81518
2026-05-12 07:15:00,0.81519,0.81565,0.81519,0.81564
2026-05-12 07:30:00,0.81564,0.81576,0.81558,0.81568
2026-05-12 07:45:00,0.81568,0.81572,0.81544,0.81554
2026-05-12 08:00:00,0.81556,0.81563,0.81504,0.81515
2026-05-12 08:15:00,0.81516,0.81533,0.81498,0.81522
2026-05-12 08:30:00,0.81522,0.81532,0.81501,0.81508
2026-05-12 08:45:00,0.81506,0.81553,0.81504,0.81512
2026-05-12 09:00:00,0.81513,0.8152,0.8145,0.81472
2026-05-12 09:15:00,0.81472,0.8149,0.81413,0.81432
2026-05-12 09:30:00,0.8143,0.81452,0.81393,0.81401
2026-05-12 09:45:00,0.81402,0.81421,0.81355,0.81364
2026-05-12 10:00:00,0.81365,0.81402,0.81324,0.81379
2026-05-12 10:15:00,0.81379,0.81426,0.81373,0.81426
2026-05-12 10:30:00,0.81426,0.81471,0.81409,0.8144
2026-05-12 10:45:00,0.8144,0.81476,0.81431,0.8146
2026-05-12 11:00:00,0.81462,0.81477,0.81426,0.81454
2026-05-12 11:15:00,0.81454,0.81503,0.81446,0.8147
2026-05-12 11:30:00,0.8147,0.81482,0.81433,0.81464
2026-05-12 11:45:00,0.81466,0.81515,0.81461,0.81465
2026-05-12 12:00:00,0.81466,0.81495,0.81438,0.81486
2026-05-12 12:15:00,0.81485,0.81494,0.81456,0.81473
2026-05-12 12:30:00,0.81475,0.81545,0.81475,0.81515
2026-05-12 12:45:00,0.81513,0.81557,0.81513,0.81553
2026-05-12 13:00:00,0.81553,0.81598,0.81548,0.81588
2026-05-12 13:15:00,0.81587,0.81592,0.81553,0.81571
2026-05-12 13:30:00,0.81571,0.81585,0.81546,0.8156
2026-05-12 13:45:00,0.81559,0.81573,0.81541,0.81553
2026-05-12 14:00:00,0.81553,0.81577,0.81504,0.81546
2026-05-12 14:15:00,0.81547,0.81554,0.8153,0.81548
2026-05-12 14:30:00,0.81548,0.81567,0.81532,0.81557
2026-05-12 14:45:00,0.81556,0.81563,0.81512,0.81546
2026-05-12 15:00:00,0.81547,0.81551,0.81479,0.81511
2026-05-12 15:15:00,0.81512,0.81529,0.81481,0.8151
2026-05-12 15:30:00,0.81512,0.81621,0.81446,0.8161
2026-05-12 15:45:00,0.8161,0.81645,0.8159,0.81613
2026-05-12 16:00:00,0.81613,0.81635,0.81566,0.8162
2026-05-12 16:15:00,0.81621,0.81626,0.81576,0.81606
2026-05-12 16:30:00,0.81605,0.81657,0.81586,0.81643
2026-05-12 16:45:00,0.81643,0.8166,0.81474,0.81501
2026-05-12 17:00:00,0.81502,0.81564,0.81484,0.81557
2026-05-12 17:15:00,0.81559,0.81571,0.81501,0.81508
2026-05-12 17:30:00,0.81506,0.81535,0.81468,0.81503
2026-05-12 17:45:00,0.81499,0.8154,0.81459,0.81509
2026-05-12 18:00:00,0.81509,0.81547,0.81463,0.81503
2026-05-12 18:15:00,0.815,0.81521,0.81435,0.81448
2026-05-12 18:30:00,0.81451,0.8151,0.81441,0.81509
2026-05-12 18:45:00,0.81509,0.81515,0.81482,0.81484
2026-05-12 19:00:00,0.81483,0.81499,0.81468,0.81486
2026-05-12 19:15:00,0.81485,0.81498,0.81456,0.81462
2026-05-12 19:30:00,0.81463,0.81463,0.81435,0.8144
2026-05-12 19:45:00,0.81441,0.81449,0.81403,0.81418
2026-05-12 20:00:00,0.81418,0.81485,0.81418,0.81484
2026-05-12 20:15:00,0.81484,0.81502,0.81474,0.81493
2026-05-12 20:30:00,0.81493,0.81502,0.81481,0.81499
2026-05-12 20:45:00,0.81497,0.81517,0.81489,0.81515
2026-05-12 21:00:00,0.81516,0.81525,0.81478,0.81507
2026-05-12 21:15:00,0.81504,0.8156,0.81503,0.81539
2026-05-12 21:30:00,0.81539,0.81551,0.81526,0.81542
2026-05-12 21:45:00,0.81543,0.8155,0.81522,0.81523
2026-05-12 22:00:00,0.81523,0.81548,0.81519,0.81539
2026-05-12 22:15:00,0.81539,0.81548,0.81508,0.81526
2026-05-12 22:30:00,0.81524,0.81552,0.81522,0.81545
2026-05-12 22:45:00,0.81544,0.81559,0.81532,0.81543
2026-05-12 23:00:00,0.81542,0.81559,0.81534,0.8155
2026-05-12 23:15:00,0.8155,0.81558,0.81543,0.81552
2026-05-12 23:30:00,0.81552,0.81552,0.81539,0.81548
2026-05-12 23:45:00,0.81548,0.81548,0.81499,0.81509
2026-05-13 00:00:00,0.81384,0.81489,0.81344,0.81388
2026-05-13 00:15:00,0.8141,0.81511,0.81354,0.81491
2026-05-13 00:30:00,0.81479,0.81502,0.81399,0.81416
2026-05-13 00:45:00,0.81425,0.81513,0.81404,0.81404
2026-05-13 01:00:00,0.81409,0.81515,0.81409,0.81508
2026-05-13 01:15:00,0.81504,0.81509,0.81497,0.81506
2026-05-13 01:30:00,0.81509,0.81527,0.81509,0.81522
2026-05-13 01:45:00,0.81523,0.81531,0.81513,0.81517
2026-05-13 02:00:00,0.81516,0.81537,0.81516,0.81519
2026-05-13 02:15:00,0.81515,0.81538,0.81512,0.81532
2026-05-13 02:30:00,0.81532,0.81539,0.81519,0.81522
2026-05-13 02:45:00,0.81521,0.81536,0.81507,0.81518
2026-05-13 03:00:00,0.81517,0.8156,0.81502,0.81514
2026-05-13 03:15:00,0.81514,0.81561,0.81508,0.8155
2026-05-13 03:30:00,0.81551,0.81576,0.81537,0.81553
2026-05-13 03:45:00,0.81553,0.8156,0.81525,0.81558
2026-05-13 04:00:00,0.81557,0.81575,0.81541,0.81543
2026-05-13 04:15:00,0.81544,0.81571,0.81524,0.81567
2026-05-13 04:30:00,0.81564,0.81608,0.81559,0.81592
2026-05-13 04:45:00,0.81592,0.81655,0.81592,0.81616
2026-05-13 05:00:00,0.81616,0.81624,0.81572,0.81573
2026-05-13 05:15:00,0.81573,0.81588,0.81566,0.81583
2026-05-13 05:30:00,0.81584,0.81603,0.81573,0.81589
2026-05-13 05:45:00,0.8159,0.816,0.81561,0.81561
2026-05-13 06:00:00,0.81563,0.8159,0.81371,0.81401
2026-05-13 06:15:00,0.81404,0.81405,0.81307,0.81342
2026-05-13 06:30:00,0.81342,0.81407,0.81342,0.81402
2026-05-13 06:45:00,0.81402,0.81414,0.81368,0.81391
2026-05-13 07:00:00,0.81392,0.81408,0.81341,0.81342
2026-05-13 07:15:00,0.81341,0.81364,0.81313,0.81319
2026-05-13 07:30:00,0.81318,0.81352,0.81317,0.81339
2026-05-13 07:45:00,0.81338,0.81348,0.81324,0.81334
2026-05-13 08:00:00,0.81334,0.81367,0.8133,0.81356
2026-05-13 08:15:00,0.81354,0.81388,0.8135,0.81384
2026-05-13 08:30:00,0.81385,0.81388,0.81361,0.81384
2026-05-13 08:45:00,0.81387,0.81403,0.81362,0.81394
2026-05-13 09:00:00,0.81393,0.81416,0.81357,0.81377
2026-05-13 09:15:00,0.81377,0.81386,0.81343,0.81375
2026-05-13 09:30:00,0.81373,0.81409,0.81366,0.81391
2026-05-13 09:45:00,0.81392,0.81393,0.81339,0.81361
2026-05-13 10:00:00,0.81362,0.81413,0.81354,0.81403
2026-05-13 10:15:00,0.81404,0.81416,0.8139,0.81406
2026-05-13 10:30:00,0.81406,0.81406,0.81336,0.81363
2026-05-13 10:45:00,0.81363,0.81375,0.81289,0.81291
2026-05-13 11:00:00,0.81293,0.81338,0.81283,0.81311
2026-05-13 11:15:00,0.8131,0.81314,0.81288,0.81291
2026-05-13 11:30:00,0.81292,0.81301,0.81228,0.81232
2026-05-13 11:45:00,0.81231,0.8127,0.8122,0.8123
2026-05-13 12:00:00,0.8123,0.81262,0.81216,0.81218
2026-05-13 12:15:00,0.81217,0.81236,0.81185,0.81186
2026-05-13 12:30:00,0.81185,0.81203,0.81171,0.81189
2026-05-13 12:45:00,0.81189,0.8124,0.81189,0.81235
2026-05-13 13:00:00,0.81235,0.81255,0.81183,0.81204
2026-05-13 13:15:00,0.81205,0.81214,0.81158,0.81166
2026-05-13 13:30:00,0.81163,0.81203,0.81154,0.81203
2026-05-13 13:45:00,0.81203,0.81247,0.81181,0.81197
2026-05-13 14:00:00,0.81198,0.8123,0.81196,0.81215
2026-05-13 14:15:00,0.81215,0.81223,0.81153,0.81168
2026-05-13 14:30:00,0.81168,0.81209,0.81159,0.81191
2026-05-13 14:45:00,0.81192,0.8122,0.81192,0.81204
2026-05-13 15:00:00,0.81204,0.81233,0.81189,0.81202
2026-05-13 15:15:00,0.81205,0.81221,0.81145,0.8117
2026-05-13 15:30:00,0.81158,0.812,0.81104,0.8112
2026-05-13 15:45:00,0.8112,0.81128,0.81091,0.81125
2026-05-13 16:00:00,0.81125,0.81163,0.81125,0.81158
2026-05-13 16:15:00,0.81158,0.81173,0.81137,0.81148
2026-05-13 16:30:00,0.81148,0.81245,0.81139,0.81241
2026-05-13 16:45:00,0.81241,0.81262,0.81185,0.81235
2026-05-13 17:00:00,0.81236,0.81265,0.81219,0.8124
2026-05-13 17:15:00,0.81239,0.81243,0.8119,0.81227
2026-05-13 17:30:00,0.81226,0.81259,0.81213,0.81225
2026-05-13 17:45:00,0.81226,0.81281,0.81212,0.8126
2026-05-13 18:00:00,0.8126,0.81305,0.81254,0.81275
2026-05-13 18:15:00,0.81275,0.81326,0.81272,0.81309
2026-05-13 18:30:00,0.81309,0.81359,0.813,0.81343
2026-05-13 18:45:00,0.81342,0.8135,0.81317,0.8133
2026-05-13 19:00:00,0.8133,0.81368,0.81325,0.81353
2026-05-13 19:15:00,0.81352,0.81393,0.81341,0.81381
2026-05-13 19:30:00,0.81377,0.81382,0.81351,0.81356
2026-05-13 19:45:00,0.81356,0.8137,0.8134,0.81352
2026-05-13 20:00:00,0.81351,0.81365,0.8133,0.8135
2026-05-13 20:15:00,0.81351,0.81369,0.81349,0.81356
2026-05-13 20:30:00,0.81355,0.81357,0.8134,0.81341
2026-05-13 20:45:00,0.81342,0.81348,0.81307,0.81312
2026-05-13 21:00:00,0.8131,0.81347,0.81305,0.8133
2026-05-13 21:15:00,0.8133,0.81349,0.81323,0.81341
2026-05-13 21:30:00,0.8134,0.81369,0.81335,0.81355
2026-05-13 21:45:00,0.81359,0.81371,0.81322,0.81346
2026-05-13 22:00:00,0.81346,0.81377,0.81329,0.81346
2026-05-13 22:15:00,0.81348,0.81349,0.81321,0.81333
2026-05-13 22:30:00,0.81334,0.81334,0.81311,0.81314
2026-05-13 22:45:00,0.81316,0.81331,0.81304,0.81313
2026-05-13 23:00:00,0.81313,0.81343,0.81301,0.81339
2026-05-13 23:15:00,0.8134,0.81354,0.81337,0.81345
2026-05-13 23:30:00,0.81347,0.81351,0.81332,0.8134
2026-05-13 23:45:00,0.81338,0.81356,0.81319,0.81329
2026-05-14 00:00:00,0.81194,0.81264,0.81144,0.8125
2026-05-14 00:15:00,0.81262,0.81357,0.81234,0.81324
2026-05-14 00:30:00,0.81358,0.81385,0.81299,0.81311
2026-05-14 00:45:00,0.81308,0.81325,0.81268,0.81283
2026-05-14 01:00:00,0.81283,0.81351,0.81274,0.81345
2026-05-14 01:15:00,0.81348,0.81353,0.81336,0.81346
2026-05-14 01:30:00,0.81347,0.8135,0.81337,0.81342
2026-05-14 01:45:00,0.81341,0.81346,0.81331,0.81341
2026-05-14 02:00:00,0.81342,0.81349,0.81315,0.81318
2026-05-14 02:15:00,0.81317,0.81333,0.81311,0.8132
2026-05-14 02:30:00,0.8132,0.81321,0.8129,0.81292
2026-05-14 02:45:00,0.81293,0.81301,0.81263,0.81269
2026-05-14 03:00:00,0.81269,0.81294,0.81244,0.81293
2026-05-14 03:15:00,0.81294,0.81322,0.81276,0.81308
2026-05-14 03:30:00,0.81306,0.81318,0.81276,0.81281
2026-05-14 03:45:00,0.81283,0.81298,0.81255,0.81288
2026-05-14 04:00:00,0.81287,0.81291,0.81236,0.81249
2026-05-14 04:15:00,0.8125,0.8128,0.81238,0.81273
2026-05-14 04:30:00,0.81272,0.81306,0.81261,0.81293
2026-05-14 04:45:00,0.81292,0.81297,0.81249,0.81256
2026-05-14 05:00:00,0.81256,0.81286,0.81234,0.81262
2026-05-14 05:15:00,0.8126,0.81288,0.81253,0.81279
2026-05-14 05:30:00,0.81278,0.81313,0.81278,0.81299
2026-05-14 05:45:00,0.81298,0.81305,0.81265,0.81273
2026-05-14 06:00:00,0.81273,0.81275,0.81256,0.8126
2026-05-14 06:15:00,0.81259,0.81272,0.81229,0.8127
2026-05-14 06:30:00,0.81269,0.81271,0.81247,0.81252
2026-05-14 06:45:00,0.81253,0.81266,0.81235,0.81241
2026-05-14 07:00:00,0.81241,0.81288,0.8123,0.81279
2026-05-14 07:15:00,0.81278,0.81322,0.81266,0.81299
2026-05-14 07:30:00,0.813,0.81305,0.8128,0.81291
2026-05-14 07:45:00,0.81292,0.81316,0.81288,0.81293
2026-05-14 08:00:00,0.81294,0.81301,0.81272,0.81284
2026-05-14 08:15:00,0.81285,0.81307,0.81283,0.81291
2026-05-14 08:30:00,0.81292,0.81307,0.81266,0.81306
2026-05-14 08:45:00,0.81307,0.81354,0.81294,0.81309
2026-05-14 09:00:00,0.81308,0.81388,0.81307,0.81359
2026-05-14 09:15:00,0.81359,0.8138,0.81344,0.81371
2026-05-14 09:30:00,0.81371,0.81386,0.81351,0.81376
2026-05-14 09:45:00,0.81377,0.81409,0.81372,0.81385
2026-05-14 10:00:00,0.81383,0.8139,0.81331,0.81342
2026-05-14 10:15:00,0.81338,0.81359,0.81328,0.81355
2026-05-14 10:30:00,0.81354,0.81394,0.81341,0.81377
2026-05-14 10:45:00,0.81377,0.81402,0.81288,0.81302
2026-05-14 11:00:00,0.813,0.81344,0.81293,0.81341
2026-05-14 11:15:00,0.81342,0.81374,0.81333,0.81374
2026-05-14 11:30:00,0.81373,0.81383,0.81355,0.81364
2026-05-14 11:45:00,0.81365,0.81394,0.81358,0.8139
2026-05-14 12:00:00,0.8139,0.81405,0.81362,0.81396
2026-05-14 12:15:00,0.81395,0.81395,0.8137,0.81371
2026-05-14 12:30:00,0.8137,0.81378,0.81321,0.8135
2026-05-14 12:45:00,0.8135,0.81383,0.81346,0.81358
2026-05-14 13:00:00,0.81358,0.81418,0.81351,0.81386
2026-05-14 13:15:00,0.81388,0.81413,0.81379,0.81401
2026-05-14 13:30:00,0.81402,0.81402,0.81337,0.81353
2026-05-14 13:45:00,0.81354,0.81385,0.81342,0.81368
2026-05-14 14:00:00,0.81367,0.81392,0.81333,0.81388
2026-05-14 14:15:00,0.81388,0.81393,0.81365,0.81375
2026-05-14 14:30:00,0.81376,0.81389,0.81365,0.81371
2026-05-14 14:45:00,0.81371,0.81409,0.81352,0.81352
2026-05-14 15:00:00,0.81352,0.81391,0.81329,0.81388
2026-05-14 15:15:00,0.81388,0.81431,0.81382,0.81394
2026-05-14 15:30:00,0.81401,0.8141,0.81373,0.81375
2026-05-14 15:45:00,0.81374,0.81389,0.81354,0.81356
2026-05-14 16:00:00,0.81355,0.81367,0.81312,0.81317
2026-05-14 16:15:00,0.81317,0.8132,0.81292,0.81297
2026-05-14 16:30:00,0.81297,0.81297,0.81236,0.81268
2026-05-14 16:45:00,0.81267,0.81302,0.81245,0.81264
2026-05-14 17:00:00,0.81264,0.81293,0.81251,0.81288
2026-05-14 17:15:00,0.81288,0.81336,0.81284,0.81332
2026-05-14 17:30:00,0.81333,0.81345,0.8132,0.8133
2026-05-14 17:45:00,0.81331,0.81364,0.81294,0.81303
2026-05-14 18:00:00,0.81302,0.81322,0.81288,0.81298
2026-05-14 18:15:00,0.81297,0.81304,0.81262,0.81276
2026-05-14 18:30:00,0.81275,0.81279,0.81229,0.81242
2026-05-14 18:45:00,0.81243,0.81281,0.8124,0.81268
2026-05-14 19:00:00,0.81267,0.81272,0.8122,0.81232
2026-05-14 19:15:00,0.81233,0.81287,0.81232,0.81243
2026-05-14 19:30:00,0.81243,0.81247,0.81184,0.81185
2026-05-14 19:45:00,0.81185,0.81206,0.81173,0.81205
2026-05-14 20:00:00,0.81206,0.81233,0.81196,0.812
2026-05-14 20:15:00,0.81198,0.81226,0.81193,0.81225
2026-05-14 20:30:00,0.81225,0.81228,0.81204,0.81219
2026-05-14 20:45:00,0.81221,0.81221,0.81199,0.81208
2026-05-14 21:00:00,0.81206,0.81219,0.8119,0.81216
2026-05-14 21:15:00,0.81215,0.81218,0.81193,0.81199
2026-05-14 21:30:00,0.812,0.81221,0.81197,0.8121
2026-05-14 21:45:00,0.81211,0.81216,0.81183,0.81206
2026-05-14 22:00:00,0.81206,0.8121,0.81196,0.812
2026-05-14 22:15:00,0.81199,0.81207,0.81182,0.81184
2026-05-14 22:30:00,0.81182,0.81187,0.81151,0.8116
2026-05-14 22:45:00,0.81159,0.81164,0.81123,0.81138
2026-05-14 23:00:00,0.81139,0.8115,0.81107,0.81116
2026-05-14 23:15:00,0.81117,0.81118,0.81081,0.81081
2026-05-14 23:30:00,0.81084,0.81107,0.81081,0.81102
2026-05-14 23:45:00,0.81101,0.81102,0.81075,0.81081
2026-05-15 00:00:00,0.81084,0.81161,0.81059,0.81081
2026-05-15 00:15:00,0.81082,0.81123,0.81014,0.81122
2026-05-15 00:30:00,0.81109,0.81141,0.81083,0.81084
2026-05-15 00:45:00,0.81085,0.81103,0.81069,0.81082
2026-05-15 01:00:00,0.81084,0.81105,0.8108,0.811
2026-05-15 01:15:00,0.81097,0.81101,0.81082,0.8109
2026-05-15 01:30:00,0.81091,0.81095,0.81078,0.81091
2026-05-15 01:45:00,0.81092,0.81094,0.81067,0.81071
2026-05-15 02:00:00,0.81071,0.81073,0.81016,0.81031
2026-05-15 02:15:00,0.81027,0.81046,0.81024,0.81046
2026-05-15 02:30:00,0.81047,0.81055,0.81036,0.81054
2026-05-15 02:45:00,0.81053,0.81065,0.81,0.81009
2026-05-15 03:00:00,0.81008,0.81041,0.80997,0.81003
2026-05-15 03:15:00,0.81008,0.81042,0.81004,0.81005
2026-05-15 03:30:00,0.81007,0.81008,0.80924,0.80941
2026-05-15 03:45:00,0.80942,0.80964,0.80894,0.80925
2026-05-15 04:00:00,0.80923,0.80946,0.80905,0.80926
2026-05-15 04:15:00,0.80927,0.80934,0.80851,0.80853
2026-05-15 04:30:00,0.80854,0.80916,0.80841,0.80912
2026-05-15 04:45:00,0.80912,0.80915,0.8083,0.80835
2026-05-15 05:00:00,0.80836,0.80853,0.80798,0.80819
2026-05-15 05:15:00,0.80818,0.80848,0.80808,0.80828
2026-05-15 05:30:00,0.80828,0.80869,0.80817,0.80866
2026-05-15 05:45:00,0.80868,0.80922,0.80858,0.80866
2026-05-15 06:00:00,0.80865,0.8089,0.80858,0.8087
2026-05-15 06:15:00,0.8087,0.80874,0.80842,0.80851
2026-05-15 06:30:00,0.80851,0.80859,0.80824,0.80844
2026-05-15 06:45:00,0.80845,0.80852,0.80837,0.80849
2026-05-15 07:00:00,0.80848,0.8085,0.80805,0.80833
2026-05-15 07:15:00,0.80834,0.80842,0.80783,0.80784
2026-05-15 07:30:00,0.80784,0.80812,0.80776,0.80779
2026-05-15 07:45:00,0.80779,0.8078,0.80728,0.80738
2026-05-15 08:00:00,0.80738,0.80741,0.80671,0.8069
2026-05-15 08:15:00,0.80689,0.80725,0.80669,0.80721
2026-05-15 08:30:00,0.80721,0.80737,0.80674,0.80678
2026-05-15 08:45:00,0.80678,0.8068,0.80564,0.80609
2026-05-15 09:00:00,0.80605,0.80619,0.80563,0.80581
2026-05-15 09:15:00,0.80583,0.8061,0.80563,0.80578
2026-05-15 09:30:00,0.80578,0.80642,0.80567,0.80592
2026-05-15 09:45:00,0.80592,0.8062,0.80561,0.80572
2026-05-15 10:00:00,0.80574,0.80621,0.80554,0.806
2026-05-15 10:15:00,0.806,0.80648,0.80587,0.80622
2026-05-15 10:30:00,0.80622,0.80634,0.80598,0.80603
2026-05-15 10:45:00,0.80604,0.80612,0.80549,0.80552
2026-05-15 11:00:00,0.8055,0.80558,0.8049,0.80507
2026-05-15 11:15:00,0.80505,0.80517,0.80461,0.80466
2026-05-15 11:30:00,0.80465,0.80475,0.80422,0.80446
2026-05-15 11:45:00,0.80449,0.8046,0.80396,0.80415
2026-05-15 12:00:00,0.80418,0.80428,0.80334,0.80345
2026-05-15 12:15:00,0.80344,0.80362,0.80324,0.80349
2026-05-15 12:30:00,0.8035,0.80397,0.80337,0.80386
2026-05-15 12:45:00,0.80385,0.80399,0.80354,0.80388
2026-05-15 13:00:00,0.80389,0.80428,0.80378,0.80422
2026-05-15 13:15:00,0.80421,0.80481,0.80403,0.80444
2026-05-15 13:30:00,0.80443,0.80505,0.80438,0.80502
2026-05-15 13:45:00,0.80501,0.80585,0.80499,0.80535
2026-05-15 14:00:00,0.80535,0.80544,0.80445,0.80459
2026-05-15 14:15:00,0.80459,0.80473,0.80414,0.80419
2026-05-15 14:30:00,0.80421,0.80429,0.80358,0.80359
2026-05-15 14:45:00,0.80358,0.80404,0.80351,0.80379
2026-05-15 15:00:00,0.80377,0.80381,0.80323,0.80333
2026-05-15 15:15:00,0.80333,0.80384,0.80329,0.80366
2026-05-15 15:30:00,0.80365,0.80374,0.80323,0.8034
2026-05-15 15:45:00,0.80339,0.80394,0.80338,0.80386
2026-05-15 16:00:00,0.80388,0.80401,0.80372,0.80388
2026-05-15 16:15:00,0.80389,0.80448,0.80376,0.80438
2026-05-15 16:30:00,0.8044,0.80461,0.80368,0.80388
2026-05-15 16:45:00,0.80387,0.80393,0.80322,0.80329
2026-05-15 17:00:00,0.80327,0.8041,0.80317,0.80408
2026-05-15 17:15:00,0.80408,0.80487,0.80404,0.80466
2026-05-15 17:30:00,0.80467,0.80482,0.80406,0.80412
2026-05-15 17:45:00,0.80412,0.80459,0.80387,0.8044
2026-05-15 18:00:00,0.8044,0.80448,0.80406,0.8042
2026-05-15 18:15:00,0.80419,0.80428,0.80354,0.80387
2026-05-15 18:30:00,0.80388,0.80401,0.80297,0.80316
2026-05-15 18:45:00,0.80315,0.80324,0.80294,0.80311
2026-05-15 19:00:00,0.80311,0.80322,0.80288,0.80306
2026-05-15 19:15:00,0.80306,0.80315,0.80295,0.80307
2026-05-15 19:30:00,0.80308,0.80315,0.80277,0.80282
2026-05-15 19:45:00,0.80282,0.80291,0.80256,0.80268
2026-05-15 20:00:00,0.8027,0.80312,0.80264,0.80299
2026-05-15 20:15:00,0.80299,0.80345,0.80294,0.80323
2026-05-15 20:30:00,0.80323,0.80344,0.80312,0.80332
2026-05-15 20:45:00,0.8033,0.80348,0.80322,0.80328
2026-05-15 21:00:00,0.80328,0.80365,0.80327,0.80359
2026-05-15 21:15:00,0.80358,0.80373,0.80331,0.80351
2026-05-15 21:30:00,0.80351,0.80354,0.80323,0.80347
2026-05-15 21:45:00,0.80347,0.80348,0.8032,0.80338
2026-05-15 22:00:00,0.8034,0.80346,0.80318,0.80318
2026-05-15 22:15:00,0.8032,0.80337,0.8031,0.80326
2026-05-15 22:30:00,0.80325,0.80342,0.80315,0.8032
2026-05-15 22:45:00,0.8032,0.80344,0.80282,0.80308
2026-05-15 23:00:00,0.80307,0.80321,0.80292,0.80321
2026-05-15 23:15:00,0.80322,0.80322,0.80273,0.80274
2026-05-15 23:30:00,0.80276,0.80302,0.80274,0.80299
2026-05-15 23:45:00,0.80301,0.80306,0.80219,0.80232
2026-05-18 00:00:00,0.80229,0.8024,0.80109,0.80204
2026-05-18 00:15:00,0.80204,0.80282,0.80204,0.80262
2026-05-18 00:30:00,0.80268,0.80346,0.80227,0.80248
2026-05-18 00:45:00,0.80249,0.80263,0.80217,0.8026
2026-05-18 01:00:00,0.80261,0.80291,0.80211,0.80277
2026-05-18 01:15:00,0.80278,0.80291,0.80256,0.80289
2026-05-18 01:30:00,0.8029,0.80317,0.80288,0.80311
2026-05-18 01:45:00,0.80311,0.80325,0.80306,0.80323
2026-05-18 02:00:00,0.80324,0.80338,0.80298,0.80307
2026-05-18 02:15:00,0.80308,0.8031,0.80266,0.80269
2026-05-18 02:30:00,0.80267,0.80281,0.80232,0.80256
2026-05-18 02:45:00,0.80256,0.80282,0.80233,0.80255
2026-05-18 03:00:00,0.80255,0.80298,0.80228,0.8023
2026-05-18 03:15:00,0.80229,0.80283,0.80207,0.8023
2026-05-18 03:30:00,0.80231,0.80242,0.80175,0.80177
2026-05-18 03:45:00,0.80176,0.80203,0.80157,0.80172
2026-05-18 04:00:00,0.80173,0.80198,0.8014,0.80177
2026-05-18 04:15:00,0.80177,0.80189,0.80142,0.80169
2026-05-18 04:30:00,0.80172,0.80216,0.80167,0.80182
2026-05-18 04:45:00,0.80182,0.80242,0.80168,0.80197
2026-05-18 05:00:00,0.80196,0.80216,0.80177,0.80212
2026-05-18 05:15:00,0.80211,0.80238,0.80205,0.8023
2026-05-18 05:30:00,0.80228,0.80259,0.80222,0.80252
2026-05-18 05:45:00,0.80249,0.80257,0.80216,0.80228
2026-05-18 06:00:00,0.80228,0.80267,0.80228,0.80254
2026-05-18 06:15:00,0.80252,0.80275,0.80235,0.80267
2026-05-18 06:30:00,0.80267,0.80294,0.80234,0.80294
2026-05-18 06:45:00,0.80293,0.80316,0.80281,0.8031
2026-05-18 07:00:00,0.80311,0.80332,0.80301,0.8031
2026-05-18 07:15:00,0.80311,0.80325,0.80268,0.80274
2026-05-18 07:30:00,0.80274,0.80289,0.80265,0.80283
2026-05-18 07:45:00,0.80284,0.80296,0.80262,0.80271
2026-05-18 08:00:00,0.80273,0.80288,0.80258,0.80262
2026-05-18 08:15:00,0.80261,0.8029,0.80233,0.80287
2026-05-18 08:30:00,0.80286,0.80321,0.8028,0.80293
2026-05-18 08:45:00,0.80293,0.80312,0.80287,0.80298
2026-05-18 09:00:00,0.80295,0.80342,0.80286,0.8034
2026-05-18 09:15:00,0.8034,0.80374,0.80332,0.80338
2026-05-18 09:30:00,0.80337,0.80375,0.80334,0.80363
2026-05-18 09:45:00,0.80361,0.80384,0.8035,0.80383
2026-05-18 10:00:00,0.80384,0.8039,0.80355,0.80363
2026-05-18 10:15:00,0.80362,0.80408,0.80349,0.80399
2026-05-18 10:30:00,0.80399,0.80452,0.80397,0.80415
2026-05-18 10:45:00,0.80414,0.80433,0.804,0.80418
2026-05-18 11:00:00,0.80418,0.80464,0.80418,0.80442
2026-05-18 11:15:00,0.80443,0.80475,0.80424,0.80473
2026-05-18 11:30:00,0.80474,0.80517,0.80463,0.80474
2026-05-18 11:45:00,0.80474,0.80532,0.80472,0.80507
2026-05-18 12:00:00,0.80505,0.80519,0.8048,0.80499
2026-05-18 12:15:00,0.80499,0.80531,0.80495,0.80518
2026-05-18 12:30:00,0.80517,0.80528,0.80498,0.80498
2026-05-18 12:45:00,0.80498,0.80505,0.80483,0.805
2026-05-18 13:00:00,0.80502,0.80505,0.80467,0.80476
2026-05-18 13:15:00,0.80477,0.80491,0.80461,0.8047
2026-05-18 13:30:00,0.8047,0.80486,0.80451,0.80483
2026-05-18 13:45:00,0.80482,0.80486,0.80446,0.80454
2026-05-18 14:00:00,0.80455,0.80488,0.80443,0.80482
2026-05-18 14:15:00,0.80481,0.80495,0.80465,0.80476
2026-05-18 14:30:00,0.80478,0.80641,0.80476,0.80607
2026-05-18 14:45:00,0.80606,0.80608,0.80541,0.80578
2026-05-18 15:00:00,0.8058,0.80604,0.8056,0.80573
2026-05-18 15:15:00,0.80574,0.8059,0.80551,0.80588
2026-05-18 15:30:00,0.80587,0.80696,0.80579,0.80691
2026-05-18 15:45:00,0.8069,0.80773,0.80684,0.80748
2026-05-18 16:00:00,0.80747,0.80754,0.80692,0.80719
2026-05-18 16:15:00,0.80719,0.80751,0.80698,0.80746
2026-05-18 16:30:00,0.80747,0.80758,0.80679,0.80709
2026-05-18 16:45:00,0.8071,0.80821,0.80705,0.80765
2026-05-18 17:00:00,0.80766,0.80768,0.80664,0.80679
2026-05-18 17:15:00,0.8068,0.80708,0.80606,0.80606
2026-05-18 17:30:00,0.80609,0.80616,0.80536,0.80566
2026-05-18 17:45:00,0.80567,0.80618,0.80561,0.80574
2026-05-18 18:00:00,0.80575,0.80582,0.80521,0.80567
2026-05-18 18:15:00,0.80566,0.80585,0.80544,0.80555
2026-05-18 18:30:00,0.80554,0.80615,0.80544,0.80591
2026-05-18 18:45:00,0.8059,0.80644,0.80587,0.80619
2026-05-18 19:00:00,0.80618,0.80656,0.80605,0.80655
2026-05-18 19:15:00,0.80653,0.80677,0.80606,0.80616
2026-05-18 19:30:00,0.80616,0.80663,0.80602,0.80639
2026-05-18 19:45:00,0.80638,0.807,0.80636,0.80671
2026-05-18 20:00:00,0.8067,0.80695,0.8065,0.80679
2026-05-18 20:15:00,0.80679,0.80708,0.80676,0.8069
2026-05-18 20:30:00,0.8069,0.80693,0.8067,0.80684
2026-05-18 20:45:00,0.80683,0.80691,0.80664,0.80665
2026-05-18 21:00:00,0.80666,0.80669,0.8063,0.80631
2026-05-18 21:15:00,0.80631,0.80631,0.80563,0.80596
2026-05-18 21:30:00,0.80596,0.80625,0.80583,0.80599
2026-05-18 21:45:00,0.806,0.80602,0.80558,0.80564
2026-05-18 22:00:00,0.80563,0.80792,0.80558,0.80685
2026-05-18 22:15:00,0.80687,0.80706,0.80647,0.80677
2026-05-18 22:30:00,0.80678,0.80735,0.80675,0.80733
2026-05-18 22:45:00,0.80731,0.80766,0.80714,0.80719
2026-05-18 23:00:00,0.80719,0.80743,0.80716,0.80737
2026-05-18 23:15:00,0.80738,0.80746,0.80732,0.8074
2026-05-18 23:30:00,0.80737,0.8074,0.80714,0.80732
2026-05-18 23:45:00,0.80732,0.80732,0.80704,0.80708
2026-05-19 00:00:00,0.80544,0.80633,0.80544,0.80624
2026-05-19 00:15:00,0.80624,0.80683,0.8059,0.80683
2026-05-19 00:30:00,0.80692,0.80709,0.80636,0.807
2026-05-19 00:45:00,0.80699,0.80714,0.80684,0.80689
2026-05-19 01:00:00,0.80689,0.80765,0.80689,0.80729
2026-05-19 01:15:00,0.80727,0.80744,0.80726,0.80732
2026-05-19 01:30:00,0.80733,0.80742,0.80725,0.80732
2026-05-19 01:45:00,0.80732,0.80752,0.8073,0.80745
2026-05-19 02:00:00,0.80745,0.80755,0.80725,0.80726
2026-05-19 02:15:00,0.80725,0.80756,0.80724,0.80743
2026-05-19 02:30:00,0.80744,0.8075,0.80732,0.80749
2026-05-19 02:45:00,0.80749,0.8075,0.80687,0.8069
2026-05-19 03:00:00,0.80689,0.80708,0.80629,0.80651
2026-05-19 03:15:00,0.80651,0.80679,0.8062,0.80636
2026-05-19 03:30:00,0.80637,0.80643,0.80587,0.80598
2026-05-19 03:45:00,0.80596,0.80607,0.80554,0.80561
2026-05-19 04:00:00,0.8056,0.8056,0.80514,0.8055
2026-05-19 04:15:00,0.80552,0.8056,0.80514,0.80529
2026-05-19 04:30:00,0.8053,0.80577,0.80485,0.80574
2026-05-19 04:45:00,0.80574,0.80579,0.80526,0.80527
2026-05-19 05:00:00,0.80522,0.80524,0.80469,0.8048
2026-05-19 05:15:00,0.80482,0.80536,0.80466,0.80518
2026-05-19 05:30:00,0.80518,0.80534,0.80502,0.8052
2026-05-19 05:45:00,0.8052,0.80523,0.80477,0.80495
2026-05-19 06:00:00,0.80494,0.80496,0.80462,0.8049
2026-05-19 06:15:00,0.80489,0.8051,0.80485,0.80496
2026-05-19 06:30:00,0.80497,0.8053,0.80496,0.80507
2026-05-19 06:45:00,0.80505,0.80506,0.80468,0.80478
2026-05-19 07:00:00,0.80479,0.80522,0.80468,0.80514
2026-05-19 07:15:00,0.80513,0.80516,0.80478,0.8049
2026-05-19 07:30:00,0.80491,0.80513,0.80467,0.80474
2026-05-19 07:45:00,0.80476,0.80484,0.80459,0.8047
2026-05-19 08:00:00,0.80472,0.805,0.8046,0.80494
2026-05-19 08:15:00,0.80494,0.80494,0.80446,0.80451
2026-05-19 08:30:00,0.8045,0.80477,0.80439,0.80472
2026-05-19 08:45:00,0.80471,0.80517,0.80452,0.80497
2026-05-19 09:00:00,0.805,0.80508,0.80461,0.80494
2026-05-19 09:15:00,0.80493,0.80535,0.80474,0.80517
2026-05-19 09:30:00,0.80517,0.80539,0.80502,0.80525
2026-05-19 09:45:00,0.80523,0.80528,0.80504,0.80513
2026-05-19 10:00:00,0.80511,0.80513,0.80461,0.80479
2026-05-19 10:15:00,0.8048,0.80502,0.80463,0.80491
2026-05-19 10:30:00,0.80491,0.80498,0.80459,0.80462
2026-05-19 10:45:00,0.80463,0.80503,0.8043,0.8044
2026-05-19 11:00:00,0.80445,0.8045,0.80358,0.80376
2026-05-19 11:15:00,0.80376,0.80436,0.80372,0.80422
2026-05-19 11:30:00,0.80424,0.80449,0.80393,0.80405
2026-05-19 11:45:00,0.80405,0.80447,0.80402,0.80436
2026-05-19 12:00:00,0.80435,0.80437,0.80409,0.8042
2026-05-19 12:15:00,0.80418,0.80426,0.80373,0.80412
2026-05-19 12:30:00,0.80413,0.80428,0.80377,0.80411
2026-05-19 12:45:00,0.80409,0.8043,0.80384,0.80396
2026-05-19 13:00:00,0.80396,0.80433,0.80375,0.80431
2026-05-19 13:15:00,0.8043,0.8048,0.80427,0.80461
2026-05-19 13:30:00,0.80463,0.80485,0.80375,0.80383
2026-05-19 13:45:00,0.80384,0.80449,0.80382,0.80431
2026-05-19 14:00:00,0.80431,0.80452,0.80368,0.8037
2026-05-19 14:15:00,0.80372,0.80393,0.80339,0.80354
2026-05-19 14:30:00,0.80354,0.80377,0.80348,0.8036
2026-05-19 14:45:00,0.80361,0.80376,0.80336,0.80364
2026-05-19 15:00:00,0.80363,0.80427,0.80342,0.8042
2026-05-19 15:15:00,0.80421,0.80421,0.80381,0.80398
2026-05-19 15:30:00,0.8039,0.80525,0.80384,0.80474
2026-05-19 15:45:00,0.80476,0.80493,0.80389,0.80393
2026-05-19 16:00:00,0.80392,0.80404,0.80307,0.80346
2026-05-19 16:15:00,0.80344,0.80351,0.80206,0.80218
2026-05-19 16:30:00,0.80221,0.80296,0.80206,0.80279
2026-05-19 16:45:00,0.8028,0.80341,0.8024,0.80316
2026-05-19 17:00:00,0.80319,0.80323,0.80208,0.80215
2026-05-19 17:15:00,0.80214,0.80214,0.80098,0.80125
2026-05-19 17:30:00,0.80124,0.80163,0.80098,0.80157
2026-05-19 17:45:00,0.80159,0.80199,0.80117,0.80175
2026-05-19 18:00:00,0.80174,0.80217,0.80158,0.8017
2026-05-19 18:15:00,0.80171,0.80197,0.80155,0.80175
2026-05-19 18:30:00,0.80174,0.80233,0.80169,0.80208
2026-05-19 18:45:00,0.80208,0.80232,0.80198,0.80205
2026-05-19 19:00:00,0.80208,0.80211,0.8017,0.80184
2026-05-19 19:15:00,0.80183,0.80227,0.80176,0.80222
2026-05-19 19:30:00,0.80219,0.80254,0.80216,0.80246
2026-05-19 19:45:00,0.80246,0.80264,0.80233,0.80251
2026-05-19 20:00:00,0.80251,0.80313,0.8025,0.80311
2026-05-19 20:15:00,0.80309,0.80322,0.80292,0.80297
2026-05-19 20:30:00,0.80296,0.80305,0.80265,0.80281
2026-05-19 20:45:00,0.80281,0.80299,0.80258,0.80292
2026-05-19 21:00:00,0.80293,0.8031,0.80283,0.8029
2026-05-19 21:15:00,0.80289,0.80293,0.80243,0.80245
2026-05-19 21:30:00,0.80244,0.80266,0.80223,0.8026
2026-05-19 21:45:00,0.8026,0.8026,0.80205,0.80213
2026-05-19 22:00:00,0.80213,0.8025,0.802,0.80249
2026-05-19 22:15:00,0.80248,0.80253,0.80204,0.80217
2026-05-19 22:30:00,0.80218,0.80241,0.80214,0.80227
2026-05-19 22:45:00,0.80226,0.8025,0.8022,0.80239
2026-05-19 23:00:00,0.8024,0.80251,0.80229,0.80237
2026-05-19 23:15:00,0.80234,0.8024,0.80215,0.80228
2026-05-19 23:30:00,0.80229,0.80247,0.8022,0.8022
2026-05-19 23:45:00,0.8022,0.8022,0.80184,0.80186
2026-05-20 00:00:00,0.80094,0.80181,0.80094,0.80139
2026-05-20 00:15:00,0.80153,0.80238,0.80049,0.80213
2026-05-20 00:30:00,0.80213,0.80233,0.80195,0.80225
2026-05-20 00:45:00,0.80225,0.80231,0.80197,0.80212
2026-05-20 01:00:00,0.80212,0.80224,0.80173,0.80183
2026-05-20 01:15:00,0.80183,0.80204,0.80183,0.80201
2026-05-20 01:30:00,0.80195,0.80202,0.80189,0.80198
2026-05-20 01:45:00,0.80196,0.80202,0.80194,0.802
2026-05-20 02:00:00,0.802,0.80219,0.802,0.80217
2026-05-20 02:15:00,0.80217,0.80228,0.80215,0.80224
2026-05-20 02:30:00,0.80223,0.80254,0.80221,0.80225
2026-05-20 02:45:00,0.80225,0.80226,0.80175,0.80187
2026-05-20 03:00:00,0.80185,0.80197,0.80159,0.80165
2026-05-20 03:15:00,0.80166,0.8018,0.80143,0.80148
2026-05-20 03:30:00,0.80151,0.80172,0.80113,0.80118
2026-05-20 03:45:00,0.80117,0.80137,0.8008,0.80085
2026-05-20 04:00:00,0.80086,0.80144,0.80084,0.80102
2026-05-20 04:15:00,0.80103,0.80104,0.80025,0.80033
2026-05-20 04:30:00,0.80034,0.80056,0.80011,0.8005
2026-05-20 04:45:00,0.80052,0.80109,0.80038,0.80094
2026-05-20 05:00:00,0.80095,0.80132,0.80093,0.80122
2026-05-20 05:15:00,0.8012,0.80151,0.80105,0.80108
2026-05-20 05:30:00,0.80107,0.8011,0.80037,0.80075
2026-05-20 05:45:00,0.80077,0.80099,0.80072,0.80075
2026-05-20 06:00:00,0.80074,0.8012,0.80061,0.80083
2026-05-20 06:15:00,0.80084,0.80168,0.80083,0.80161
2026-05-20 06:30:00,0.80159,0.80246,0.80152,0.80232
2026-05-20 06:45:00,0.80232,0.8025,0.80211,0.80238
2026-05-20 07:00:00,0.80237,0.80296,0.80237,0.80293
2026-05-20 07:15:00,0.80293,0.80293,0.8024,0.80253
2026-05-20 07:30:00,0.80251,0.80254,0.80164,0.80206
2026-05-20 07:45:00,0.80207,0.80209,0.80176,0.80185
2026-05-20 08:00:00,0.80186,0.80236,0.80182,0.8021
2026-05-20 08:15:00,0.8021,0.80231,0.80193,0.80198
2026-05-20 08:30:00,0.80198,0.80236,0.80188,0.80193
2026-05-20 08:45:00,0.80191,0.80204,0.80158,0.80201
2026-05-20 09:00:00,0.80205,0.80255,0.80186,0.80251
2026-05-20 09:15:00,0.80251,0.80322,0.8025,0.80298
2026-05-20 09:30:00,0.80302,0.80302,0.80269,0.80273
2026-05-20 09:45:00,0.80273,0.80307,0.80266,0.80304
2026-05-20 10:00:00,0.80304,0.80384,0.80288,0.80357
2026-05-20 10:15:00,0.80357,0.80372,0.80322,0.80367
2026-05-20 10:30:00,0.80367,0.80369,0.80341,0.8035
2026-05-20 10:45:00,0.8035,0.8036,0.80338,0.80348
2026-05-20 11:00:00,0.80347,0.8039,0.80326,0.8034
2026-05-20 11:15:00,0.8034,0.80355,0.80319,0.80352
2026-05-20 11:30:00,0.80354,0.80416,0.80353,0.80398
2026-05-20 11:45:00,0.80399,0.80428,0.80399,0.80413
2026-05-20 12:00:00,0.80413,0.80443,0.80408,0.80417
2026-05-20 12:15:00,0.80417,0.80428,0.8037,0.80399
2026-05-20 12:30:00,0.80397,0.80433,0.8038,0.80381
2026-05-20 12:45:00,0.80383,0.80431,0.80382,0.8041
2026-05-20 13:00:00,0.80411,0.80447,0.8041,0.80445
2026-05-20 13:15:00,0.80444,0.80453,0.80417,0.80428
2026-05-20 13:30:00,0.80429,0.80487,0.80426,0.80454
2026-05-20 13:45:00,0.80455,0.80478,0.80445,0.80468
2026-05-20 14:00:00,0.80468,0.8047,0.80434,0.80437
2026-05-20 14:15:00,0.80437,0.80465,0.80424,0.80459
2026-05-20 14:30:00,0.80461,0.80474,0.80439,0.80449
2026-05-20 14:45:00,0.80449,0.80455,0.80403,0.8041
2026-05-20 15:00:00,0.80411,0.80448,0.80403,0.80427
2026-05-20 15:15:00,0.80426,0.80454,0.80375,0.80449
2026-05-20 15:30:00,0.80452,0.80464,0.80405,0.80408
2026-05-20 15:45:00,0.80404,0.8042,0.8037,0.80378
2026-05-20 16:00:00,0.80377,0.804,0.80367,0.80398
2026-05-20 16:15:00,0.80399,0.80402,0.80324,0.80324
2026-05-20 16:30:00,0.80325,0.80406,0.8032,0.80405
2026-05-20 16:45:00,0.80406,0.80458,0.80399,0.80419
2026-05-20 17:00:00,0.8042,0.80463,0.80369,0.80438
2026-05-20 17:15:00,0.80444,0.806,0.80437,0.80564
2026-05-20 17:30:00,0.80565,0.80638,0.80564,0.80613
2026-05-20 17:45:00,0.80614,0.80662,0.80592,0.8064
2026-05-20 18:00:00,0.80642,0.80699,0.80614,0.80658
2026-05-20 18:15:00,0.80657,0.80867,0.80647,0.8068
2026-05-20 18:30:00,0.8068,0.80759,0.80675,0.80718
2026-05-20 18:45:00,0.80719,0.80765,0.80659,0.80677
2026-05-20 19:00:00,0.80678,0.80729,0.8067,0.80717
2026-05-20 19:15:00,0.80718,0.80718,0.80628,0.80649
2026-05-20 19:30:00,0.80651,0.80675,0.80611,0.80675
2026-05-20 19:45:00,0.80674,0.80716,0.80653,0.80709
2026-05-20 20:00:00,0.80708,0.80746,0.8069,0.80733
2026-05-20 20:15:00,0.80732,0.80744,0.80703,0.80733
2026-05-20 20:30:00,0.80734,0.80747,0.80699,0.80713
2026-05-20 20:45:00,0.80714,0.80736,0.80695,0.80695
2026-05-20 21:00:00,0.80694,0.8072,0.80677,0.80711
2026-05-20 21:15:00,0.80712,0.80731,0.80696,0.80721
2026-05-20 21:30:00,0.80722,0.80753,0.80699,0.80703
2026-05-20 21:45:00,0.80701,0.80767,0.80697,0.80748
2026-05-20 22:00:00,0.80746,0.80779,0.80732,0.80738
2026-05-20 22:15:00,0.80737,0.80761,0.80737,0.80756
2026-05-20 22:30:00,0.80754,0.80761,0.80722,0.8073
2026-05-20 22:45:00,0.80729,0.80734,0.807,0.80706
2026-05-20 23:00:00,0.80705,0.80714,0.80695,0.80704
2026-05-20 23:15:00,0.80704,0.80706,0.80683,0.8069
2026-05-20 23:30:00,0.8069,0.80693,0.80656,0.80671
2026-05-20 23:45:00,0.8067,0.80672,0.80659,0.8066
2026-05-21 00:00:00,0.80529,0.80544,0.80464,0.80539
2026-05-21 00:15:00,0.80553,0.80636,0.80546,0.8062
2026-05-21 00:30:00,0.80613,0.8065,0.80609,0.80643
2026-05-21 00:45:00,0.8064,0.80658,0.806,0.80622
2026-05-21 01:00:00,0.80623,0.8067,0.80615,0.80669
2026-05-21 01:15:00,0.80668,0.80675,0.80648,0.80661
2026-05-21 01:30:00,0.8066,0.80675,0.8066,0.80673
2026-05-21 01:45:00,0.80672,0.80677,0.80665,0.80676
2026-05-21 02:00:00,0.80677,0.80681,0.80666,0.80672
2026-05-21 02:15:00,0.80672,0.80674,0.80658,0.80663
2026-05-21 02:30:00,0.80662,0.80665,0.80643,0.80654
2026-05-21 02:45:00,0.80654,0.80667,0.80647,0.80652
2026-05-21 03:00:00,0.80653,0.80654,0.80582,0.80595
2026-05-21 03:15:00,0.80594,0.80617,0.80567,0.80615
2026-05-21 03:30:00,0.80615,0.80623,0.80598,0.80614
2026-05-21 03:45:00,0.80614,0.80634,0.80599,0.806
2026-05-21 04:00:00,0.80599,0.80673,0.80599,0.80659
2026-05-21 04:15:00,0.8066,0.80673,0.80636,0.80639
2026-05-21 04:30:00,0.80638,0.80759,0.80615,0.80728
2026-05-21 04:45:00,0.80729,0.80731,0.80577,0.80584
2026-05-21 05:00:00,0.80585,0.8066,0.80578,0.80602
2026-05-21 05:15:00,0.80603,0.80606,0.80539,0.8057
2026-05-21 05:30:00,0.80571,0.806,0.80541,0.80568
2026-05-21 05:45:00,0.80567,0.80601,0.80522,0.80595
2026-05-21 06:00:00,0.80595,0.80613,0.80576,0.80584
2026-05-21 06:15:00,0.80589,0.8062,0.80578,0.80604
2026-05-21 06:30:00,0.80603,0.80636,0.80599,0.80632
2026-05-21 06:45:00,0.80633,0.80642,0.80611,0.80632
2026-05-21 07:00:00,0.80633,0.80652,0.80626,0.8065
2026-05-21 07:15:00,0.80649,0.80682,0.80647,0.80675
2026-05-21 07:30:00,0.80673,0.80686,0.80652,0.80674
2026-05-21 07:45:00,0.80675,0.80696,0.80668,0.80683
2026-05-21 08:00:00,0.80682,0.80696,0.8064,0.80656
2026-05-21 08:15:00,0.80655,0.80671,0.80639,0.80653
2026-05-21 08:30:00,0.80653,0.80667,0.80637,0.80647
2026-05-21 08:45:00,0.80646,0.80668,0.80606,0.80661
2026-05-21 09:00:00,0.80661,0.80684,0.8065,0.8066
2026-05-21 09:15:00,0.80659,0.80661,0.8059,0.80622
2026-05-21 09:30:00,0.80622,0.80624,0.80531,0.80551
2026-05-21 09:45:00,0.80552,0.80587,0.80542,0.80583
2026-05-21 10:00:00,0.8058,0.80621,0.80559,0.8061
2026-05-21 10:15:00,0.8061,0.8061,0.80546,0.80557
2026-05-21 10:30:00,0.80558,0.80667,0.80558,0.80663
2026-05-21 10:45:00,0.80663,0.80721,0.80663,0.80687
2026-05-21 11:00:00,0.80688,0.80804,0.80685,0.80796
2026-05-21 11:15:00,0.80797,0.8083,0.80732,0.80798
2026-05-21 11:30:00,0.80797,0.80801,0.8075,0.80752
2026-05-21 11:45:00,0.80753,0.80789,0.80734,0.80738
2026-05-21 12:00:00,0.80738,0.80807,0.80734,0.80796
2026-05-21 12:15:00,0.80793,0.8084,0.80783,0.80823
2026-05-21 12:30:00,0.80823,0.80835,0.80773,0.80777
2026-05-21 12:45:00,0.80777,0.80797,0.80767,0.80796
2026-05-21 13:00:00,0.80798,0.80811,0.80775,0.80776
2026-05-21 13:15:00,0.80776,0.80791,0.80622,0.80638
2026-05-21 13:30:00,0.80639,0.80642,0.80537,0.80588
2026-05-21 13:45:00,0.8059,0.80607,0.8055,0.80574
2026-05-21 14:00:00,0.80572,0.80649,0.80572,0.80644
2026-05-21 14:15:00,0.80642,0.80693,0.80638,0.8068
2026-05-21 14:30:00,0.80681,0.80687,0.8062,0.80634
2026-05-21 14:45:00,0.80632,0.80651,0.80582,0.80613
2026-05-21 15:00:00,0.80614,0.80657,0.8061,0.80657
2026-05-21 15:15:00,0.80656,0.80657,0.80599,0.80602
2026-05-21 15:30:00,0.80607,0.80715,0.806,0.80666
2026-05-21 15:45:00,0.80664,0.80675,0.80611,0.80617
2026-05-21 16:00:00,0.80617,0.8068,0.80604,0.80661
2026-05-21 16:15:00,0.8066,0.8068,0.80634,0.80679
2026-05-21 16:30:00,0.8068,0.80683,0.80598,0.8061
2026-05-21 16:45:00,0.80611,0.80774,0.80603,0.80744
2026-05-21 17:00:00,0.80744,0.8079,0.80728,0.80784
2026-05-21 17:15:00,0.80782,0.80784,0.8072,0.80768
2026-05-21 17:30:00,0.80769,0.80836,0.80768,0.80829
2026-05-21 17:45:00,0.8083,0.80843,0.80796,0.80806
2026-05-21 18:00:00,0.80808,0.80812,0.80691,0.80737
2026-05-21 18:15:00,0.80736,0.80758,0.80683,0.80686
2026-05-21 18:30:00,0.80686,0.80737,0.80671,0.80706
2026-05-21 18:45:00,0.80705,0.80734,0.80704,0.80726
2026-05-21 19:00:00,0.80728,0.80782,0.80725,0.80775
2026-05-21 19:15:00,0.80776,0.80789,0.80758,0.80784
2026-05-21 19:30:00,0.80787,0.80791,0.80762,0.80782
2026-05-21 19:45:00,0.80782,0.80785,0.80752,0.80775
2026-05-21 20:00:00,0.80775,0.80865,0.80757,0.80863
2026-05-21 20:15:00,0.80863,0.80999,0.80863,0.80988
2026-05-21 20:30:00,0.80987,0.81073,0.80964,0.81068
2026-05-21 20:45:00,0.81066,0.811,0.81028,0.81044
2026-05-21 21:00:00,0.81043,0.81065,0.80958,0.8097
2026-05-21 21:15:00,0.80971,0.80988,0.80957,0.80962
2026-05-21 21:30:00,0.80964,0.81003,0.80956,0.8098
2026-05-21 21:45:00,0.80981,0.80992,0.80851,0.80892
2026-05-21 22:00:00,0.80892,0.80937,0.80887,0.80927
2026-05-21 22:15:00,0.80927,0.80975,0.80926,0.80969
2026-05-21 22:30:00,0.80969,0.80997,0.80958,0.80959
2026-05-21 22:45:00,0.8096,0.80989,0.8092,0.8097
2026-05-21 23:00:00,0.8097,0.80981,0.80923,0.80933
2026-05-21 23:15:00,0.80932,0.80932,0.80913,0.80926
2026-05-21 23:30:00,0.80928,0.80938,0.80917,0.80925
2026-05-21 23:45:00,0.80925,0.80935,0.80911,0.80915
2026-05-22 00:00:00,0.80764,0.8093,0.80764,0.80911
2026-05-22 00:15:00,0.80917,0.80956,0.80913,0.80939
2026-05-22 00:30:00,0.80939,0.80951,0.80864,0.80901
2026-05-22 00:45:00,0.80901,0.80914,0.80791,0.80806
2026-05-22 01:00:00,0.80813,0.80949,0.80813,0.80948
2026-05-22 01:15:00,0.80948,0.80955,0.80934,0.80938
2026-05-22 01:30:00,0.80938,0.80946,0.80924,0.80945
2026-05-22 01:45:00,0.80952,0.80979,0.80944,0.80976
2026-05-22 02:00:00,0.80976,0.80992,0.8096,0.80965
2026-05-22 02:15:00,0.80964,0.80973,0.80947,0.80972
2026-05-22 02:30:00,0.80973,0.80975,0.80961,0.80961
2026-05-22 02:45:00,0.8096,0.80999,0.80959,0.80971
2026-05-22 03:00:00,0.80975,0.81007,0.80959,0.80969
2026-05-22 03:15:00,0.80969,0.8097,0.80948,0.80959
2026-05-22 03:30:00,0.80959,0.80972,0.80939,0.80969
2026-05-22 03:45:00,0.80968,0.80979,0.80946,0.80947
2026-05-22 04:00:00,0.80945,0.80955,0.8092,0.80946
2026-05-22 04:15:00,0.80945,0.8097,0.80934,0.80962
2026-05-22 04:30:00,0.80964,0.80989,0.80937,0.80987
2026-05-22 04:45:00,0.80987,0.81022,0.80971,0.80974
2026-05-22 05:00:00,0.80974,0.81003,0.80972,0.80979
2026-05-22 05:15:00,0.8098,0.80989,0.80974,0.80979
2026-05-22 05:30:00,0.80978,0.81017,0.80974,0.8101
2026-05-22 05:45:00,0.81011,0.81012,0.80969,0.8099
2026-05-22 06:00:00,0.80991,0.81001,0.80948,0.8095
2026-05-22 06:15:00,0.80949,0.80972,0.80948,0.80961
2026-05-22 06:30:00,0.80962,0.8097,0.8095,0.80952
2026-05-22 06:45:00,0.80953,0.80986,0.80946,0.80983
2026-05-22 07:00:00,0.80983,0.81017,0.80982,0.81005
2026-05-22 07:15:00,0.81004,0.81007,0.80988,0.80991
2026-05-22 07:30:00,0.80991,0.80996,0.80974,0.80992
2026-05-22 07:45:00,0.80992,0.80998,0.80983,0.80997
2026-05-22 08:00:00,0.80998,0.81019,0.80992,0.81009
2026-05-22 08:15:00,0.81009,0.81014,0.80999,0.81008
2026-05-22 08:30:00,0.81007,0.81026,0.81003,0.81015
2026-05-22 08:45:00,0.81014,0.81035,0.80953,0.80969
2026-05-22 09:00:00,0.80969,0.80992,0.80953,0.80984
2026-05-22 09:15:00,0.80983,0.80985,0.80925,0.8094
2026-05-22 09:30:00,0.8094,0.80953,0.80917,0.80928
2026-05-22 09:45:00,0.80928,0.80931,0.80893,0.809
2026-05-22 10:00:00,0.809,0.80904,0.80826,0.80834
2026-05-22 10:15:00,0.80831,0.80866,0.80825,0.80845
2026-05-22 10:30:00,0.80843,0.80849,0.80822,0.80842
2026-05-22 10:45:00,0.80843,0.80861,0.8082,0.80857
2026-05-22 11:00:00,0.80856,0.80861,0.80823,0.80828
2026-05-22 11:15:00,0.80829,0.80915,0.80821,0.80841
2026-05-22 11:30:00,0.80842,0.80855,0.80784,0.8082
2026-05-22 11:45:00,0.80819,0.80832,0.80785,0.80795
2026-05-22 12:00:00,0.80794,0.80795,0.80739,0.80747
2026-05-22 12:15:00,0.80746,0.80771,0.80735,0.80757
2026-05-22 12:30:00,0.80756,0.8078,0.8075,0.80763
2026-05-22 12:45:00,0.80762,0.80787,0.80752,0.80766
2026-05-22 13:00:00,0.80764,0.80803,0.80759,0.80771
2026-05-22 13:15:00,0.8077,0.80805,0.80769,0.80781
2026-05-22 13:30:00,0.8078,0.80802,0.80743,0.808
2026-05-22 13:45:00,0.808,0.80801,0.80761,0.80767
2026-05-22 14:00:00,0.80768,0.80778,0.80742,0.80745
2026-05-22 14:15:00,0.80745,0.80757,0.80719,0.80743
2026-05-22 14:30:00,0.80743,0.80761,0.80724,0.80751
2026-05-22 14:45:00,0.80751,0.80793,0.8075,0.80775
2026-05-22 15:00:00,0.80774,0.80863,0.80742,0.80837
2026-05-22 15:15:00,0.80836,0.80872,0.80786,0.80803
2026-05-22 15:30:00,0.80804,0.80822,0.80766,0.80791
2026-05-22 15:45:00,0.80791,0.80875,0.80791,0.80875
2026-05-22 16:00:00,0.80875,0.80929,0.80841,0.80895
2026-05-22 16:15:00,0.80895,0.80907,0.80846,0.80867
2026-05-22 16:30:00,0.80866,0.80882,0.80803,0.8081
2026-05-22 16:45:00,0.80809,0.80817,0.8075,0.80786
2026-05-22 17:00:00,0.80782,0.80785,0.80705,0.80742
2026-05-22 17:15:00,0.80741,0.80773,0.80728,0.80772
2026-05-22 17:30:00,0.80771,0.80826,0.80761,0.80825
2026-05-22 17:45:00,0.80824,0.80875,0.80786,0.80854
2026-05-22 18:00:00,0.80853,0.8089,0.8082,0.80869
2026-05-22 18:15:00,0.8087,0.80885,0.80847,0.80881
2026-05-22 18:30:00,0.80883,0.80914,0.80864,0.80902
2026-05-22 18:45:00,0.809,0.80913,0.80883,0.80895
2026-05-22 19:00:00,0.80894,0.80913,0.80875,0.80898
2026-05-22 19:15:00,0.80897,0.80928,0.80876,0.80927
2026-05-22 19:30:00,0.80928,0.80937,0.80891,0.80891
2026-05-22 19:45:00,0.80892,0.80906,0.80883,0.80892
2026-05-22 20:00:00,0.80893,0.80934,0.80887,0.80926
2026-05-22 20:15:00,0.80926,0.80953,0.80875,0.80945
2026-05-22 20:30:00,0.80948,0.80988,0.80938,0.80944
2026-05-22 20:45:00,0.80943,0.8095,0.80925,0.80931
2026-05-22 21:00:00,0.8093,0.80941,0.80886,0.80894
2026-05-22 21:15:00,0.80893,0.8091,0.80886,0.80887
2026-05-22 21:30:00,0.80886,0.80904,0.80865,0.80888
2026-05-22 21:45:00,0.80888,0.80896,0.80872,0.80893
2026-05-22 22:00:00,0.80893,0.80898,0.80856,0.80869
2026-05-22 22:15:00,0.8087,0.80881,0.80831,0.80834
2026-05-22 22:30:00,0.80838,0.80851,0.80823,0.80848
2026-05-22 22:45:00,0.80848,0.80873,0.80843,0.80868
2026-05-22 23:00:00,0.80867,0.80873,0.80851,0.80861
2026-05-22 23:15:00,0.80861,0.80863,0.80844,0.80844
2026-05-22 23:30:00,0.80843,0.80858,0.8082,0.80829
2026-05-22 23:45:00,0.80829,0.80838,0.80771,0.80786
2026-05-25 00:00:00,0.81044,0.81117,0.8101,0.81027
2026-05-25 00:15:00,0.81027,0.81105,0.81023,0.81065
2026-05-25 00:30:00,0.81064,0.81071,0.81029,0.81058
2026-05-25 00:45:00,0.8106,0.81092,0.81,0.81084
2026-05-25 01:00:00,0.81018,0.81121,0.81018,0.81084
2026-05-25 01:15:00,0.81085,0.81095,0.81048,0.81055
2026-05-25 01:30:00,0.81054,0.81088,0.81039,0.81088
2026-05-25 01:45:00,0.81087,0.81124,0.81083,0.81111
2026-05-25 02:00:00,0.81111,0.81145,0.81111,0.81118
2026-05-25 02:15:00,0.81118,0.81119,0.81095,0.81099
2026-05-25 02:30:00,0.81099,0.81112,0.81086,0.811
2026-05-25 02:45:00,0.81099,0.811,0.81047,0.8105
2026-05-25 03:00:00,0.81048,0.81073,0.81025,0.81068
2026-05-25 03:15:00,0.81066,0.81113,0.8106,0.81113
2026-05-25 03:30:00,0.81113,0.81129,0.81085,0.81088
2026-05-25 03:45:00,0.81091,0.81156,0.81048,0.81059
2026-05-25 04:00:00,0.8106,0.81118,0.81058,0.81117
2026-05-25 04:15:00,0.81116,0.81139,0.81096,0.81139
2026-05-25 04:30:00,0.81138,0.81139,0.81082,0.81082
2026-05-25 04:45:00,0.81084,0.81099,0.8106,0.81061
2026-05-25 05:00:00,0.81061,0.81089,0.8106,0.81068
2026-05-25 05:15:00,0.81069,0.81105,0.81056,0.8109
2026-05-25 05:30:00,0.81089,0.81094,0.81062,0.81076
2026-05-25 05:45:00,0.81076,0.81078,0.81029,0.8104
2026-05-25 06:00:00,0.81039,0.81055,0.81028,0.81047
2026-05-25 06:15:00,0.81046,0.81064,0.81034,0.81062
2026-05-25 06:30:00,0.81061,0.81073,0.81055,0.81062
2026-05-25 06:45:00,0.8106,0.81064,0.81045,0.81054
2026-05-25 07:00:00,0.81053,0.81068,0.81049,0.81056
2026-05-25 07:15:00,0.81057,0.81098,0.81055,0.81097
2026-05-25 07:30:00,0.81097,0.81128,0.81089,0.81125
2026-05-25 07:45:00,0.81124,0.81144,0.81121,0.81124
2026-05-25 08:00:00,0.81123,0.81144,0.81118,0.81136
2026-05-25 08:15:00,0.81137,0.81141,0.81114,0.81118
2026-05-25 08:30:00,0.81117,0.81148,0.81108,0.81141
2026-05-25 08:45:00,0.8114,0.81147,0.81106,0.81113
2026-05-25 09:00:00,0.81113,0.8116,0.81102,0.81148
2026-05-25 09:15:00,0.81148,0.81149,0.81105,0.81111
2026-05-25 09:30:00,0.81112,0.8113,0.81103,0.81103
2026-05-25 09:45:00,0.81104,0.81129,0.81099,0.81111
2026-05-25 10:00:00,0.81112,0.81122,0.81073,0.81081
2026-05-25 10:15:00,0.81081,0.81083,0.81005,0.81049
2026-05-25 10:30:00,0.81051,0.81104,0.81049,0.81083
2026-05-25 10:45:00,0.81083,0.81087,0.81069,0.81083
2026-05-25 11:00:00,0.81085,0.81119,0.81074,0.81095
2026-05-25 11:15:00,0.81095,0.81105,0.81077,0.8108
2026-05-25 11:30:00,0.8108,0.81112,0.81077,0.81102
2026-05-25 11:45:00,0.81101,0.81112,0.81085,0.81104
2026-05-25 12:00:00,0.81105,0.81124,0.81102,0.81116
2026-05-25 12:15:00,0.81115,0.8112,0.811,0.81101
2026-05-25 12:30:00,0.81101,0.81113,0.81094,0.81105
2026-05-25 12:45:00,0.81106,0.81108,0.81088,0.81091
2026-05-25 13:00:00,0.8109,0.81105,0.81085,0.81096
2026-05-25 13:15:00,0.81095,0.81103,0.81076,0.81078
2026-05-25 13:30:00,0.81077,0.81091,0.8107,0.81091
2026-05-25 13:45:00,0.81092,0.81096,0.81075,0.81083
2026-05-25 14:00:00,0.81082,0.81117,0.8107,0.81108
2026-05-25 14:15:00,0.8111,0.81119,0.81096,0.81103
2026-05-25 14:30:00,0.81104,0.81146,0.811,0.81143
2026-05-25 14:45:00,0.81144,0.81159,0.81123,0.81125
2026-05-25 15:00:00,0.81126,0.81149,0.81112,0.81142
2026-05-25 15:15:00,0.81143,0.81156,0.81132,0.81139
2026-05-25 15:30:00,0.8114,0.81164,0.81137,0.81163
2026-05-25 15:45:00,0.81164,0.81167,0.81108,0.81115
2026-05-25 16:00:00,0.81115,0.81131,0.81096,0.81108
2026-05-25 16:15:00,0.81108,0.81109,0.81072,0.81084
2026-05-25 16:30:00,0.81085,0.81102,0.81065,0.81071
2026-05-25 16:45:00,0.8107,0.81095,0.81056,0.81059
2026-05-25 17:00:00,0.81058,0.81078,0.81041,0.81043
2026-05-25 17:15:00,0.81045,0.81063,0.81044,0.81059
2026-05-25 17:30:00,0.81059,0.8107,0.81043,0.81064
2026-05-25 17:45:00,0.81061,0.81084,0.81054,0.81079
2026-05-25 18:00:00,0.81079,0.8109,0.81022,0.81062
2026-05-25 18:15:00,0.81063,0.8108,0.81049,0.81075
2026-05-25 18:30:00,0.81074,0.81079,0.81057,0.81059
2026-05-25 18:45:00,0.81059,0.81064,0.81017,0.81024
2026-05-25 19:00:00,0.81025,0.81026,0.81004,0.8101
2026-05-25 19:15:00,0.81009,0.8102,0.80997,0.81008
2026-05-25 19:30:00,0.81007,0.81024,0.81002,0.81017
2026-05-25 19:45:00,0.81022,0.81058,0.81019,0.81053
2026-05-25 20:00:00,0.81054,0.81054,0.8104,0.8105
2026-05-25 20:15:00,0.8105,0.81075,0.8105,0.81066
2026-05-25 20:30:00,0.81067,0.81074,0.81052,0.81073
2026-05-25 20:45:00,0.81072,0.81073,0.81059,0.81068
2026-05-25 21:00:00,0.81068,0.81072,0.81059,0.81069
2026-05-25 21:15:00,0.8107,0.81077,0.81055,0.81057
2026-05-25 21:30:00,0.81057,0.81059,0.81047,0.81055
2026-05-25 21:45:00,0.81056,0.81066,0.81048,0.81057
2026-05-25 22:00:00,0.81055,0.81059,0.81045,0.81051
2026-05-25 22:15:00,0.81051,0.81056,0.81049,0.81055
2026-05-25 22:30:00,0.81054,0.81056,0.81036,0.81045
2026-05-25 22:45:00,0.81045,0.81049,0.81036,0.81041
2026-05-25 23:00:00,0.81043,0.81051,0.81035,0.81042
2026-05-25 23:15:00,0.81041,0.81065,0.81032,0.81064
2026-05-25 23:30:00,0.81064,0.8107,0.81036,0.81042
2026-05-25 23:45:00,0.81043,0.81054,0.8104,0.81051
2026-05-26 00:00:00,0.80909,0.80969,0.80909,0.80936
2026-05-26 00:15:00,0.80936,0.80985,0.80925,0.80939
2026-05-26 00:30:00,0.80935,0.80999,0.80921,0.80981
2026-05-26 00:45:00,0.80986,0.81036,0.80939,0.81022
2026-05-26 01:00:00,0.81015,0.81041,0.81005,0.81022
2026-05-26 01:15:00,0.81023,0.81033,0.81016,0.8103
2026-05-26 01:30:00,0.81032,0.81038,0.81021,0.81035
2026-05-26 01:45:00,0.81036,0.81049,0.81031,0.81034
2026-05-26 02:00:00,0.81035,0.8104,0.81023,0.81027
2026-05-26 02:15:00,0.81027,0.81033,0.81,0.81004
2026-05-26 02:30:00,0.81004,0.81008,0.80937,0.80948
2026-05-26 02:45:00,0.80949,0.80967,0.80915,0.80918
2026-05-26 03:00:00,0.80917,0.80929,0.80873,0.80884
2026-05-26 03:15:00,0.80885,0.80895,0.8085,0.80872
2026-05-26 03:30:00,0.80871,0.80888,0.80851,0.80882
2026-05-26 03:45:00,0.80882,0.80897,0.80856,0.80878
2026-05-26 04:00:00,0.80877,0.80891,0.80855,0.80871
2026-05-26 04:15:00,0.80873,0.80884,0.8084,0.8085
2026-05-26 04:30:00,0.80849,0.80863,0.80787,0.80794
2026-05-26 04:45:00,0.80793,0.80819,0.80793,0.80803
2026-05-26 05:00:00,0.80802,0.80836,0.80792,0.80808
2026-05-26 05:15:00,0.80809,0.80822,0.808,0.80805
2026-05-26 05:30:00,0.80806,0.80809,0.80767,0.80771
2026-05-26 05:45:00,0.80772,0.8081,0.80757,0.808
2026-05-26 06:00:00,0.808,0.8084,0.808,0.80834
2026-05-26 06:15:00,0.80833,0.80882,0.80829,0.80856
2026-05-26 06:30:00,0.80858,0.80869,0.80856,0.80867
2026-05-26 06:45:00,0.80863,0.80866,0.80832,0.80847
2026-05-26 07:00:00,0.80847,0.80849,0.80821,0.80833
2026-05-26 07:15:00,0.80833,0.8084,0.8082,0.80821
2026-05-26 07:30:00,0.8082,0.80832,0.80793,0.80797
2026-05-26 07:45:00,0.80796,0.80807,0.80787,0.80789
2026-05-26 08:00:00,0.80789,0.80792,0.80762,0.80781
2026-05-26 08:15:00,0.80779,0.80789,0.80764,0.80773
2026-05-26 08:30:00,0.80772,0.8079,0.80764,0.80779
2026-05-26 08:45:00,0.8078,0.8078,0.80743,0.80753
2026-05-26 09:00:00,0.80753,0.80803,0.80738,0.80801
2026-05-26 09:15:00,0.80799,0.80841,0.80779,0.808
2026-05-26 09:30:00,0.80799,0.80832,0.80789,0.80829
2026-05-26 09:45:00,0.8083,0.80831,0.80804,0.80813
2026-05-26 10:00:00,0.80816,0.80821,0.80727,0.80752
2026-05-26 10:15:00,0.80753,0.80767,0.80728,0.80739
2026-05-26 10:30:00,0.80738,0.80763,0.80672,0.80682
2026-05-26 10:45:00,0.80683,0.80719,0.80669,0.80703
2026-05-26 11:00:00,0.80702,0.80734,0.80696,0.80702
2026-05-26 11:15:00,0.80701,0.80713,0.80693,0.80701
2026-05-26 11:30:00,0.80701,0.80713,0.80674,0.80678
2026-05-26 11:45:00,0.80678,0.8069,0.80658,0.80674
2026-05-26 12:00:00,0.80671,0.80679,0.80645,0.80647
2026-05-26 12:15:00,0.80646,0.80685,0.80645,0.80682
2026-05-26 12:30:00,0.80682,0.80692,0.80651,0.80652
2026-05-26 12:45:00,0.80651,0.80672,0.80646,0.80663
2026-05-26 13:00:00,0.80663,0.80672,0.80647,0.80666
2026-05-26 13:15:00,0.80668,0.8068,0.80644,0.80673
2026-05-26 13:30:00,0.80672,0.80716,0.80672,0.80691
2026-05-26 13:45:00,0.80691,0.80702,0.8067,0.80683
2026-05-26 14:00:00,0.80683,0.80714,0.80673,0.80704
2026-05-26 14:15:00,0.80705,0.80717,0.80697,0.80706
2026-05-26 14:30:00,0.80707,0.80723,0.80658,0.80693
2026-05-26 14:45:00,0.80694,0.80703,0.80671,0.80677
2026-05-26 15:00:00,0.80676,0.80712,0.80664,0.80687
2026-05-26 15:15:00,0.80682,0.80724,0.80675,0.8072
2026-05-26 15:30:00,0.80719,0.8073,0.80698,0.80714
2026-05-26 15:45:00,0.80715,0.8073,0.8069,0.80693
2026-05-26 16:00:00,0.80691,0.80701,0.80666,0.80673
2026-05-26 16:15:00,0.80672,0.80715,0.80672,0.80682
2026-05-26 16:30:00,0.80682,0.80699,0.80643,0.80669
2026-05-26 16:45:00,0.80672,0.80698,0.80582,0.80614
2026-05-26 17:00:00,0.80615,0.80652,0.80589,0.80632
2026-05-26 17:15:00,0.80633,0.80676,0.80629,0.80658
2026-05-26 17:30:00,0.80653,0.80669,0.80615,0.80639
2026-05-26 17:45:00,0.8064,0.80665,0.80623,0.80647
2026-05-26 18:00:00,0.80646,0.80661,0.80614,0.80653
2026-05-26 18:15:00,0.80652,0.80656,0.80597,0.806
2026-05-26 18:30:00,0.80601,0.80618,0.80569,0.80571
2026-05-26 18:45:00,0.80571,0.80578,0.80526,0.80531
2026-05-26 19:00:00,0.80532,0.80566,0.80529,0.80537
2026-05-26 19:15:00,0.80538,0.80581,0.80536,0.80578
2026-05-26 19:30:00,0.80577,0.80601,0.80551,0.80553
2026-05-26 19:45:00,0.80552,0.80585,0.80529,0.80582
2026-05-26 20:00:00,0.80583,0.80599,0.80579,0.80588
2026-05-26 20:15:00,0.80588,0.80593,0.80574,0.80582
2026-05-26 20:30:00,0.80583,0.80611,0.80582,0.80588
2026-05-26 20:45:00,0.80587,0.80604,0.80578,0.80592
2026-05-26 21:00:00,0.80593,0.80604,0.80576,0.80598
2026-05-26 21:15:00,0.80598,0.80621,0.80588,0.80613
2026-05-26 21:30:00,0.80614,0.80632,0.80607,0.80615
2026-05-26 21:45:00,0.80615,0.80625,0.80603,0.8061
2026-05-26 22:00:00,0.80611,0.80611,0.8059,0.80597
2026-05-26 22:15:00,0.80597,0.8061,0.80592,0.80604
2026-05-26 22:30:00,0.80604,0.80626,0.80604,0.80624
2026-05-26 22:45:00,0.80623,0.80645,0.80618,0.80623
2026-05-26 23:00:00,0.80624,0.80629,0.80612,0.80623
2026-05-26 23:15:00,0.80624,0.80631,0.80603,0.80603
2026-05-26 23:30:00,0.80604,0.80611,0.8059,0.80592
2026-05-26 23:45:00,0.80592,0.80617,0.80592,0.80602
2026-05-27 00:00:00,0.80554,0.80584,0.80554,0.80582
2026-05-27 00:15:00,0.80582,0.80598,0.80573,0.80595
2026-05-27 00:30:00,0.80592,0.80608,0.80576,0.80587
2026-05-27 00:45:00,0.80589,0.80656,0.80546,0.80559
2026-05-27 01:00:00,0.80564,0.80617,0.80564,0.80588
2026-05-27 01:15:00,0.80588,0.80609,0.80585,0.80604
2026-05-27 01:30:00,0.80605,0.8062,0.80604,0.80618
2026-05-27 01:45:00,0.80618,0.80622,0.80603,0.80604
2026-05-27 02:00:00,0.80606,0.80621,0.80605,0.80611
2026-05-27 02:15:00,0.8061,0.8065,0.80609,0.80646
2026-05-27 02:30:00,0.80645,0.80676,0.80645,0.80671
2026-05-27 02:45:00,0.8067,0.80684,0.80644,0.80658
2026-05-27 03:00:00,0.80657,0.80699,0.80646,0.80697
2026-05-27 03:15:00,0.80697,0.80705,0.80684,0.80696
2026-05-27 03:30:00,0.80697,0.80725,0.80685,0.80686
2026-05-27 03:45:00,0.80687,0.8071,0.80679,0.8071
2026-05-27 04:00:00,0.8071,0.80755,0.80703,0.80745
2026-05-27 04:15:00,0.80743,0.80756,0.80724,0.80747
2026-05-27 04:30:00,0.80743,0.80752,0.80636,0.80686
2026-05-27 04:45:00,0.80686,0.80733,0.80651,0.80711
2026-05-27 05:00:00,0.80712,0.81148,0.8071,0.81054
2026-05-27 05:15:00,0.81055,0.81175,0.81045,0.81141
2026-05-27 05:30:00,0.81141,0.81165,0.81074,0.81075
2026-05-27 05:45:00,0.81076,0.81135,0.81076,0.81109
2026-05-27 06:00:00,0.81108,0.81169,0.81089,0.81097
2026-05-27 06:15:00,0.81098,0.81122,0.81072,0.81081
2026-05-27 06:30:00,0.81081,0.81087,0.81001,0.8103
2026-05-27 06:45:00,0.8103,0.8104,0.81005,0.81016
2026-05-27 07:00:00,0.81015,0.81084,0.81006,0.81078
2026-05-27 07:15:00,0.81077,0.81095,0.81058,0.81075
2026-05-27 07:30:00,0.81075,0.81142,0.81069,0.81137
2026-05-27 07:45:00,0.81139,0.81157,0.81126,0.81157
2026-05-27 08:00:00,0.81156,0.81186,0.81132,0.81186
2026-05-27 08:15:00,0.81185,0.81189,0.81163,0.81189
2026-05-27 08:30:00,0.81192,0.81197,0.81128,0.81153
2026-05-27 08:45:00,0.81151,0.81174,0.81118,0.8112
2026-05-27 09:00:00,0.81118,0.81171,0.81094,0.81115
2026-05-27 09:15:00,0.81115,0.81127,0.8108,0.81112
2026-05-27 09:30:00,0.81111,0.8117,0.81068,0.8117
2026-05-27 09:45:00,0.81169,0.81234,0.81164,0.81184
2026-05-27 10:00:00,0.81183,0.81221,0.8114,0.81156
2026-05-27 10:15:00,0.81155,0.8119,0.81135,0.81177
2026-05-27 10:30:00,0.81176,0.81202,0.81148,0.81182
2026-05-27 10:45:00,0.81184,0.81189,0.81137,0.81185
2026-05-27 11:00:00,0.81183,0.81252,0.81178,0.81221
2026-05-27 11:15:00,0.81222,0.81244,0.81202,0.81221
2026-05-27 11:30:00,0.8122,0.81249,0.81199,0.81244
2026-05-27 11:45:00,0.81243,0.81284,0.81231,0.81275
2026-05-27 12:00:00,0.81275,0.81289,0.81259,0.81284
2026-05-27 12:15:00,0.81285,0.81347,0.81283,0.81307
2026-05-27 12:30:00,0.81307,0.81322,0.81295,0.81297
2026-05-27 12:45:00,0.81299,0.81353,0.81288,0.8134
2026-05-27 13:00:00,0.8134,0.81352,0.81303,0.81332
2026-05-27 13:15:00,0.81331,0.81342,0.81287,0.81304
2026-05-27 13:30:00,0.81302,0.81339,0.81299,0.81337
2026-05-27 13:45:00,0.81338,0.81348,0.81312,0.81348
2026-05-27 14:00:00,0.81349,0.81373,0.81326,0.81351
2026-05-27 14:15:00,0.8135,0.81372,0.81337,0.81363
2026-05-27 14:30:00,0.81363,0.81458,0.81338,0.81441
2026-05-27 14:45:00,0.8144,0.81446,0.81377,0.81397
2026-05-27 15:00:00,0.81396,0.81458,0.81354,0.81447
2026-05-27 15:15:00,0.81448,0.81636,0.81424,0.81589
2026-05-27 15:30:00,0.81588,0.81608,0.81545,0.81549
2026-05-27 15:45:00,0.81549,0.81553,0.8147,0.81523
2026-05-27 16:00:00,0.81523,0.81635,0.81517,0.81614
2026-05-27 16:15:00,0.81615,0.81644,0.81581,0.81581
2026-05-27 16:30:00,0.81581,0.81608,0.81548,0.81582
2026-05-27 16:45:00,0.8158,0.81617,0.8155,0.81594
2026-05-27 17:00:00,0.81594,0.81664,0.81588,0.81664
2026-05-27 17:15:00,0.81666,0.81719,0.8159,0.81592
2026-05-27 17:30:00,0.81591,0.81638,0.81528,0.81563
2026-05-27 17:45:00,0.81563,0.81627,0.8156,0.81608
2026-05-27 18:00:00,0.81607,0.81633,0.8154,0.81546
2026-05-27 18:15:00,0.81547,0.81569,0.81504,0.81569
2026-05-27 18:30:00,0.8157,0.81606,0.81506,0.81509
2026-05-27 18:45:00,0.81509,0.8154,0.81475,0.81495
2026-05-27 19:00:00,0.81495,0.81519,0.81472,0.81483
2026-05-27 19:15:00,0.81484,0.8149,0.8147,0.81478
2026-05-27 19:30:00,0.81479,0.81511,0.81466,0.815
2026-05-27 19:45:00,0.81499,0.81511,0.81474,0.81484
2026-05-27 20:00:00,0.81484,0.81495,0.81422,0.81433
2026-05-27 20:15:00,0.81432,0.81447,0.81415,0.81438
2026-05-27 20:30:00,0.81437,0.81461,0.81436,0.81455
2026-05-27 20:45:00,0.81455,0.81494,0.81455,0.81476
2026-05-27 21:00:00,0.81473,0.81503,0.81468,0.81494
2026-05-27 21:15:00,0.81494,0.81542,0.81493,0.81542
2026-05-27 21:30:00,0.81544,0.81565,0.81524,0.81562
2026-05-27 21:45:00,0.81562,0.81583,0.81559,0.81573
2026-05-27 22:00:00,0.81571,0.81601,0.81551,0.8157
2026-05-27 22:15:00,0.81571,0.81596,0.81556,0.81595
2026-05-27 22:30:00,0.81596,0.81614,0.81588,0.816
2026-05-27 22:45:00,0.81598,0.81605,0.81576,0.81592
2026-05-27 23:00:00,0.81593,0.81617,0.81588,0.81607
2026-05-27 23:15:00,0.81608,0.81637,0.81597,0.81636
2026-05-27 23:30:00,0.81635,0.81674,0.81634,0.81671
2026-05-27 23:45:00,0.81671,0.8168,0.81652,0.81669
2026-05-28 00:00:00,0.81489,0.81563,0.81479,0.81562
2026-05-28 00:15:00,0.81563,0.816,0.81557,0.81594
2026-05-28 00:30:00,0.81595,0.81628,0.81594,0.8161
2026-05-28 00:45:00,0.8161,0.81668,0.81536,0.81571
2026-05-28 01:00:00,0.81571,0.81664,0.8156,0.81635
2026-05-28 01:15:00,0.81636,0.81644,0.81621,0.81623
2026-05-28 01:30:00,0.81623,0.81634,0.81612,0.81627
2026-05-28 01:45:00,0.81628,0.81634,0.81622,0.81628
2026-05-28 02:00:00,0.81628,0.81635,0.81621,0.81631
2026-05-28 02:15:00,0.81631,0.81651,0.81579,0.81588
2026-05-28 02:30:00,0.81587,0.81593,0.81549,0.8156
2026-05-28 02:45:00,0.8156,0.81566,0.81531,0.8155
2026-05-28 03:00:00,0.81549,0.81623,0.81542,0.81615
2026-05-28 03:15:00,0.81617,0.81634,0.81605,0.81632
2026-05-28 03:30:00,0.81631,0.8165,0.81611,0.8165
2026-05-28 03:45:00,0.81651,0.81715,0.81648,0.81702
2026-05-28 04:00:00,0.81701,0.81837,0.81696,0.81797
2026-05-28 04:15:00,0.81797,0.81797,0.81723,0.81725
2026-05-28 04:30:00,0.81724,0.81754,0.81675,0.81692
2026-05-28 04:45:00,0.81692,0.81733,0.81672,0.81702
2026-05-28 05:00:00,0.81703,0.81752,0.81699,0.8175
2026-05-28 05:15:00,0.8175,0.81761,0.81722,0.81722
2026-05-28 05:30:00,0.81723,0.81737,0.81658,0.81674
2026-05-28 05:45:00,0.81673,0.81673,0.81588,0.81598
2026-05-28 06:00:00,0.81596,0.81639,0.81546,0.81564
2026-05-28 06:15:00,0.81564,0.81567,0.81499,0.81522
2026-05-28 06:30:00,0.8152,0.81522,0.8146,0.81491
2026-05-28 06:45:00,0.81491,0.81502,0.8142,0.81443
2026-05-28 07:00:00,0.8144,0.81461,0.81374,0.81393
2026-05-28 07:15:00,0.81392,0.81406,0.81345,0.81354
2026-05-28 07:30:00,0.81354,0.8137,0.81323,0.81336
2026-05-28 07:45:00,0.81336,0.81342,0.81274,0.81298
2026-05-28 08:00:00,0.81297,0.81375,0.81297,0.81369
2026-05-28 08:15:00,0.81367,0.81408,0.81361,0.81374
2026-05-28 08:30:00,0.81375,0.81432,0.81367,0.81422
2026-05-28 08:45:00,0.81422,0.81452,0.81407,0.8144
2026-05-28 09:00:00,0.81442,0.81494,0.81429,0.81475
2026-05-28 09:15:00,0.81476,0.81533,0.81469,0.81508
2026-05-28 09:30:00,0.81508,0.8155,0.815,0.81532
2026-05-28 09:45:00,0.81533,0.81538,0.81518,0.81526
2026-05-28 10:00:00,0.81526,0.81575,0.81526,0.81568
2026-05-28 10:15:00,0.81564,0.81575,0.81547,0.81562
2026-05-28 10:30:00,0.81563,0.81578,0.81539,0.81557
2026-05-28 10:45:00,0.81558,0.81565,0.81537,0.81561
2026-05-28 11:00:00,0.81563,0.81579,0.81547,0.81552
2026-05-28 11:15:00,0.81553,0.81572,0.81525,0.81554
2026-05-28 11:30:00,0.81555,0.81578,0.8155,0.8157
2026-05-28 11:45:00,0.81569,0.81585,0.81556,0.81585
2026-05-28 12:00:00,0.81585,0.81594,0.81567,0.81594
2026-05-28 12:15:00,0.81593,0.81628,0.81586,0.8162
2026-05-28 12:30:00,0.81621,0.81666,0.81603,0.81646
2026-05-28 12:45:00,0.81646,0.81687,0.81639,0.81672
2026-05-28 13:00:00,0.81673,0.81712,0.81663,0.81705
2026-05-28 13:15:00,0.81704,0.81711,0.81683,0.81703
2026-05-28 13:30:00,0.81702,0.81703,0.81636,0.81636
2026-05-28 13:45:00,0.8164,0.81675,0.81573,0.81573
2026-05-28 14:00:00,0.81574,0.81608,0.8157,0.81602
2026-05-28 14:15:00,0.81602,0.8162,0.81559,0.81566
2026-05-28 14:30:00,0.81563,0.8159,0.8156,0.81587
2026-05-28 14:45:00,0.81587,0.81594,0.81552,0.81569
2026-05-28 15:00:00,0.81568,0.8164,0.81567,0.8162
2026-05-28 15:15:00,0.81619,0.81642,0.81591,0.81632
2026-05-28 15:30:00,0.81632,0.81754,0.81617,0.81723
2026-05-28 15:45:00,0.81735,0.81774,0.81732,0.81758
2026-05-28 16:00:00,0.81764,0.81816,0.81751,0.81753
2026-05-28 16:15:00,0.81754,0.81806,0.81752,0.81778
2026-05-28 16:30:00,0.81778,0.81787,0.81725,0.81726
2026-05-28 16:45:00,0.81726,0.81754,0.81697,0.8173
2026-05-28 17:00:00,0.81731,0.81883,0.81712,0.8185
2026-05-28 17:15:00,0.81849,0.81898,0.81781,0.81861
2026-05-28 17:30:00,0.8186,0.81912,0.8179,0.81836
2026-05-28 17:45:00,0.81838,0.81865,0.81756,0.81786
2026-05-28 18:00:00,0.81787,0.81856,0.8178,0.81821
2026-05-28 18:15:00,0.81821,0.81829,0.81797,0.81826
2026-05-28 18:30:00,0.81824,0.81857,0.81801,0.81806
2026-05-28 18:45:00,0.81807,0.81812,0.81749,0.81757
2026-05-28 19:00:00,0.81756,0.81787,0.81747,0.81784
2026-05-28 19:15:00,0.81785,0.81862,0.81771,0.81823
2026-05-28 19:30:00,0.81822,0.81823,0.81793,0.81813
2026-05-28 19:45:00,0.81816,0.81826,0.81792,0.81814
2026-05-28 20:00:00,0.81815,0.81817,0.81723,0.81727
2026-05-28 20:15:00,0.81726,0.81767,0.81724,0.81739
2026-05-28 20:30:00,0.8174,0.81784,0.81737,0.81772
2026-05-28 20:45:00,0.81773,0.81781,0.8176,0.81772
2026-05-28 21:00:00,0.81772,0.81775,0.81737,0.81743
2026-05-28 21:15:00,0.81745,0.81771,0.81715,0.81724
2026-05-28 21:30:00,0.81725,0.81728,0.81686,0.8169
2026-05-28 21:45:00,0.81691,0.81715,0.81691,0.81713
2026-05-28 22:00:00,0.81714,0.8172,0.81696,0.81702
2026-05-28 22:15:00,0.81702,0.81719,0.81696,0.81718
2026-05-28 22:30:00,0.81719,0.81738,0.81707,0.81722
2026-05-28 22:45:00,0.81722,0.81731,0.81697,0.81711
2026-05-28 23:00:00,0.81708,0.8172,0.81692,0.81703
2026-05-28 23:15:00,0.81703,0.81736,0.81699,0.81731
2026-05-28 23:30:00,0.81729,0.81761,0.81729,0.81745
2026-05-28 23:45:00,0.81745,0.81786,0.81737,0.81777
2026-05-29 00:00:00,0.81669,0.81724,0.81587,0.81649
2026-05-29 00:15:00,0.81639,0.81654,0.8163,0.81649
2026-05-29 00:30:00,0.81649,0.81735,0.81649,0.81679
2026-05-29 00:45:00,0.81687,0.81773,0.81664,0.81761
2026-05-29 01:00:00,0.81778,0.81796,0.81754,0.81777
2026-05-29 01:15:00,0.81777,0.81782,0.81768,0.8177
2026-05-29 01:30:00,0.81768,0.81776,0.81755,0.81761
2026-05-29 01:45:00,0.81762,0.81787,0.81757,0.81783
2026-05-29 02:00:00,0.81783,0.81949,0.81781,0.81876
2026-05-29 02:15:00,0.81876,0.81935,0.81867,0.81889
2026-05-29 02:30:00,0.81889,0.81909,0.81881,0.81887
2026-05-29 02:45:00,0.81885,0.81936,0.81877,0.81931
2026-05-29 03:00:00,0.81932,0.81935,0.81889,0.81914
2026-05-29 03:15:00,0.81913,0.81955,0.81909,0.81942
2026-05-29 03:30:00,0.81941,0.81994,0.81909,0.8199
2026-05-29 03:45:00,0.81989,0.81998,0.81951,0.81956
2026-05-29 04:00:00,0.81956,0.82053,0.81951,0.82047
2026-05-29 04:15:00,0.82046,0.82069,0.82025,0.82032
2026-05-29 04:30:00,0.82029,0.82042,0.82004,0.82031
2026-05-29 04:45:00,0.82031,0.82036,0.82006,0.82029
2026-05-29 05:00:00,0.82027,0.82038,0.82004,0.8202
2026-05-29 05:15:00,0.82021,0.82024,0.8198,0.81987
2026-05-29 05:30:00,0.81987,0.8203,0.81986,0.82024
2026-05-29 05:45:00,0.82023,0.82039,0.81976,0.81987
2026-05-29 06:00:00,0.81988,0.82007,0.81973,0.81993
2026-05-29 06:15:00,0.8199,0.82038,0.81985,0.82038
2026-05-29 06:30:00,0.82038,0.82046,0.82012,0.8203
2026-05-29 06:45:00,0.8203,0.82059,0.82022,0.82053
2026-05-29 07:00:00,0.82053,0.82127,0.82053,0.8212
2026-05-29 07:15:00,0.82119,0.82167,0.82116,0.82154
2026-05-29 07:30:00,0.82153,0.82168,0.82137,0.82145
2026-05-29 07:45:00,0.82146,0.82156,0.82121,0.82155
2026-05-29 08:00:00,0.82157,0.82189,0.82153,0.8216
2026-05-29 08:15:00,0.82158,0.82158,0.82138,0.82145
2026-05-29 08:30:00,0.82145,0.82154,0.82115,0.82119
2026-05-29 08:45:00,0.82118,0.82144,0.82109,0.82131
2026-05-29 09:00:00,0.82132,0.82198,0.8213,0.82182
2026-05-29 09:15:00,0.82182,0.82208,0.82149,0.82173
2026-05-29 09:30:00,0.82172,0.82195,0.82152,0.82185
2026-05-29 09:45:00,0.82184,0.82204,0.82152,0.82193
2026-05-29 10:00:00,0.82192,0.82229,0.82185,0.82229
2026-05-29 10:15:00,0.82228,0.82239,0.82183,0.82198
2026-05-29 10:30:00,0.82198,0.82222,0.82172,0.8222
2026-05-29 10:45:00,0.82219,0.82262,0.82196,0.82258
2026-05-29 11:00:00,0.82257,0.82273,0.82225,0.82233
2026-05-29 11:15:00,0.82232,0.82253,0.82216,0.8225
2026-05-29 11:30:00,0.82249,0.8226,0.82221,0.8226
2026-05-29 11:45:00,0.82261,0.82281,0.82243,0.82279
2026-05-29 12:00:00,0.82279,0.82367,0.82275,0.8236
2026-05-29 12:15:00,0.82361,0.8238,0.82323,0.82345
2026-05-29 12:30:00,0.82345,0.82351,0.823,0.82329
2026-05-29 12:45:00,0.8233,0.82355,0.8231,0.82354
2026-05-29 13:00:00,0.82355,0.82378,0.82335,0.82358
2026-05-29 13:15:00,0.82357,0.82369,0.82318,0.82331
2026-05-29 13:30:00,0.82332,0.82357,0.82314,0.82356
2026-05-29 13:45:00,0.82356,0.8238,0.82354,0.82363
2026-05-29 14:00:00,0.82363,0.82421,0.82363,0.8242
2026-05-29 14:15:00,0.82421,0.82443,0.82379,0.82408
2026-05-29 14:30:00,0.82408,0.82415,0.82367,0.82395
2026-05-29 14:45:00,0.82394,0.82438,0.82371,0.82434
2026-05-29 15:00:00,0.82434,0.82502,0.82428,0.82478
2026-05-29 15:15:00,0.82476,0.82509,0.82463,0.82494
2026-05-29 15:30:00,0.82493,0.82601,0.82492,0.82601
2026-05-29 15:45:00,0.82601,0.82653,0.82599,0.82616
2026-05-29 16:00:00,0.82617,0.82638,0.82592,0.82617
2026-05-29 16:15:00,0.82616,0.82637,0.82589,0.82637
2026-05-29 16:30:00,0.82637,0.82672,0.82613,0.82668
2026-05-29 16:45:00,0.82668,0.82723,0.82626,0.8263
2026-05-29 17:00:00,0.82631,0.82672,0.82585,0.826
2026-05-29 17:15:00,0.82599,0.82623,0.82566,0.82599
2026-05-29 17:30:00,0.826,0.82617,0.82505,0.82559
2026-05-29 17:45:00,0.82559,0.82571,0.82422,0.82463
2026-05-29 18:00:00,0.82461,0.82621,0.82452,0.82594
2026-05-29 18:15:00,0.82595,0.82601,0.82541,0.82564
2026-05-29 18:30:00,0.82564,0.82576,0.82525,0.82548
