datetime,open,high,low,close
2026-04-30 18:30:00,0.57441,0.57465,0.57415,0.57447
2026-04-30 18:45:00,0.57447,0.575,0.57446,0.57484
2026-04-30 19:00:00,0.57483,0.575,0.57462,0.57489
2026-04-30 19:15:00,0.57489,0.57502,0.57471,0.57487
2026-04-30 19:30:00,0.57487,0.57519,0.57483,0.57493
2026-04-30 19:45:00,0.57494,0.57511,0.57481,0.57485
2026-04-30 20:00:00,0.57484,0.57495,0.57459,0.57467
2026-04-30 20:15:00,0.57467,0.57478,0.57443,0.57443
2026-04-30 20:30:00,0.57443,0.57473,0.57423,0.5746
2026-04-30 20:45:00,0.5746,0.57482,0.57456,0.57473
2026-04-30 21:00:00,0.57473,0.57508,0.57456,0.57503
2026-04-30 21:15:00,0.57502,0.57502,0.57471,0.57491
2026-04-30 21:30:00,0.57492,0.57501,0.57482,0.57487
2026-04-30 21:45:00,0.57488,0.57507,0.57478,0.57503
2026-04-30 22:00:00,0.57503,0.57505,0.5746,0.57461
2026-04-30 22:15:00,0.5746,0.57516,0.57453,0.57504
2026-04-30 22:30:00,0.57504,0.57511,0.57489,0.57509
2026-04-30 22:45:00,0.57508,0.57531,0.57497,0.57523
2026-04-30 23:00:00,0.57522,0.57531,0.57497,0.57517
2026-04-30 23:15:00,0.57517,0.57519,0.57498,0.57513
2026-04-30 23:30:00,0.57512,0.57542,0.57505,0.57525
2026-04-30 23:45:00,0.57524,0.57547,0.57505,0.57508
2026-05-01 00:00:00,0.57385,0.57535,0.57382,0.57514
2026-05-01 00:15:00,0.57514,0.57519,0.57498,0.5751
2026-05-01 00:30:00,0.57508,0.57514,0.57435,0.57446
2026-05-01 00:45:00,0.57446,0.57472,0.57403,0.57404
2026-05-01 01:00:00,0.57415,0.57537,0.57415,0.57535
2026-05-01 01:15:00,0.57534,0.57535,0.57524,0.57527
2026-05-01 01:30:00,0.57526,0.57537,0.57523,0.57529
2026-05-01 01:45:00,0.57529,0.57538,0.57525,0.57528
2026-05-01 02:00:00,0.57527,0.5754,0.57522,0.5754
2026-05-01 02:15:00,0.57539,0.5754,0.57534,0.57539
2026-05-01 02:30:00,0.57539,0.5755,0.57538,0.5755
2026-05-01 02:45:00,0.5755,0.57553,0.57543,0.5755
2026-05-01 03:00:00,0.57551,0.5756,0.57532,0.57551
2026-05-01 03:15:00,0.57552,0.57564,0.5755,0.5756
2026-05-01 03:30:00,0.5756,0.57564,0.57542,0.57554
2026-05-01 03:45:00,0.57556,0.57573,0.57548,0.57548
2026-05-01 04:00:00,0.57547,0.57576,0.57542,0.57569
2026-05-01 04:15:00,0.57569,0.57577,0.57558,0.57564
2026-05-01 04:30:00,0.57564,0.57565,0.57543,0.57558
2026-05-01 04:45:00,0.57559,0.57565,0.57548,0.57555
2026-05-01 05:00:00,0.57555,0.57559,0.57547,0.57553
2026-05-01 05:15:00,0.57552,0.57561,0.57545,0.5756
2026-05-01 05:30:00,0.5756,0.57563,0.57553,0.57557
2026-05-01 05:45:00,0.57557,0.57562,0.57547,0.5755
2026-05-01 06:00:00,0.57551,0.57564,0.57548,0.57558
2026-05-01 06:15:00,0.57558,0.57562,0.57546,0.57553
2026-05-01 06:30:00,0.57552,0.57555,0.57531,0.57546
2026-05-01 06:45:00,0.57545,0.57547,0.57538,0.57541
2026-05-01 07:00:00,0.57541,0.57547,0.57535,0.57543
2026-05-01 07:15:00,0.57543,0.57557,0.57541,0.57556
2026-05-01 07:30:00,0.57557,0.5756,0.57545,0.57552
2026-05-01 07:45:00,0.57553,0.57567,0.57552,0.5756
2026-05-01 08:00:00,0.5756,0.57578,0.5756,0.57577
2026-05-01 08:15:00,0.57577,0.57589,0.57572,0.57587
2026-05-01 08:30:00,0.57586,0.57587,0.57572,0.5758
2026-05-01 08:45:00,0.57583,0.57603,0.57581,0.57598
2026-05-01 09:00:00,0.57598,0.57612,0.57592,0.57598
2026-05-01 09:15:00,0.57599,0.57613,0.57598,0.57608
2026-05-01 09:30:00,0.57609,0.57623,0.57599,0.57599
2026-05-01 09:45:00,0.57598,0.57598,0.57438,0.575
2026-05-01 10:00:00,0.57501,0.57554,0.57501,0.57546
2026-05-01 10:15:00,0.57546,0.57559,0.57511,0.57514
2026-05-01 10:30:00,0.57515,0.57547,0.57512,0.57544
2026-05-01 10:45:00,0.57544,0.57572,0.57534,0.57568
2026-05-01 11:00:00,0.57569,0.57577,0.57544,0.57572
2026-05-01 11:15:00,0.57572,0.57575,0.5751,0.57523
2026-05-01 11:30:00,0.57523,0.57563,0.57514,0.57544
2026-05-01 11:45:00,0.57544,0.57555,0.57519,0.57524
2026-05-01 12:00:00,0.57525,0.57564,0.57524,0.57561
2026-05-01 12:15:00,0.57561,0.5757,0.57548,0.57563
2026-05-01 12:30:00,0.57564,0.57566,0.57535,0.57539
2026-05-01 12:45:00,0.57542,0.57553,0.57522,0.57542
2026-05-01 13:00:00,0.57541,0.57558,0.57526,0.57533
2026-05-01 13:15:00,0.57533,0.5754,0.57517,0.57525
2026-05-01 13:30:00,0.57526,0.57547,0.57525,0.57539
2026-05-01 13:45:00,0.57539,0.5754,0.57514,0.57522
2026-05-01 14:00:00,0.57521,0.57548,0.57518,0.57537
2026-05-01 14:15:00,0.57538,0.57541,0.57495,0.57501
2026-05-01 14:30:00,0.57501,0.57539,0.57498,0.57535
2026-05-01 14:45:00,0.57534,0.57536,0.57512,0.57516
2026-05-01 15:00:00,0.57513,0.57537,0.57485,0.57497
2026-05-01 15:15:00,0.57498,0.57511,0.5746,0.57491
2026-05-01 15:30:00,0.57492,0.57517,0.5748,0.5751
2026-05-01 15:45:00,0.57512,0.57532,0.57503,0.57509
2026-05-01 16:00:00,0.5751,0.57559,0.57501,0.57555
2026-05-01 16:15:00,0.57555,0.57573,0.5754,0.57571
2026-05-01 16:30:00,0.57572,0.57583,0.57543,0.57549
2026-05-01 16:45:00,0.57546,0.57582,0.57484,0.57484
2026-05-01 17:00:00,0.57485,0.57495,0.57339,0.57366
2026-05-01 17:15:00,0.57366,0.57383,0.5733,0.57353
2026-05-01 17:30:00,0.57351,0.57407,0.57351,0.57399
2026-05-01 17:45:00,0.57397,0.57423,0.57363,0.57367
2026-05-01 18:00:00,0.57368,0.57416,0.57366,0.57404
2026-05-01 18:15:00,0.57404,0.57427,0.5739,0.57412
2026-05-01 18:30:00,0.57411,0.5742,0.5739,0.57399
2026-05-01 18:45:00,0.574,0.57435,0.57389,0.57418
2026-05-01 19:00:00,0.5742,0.57422,0.57389,0.57391
2026-05-01 19:15:00,0.57391,0.57409,0.57385,0.57405
2026-05-01 19:30:00,0.57405,0.57427,0.57401,0.57409
2026-05-01 19:45:00,0.57409,0.57437,0.57408,0.57435
2026-05-01 20:00:00,0.57435,0.57446,0.57423,0.5744
2026-05-01 20:15:00,0.57439,0.57456,0.57435,0.57442
2026-05-01 20:30:00,0.57443,0.57479,0.57442,0.57476
2026-05-01 20:45:00,0.57475,0.57479,0.57448,0.57461
2026-05-01 21:00:00,0.5746,0.5748,0.57453,0.57478
2026-05-01 21:15:00,0.57478,0.57488,0.57462,0.57479
2026-05-01 21:30:00,0.57478,0.57496,0.57474,0.57477
2026-05-01 21:45:00,0.57476,0.57492,0.57469,0.57492
2026-05-01 22:00:00,0.57491,0.57503,0.57483,0.57493
2026-05-01 22:15:00,0.57493,0.57505,0.57491,0.57505
2026-05-01 22:30:00,0.57506,0.57518,0.57503,0.57517
2026-05-01 22:45:00,0.57518,0.57522,0.57501,0.57502
2026-05-01 23:00:00,0.57503,0.57511,0.57496,0.57504
2026-05-01 23:15:00,0.57504,0.57518,0.57503,0.57511
2026-05-01 23:30:00,0.57511,0.57515,0.57493,0.57495
2026-05-01 23:45:00,0.57495,0.57523,0.57479,0.57487
2026-05-04 00:00:00,0.57281,0.57409,0.57215,0.57406
2026-05-04 00:15:00,0.57406,0.5741,0.57395,0.57405
2026-05-04 00:30:00,0.57403,0.57405,0.5727,0.57299
2026-05-04 00:45:00,0.57299,0.57389,0.57299,0.57348
2026-05-04 01:00:00,0.57361,0.57477,0.57361,0.57469
2026-05-04 01:15:00,0.57468,0.57488,0.57463,0.57471
2026-05-04 01:30:00,0.57472,0.57473,0.5746,0.57463
2026-05-04 01:45:00,0.57463,0.5747,0.57459,0.5746
2026-05-04 02:00:00,0.5746,0.57474,0.5746,0.5747
2026-05-04 02:15:00,0.57471,0.57477,0.57466,0.57472
2026-05-04 02:30:00,0.57472,0.57483,0.57467,0.57481
2026-05-04 02:45:00,0.57481,0.57487,0.57473,0.57484
2026-05-04 03:00:00,0.57486,0.57506,0.57486,0.57495
2026-05-04 03:15:00,0.57495,0.57522,0.57493,0.57511
2026-05-04 03:30:00,0.5751,0.5751,0.57494,0.57497
2026-05-04 03:45:00,0.57496,0.57505,0.57461,0.57462
2026-05-04 04:00:00,0.57461,0.57494,0.57459,0.57487
2026-05-04 04:15:00,0.57487,0.57493,0.57459,0.57493
2026-05-04 04:30:00,0.57492,0.57504,0.57482,0.57483
2026-05-04 04:45:00,0.57483,0.57488,0.57473,0.57476
2026-05-04 05:00:00,0.57475,0.57482,0.57459,0.5746
2026-05-04 05:15:00,0.57461,0.5747,0.57459,0.57467
2026-05-04 05:30:00,0.57467,0.57471,0.57457,0.57463
2026-05-04 05:45:00,0.57464,0.57468,0.57457,0.57458
2026-05-04 06:00:00,0.57458,0.57465,0.5745,0.57459
2026-05-04 06:15:00,0.57459,0.57461,0.57457,0.57459
2026-05-04 06:30:00,0.57459,0.57472,0.57459,0.57468
2026-05-04 06:45:00,0.57465,0.57465,0.57407,0.57426
2026-05-04 07:00:00,0.57426,0.57439,0.57424,0.57434
2026-05-04 07:15:00,0.57434,0.57458,0.57433,0.57457
2026-05-04 07:30:00,0.57457,0.57464,0.57446,0.57463
2026-05-04 07:45:00,0.57463,0.57464,0.57458,0.57458
2026-05-04 08:00:00,0.57458,0.57462,0.57444,0.57459
2026-05-04 08:15:00,0.57459,0.57465,0.57435,0.57459
2026-05-04 08:30:00,0.57459,0.5746,0.57444,0.57459
2026-05-04 08:45:00,0.57458,0.57459,0.57441,0.57446
2026-05-04 09:00:00,0.57446,0.57446,0.57426,0.57429
2026-05-04 09:15:00,0.57429,0.57434,0.57412,0.57433
2026-05-04 09:30:00,0.57433,0.57457,0.57426,0.57445
2026-05-04 09:45:00,0.57444,0.57469,0.57432,0.57459
2026-05-04 10:00:00,0.57458,0.57484,0.57447,0.57473
2026-05-04 10:15:00,0.57472,0.57497,0.57465,0.57494
2026-05-04 10:30:00,0.57494,0.57522,0.57476,0.5752
2026-05-04 10:45:00,0.5752,0.57543,0.57504,0.57524
2026-05-04 11:00:00,0.57524,0.57561,0.57521,0.57554
2026-05-04 11:15:00,0.57553,0.57577,0.57546,0.57569
2026-05-04 11:30:00,0.57569,0.57569,0.5752,0.57533
2026-05-04 11:45:00,0.57534,0.57543,0.57512,0.57521
2026-05-04 12:00:00,0.5752,0.57548,0.57504,0.57529
2026-05-04 12:15:00,0.5753,0.57553,0.5752,0.57527
2026-05-04 12:30:00,0.57529,0.57538,0.57515,0.57529
2026-05-04 12:45:00,0.57529,0.5756,0.57523,0.57552
2026-05-04 13:00:00,0.57552,0.57604,0.5755,0.57585
2026-05-04 13:15:00,0.57585,0.57615,0.57568,0.57578
2026-05-04 13:30:00,0.57578,0.57581,0.57533,0.57572
2026-05-04 13:45:00,0.57572,0.57611,0.5757,0.57604
2026-05-04 14:00:00,0.57603,0.57628,0.5759,0.5762
2026-05-04 14:15:00,0.5762,0.57622,0.57577,0.57587
2026-05-04 14:30:00,0.57587,0.57611,0.57583,0.576
2026-05-04 14:45:00,0.57599,0.57607,0.57579,0.57587
2026-05-04 15:00:00,0.57586,0.57594,0.57566,0.57575
2026-05-04 15:15:00,0.57576,0.57579,0.57547,0.57549
2026-05-04 15:30:00,0.5755,0.57553,0.57507,0.57512
2026-05-04 15:45:00,0.57512,0.57518,0.57493,0.57507
2026-05-04 16:00:00,0.57509,0.57529,0.57481,0.57487
2026-05-04 16:15:00,0.57488,0.57503,0.57468,0.57477
2026-05-04 16:30:00,0.57476,0.57494,0.57459,0.5747
2026-05-04 16:45:00,0.57471,0.57499,0.57462,0.57498
2026-05-04 17:00:00,0.57497,0.57531,0.57492,0.57508
2026-05-04 17:15:00,0.57507,0.57512,0.5748,0.57492
2026-05-04 17:30:00,0.57491,0.57539,0.57488,0.57539
2026-05-04 17:45:00,0.57539,0.57548,0.57488,0.57496
2026-05-04 18:00:00,0.57495,0.57504,0.57462,0.57493
2026-05-04 18:15:00,0.57493,0.57547,0.57475,0.57543
2026-05-04 18:30:00,0.57543,0.57563,0.57532,0.5754
2026-05-04 18:45:00,0.5754,0.57572,0.57524,0.57558
2026-05-04 19:00:00,0.57558,0.57587,0.57543,0.57583
2026-05-04 19:15:00,0.57584,0.57595,0.57552,0.57589
2026-05-04 19:30:00,0.5759,0.57614,0.57587,0.57611
2026-05-04 19:45:00,0.57613,0.57625,0.57605,0.57621
2026-05-04 20:00:00,0.5762,0.57626,0.57592,0.57596
2026-05-04 20:15:00,0.57597,0.57597,0.57541,0.57546
2026-05-04 20:30:00,0.57546,0.57567,0.57546,0.57561
2026-05-04 20:45:00,0.57561,0.57571,0.57555,0.5756
2026-05-04 21:00:00,0.5756,0.57572,0.57555,0.57563
2026-05-04 21:15:00,0.57565,0.57596,0.57563,0.57592
2026-05-04 21:30:00,0.57589,0.57595,0.57577,0.57581
2026-05-04 21:45:00,0.57581,0.57593,0.57558,0.57561
2026-05-04 22:00:00,0.57562,0.57566,0.5754,0.57558
2026-05-04 22:15:00,0.57556,0.57557,0.57541,0.57551
2026-05-04 22:30:00,0.57551,0.57556,0.57544,0.57555
2026-05-04 22:45:00,0.57556,0.57561,0.57554,0.57556
2026-05-04 23:00:00,0.57557,0.57561,0.57547,0.57555
2026-05-04 23:15:00,0.57554,0.57561,0.57545,0.57559
2026-05-04 23:30:00,0.57559,0.57559,0.57544,0.5755
2026-05-04 23:45:00,0.5755,0.57562,0.57489,0.57492
2026-05-05 00:00:00,0.57445,0.57538,0.5741,0.57535
2026-05-05 00:15:00,0.57535,0.57541,0.57517,0.57522
2026-05-05 00:30:00,0.57524,0.57529,0.57489,0.57509
2026-05-05 00:45:00,0.57507,0.57524,0.57503,0.57515
2026-05-05 01:00:00,0.57515,0.57551,0.57491,0.57535
2026-05-05 01:15:00,0.57534,0.5754,0.57528,0.57529
2026-05-05 01:30:00,0.5753,0.57539,0.57526,0.57537
2026-05-05 01:45:00,0.57538,0.57546,0.57536,0.57537
2026-05-05 02:00:00,0.57538,0.57548,0.57538,0.57547
2026-05-05 02:15:00,0.57546,0.57547,0.57541,0.57541
2026-05-05 02:30:00,0.57542,0.57547,0.57537,0.57545
2026-05-05 02:45:00,0.57544,0.57553,0.57542,0.57552
2026-05-05 03:00:00,0.57552,0.5756,0.57542,0.57553
2026-05-05 03:15:00,0.57553,0.57568,0.57552,0.5756
2026-05-05 03:30:00,0.57561,0.57571,0.57555,0.57556
2026-05-05 03:45:00,0.57555,0.5756,0.57542,0.57556
2026-05-05 04:00:00,0.57556,0.57564,0.57549,0.5756
2026-05-05 04:15:00,0.57559,0.57566,0.57553,0.57561
2026-05-05 04:30:00,0.57561,0.57563,0.57541,0.57555
2026-05-05 04:45:00,0.57556,0.57567,0.57552,0.57555
2026-05-05 05:00:00,0.57554,0.57565,0.57552,0.57558
2026-05-05 05:15:00,0.57559,0.57562,0.57543,0.57544
2026-05-05 05:30:00,0.57543,0.5755,0.57537,0.5754
2026-05-05 05:45:00,0.5754,0.5756,0.5754,0.57556
2026-05-05 06:00:00,0.57557,0.57562,0.57553,0.57553
2026-05-05 06:15:00,0.57552,0.57554,0.57545,0.57549
2026-05-05 06:30:00,0.57548,0.57554,0.57547,0.57549
2026-05-05 06:45:00,0.57548,0.57549,0.57541,0.57547
2026-05-05 07:00:00,0.57548,0.57551,0.57544,0.57544
2026-05-05 07:15:00,0.57544,0.57545,0.57537,0.57542
2026-05-05 07:30:00,0.57544,0.57564,0.57542,0.57557
2026-05-05 07:45:00,0.57558,0.57573,0.57553,0.5757
2026-05-05 08:00:00,0.57569,0.57573,0.57559,0.57566
2026-05-05 08:15:00,0.57566,0.57568,0.57547,0.57552
2026-05-05 08:30:00,0.57552,0.57559,0.57529,0.57535
2026-05-05 08:45:00,0.57536,0.5756,0.57535,0.57553
2026-05-05 09:00:00,0.57554,0.57563,0.57541,0.57554
2026-05-05 09:15:00,0.57554,0.57578,0.57549,0.5756
2026-05-05 09:30:00,0.57562,0.57593,0.57562,0.57579
2026-05-05 09:45:00,0.57579,0.57585,0.57566,0.57571
2026-05-05 10:00:00,0.57571,0.57574,0.57539,0.57542
2026-05-05 10:15:00,0.57542,0.57554,0.57521,0.57554
2026-05-05 10:30:00,0.57555,0.57555,0.57512,0.57538
2026-05-05 10:45:00,0.57538,0.57538,0.57516,0.57519
2026-05-05 11:00:00,0.57519,0.57523,0.57494,0.57505
2026-05-05 11:15:00,0.57505,0.57517,0.5749,0.57516
2026-05-05 11:30:00,0.57515,0.57534,0.57503,0.57526
2026-05-05 11:45:00,0.57527,0.57536,0.57511,0.57524
2026-05-05 12:00:00,0.57524,0.57546,0.57521,0.57539
2026-05-05 12:15:00,0.57538,0.57552,0.57529,0.57534
2026-05-05 12:30:00,0.57535,0.57536,0.57517,0.57534
2026-05-05 12:45:00,0.57534,0.57546,0.57525,0.5753
2026-05-05 13:00:00,0.57529,0.57536,0.57518,0.57528
2026-05-05 13:15:00,0.57528,0.57537,0.57523,0.57531
2026-05-05 13:30:00,0.5753,0.57536,0.57502,0.57532
2026-05-05 13:45:00,0.57532,0.57545,0.57523,0.57524
2026-05-05 14:00:00,0.57524,0.57558,0.57521,0.57555
2026-05-05 14:15:00,0.57554,0.57579,0.57551,0.57564
2026-05-05 14:30:00,0.57564,0.5757,0.57548,0.57569
2026-05-05 14:45:00,0.57568,0.57589,0.57557,0.57558
2026-05-05 15:00:00,0.57558,0.57596,0.57545,0.57549
2026-05-05 15:15:00,0.57547,0.57549,0.57506,0.57514
2026-05-05 15:30:00,0.57513,0.5753,0.57503,0.57515
2026-05-05 15:45:00,0.57517,0.57521,0.57501,0.57517
2026-05-05 16:00:00,0.57518,0.57527,0.57483,0.57504
2026-05-05 16:15:00,0.57504,0.5753,0.57494,0.5753
2026-05-05 16:30:00,0.5753,0.57538,0.575,0.57521
2026-05-05 16:45:00,0.57522,0.57529,0.57505,0.57517
2026-05-05 17:00:00,0.57516,0.57541,0.57495,0.57516
2026-05-05 17:15:00,0.57514,0.57541,0.57495,0.57501
2026-05-05 17:30:00,0.575,0.5751,0.57473,0.57478
2026-05-05 17:45:00,0.57479,0.57487,0.57392,0.57395
2026-05-05 18:00:00,0.57395,0.57427,0.57376,0.57425
2026-05-05 18:15:00,0.57426,0.57428,0.57405,0.57422
2026-05-05 18:30:00,0.57422,0.57426,0.57393,0.57414
2026-05-05 18:45:00,0.57414,0.57475,0.57402,0.57466
2026-05-05 19:00:00,0.57465,0.57469,0.5745,0.57466
2026-05-05 19:15:00,0.57467,0.5747,0.57445,0.5746
2026-05-05 19:30:00,0.5746,0.57472,0.57448,0.57452
2026-05-05 19:45:00,0.57452,0.57474,0.57451,0.57472
2026-05-05 20:00:00,0.57473,0.57477,0.57456,0.57459
2026-05-05 20:15:00,0.57458,0.57461,0.57448,0.57454
2026-05-05 20:30:00,0.57453,0.57458,0.57443,0.57452
2026-05-05 20:45:00,0.57454,0.5747,0.57448,0.57466
2026-05-05 21:00:00,0.57466,0.57472,0.57454,0.57467
2026-05-05 21:15:00,0.57466,0.57471,0.5746,0.57463
2026-05-05 21:30:00,0.57463,0.5748,0.57461,0.5747
2026-05-05 21:45:00,0.57471,0.57476,0.5746,0.57473
2026-05-05 22:00:00,0.57473,0.57475,0.57462,0.5747
2026-05-05 22:15:00,0.57471,0.5749,0.57469,0.57481
2026-05-05 22:30:00,0.5748,0.57483,0.57468,0.57472
2026-05-05 22:45:00,0.57472,0.57481,0.57466,0.57472
2026-05-05 23:00:00,0.57472,0.57475,0.57461,0.57469
2026-05-05 23:15:00,0.5747,0.57485,0.5747,0.57476
2026-05-05 23:30:00,0.57476,0.57483,0.57473,0.57483
2026-05-05 23:45:00,0.57482,0.57495,0.57468,0.57471
2026-05-06 00:00:00,0.574,0.57469,0.57377,0.57464
2026-05-06 00:15:00,0.57463,0.57509,0.57459,0.57487
2026-05-06 00:30:00,0.57486,0.57487,0.57427,0.57434
2026-05-06 00:45:00,0.57434,0.57493,0.57433,0.57482
2026-05-06 01:00:00,0.57473,0.5749,0.57436,0.5749
2026-05-06 01:15:00,0.57492,0.57498,0.5749,0.57491
2026-05-06 01:30:00,0.57492,0.57494,0.57482,0.57486
2026-05-06 01:45:00,0.57487,0.57495,0.57432,0.57461
2026-05-06 02:00:00,0.5746,0.57463,0.57411,0.57413
2026-05-06 02:15:00,0.57412,0.57443,0.57407,0.57441
2026-05-06 02:30:00,0.57441,0.57444,0.57432,0.57443
2026-05-06 02:45:00,0.57443,0.57445,0.57427,0.57428
2026-05-06 03:00:00,0.57426,0.57454,0.57425,0.57448
2026-05-06 03:15:00,0.57448,0.57456,0.57433,0.57447
2026-05-06 03:30:00,0.57447,0.5745,0.57432,0.57445
2026-05-06 03:45:00,0.57446,0.57458,0.57441,0.5745
2026-05-06 04:00:00,0.57449,0.57459,0.57443,0.57445
2026-05-06 04:15:00,0.57445,0.57453,0.57436,0.57442
2026-05-06 04:30:00,0.57443,0.57447,0.57432,0.57432
2026-05-06 04:45:00,0.57433,0.57458,0.57432,0.57455
2026-05-06 05:00:00,0.57456,0.57456,0.57441,0.57448
2026-05-06 05:15:00,0.57449,0.5746,0.57445,0.57459
2026-05-06 05:30:00,0.57459,0.57467,0.57455,0.57463
2026-05-06 05:45:00,0.57464,0.57472,0.57462,0.57466
2026-05-06 06:00:00,0.57466,0.57467,0.57453,0.57454
2026-05-06 06:15:00,0.57455,0.57462,0.5745,0.57452
2026-05-06 06:30:00,0.57452,0.57463,0.57444,0.5745
2026-05-06 06:45:00,0.57451,0.57465,0.57451,0.57458
2026-05-06 07:00:00,0.57457,0.57464,0.57457,0.5746
2026-05-06 07:15:00,0.5746,0.57463,0.57407,0.5741
2026-05-06 07:30:00,0.57409,0.57417,0.57372,0.57378
2026-05-06 07:45:00,0.57379,0.5739,0.57323,0.57364
2026-05-06 08:00:00,0.57365,0.57389,0.57353,0.57385
2026-05-06 08:15:00,0.57386,0.57404,0.57386,0.57394
2026-05-06 08:30:00,0.57395,0.57405,0.57388,0.57393
2026-05-06 08:45:00,0.57392,0.57402,0.57389,0.57396
2026-05-06 09:00:00,0.57395,0.57397,0.5736,0.57378
2026-05-06 09:15:00,0.57378,0.5739,0.57371,0.57383
2026-05-06 09:30:00,0.57384,0.57434,0.57382,0.57426
2026-05-06 09:45:00,0.57426,0.57442,0.57405,0.57435
2026-05-06 10:00:00,0.57434,0.57471,0.57432,0.5746
2026-05-06 10:15:00,0.57459,0.57483,0.57434,0.57469
2026-05-06 10:30:00,0.57468,0.57511,0.57467,0.57468
2026-05-06 10:45:00,0.57469,0.57469,0.57354,0.57362
2026-05-06 11:00:00,0.57364,0.57422,0.57352,0.5742
2026-05-06 11:15:00,0.57423,0.57435,0.57398,0.57399
2026-05-06 11:30:00,0.57399,0.57408,0.57375,0.5739
2026-05-06 11:45:00,0.57391,0.57391,0.57295,0.57322
2026-05-06 12:00:00,0.57321,0.57362,0.57307,0.57357
2026-05-06 12:15:00,0.57357,0.57372,0.57333,0.57353
2026-05-06 12:30:00,0.57352,0.57364,0.5731,0.57332
2026-05-06 12:45:00,0.57332,0.57336,0.57295,0.57298
2026-05-06 13:00:00,0.57297,0.57302,0.57277,0.573
2026-05-06 13:15:00,0.57301,0.57302,0.57258,0.5727
2026-05-06 13:30:00,0.57269,0.57269,0.57233,0.5724
2026-05-06 13:45:00,0.57239,0.57246,0.57191,0.57209
2026-05-06 14:00:00,0.57209,0.57224,0.57182,0.57214
2026-05-06 14:15:00,0.57214,0.5723,0.5718,0.57194
2026-05-06 14:30:00,0.57194,0.57224,0.57169,0.57214
2026-05-06 14:45:00,0.57213,0.57259,0.57204,0.57251
2026-05-06 15:00:00,0.5725,0.57284,0.5725,0.57269
2026-05-06 15:15:00,0.57264,0.57308,0.57237,0.5725
2026-05-06 15:30:00,0.57249,0.57249,0.57214,0.57219
2026-05-06 15:45:00,0.57219,0.57255,0.57219,0.57246
2026-05-06 16:00:00,0.57247,0.5727,0.57227,0.57255
2026-05-06 16:15:00,0.57254,0.573,0.57244,0.57269
2026-05-06 16:30:00,0.5727,0.57286,0.57243,0.57269
2026-05-06 16:45:00,0.57269,0.57277,0.57253,0.57254
2026-05-06 17:00:00,0.57254,0.57292,0.57251,0.57256
2026-05-06 17:15:00,0.57257,0.57267,0.57242,0.5726
2026-05-06 17:30:00,0.5726,0.57265,0.5719,0.57191
2026-05-06 17:45:00,0.57188,0.57212,0.57165,0.57208
2026-05-06 18:00:00,0.57207,0.5722,0.57174,0.57195
2026-05-06 18:15:00,0.57195,0.57207,0.57182,0.57192
2026-05-06 18:30:00,0.57193,0.57212,0.57175,0.57198
2026-05-06 18:45:00,0.57199,0.57206,0.57162,0.57202
2026-05-06 19:00:00,0.57202,0.57206,0.5718,0.57196
2026-05-06 19:15:00,0.57196,0.57199,0.57175,0.57189
2026-05-06 19:30:00,0.57188,0.57198,0.57179,0.57184
2026-05-06 19:45:00,0.57184,0.57195,0.57165,0.5718
2026-05-06 20:00:00,0.57183,0.57183,0.57118,0.5712
2026-05-06 20:15:00,0.57121,0.57124,0.57106,0.57123
2026-05-06 20:30:00,0.57122,0.57134,0.57119,0.57121
2026-05-06 20:45:00,0.57122,0.57133,0.57115,0.57123
2026-05-06 21:00:00,0.57123,0.57125,0.57107,0.57124
2026-05-06 21:15:00,0.57125,0.57125,0.57107,0.57111
2026-05-06 21:30:00,0.57111,0.57115,0.57085,0.57091
2026-05-06 21:45:00,0.5709,0.57098,0.57081,0.57086
2026-05-06 22:00:00,0.57086,0.57097,0.57074,0.57094
2026-05-06 22:15:00,0.57095,0.5711,0.5709,0.57106
2026-05-06 22:30:00,0.57105,0.57114,0.57098,0.57108
2026-05-06 22:45:00,0.57108,0.57108,0.57092,0.57096
2026-05-06 23:00:00,0.57095,0.57105,0.57077,0.57101
2026-05-06 23:15:00,0.571,0.57125,0.57098,0.57124
2026-05-06 23:30:00,0.57124,0.57141,0.57124,0.57139
2026-05-06 23:45:00,0.5714,0.5714,0.57099,0.57102
2026-05-07 00:00:00,0.57035,0.57138,0.5701,0.5713
2026-05-07 00:15:00,0.57107,0.57144,0.57036,0.57036
2026-05-07 00:30:00,0.57038,0.57095,0.57031,0.57071
2026-05-07 00:45:00,0.57072,0.57088,0.57064,0.57073
2026-05-07 01:00:00,0.5708,0.57104,0.57066,0.57102
2026-05-07 01:15:00,0.57102,0.57109,0.571,0.57103
2026-05-07 01:30:00,0.57105,0.57108,0.57097,0.57103
2026-05-07 01:45:00,0.57103,0.57111,0.57096,0.57104
2026-05-07 02:00:00,0.57104,0.57108,0.571,0.57108
2026-05-07 02:15:00,0.57108,0.57113,0.57106,0.57106
2026-05-07 02:30:00,0.57106,0.57112,0.57103,0.57106
2026-05-07 02:45:00,0.57105,0.57113,0.57101,0.5711
2026-05-07 03:00:00,0.57111,0.57121,0.57092,0.57093
2026-05-07 03:15:00,0.57093,0.57115,0.57092,0.57114
2026-05-07 03:30:00,0.57113,0.57124,0.57105,0.57117
2026-05-07 03:45:00,0.57117,0.57129,0.57109,0.57118
2026-05-07 04:00:00,0.57118,0.57134,0.57096,0.57103
2026-05-07 04:15:00,0.57103,0.57107,0.57089,0.57095
2026-05-07 04:30:00,0.57095,0.57098,0.57075,0.57075
2026-05-07 04:45:00,0.57077,0.57087,0.57066,0.57082
2026-05-07 05:00:00,0.57081,0.57099,0.57077,0.57098
2026-05-07 05:15:00,0.57098,0.57103,0.5709,0.57097
2026-05-07 05:30:00,0.57097,0.57102,0.57074,0.57076
2026-05-07 05:45:00,0.57077,0.57097,0.57075,0.57092
2026-05-07 06:00:00,0.57093,0.57111,0.57093,0.57106
2026-05-07 06:15:00,0.57106,0.57114,0.57099,0.57106
2026-05-07 06:30:00,0.57105,0.57119,0.57103,0.57115
2026-05-07 06:45:00,0.57116,0.57122,0.57113,0.57121
2026-05-07 07:00:00,0.57122,0.57133,0.57122,0.57131
2026-05-07 07:15:00,0.5713,0.57133,0.57123,0.57125
2026-05-07 07:30:00,0.57124,0.57129,0.57119,0.57124
2026-05-07 07:45:00,0.57124,0.57129,0.5712,0.57125
2026-05-07 08:00:00,0.57125,0.57127,0.57117,0.57122
2026-05-07 08:15:00,0.57123,0.57131,0.5712,0.57122
2026-05-07 08:30:00,0.5712,0.57121,0.5711,0.57116
2026-05-07 08:45:00,0.57117,0.57127,0.57105,0.57116
2026-05-07 09:00:00,0.57116,0.57116,0.57099,0.57111
2026-05-07 09:15:00,0.57107,0.57116,0.57095,0.5711
2026-05-07 09:30:00,0.57107,0.57116,0.57073,0.57078
2026-05-07 09:45:00,0.57079,0.57115,0.57078,0.57079
2026-05-07 10:00:00,0.57078,0.57099,0.57046,0.57055
2026-05-07 10:15:00,0.57056,0.57073,0.57027,0.57036
2026-05-07 10:30:00,0.57032,0.57059,0.57022,0.57057
2026-05-07 10:45:00,0.57056,0.5708,0.57055,0.57063
2026-05-07 11:00:00,0.57064,0.5708,0.57059,0.57077
2026-05-07 11:15:00,0.57076,0.57087,0.57042,0.57052
2026-05-07 11:30:00,0.57053,0.57071,0.57043,0.57068
2026-05-07 11:45:00,0.57068,0.57077,0.57052,0.5706
2026-05-07 12:00:00,0.57059,0.57078,0.57052,0.5707
2026-05-07 12:15:00,0.5707,0.57073,0.57053,0.57066
2026-05-07 12:30:00,0.57067,0.57067,0.57046,0.57061
2026-05-07 12:45:00,0.57061,0.57075,0.57056,0.57059
2026-05-07 13:00:00,0.57057,0.57075,0.57043,0.5705
2026-05-07 13:15:00,0.5705,0.57065,0.57049,0.57055
2026-05-07 13:30:00,0.57054,0.57065,0.57037,0.57054
2026-05-07 13:45:00,0.57054,0.57086,0.57052,0.57083
2026-05-07 14:00:00,0.57082,0.57091,0.57075,0.57085
2026-05-07 14:15:00,0.57086,0.57093,0.57069,0.57084
2026-05-07 14:30:00,0.57084,0.57092,0.57059,0.57065
2026-05-07 14:45:00,0.57065,0.57095,0.57063,0.57071
2026-05-07 15:00:00,0.5707,0.57099,0.57047,0.57051
2026-05-07 15:15:00,0.57051,0.57057,0.57016,0.57016
2026-05-07 15:30:00,0.57016,0.57038,0.57015,0.57028
2026-05-07 15:45:00,0.57027,0.57037,0.56991,0.57007
2026-05-07 16:00:00,0.57006,0.57012,0.56977,0.56994
2026-05-07 16:15:00,0.56995,0.56998,0.56963,0.56976
2026-05-07 16:30:00,0.56977,0.57009,0.56972,0.56989
2026-05-07 16:45:00,0.56989,0.57008,0.5697,0.56972
2026-05-07 17:00:00,0.56971,0.56996,0.56964,0.56991
2026-05-07 17:15:00,0.56992,0.57006,0.56972,0.56997
2026-05-07 17:30:00,0.56997,0.57033,0.56991,0.57027
2026-05-07 17:45:00,0.57028,0.57029,0.56952,0.56958
2026-05-07 18:00:00,0.56958,0.57,0.56951,0.57
2026-05-07 18:15:00,0.56999,0.57039,0.56989,0.57033
2026-05-07 18:30:00,0.57033,0.57036,0.57002,0.57015
2026-05-07 18:45:00,0.57015,0.57029,0.57005,0.57025
2026-05-07 19:00:00,0.57025,0.57044,0.57018,0.57041
2026-05-07 19:15:00,0.57041,0.57055,0.57036,0.57045
2026-05-07 19:30:00,0.57046,0.57076,0.57043,0.57075
2026-05-07 19:45:00,0.57075,0.57093,0.57068,0.57091
2026-05-07 20:00:00,0.57092,0.57125,0.57087,0.57112
2026-05-07 20:15:00,0.57111,0.57155,0.57107,0.5715
2026-05-07 20:30:00,0.57149,0.57168,0.57136,0.57147
2026-05-07 20:45:00,0.57147,0.57159,0.57119,0.57121
2026-05-07 21:00:00,0.57121,0.57124,0.57105,0.57117
2026-05-07 21:15:00,0.57117,0.57123,0.571,0.57101
2026-05-07 21:30:00,0.57102,0.57132,0.57091,0.57119
2026-05-07 21:45:00,0.57119,0.57139,0.57111,0.57113
2026-05-07 22:00:00,0.57113,0.57138,0.57111,0.57133
2026-05-07 22:15:00,0.57134,0.5717,0.57128,0.57153
2026-05-07 22:30:00,0.57152,0.57152,0.57113,0.57133
2026-05-07 22:45:00,0.57133,0.57157,0.57127,0.57138
2026-05-07 23:00:00,0.57138,0.5714,0.57107,0.57128
2026-05-07 23:15:00,0.57129,0.57135,0.57118,0.57125
2026-05-07 23:30:00,0.57125,0.57158,0.57125,0.57132
2026-05-07 23:45:00,0.57131,0.57141,0.57103,0.57108
2026-05-08 00:00:00,0.56951,0.57062,0.56951,0.57011
2026-05-08 00:15:00,0.5702,0.5708,0.5702,0.5708
2026-05-08 00:30:00,0.5708,0.57082,0.57005,0.57068
2026-05-08 00:45:00,0.57065,0.57076,0.57001,0.57008
2026-05-08 01:00:00,0.56999,0.57125,0.56998,0.5712
2026-05-08 01:15:00,0.57116,0.57124,0.57105,0.5712
2026-05-08 01:30:00,0.57121,0.57134,0.57113,0.57122
2026-05-08 01:45:00,0.57123,0.57134,0.57118,0.57131
2026-05-08 02:00:00,0.57132,0.57141,0.57128,0.57141
2026-05-08 02:15:00,0.57139,0.57144,0.57126,0.57127
2026-05-08 02:30:00,0.57128,0.57129,0.57123,0.57128
2026-05-08 02:45:00,0.57127,0.57128,0.57118,0.57123
2026-05-08 03:00:00,0.57125,0.57129,0.57108,0.57127
2026-05-08 03:15:00,0.57126,0.5714,0.57125,0.57137
2026-05-08 03:30:00,0.57137,0.57142,0.57133,0.57136
2026-05-08 03:45:00,0.57136,0.57143,0.57122,0.57131
2026-05-08 04:00:00,0.57131,0.57133,0.57112,0.57118
2026-05-08 04:15:00,0.57118,0.57123,0.571,0.57109
2026-05-08 04:30:00,0.57108,0.57124,0.57105,0.57123
2026-05-08 04:45:00,0.57122,0.57125,0.57111,0.57122
2026-05-08 05:00:00,0.57123,0.57131,0.57121,0.57131
2026-05-08 05:15:00,0.57131,0.57137,0.57125,0.57136
2026-05-08 05:30:00,0.57137,0.5715,0.57132,0.57137
2026-05-08 05:45:00,0.57137,0.57139,0.57124,0.57138
2026-05-08 06:00:00,0.57137,0.57146,0.57136,0.57142
2026-05-08 06:15:00,0.57144,0.57149,0.57139,0.5714
2026-05-08 06:30:00,0.57141,0.57142,0.57126,0.57129
2026-05-08 06:45:00,0.57129,0.57141,0.57128,0.57137
2026-05-08 07:00:00,0.57137,0.57141,0.57132,0.5714
2026-05-08 07:15:00,0.57139,0.57146,0.57137,0.57138
2026-05-08 07:30:00,0.57138,0.5714,0.57106,0.57107
2026-05-08 07:45:00,0.57108,0.57118,0.57098,0.57099
2026-05-08 08:00:00,0.57099,0.57118,0.57089,0.57111
2026-05-08 08:15:00,0.57112,0.57113,0.57102,0.57104
2026-05-08 08:30:00,0.57104,0.5711,0.57095,0.57101
2026-05-08 08:45:00,0.571,0.57101,0.57092,0.57096
2026-05-08 09:00:00,0.57098,0.57106,0.57057,0.57068
2026-05-08 09:15:00,0.57067,0.57073,0.57045,0.57045
2026-05-08 09:30:00,0.57045,0.57076,0.57044,0.57057
2026-05-08 09:45:00,0.57057,0.57072,0.57057,0.57059
2026-05-08 10:00:00,0.57061,0.57071,0.57049,0.57059
2026-05-08 10:15:00,0.5706,0.5708,0.57052,0.57071
2026-05-08 10:30:00,0.57071,0.57078,0.57052,0.5706
2026-05-08 10:45:00,0.5706,0.57074,0.57047,0.57047
2026-05-08 11:00:00,0.57046,0.5705,0.57022,0.57031
2026-05-08 11:15:00,0.57032,0.57036,0.56989,0.56991
2026-05-08 11:30:00,0.56991,0.57001,0.56971,0.56973
2026-05-08 11:45:00,0.56973,0.57,0.56964,0.56997
2026-05-08 12:00:00,0.56997,0.57001,0.56971,0.56983
2026-05-08 12:15:00,0.56983,0.56996,0.56967,0.56992
2026-05-08 12:30:00,0.56993,0.56997,0.56977,0.56983
2026-05-08 12:45:00,0.56983,0.57,0.56977,0.56995
2026-05-08 13:00:00,0.56995,0.57007,0.56986,0.57
2026-05-08 13:15:00,0.57,0.57006,0.56991,0.57
2026-05-08 13:30:00,0.56997,0.57002,0.56988,0.57001
2026-05-08 13:45:00,0.57,0.57022,0.57,0.57013
2026-05-08 14:00:00,0.57012,0.57033,0.57007,0.57028
2026-05-08 14:15:00,0.57027,0.57038,0.57015,0.57032
2026-05-08 14:30:00,0.57031,0.57043,0.5702,0.57024
2026-05-08 14:45:00,0.57025,0.57029,0.57007,0.57018
2026-05-08 15:00:00,0.57018,0.57035,0.56981,0.56984
2026-05-08 15:15:00,0.56982,0.56993,0.5696,0.5697
2026-05-08 15:30:00,0.56968,0.56985,0.56791,0.56803
2026-05-08 15:45:00,0.56803,0.5682,0.56769,0.56789
2026-05-08 16:00:00,0.5679,0.568,0.56746,0.56752
2026-05-08 16:15:00,0.56752,0.56767,0.56718,0.56739
2026-05-08 16:30:00,0.56739,0.56746,0.56688,0.56717
2026-05-08 16:45:00,0.56716,0.56716,0.56674,0.56698
2026-05-08 17:00:00,0.56699,0.56791,0.56698,0.5678
2026-05-08 17:15:00,0.56782,0.56796,0.56772,0.56788
2026-05-08 17:30:00,0.56788,0.56796,0.56742,0.5676
2026-05-08 17:45:00,0.5676,0.56808,0.56756,0.56771
2026-05-08 18:00:00,0.5677,0.56791,0.56756,0.56787
2026-05-08 18:15:00,0.56786,0.56802,0.56779,0.56789
2026-05-08 18:30:00,0.56788,0.56805,0.56773,0.56787
2026-05-08 18:45:00,0.56786,0.56822,0.56783,0.56814
2026-05-08 19:00:00,0.56814,0.56815,0.56775,0.56778
2026-05-08 19:15:00,0.56777,0.56777,0.56765,0.56772
2026-05-08 19:30:00,0.56771,0.56792,0.5677,0.56784
2026-05-08 19:45:00,0.56784,0.56784,0.56751,0.56764
2026-05-08 20:00:00,0.56766,0.56781,0.56758,0.56772
2026-05-08 20:15:00,0.56771,0.56777,0.56758,0.56763
2026-05-08 20:30:00,0.56763,0.56777,0.5676,0.56767
2026-05-08 20:45:00,0.56766,0.56781,0.56761,0.56778
2026-05-08 21:00:00,0.56778,0.56784,0.56735,0.56744
2026-05-08 21:15:00,0.56744,0.56756,0.56743,0.56751
2026-05-08 21:30:00,0.56752,0.56755,0.56737,0.56738
2026-05-08 21:45:00,0.56739,0.5676,0.56732,0.56752
2026-05-08 22:00:00,0.56752,0.56762,0.56746,0.56752
2026-05-08 22:15:00,0.56753,0.5676,0.56746,0.56747
2026-05-08 22:30:00,0.56748,0.5676,0.56743,0.56744
2026-05-08 22:45:00,0.56743,0.56779,0.56733,0.56776
2026-05-08 23:00:00,0.56775,0.56785,0.56754,0.56754
2026-05-08 23:15:00,0.56754,0.56761,0.56737,0.56752
2026-05-08 23:30:00,0.56752,0.56774,0.56744,0.56766
2026-05-08 23:45:00,0.56765,0.56773,0.56728,0.56731
2026-05-11 00:00:00,0.56722,0.56734,0.56697,0.56732
2026-05-11 00:15:00,0.56729,0.56781,0.56729,0.56776
2026-05-11 00:30:00,0.56788,0.56788,0.56721,0.56749
2026-05-11 00:45:00,0.56747,0.56773,0.56726,0.56747
2026-05-11 01:00:00,0.5674,0.56812,0.56729,0.56812
2026-05-11 01:15:00,0.56811,0.56815,0.56803,0.56808
2026-05-11 01:30:00,0.56808,0.56827,0.56808,0.5682
2026-05-11 01:45:00,0.56819,0.56823,0.56813,0.56814
2026-05-11 02:00:00,0.56814,0.56826,0.56814,0.56824
2026-05-11 02:15:00,0.56824,0.5683,0.56818,0.56829
2026-05-11 02:30:00,0.56828,0.56834,0.56816,0.56816
2026-05-11 02:45:00,0.56816,0.56834,0.56815,0.56831
2026-05-11 03:00:00,0.56832,0.56839,0.56822,0.56827
2026-05-11 03:15:00,0.56825,0.56833,0.5682,0.56826
2026-05-11 03:30:00,0.56826,0.56842,0.56825,0.56841
2026-05-11 03:45:00,0.56842,0.56853,0.56832,0.56837
2026-05-11 04:00:00,0.56837,0.56851,0.56836,0.56844
2026-05-11 04:15:00,0.56843,0.56858,0.56841,0.56848
2026-05-11 04:30:00,0.56848,0.56868,0.56847,0.56857
2026-05-11 04:45:00,0.56857,0.56872,0.56856,0.56869
2026-05-11 05:00:00,0.56868,0.56876,0.56864,0.56869
2026-05-11 05:15:00,0.56869,0.56876,0.56867,0.56871
2026-05-11 05:30:00,0.56871,0.56882,0.5687,0.56881
2026-05-11 05:45:00,0.56881,0.56891,0.56877,0.56888
2026-05-11 06:00:00,0.56888,0.569,0.56888,0.56891
2026-05-11 06:15:00,0.56892,0.56902,0.56891,0.56899
2026-05-11 06:30:00,0.569,0.56905,0.56894,0.56899
2026-05-11 06:45:00,0.56899,0.5691,0.56897,0.56901
2026-05-11 07:00:00,0.56902,0.56906,0.56897,0.56902
2026-05-11 07:15:00,0.569,0.56902,0.56896,0.56899
2026-05-11 07:30:00,0.569,0.56906,0.56897,0.56902
2026-05-11 07:45:00,0.56903,0.56909,0.56896,0.56907
2026-05-11 08:00:00,0.56907,0.56907,0.56887,0.56894
2026-05-11 08:15:00,0.56894,0.56913,0.56891,0.56912
2026-05-11 08:30:00,0.56913,0.56915,0.56903,0.56906
2026-05-11 08:45:00,0.56905,0.56921,0.56902,0.56911
2026-05-11 09:00:00,0.56911,0.56931,0.56893,0.56926
2026-05-11 09:15:00,0.56926,0.56934,0.56911,0.56915
2026-05-11 09:30:00,0.56917,0.56917,0.5687,0.56871
2026-05-11 09:45:00,0.5687,0.56874,0.56838,0.56846
2026-05-11 10:00:00,0.56844,0.56907,0.56839,0.56901
2026-05-11 10:15:00,0.56901,0.56905,0.56876,0.56894
2026-05-11 10:30:00,0.56895,0.56923,0.56894,0.56905
2026-05-11 10:45:00,0.56905,0.56925,0.56899,0.5691
2026-05-11 11:00:00,0.5691,0.5693,0.56905,0.56918
2026-05-11 11:15:00,0.56918,0.56919,0.56878,0.56887
2026-05-11 11:30:00,0.56888,0.56908,0.56869,0.56903
2026-05-11 11:45:00,0.56902,0.56939,0.56895,0.56939
2026-05-11 12:00:00,0.56939,0.56944,0.5692,0.56926
2026-05-11 12:15:00,0.56925,0.56948,0.56923,0.56943
2026-05-11 12:30:00,0.56943,0.56949,0.56936,0.56945
2026-05-11 12:45:00,0.56945,0.5697,0.56942,0.56969
2026-05-11 13:00:00,0.56969,0.56984,0.56968,0.56977
2026-05-11 13:15:00,0.56978,0.56986,0.56961,0.56963
2026-05-11 13:30:00,0.56963,0.56979,0.56953,0.56962
2026-05-11 13:45:00,0.56961,0.56981,0.56947,0.56978
2026-05-11 14:00:00,0.56979,0.56979,0.5695,0.56953
2026-05-11 14:15:00,0.56953,0.56961,0.56941,0.56941
2026-05-11 14:30:00,0.5694,0.56954,0.56939,0.56948
2026-05-11 14:45:00,0.56948,0.56973,0.56932,0.56961
2026-05-11 15:00:00,0.56961,0.56985,0.56953,0.56969
2026-05-11 15:15:00,0.56969,0.56989,0.56935,0.56936
2026-05-11 15:30:00,0.56935,0.56937,0.56884,0.56919
2026-05-11 15:45:00,0.56921,0.56942,0.56915,0.5693
2026-05-11 16:00:00,0.5693,0.56934,0.56886,0.56887
2026-05-11 16:15:00,0.56886,0.56916,0.56882,0.5689
2026-05-11 16:30:00,0.56889,0.56917,0.56888,0.56902
2026-05-11 16:45:00,0.56902,0.56921,0.56895,0.56906
2026-05-11 17:00:00,0.56904,0.56911,0.56886,0.56894
2026-05-11 17:15:00,0.56894,0.56915,0.56888,0.56913
2026-05-11 17:30:00,0.56912,0.56948,0.56908,0.56908
2026-05-11 17:45:00,0.56908,0.56928,0.56861,0.56865
2026-05-11 18:00:00,0.56865,0.56875,0.56844,0.56855
2026-05-11 18:15:00,0.56854,0.56863,0.56839,0.56854
2026-05-11 18:30:00,0.56853,0.56873,0.56842,0.56869
2026-05-11 18:45:00,0.56869,0.5688,0.56855,0.5687
2026-05-11 19:00:00,0.56871,0.56884,0.56854,0.56866
2026-05-11 19:15:00,0.56865,0.56881,0.56861,0.5688
2026-05-11 19:30:00,0.5688,0.56915,0.5688,0.5691
2026-05-11 19:45:00,0.5691,0.56931,0.56909,0.56917
2026-05-11 20:00:00,0.56916,0.56925,0.56903,0.56918
2026-05-11 20:15:00,0.56917,0.56925,0.56901,0.56915
2026-05-11 20:30:00,0.56915,0.56915,0.56901,0.56913
2026-05-11 20:45:00,0.56913,0.56914,0.56899,0.56902
2026-05-11 21:00:00,0.56902,0.56904,0.56894,0.56896
2026-05-11 21:15:00,0.56896,0.56904,0.56883,0.56884
2026-05-11 21:30:00,0.56885,0.56901,0.56874,0.569
2026-05-11 21:45:00,0.56901,0.5691,0.56895,0.56909
2026-05-11 22:00:00,0.5691,0.56917,0.56898,0.56914
2026-05-11 22:15:00,0.56914,0.56917,0.56897,0.56904
2026-05-11 22:30:00,0.56903,0.56907,0.56889,0.56891
2026-05-11 22:45:00,0.56891,0.56899,0.56883,0.56887
2026-05-11 23:00:00,0.56887,0.56895,0.56874,0.56875
2026-05-11 23:15:00,0.56875,0.56879,0.56858,0.56858
2026-05-11 23:30:00,0.56857,0.56868,0.56852,0.56866
2026-05-11 23:45:00,0.56864,0.56879,0.5685,0.56856
2026-05-12 00:00:00,0.56755,0.56836,0.5675,0.56831
2026-05-12 00:15:00,0.56842,0.56874,0.56813,0.56822
2026-05-12 00:30:00,0.56818,0.56846,0.5681,0.56838
2026-05-12 00:45:00,0.56834,0.56845,0.56814,0.56826
2026-05-12 01:00:00,0.56823,0.56875,0.56817,0.56873
2026-05-12 01:15:00,0.56874,0.56878,0.56871,0.56873
2026-05-12 01:30:00,0.56872,0.56876,0.56866,0.56874
2026-05-12 01:45:00,0.56874,0.56874,0.56864,0.56871
2026-05-12 02:00:00,0.56869,0.56873,0.56867,0.56872
2026-05-12 02:15:00,0.56873,0.56882,0.5687,0.56881
2026-05-12 02:30:00,0.56879,0.56889,0.56872,0.56885
2026-05-12 02:45:00,0.56886,0.56892,0.56878,0.56883
2026-05-12 03:00:00,0.56883,0.56899,0.56883,0.56888
2026-05-12 03:15:00,0.56887,0.56894,0.56879,0.56889
2026-05-12 03:30:00,0.56888,0.56893,0.56884,0.56892
2026-05-12 03:45:00,0.56892,0.5691,0.56889,0.56902
2026-05-12 04:00:00,0.56902,0.56912,0.56894,0.56909
2026-05-12 04:15:00,0.5691,0.56921,0.56905,0.56921
2026-05-12 04:30:00,0.56921,0.56936,0.569,0.56933
2026-05-12 04:45:00,0.56932,0.56939,0.56926,0.56937
2026-05-12 05:00:00,0.56937,0.56939,0.56928,0.56929
2026-05-12 05:15:00,0.5693,0.56938,0.56929,0.56933
2026-05-12 05:30:00,0.56933,0.56946,0.56931,0.56942
2026-05-12 05:45:00,0.56942,0.56944,0.56933,0.5694
2026-05-12 06:00:00,0.56939,0.56946,0.56938,0.56941
2026-05-12 06:15:00,0.56941,0.56944,0.56938,0.56942
2026-05-12 06:30:00,0.56942,0.56943,0.56932,0.56942
2026-05-12 06:45:00,0.56943,0.56946,0.5694,0.56945
2026-05-12 07:00:00,0.56945,0.56953,0.56944,0.56951
2026-05-12 07:15:00,0.56952,0.56955,0.56947,0.56951
2026-05-12 07:30:00,0.56952,0.56953,0.56934,0.56935
2026-05-12 07:45:00,0.56935,0.56942,0.56934,0.56941
2026-05-12 08:00:00,0.5694,0.5696,0.56938,0.56954
2026-05-12 08:15:00,0.56953,0.56962,0.56948,0.56952
2026-05-12 08:30:00,0.56952,0.56956,0.56944,0.56946
2026-05-12 08:45:00,0.56946,0.56952,0.56888,0.56918
2026-05-12 09:00:00,0.5692,0.56953,0.56901,0.56936
2026-05-12 09:15:00,0.56935,0.56954,0.56926,0.56949
2026-05-12 09:30:00,0.56948,0.56953,0.5692,0.56947
2026-05-12 09:45:00,0.56946,0.56967,0.56931,0.56962
2026-05-12 10:00:00,0.56963,0.56975,0.56955,0.56968
2026-05-12 10:15:00,0.56968,0.56976,0.56949,0.56962
2026-05-12 10:30:00,0.56961,0.56969,0.56952,0.56966
2026-05-12 10:45:00,0.56966,0.56978,0.5695,0.56967
2026-05-12 11:00:00,0.56967,0.56973,0.56947,0.5695
2026-05-12 11:15:00,0.5695,0.56951,0.56925,0.56947
2026-05-12 11:30:00,0.56946,0.5696,0.56936,0.56944
2026-05-12 11:45:00,0.56945,0.56956,0.56929,0.56954
2026-05-12 12:00:00,0.56955,0.56971,0.56946,0.5696
2026-05-12 12:15:00,0.5696,0.56968,0.56952,0.56958
2026-05-12 12:30:00,0.56956,0.56966,0.56935,0.5696
2026-05-12 12:45:00,0.56961,0.56967,0.56934,0.56939
2026-05-12 13:00:00,0.56938,0.56953,0.56937,0.56946
2026-05-12 13:15:00,0.56947,0.56964,0.56944,0.56952
2026-05-12 13:30:00,0.56953,0.5696,0.56938,0.56947
2026-05-12 13:45:00,0.56948,0.56972,0.56939,0.56968
2026-05-12 14:00:00,0.56968,0.56991,0.56956,0.56966
2026-05-12 14:15:00,0.56965,0.56972,0.56953,0.56958
2026-05-12 14:30:00,0.56958,0.56977,0.56949,0.56969
2026-05-12 14:45:00,0.56968,0.5699,0.56961,0.56989
2026-05-12 15:00:00,0.56989,0.57005,0.5698,0.56998
2026-05-12 15:15:00,0.56997,0.56998,0.56968,0.56973
2026-05-12 15:30:00,0.56973,0.56998,0.5693,0.56936
2026-05-12 15:45:00,0.56937,0.56953,0.5693,0.5695
2026-05-12 16:00:00,0.5695,0.56964,0.56933,0.56942
2026-05-12 16:15:00,0.56943,0.56974,0.56936,0.56973
2026-05-12 16:30:00,0.56973,0.5698,0.56962,0.56969
2026-05-12 16:45:00,0.5697,0.57025,0.56963,0.57005
2026-05-12 17:00:00,0.57003,0.57017,0.56996,0.57002
2026-05-12 17:15:00,0.57001,0.57017,0.56999,0.5701
2026-05-12 17:30:00,0.57008,0.57028,0.56985,0.56999
2026-05-12 17:45:00,0.57,0.57019,0.56956,0.5698
2026-05-12 18:00:00,0.56979,0.56994,0.56964,0.56992
2026-05-12 18:15:00,0.56993,0.57011,0.56967,0.56999
2026-05-12 18:30:00,0.56998,0.57009,0.56982,0.56982
2026-05-12 18:45:00,0.56981,0.57001,0.56979,0.56996
2026-05-12 19:00:00,0.56996,0.57012,0.56991,0.57004
2026-05-12 19:15:00,0.57005,0.57006,0.56984,0.56999
2026-05-12 19:30:00,0.57,0.57009,0.56995,0.57001
2026-05-12 19:45:00,0.57001,0.57023,0.56997,0.57016
2026-05-12 20:00:00,0.57015,0.57024,0.56992,0.56995
2026-05-12 20:15:00,0.56995,0.57005,0.56983,0.56988
2026-05-12 20:30:00,0.56986,0.56998,0.5698,0.56996
2026-05-12 20:45:00,0.56996,0.57,0.56984,0.56986
2026-05-12 21:00:00,0.56987,0.57001,0.56981,0.56992
2026-05-12 21:15:00,0.56992,0.56996,0.56959,0.56973
2026-05-12 21:30:00,0.56971,0.56983,0.56968,0.56976
2026-05-12 21:45:00,0.56977,0.56986,0.56973,0.5698
2026-05-12 22:00:00,0.56981,0.56985,0.56974,0.5698
2026-05-12 22:15:00,0.56979,0.5699,0.56972,0.5698
2026-05-12 22:30:00,0.5698,0.56981,0.5697,0.56973
2026-05-12 22:45:00,0.56974,0.56984,0.5697,0.56981
2026-05-12 23:00:00,0.56981,0.56983,0.56967,0.56979
2026-05-12 23:15:00,0.56979,0.56982,0.56971,0.56975
2026-05-12 23:30:00,0.56975,0.56987,0.56975,0.56982
2026-05-12 23:45:00,0.56982,0.56994,0.56956,0.5696
2026-05-13 00:00:00,0.56925,0.56943,0.5691,0.56935
2026-05-13 00:15:00,0.56935,0.56937,0.56918,0.56925
2026-05-13 00:30:00,0.56929,0.56972,0.56921,0.56952
2026-05-13 00:45:00,0.56958,0.56966,0.5693,0.5694
2026-05-13 01:00:00,0.56937,0.56985,0.56926,0.56982
2026-05-13 01:15:00,0.56981,0.56985,0.56979,0.5698
2026-05-13 01:30:00,0.5698,0.56988,0.56973,0.56976
2026-05-13 01:45:00,0.56978,0.56982,0.56974,0.56979
2026-05-13 02:00:00,0.56977,0.56988,0.56972,0.56985
2026-05-13 02:15:00,0.56984,0.56985,0.56978,0.56979
2026-05-13 02:30:00,0.56981,0.56982,0.56971,0.56972
2026-05-13 02:45:00,0.56971,0.56982,0.56971,0.56979
2026-05-13 03:00:00,0.5698,0.56985,0.56969,0.56981
2026-05-13 03:15:00,0.5698,0.56986,0.56973,0.56983
2026-05-13 03:30:00,0.56984,0.56994,0.56977,0.56979
2026-05-13 03:45:00,0.56979,0.56989,0.56955,0.56961
2026-05-13 04:00:00,0.56962,0.56984,0.56957,0.56981
2026-05-13 04:15:00,0.56982,0.56989,0.56971,0.56982
2026-05-13 04:30:00,0.56983,0.56992,0.5698,0.56992
2026-05-13 04:45:00,0.56991,0.56995,0.56982,0.56992
2026-05-13 05:00:00,0.56994,0.5701,0.56993,0.5701
2026-05-13 05:15:00,0.5701,0.57017,0.57007,0.57011
2026-05-13 05:30:00,0.5701,0.57016,0.57007,0.57014
2026-05-13 05:45:00,0.57013,0.57016,0.56996,0.57008
2026-05-13 06:00:00,0.57007,0.57008,0.56998,0.57003
2026-05-13 06:15:00,0.57002,0.57014,0.57002,0.57004
2026-05-13 06:30:00,0.57005,0.57008,0.56997,0.57003
2026-05-13 06:45:00,0.57003,0.57013,0.57001,0.57005
2026-05-13 07:00:00,0.57004,0.57005,0.56995,0.56998
2026-05-13 07:15:00,0.56997,0.56997,0.56992,0.56996
2026-05-13 07:30:00,0.56997,0.56999,0.56988,0.5699
2026-05-13 07:45:00,0.5699,0.56993,0.56987,0.56989
2026-05-13 08:00:00,0.5699,0.56992,0.56986,0.56988
2026-05-13 08:15:00,0.56989,0.5699,0.56962,0.56966
2026-05-13 08:30:00,0.56966,0.56971,0.56959,0.5697
2026-05-13 08:45:00,0.56971,0.56976,0.56969,0.56971
2026-05-13 09:00:00,0.5697,0.5699,0.5697,0.5699
2026-05-13 09:15:00,0.56991,0.56993,0.56972,0.5698
2026-05-13 09:30:00,0.56981,0.57004,0.56978,0.56995
2026-05-13 09:45:00,0.56997,0.57012,0.56993,0.57006
2026-05-13 10:00:00,0.57006,0.57006,0.56976,0.56983
2026-05-13 10:15:00,0.56983,0.56996,0.56971,0.56989
2026-05-13 10:30:00,0.56989,0.57006,0.56984,0.57004
2026-05-13 10:45:00,0.57005,0.57027,0.57001,0.57022
2026-05-13 11:00:00,0.57021,0.5703,0.57005,0.57024
2026-05-13 11:15:00,0.57024,0.57039,0.5701,0.57038
2026-05-13 11:30:00,0.57038,0.57074,0.57036,0.57074
2026-05-13 11:45:00,0.57074,0.57104,0.57067,0.57088
2026-05-13 12:00:00,0.57089,0.5709,0.57051,0.57086
2026-05-13 12:15:00,0.57087,0.57107,0.57075,0.57106
2026-05-13 12:30:00,0.57106,0.57107,0.5709,0.57093
2026-05-13 12:45:00,0.57092,0.57092,0.57074,0.57077
2026-05-13 13:00:00,0.57076,0.57092,0.57068,0.57089
2026-05-13 13:15:00,0.5709,0.57105,0.57076,0.57102
2026-05-13 13:30:00,0.57101,0.57106,0.57067,0.57073
2026-05-13 13:45:00,0.57072,0.57082,0.57059,0.57076
2026-05-13 14:00:00,0.57077,0.5708,0.57059,0.57067
2026-05-13 14:15:00,0.57066,0.5708,0.57056,0.57069
2026-05-13 14:30:00,0.57069,0.57073,0.57049,0.57054
2026-05-13 14:45:00,0.57054,0.57062,0.5704,0.5706
2026-05-13 15:00:00,0.5706,0.57073,0.57051,0.57063
2026-05-13 15:15:00,0.57062,0.57092,0.57055,0.57067
2026-05-13 15:30:00,0.57066,0.57124,0.57064,0.57122
2026-05-13 15:45:00,0.57121,0.57162,0.57118,0.5714
2026-05-13 16:00:00,0.57139,0.57149,0.57125,0.57132
2026-05-13 16:15:00,0.57133,0.57143,0.57114,0.57118
2026-05-13 16:30:00,0.57117,0.57117,0.57023,0.57028
2026-05-13 16:45:00,0.57027,0.57047,0.57023,0.57038
2026-05-13 17:00:00,0.57037,0.57075,0.57035,0.57064
2026-05-13 17:15:00,0.57065,0.57134,0.57064,0.5711
2026-05-13 17:30:00,0.57111,0.57157,0.57109,0.5714
2026-05-13 17:45:00,0.57139,0.5714,0.57092,0.57098
2026-05-13 18:00:00,0.57099,0.57107,0.57082,0.57107
2026-05-13 18:15:00,0.57107,0.5712,0.57092,0.57118
2026-05-13 18:30:00,0.57116,0.57128,0.57098,0.57111
2026-05-13 18:45:00,0.5711,0.57113,0.57087,0.57097
2026-05-13 19:00:00,0.57098,0.57107,0.57086,0.57086
2026-05-13 19:15:00,0.57086,0.57091,0.57066,0.57071
2026-05-13 19:30:00,0.57072,0.57095,0.57065,0.57087
2026-05-13 19:45:00,0.57088,0.57098,0.57077,0.57084
2026-05-13 20:00:00,0.57085,0.57092,0.57067,0.57078
2026-05-13 20:15:00,0.57077,0.57077,0.57062,0.57063
2026-05-13 20:30:00,0.57063,0.57076,0.57059,0.57074
2026-05-13 20:45:00,0.57073,0.57076,0.57062,0.57071
2026-05-13 21:00:00,0.57071,0.57071,0.57054,0.57062
2026-05-13 21:15:00,0.57062,0.57067,0.5704,0.57041
2026-05-13 21:30:00,0.57042,0.57044,0.57022,0.57027
2026-05-13 21:45:00,0.57027,0.57036,0.5702,0.57034
2026-05-13 22:00:00,0.57034,0.5704,0.57025,0.57037
2026-05-13 22:15:00,0.57036,0.57049,0.57031,0.57034
2026-05-13 22:30:00,0.57034,0.57044,0.57029,0.57043
2026-05-13 22:45:00,0.57043,0.57048,0.57031,0.57041
2026-05-13 23:00:00,0.57041,0.57045,0.57025,0.57026
2026-05-13 23:15:00,0.57027,0.57037,0.57025,0.57028
2026-05-13 23:30:00,0.57027,0.57039,0.57025,0.57036
2026-05-13 23:45:00,0.57036,0.57037,0.57004,0.57012
2026-05-14 00:00:00,0.56945,0.56999,0.56935,0.56969
2026-05-14 00:15:00,0.56969,0.56992,0.56954,0.56987
2026-05-14 00:30:00,0.5697,0.56994,0.56964,0.56986
2026-05-14 00:45:00,0.56974,0.56988,0.56966,0.56976
2026-05-14 01:00:00,0.56977,0.57025,0.5697,0.57015
2026-05-14 01:15:00,0.57015,0.5702,0.57012,0.57018
2026-05-14 01:30:00,0.57016,0.57024,0.57015,0.57019
2026-05-14 01:45:00,0.57018,0.57023,0.57018,0.5702
2026-05-14 02:00:00,0.5702,0.57025,0.57017,0.57024
2026-05-14 02:15:00,0.57023,0.57026,0.5702,0.57025
2026-05-14 02:30:00,0.57026,0.5703,0.57024,0.57029
2026-05-14 02:45:00,0.5703,0.5703,0.57024,0.57027
2026-05-14 03:00:00,0.57027,0.57028,0.57013,0.57015
2026-05-14 03:15:00,0.57014,0.5702,0.5701,0.57015
2026-05-14 03:30:00,0.57015,0.57023,0.57013,0.57014
2026-05-14 03:45:00,0.57014,0.57014,0.57004,0.57012
2026-05-14 04:00:00,0.57012,0.57019,0.57005,0.57009
2026-05-14 04:15:00,0.57009,0.57012,0.57,0.57005
2026-05-14 04:30:00,0.57005,0.57008,0.56998,0.56999
2026-05-14 04:45:00,0.57,0.5701,0.56997,0.57007
2026-05-14 05:00:00,0.57006,0.57019,0.57001,0.57018
2026-05-14 05:15:00,0.57019,0.57025,0.57016,0.57018
2026-05-14 05:30:00,0.57018,0.57019,0.57012,0.57016
2026-05-14 05:45:00,0.57016,0.57028,0.57016,0.57026
2026-05-14 06:00:00,0.57024,0.5703,0.57023,0.57027
2026-05-14 06:15:00,0.57028,0.57029,0.57016,0.57018
2026-05-14 06:30:00,0.57018,0.57026,0.57016,0.57021
2026-05-14 06:45:00,0.57022,0.57027,0.57017,0.57025
2026-05-14 07:00:00,0.57024,0.57033,0.57012,0.57028
2026-05-14 07:15:00,0.57028,0.57034,0.57023,0.57025
2026-05-14 07:30:00,0.57025,0.57038,0.57023,0.57035
2026-05-14 07:45:00,0.57033,0.57038,0.57024,0.57036
2026-05-14 08:00:00,0.57035,0.57038,0.57028,0.57035
2026-05-14 08:15:00,0.57034,0.57041,0.57032,0.57038
2026-05-14 08:30:00,0.57039,0.57047,0.57038,0.57043
2026-05-14 08:45:00,0.57043,0.57051,0.57035,0.57049
2026-05-14 09:00:00,0.57048,0.57049,0.57025,0.5704
2026-05-14 09:15:00,0.5704,0.5704,0.57023,0.57027
2026-05-14 09:30:00,0.57026,0.5703,0.57003,0.57003
2026-05-14 09:45:00,0.57003,0.57003,0.56973,0.56984
2026-05-14 10:00:00,0.56986,0.5702,0.56979,0.57012
2026-05-14 10:15:00,0.57012,0.57033,0.57012,0.57028
2026-05-14 10:30:00,0.57028,0.57028,0.57006,0.57013
2026-05-14 10:45:00,0.57013,0.57032,0.57011,0.5703
2026-05-14 11:00:00,0.57031,0.57063,0.57028,0.57056
2026-05-14 11:15:00,0.57056,0.57059,0.57036,0.57039
2026-05-14 11:30:00,0.57039,0.57052,0.57033,0.57043
2026-05-14 11:45:00,0.57043,0.57052,0.57035,0.57046
2026-05-14 12:00:00,0.57045,0.57051,0.57037,0.57048
2026-05-14 12:15:00,0.57049,0.57051,0.57032,0.5704
2026-05-14 12:30:00,0.57043,0.57048,0.57035,0.57039
2026-05-14 12:45:00,0.5704,0.57041,0.57018,0.57026
2026-05-14 13:00:00,0.57025,0.57035,0.56995,0.56997
2026-05-14 13:15:00,0.56997,0.57008,0.56991,0.56993
2026-05-14 13:30:00,0.56993,0.57011,0.56987,0.57006
2026-05-14 13:45:00,0.57006,0.57012,0.56984,0.56988
2026-05-14 14:00:00,0.56987,0.56994,0.56974,0.56975
2026-05-14 14:15:00,0.56976,0.5699,0.56968,0.56973
2026-05-14 14:30:00,0.56974,0.56993,0.56966,0.56983
2026-05-14 14:45:00,0.56984,0.56991,0.56977,0.56991
2026-05-14 15:00:00,0.56991,0.56994,0.56951,0.56951
2026-05-14 15:15:00,0.56951,0.56964,0.5693,0.5693
2026-05-14 15:30:00,0.56936,0.5698,0.56929,0.56969
2026-05-14 15:45:00,0.56968,0.56972,0.56957,0.56972
2026-05-14 16:00:00,0.56971,0.56992,0.56958,0.56973
2026-05-14 16:15:00,0.56973,0.56996,0.56972,0.5698
2026-05-14 16:30:00,0.5698,0.57026,0.56978,0.56997
2026-05-14 16:45:00,0.56998,0.57005,0.56972,0.56978
2026-05-14 17:00:00,0.5698,0.5701,0.5698,0.57008
2026-05-14 17:15:00,0.57008,0.57022,0.56996,0.56999
2026-05-14 17:30:00,0.56998,0.57006,0.56983,0.56986
2026-05-14 17:45:00,0.56986,0.57022,0.56965,0.5702
2026-05-14 18:00:00,0.57021,0.57035,0.57007,0.57026
2026-05-14 18:15:00,0.57027,0.57042,0.57025,0.5703
2026-05-14 18:30:00,0.57029,0.57066,0.57025,0.57062
2026-05-14 18:45:00,0.57062,0.57062,0.57039,0.5704
2026-05-14 19:00:00,0.57041,0.57056,0.57031,0.57053
2026-05-14 19:15:00,0.57053,0.57054,0.57022,0.57045
2026-05-14 19:30:00,0.57045,0.57067,0.57043,0.57066
2026-05-14 19:45:00,0.57066,0.5708,0.57052,0.57067
2026-05-14 20:00:00,0.57066,0.57069,0.57056,0.57061
2026-05-14 20:15:00,0.57062,0.57063,0.57044,0.57045
2026-05-14 20:30:00,0.57045,0.57062,0.57044,0.57061
2026-05-14 20:45:00,0.57062,0.57071,0.57059,0.57059
2026-05-14 21:00:00,0.57059,0.57065,0.5705,0.57062
2026-05-14 21:15:00,0.57061,0.5708,0.5706,0.57079
2026-05-14 21:30:00,0.57078,0.57078,0.57065,0.57074
2026-05-14 21:45:00,0.57073,0.57084,0.57068,0.57071
2026-05-14 22:00:00,0.57071,0.57074,0.57062,0.57072
2026-05-14 22:15:00,0.57072,0.5708,0.57069,0.57076
2026-05-14 22:30:00,0.57078,0.57093,0.57074,0.57089
2026-05-14 22:45:00,0.5709,0.57103,0.57087,0.57094
2026-05-14 23:00:00,0.57093,0.57115,0.57089,0.57106
2026-05-14 23:15:00,0.57107,0.57127,0.57105,0.57125
2026-05-14 23:30:00,0.57125,0.57132,0.57112,0.57114
2026-05-14 23:45:00,0.57113,0.57134,0.57092,0.57095
2026-05-15 00:00:00,0.5703,0.57055,0.57015,0.57028
2026-05-15 00:15:00,0.57028,0.57032,0.57021,0.57029
2026-05-15 00:30:00,0.57025,0.5705,0.57025,0.57027
2026-05-15 00:45:00,0.57027,0.57047,0.57026,0.57037
2026-05-15 01:00:00,0.57057,0.57133,0.57056,0.57132
2026-05-15 01:15:00,0.57133,0.57138,0.57128,0.57129
2026-05-15 01:30:00,0.57128,0.57133,0.57126,0.57127
2026-05-15 01:45:00,0.57127,0.57136,0.57126,0.57136
2026-05-15 02:00:00,0.57136,0.57137,0.57126,0.57134
2026-05-15 02:15:00,0.57133,0.5714,0.57129,0.57136
2026-05-15 02:30:00,0.57137,0.57139,0.57125,0.57126
2026-05-15 02:45:00,0.57127,0.57132,0.57124,0.5713
2026-05-15 03:00:00,0.5713,0.57138,0.57123,0.57131
2026-05-15 03:15:00,0.57131,0.57135,0.5712,0.57132
2026-05-15 03:30:00,0.57133,0.57146,0.57128,0.57129
2026-05-15 03:45:00,0.57131,0.57135,0.57115,0.57121
2026-05-15 04:00:00,0.57121,0.5713,0.57116,0.57128
2026-05-15 04:15:00,0.57128,0.57145,0.57123,0.57144
2026-05-15 04:30:00,0.57143,0.5715,0.57131,0.57141
2026-05-15 04:45:00,0.57141,0.57153,0.5714,0.57152
2026-05-15 05:00:00,0.57151,0.57157,0.57148,0.57152
2026-05-15 05:15:00,0.57152,0.57154,0.57126,0.57131
2026-05-15 05:30:00,0.57131,0.57135,0.57123,0.57124
2026-05-15 05:45:00,0.57123,0.57128,0.57111,0.57127
2026-05-15 06:00:00,0.57126,0.57129,0.5712,0.57124
2026-05-15 06:15:00,0.57123,0.57129,0.57122,0.57123
2026-05-15 06:30:00,0.57123,0.5713,0.57121,0.57128
2026-05-15 06:45:00,0.57128,0.57134,0.57127,0.5713
2026-05-15 07:00:00,0.57131,0.57134,0.57123,0.57126
2026-05-15 07:15:00,0.57126,0.5713,0.57123,0.57126
2026-05-15 07:30:00,0.57125,0.57132,0.57122,0.57127
2026-05-15 07:45:00,0.57127,0.57153,0.57124,0.57143
2026-05-15 08:00:00,0.57144,0.57147,0.57111,0.57111
2026-05-15 08:15:00,0.57112,0.57124,0.57108,0.57117
2026-05-15 08:30:00,0.57117,0.57146,0.57116,0.57141
2026-05-15 08:45:00,0.57142,0.57157,0.57139,0.57155
2026-05-15 09:00:00,0.57153,0.57169,0.57142,0.57158
2026-05-15 09:15:00,0.57159,0.57161,0.57138,0.57149
2026-05-15 09:30:00,0.5715,0.5716,0.57132,0.5715
2026-05-15 09:45:00,0.57149,0.57152,0.5713,0.57132
2026-05-15 10:00:00,0.57133,0.57136,0.57081,0.57107
2026-05-15 10:15:00,0.57107,0.57114,0.57094,0.57103
2026-05-15 10:30:00,0.57102,0.57107,0.57076,0.57099
2026-05-15 10:45:00,0.57098,0.57108,0.57083,0.57107
2026-05-15 11:00:00,0.57106,0.57121,0.57102,0.57112
2026-05-15 11:15:00,0.57112,0.57142,0.57104,0.57141
2026-05-15 11:30:00,0.57142,0.57144,0.57121,0.57122
2026-05-15 11:45:00,0.57122,0.5715,0.5712,0.57137
2026-05-15 12:00:00,0.57137,0.57167,0.57133,0.57166
2026-05-15 12:15:00,0.57165,0.57175,0.57141,0.57153
2026-05-15 12:30:00,0.57154,0.5717,0.57143,0.57146
2026-05-15 12:45:00,0.57146,0.57153,0.57133,0.57144
2026-05-15 13:00:00,0.57144,0.57152,0.57107,0.57115
2026-05-15 13:15:00,0.57116,0.57119,0.57096,0.57107
2026-05-15 13:30:00,0.57107,0.57113,0.57089,0.57091
2026-05-15 13:45:00,0.5709,0.57092,0.57051,0.57066
2026-05-15 14:00:00,0.57067,0.57099,0.57063,0.57086
2026-05-15 14:15:00,0.57085,0.57118,0.57078,0.57114
2026-05-15 14:30:00,0.57115,0.57146,0.57112,0.5714
2026-05-15 14:45:00,0.5714,0.57156,0.57134,0.57148
2026-05-15 15:00:00,0.5715,0.5718,0.57144,0.57169
2026-05-15 15:15:00,0.57169,0.57175,0.57152,0.57153
2026-05-15 15:30:00,0.57153,0.57191,0.57144,0.5719
2026-05-15 15:45:00,0.57191,0.57191,0.5717,0.57186
2026-05-15 16:00:00,0.57184,0.57187,0.57158,0.57169
2026-05-15 16:15:00,0.57169,0.57179,0.57152,0.57152
2026-05-15 16:30:00,0.57153,0.57153,0.57124,0.57144
2026-05-15 16:45:00,0.57145,0.57184,0.57144,0.57164
2026-05-15 17:00:00,0.57165,0.57172,0.57119,0.57136
2026-05-15 17:15:00,0.57137,0.57138,0.57095,0.57105
2026-05-15 17:30:00,0.57104,0.57167,0.57099,0.57162
2026-05-15 17:45:00,0.57162,0.57165,0.57122,0.57141
2026-05-15 18:00:00,0.57142,0.57153,0.5713,0.57139
2026-05-15 18:15:00,0.5714,0.57166,0.57124,0.5716
2026-05-15 18:30:00,0.5716,0.57199,0.57158,0.57189
2026-05-15 18:45:00,0.57189,0.57225,0.57188,0.57208
2026-05-15 19:00:00,0.57207,0.57223,0.57203,0.57221
2026-05-15 19:15:00,0.57222,0.57235,0.57218,0.57228
2026-05-15 19:30:00,0.57227,0.57257,0.57219,0.57254
2026-05-15 19:45:00,0.57253,0.57261,0.57244,0.57255
2026-05-15 20:00:00,0.57255,0.57266,0.57248,0.57249
2026-05-15 20:15:00,0.57249,0.5725,0.57215,0.57228
2026-05-15 20:30:00,0.57229,0.57236,0.5722,0.57223
2026-05-15 20:45:00,0.57224,0.57233,0.57214,0.57232
2026-05-15 21:00:00,0.57231,0.57236,0.57206,0.57211
2026-05-15 21:15:00,0.57212,0.57216,0.57198,0.5721
2026-05-15 21:30:00,0.57211,0.5722,0.57208,0.5721
2026-05-15 21:45:00,0.57211,0.57213,0.57196,0.57204
2026-05-15 22:00:00,0.57203,0.5721,0.57195,0.5721
2026-05-15 22:15:00,0.5721,0.57222,0.57207,0.57213
2026-05-15 22:30:00,0.57213,0.57214,0.57191,0.572
2026-05-15 22:45:00,0.57199,0.57202,0.57173,0.57182
2026-05-15 23:00:00,0.57182,0.57199,0.57175,0.57177
2026-05-15 23:15:00,0.57176,0.57197,0.57175,0.57196
2026-05-15 23:30:00,0.57196,0.57196,0.57169,0.5717
2026-05-15 23:45:00,0.5717,0.57218,0.57168,0.57207
2026-05-18 00:00:00,0.57089,0.57135,0.57089,0.57128
2026-05-18 00:15:00,0.57127,0.57156,0.57127,0.57154
2026-05-18 00:30:00,0.57156,0.5716,0.5713,0.57148
2026-05-18 00:45:00,0.57141,0.5716,0.57136,0.57146
2026-05-18 01:00:00,0.57157,0.5722,0.57145,0.57219
2026-05-18 01:15:00,0.57217,0.57217,0.57206,0.57216
2026-05-18 01:30:00,0.57201,0.57215,0.572,0.57201
2026-05-18 01:45:00,0.57202,0.57211,0.57197,0.57198
2026-05-18 02:00:00,0.57199,0.57216,0.57198,0.57205
2026-05-18 02:15:00,0.57206,0.57212,0.57203,0.5721
2026-05-18 02:30:00,0.5721,0.57214,0.572,0.57204
2026-05-18 02:45:00,0.57203,0.57211,0.57197,0.57198
2026-05-18 03:00:00,0.57199,0.57206,0.57164,0.57181
2026-05-18 03:15:00,0.5718,0.57192,0.57174,0.57187
2026-05-18 03:30:00,0.57188,0.5721,0.57187,0.57209
2026-05-18 03:45:00,0.5721,0.57218,0.57201,0.57209
2026-05-18 04:00:00,0.57208,0.57242,0.57205,0.57241
2026-05-18 04:15:00,0.57241,0.57241,0.57216,0.57218
2026-05-18 04:30:00,0.57219,0.5722,0.572,0.57206
2026-05-18 04:45:00,0.57207,0.57213,0.57194,0.57212
2026-05-18 05:00:00,0.57213,0.57215,0.572,0.57203
2026-05-18 05:15:00,0.57204,0.57207,0.57198,0.57204
2026-05-18 05:30:00,0.57205,0.57211,0.57199,0.57209
2026-05-18 05:45:00,0.5721,0.57212,0.57196,0.572
2026-05-18 06:00:00,0.57201,0.57217,0.57198,0.57209
2026-05-18 06:15:00,0.57209,0.57213,0.57196,0.57204
2026-05-18 06:30:00,0.57205,0.57207,0.572,0.57201
2026-05-18 06:45:00,0.572,0.57208,0.57197,0.57201
2026-05-18 07:00:00,0.57202,0.57202,0.57186,0.5719
2026-05-18 07:15:00,0.5719,0.57206,0.57188,0.57203
2026-05-18 07:30:00,0.57203,0.57207,0.57197,0.57203
2026-05-18 07:45:00,0.57204,0.57207,0.57201,0.57203
2026-05-18 08:00:00,0.57203,0.57209,0.57196,0.57207
2026-05-18 08:15:00,0.57206,0.57213,0.57197,0.57201
2026-05-18 08:30:00,0.57202,0.57208,0.57189,0.57207
2026-05-18 08:45:00,0.57206,0.57208,0.57195,0.57196
2026-05-18 09:00:00,0.57196,0.57199,0.57182,0.57184
2026-05-18 09:15:00,0.57184,0.57191,0.57161,0.5718
2026-05-18 09:30:00,0.5718,0.57185,0.57148,0.57149
2026-05-18 09:45:00,0.57149,0.5716,0.5714,0.57143
2026-05-18 10:00:00,0.57144,0.57157,0.57134,0.5715
2026-05-18 10:15:00,0.5715,0.5715,0.57118,0.5712
2026-05-18 10:30:00,0.5712,0.57138,0.57102,0.57124
2026-05-18 10:45:00,0.57123,0.57133,0.57098,0.57121
2026-05-18 11:00:00,0.57121,0.5713,0.57112,0.57122
2026-05-18 11:15:00,0.57122,0.57138,0.57119,0.57124
2026-05-18 11:30:00,0.57123,0.57127,0.57114,0.57124
2026-05-18 11:45:00,0.57123,0.57126,0.57104,0.57126
2026-05-18 12:00:00,0.57125,0.57144,0.57119,0.57131
2026-05-18 12:15:00,0.5713,0.57139,0.57124,0.57132
2026-05-18 12:30:00,0.57132,0.57146,0.57132,0.57137
2026-05-18 12:45:00,0.57137,0.57154,0.57131,0.57148
2026-05-18 13:00:00,0.57147,0.57154,0.5714,0.57144
2026-05-18 13:15:00,0.57145,0.57153,0.57141,0.57152
2026-05-18 13:30:00,0.57151,0.57168,0.57145,0.57147
2026-05-18 13:45:00,0.57147,0.57196,0.57144,0.57194
2026-05-18 14:00:00,0.57195,0.57197,0.57158,0.57169
2026-05-18 14:15:00,0.5717,0.57181,0.57158,0.5718
2026-05-18 14:30:00,0.57181,0.57183,0.57087,0.57095
2026-05-18 14:45:00,0.57094,0.57132,0.57094,0.57125
2026-05-18 15:00:00,0.57124,0.57135,0.57116,0.57135
2026-05-18 15:15:00,0.57133,0.57144,0.5713,0.57134
2026-05-18 15:30:00,0.57135,0.57142,0.5711,0.57128
2026-05-18 15:45:00,0.57127,0.57146,0.57113,0.57125
2026-05-18 16:00:00,0.57126,0.57149,0.57119,0.57134
2026-05-18 16:15:00,0.57133,0.57149,0.57127,0.57127
2026-05-18 16:30:00,0.57126,0.57134,0.57106,0.57115
2026-05-18 16:45:00,0.57116,0.57119,0.57062,0.57101
2026-05-18 17:00:00,0.57101,0.57118,0.57097,0.57102
2026-05-18 17:15:00,0.57102,0.57131,0.57085,0.57131
2026-05-18 17:30:00,0.57132,0.57156,0.57126,0.57138
2026-05-18 17:45:00,0.57137,0.57182,0.57128,0.57179
2026-05-18 18:00:00,0.57178,0.57192,0.57168,0.57172
2026-05-18 18:15:00,0.57171,0.57186,0.57168,0.57176
2026-05-18 18:30:00,0.57175,0.57182,0.57147,0.57166
2026-05-18 18:45:00,0.57166,0.57168,0.57135,0.57153
2026-05-18 19:00:00,0.57153,0.5716,0.57122,0.57123
2026-05-18 19:15:00,0.57123,0.57128,0.57111,0.5712
2026-05-18 19:30:00,0.5712,0.57124,0.57097,0.57118
2026-05-18 19:45:00,0.5712,0.57123,0.57098,0.57104
2026-05-18 20:00:00,0.57105,0.57122,0.57095,0.57116
2026-05-18 20:15:00,0.57117,0.57119,0.57097,0.57107
2026-05-18 20:30:00,0.57106,0.57112,0.57094,0.57096
2026-05-18 20:45:00,0.57098,0.57108,0.57093,0.57108
2026-05-18 21:00:00,0.57106,0.57119,0.57104,0.57109
2026-05-18 21:15:00,0.57109,0.57142,0.57109,0.57129
2026-05-18 21:30:00,0.5713,0.57142,0.57122,0.57135
2026-05-18 21:45:00,0.57135,0.57158,0.57131,0.57156
2026-05-18 22:00:00,0.57156,0.57161,0.57074,0.57103
2026-05-18 22:15:00,0.57103,0.5711,0.57084,0.57098
2026-05-18 22:30:00,0.57097,0.57097,0.57077,0.5709
2026-05-18 22:45:00,0.5709,0.57094,0.57064,0.57093
2026-05-18 23:00:00,0.57092,0.57092,0.57071,0.57072
2026-05-18 23:15:00,0.57072,0.57076,0.57065,0.57069
2026-05-18 23:30:00,0.57069,0.57083,0.57068,0.57073
2026-05-18 23:45:00,0.57072,0.57085,0.57065,0.57068
2026-05-19 00:00:00,0.57,0.5703,0.57,0.57027
2026-05-19 00:15:00,0.57031,0.57041,0.57023,0.57026
2026-05-19 00:30:00,0.57034,0.5705,0.57015,0.57035
2026-05-19 00:45:00,0.5704,0.5704,0.57013,0.57016
2026-05-19 01:00:00,0.57014,0.57069,0.57014,0.57065
2026-05-19 01:15:00,0.57064,0.57076,0.57063,0.57074
2026-05-19 01:30:00,0.57072,0.57073,0.57063,0.57069
2026-05-19 01:45:00,0.5707,0.57076,0.57067,0.57075
2026-05-19 02:00:00,0.57076,0.57077,0.57073,0.57074
2026-05-19 02:15:00,0.57075,0.57078,0.57072,0.57073
2026-05-19 02:30:00,0.57073,0.57082,0.57073,0.57079
2026-05-19 02:45:00,0.5708,0.57091,0.57079,0.5709
2026-05-19 03:00:00,0.57091,0.57109,0.57091,0.57096
2026-05-19 03:15:00,0.57097,0.57109,0.5709,0.57099
2026-05-19 03:30:00,0.57098,0.5711,0.57096,0.57107
2026-05-19 03:45:00,0.57107,0.57114,0.57101,0.57109
2026-05-19 04:00:00,0.5711,0.57115,0.57103,0.5711
2026-05-19 04:15:00,0.57111,0.57114,0.57105,0.57107
2026-05-19 04:30:00,0.57107,0.57111,0.57088,0.57089
2026-05-19 04:45:00,0.57089,0.57105,0.57089,0.57103
2026-05-19 05:00:00,0.57102,0.57125,0.57102,0.57117
2026-05-19 05:15:00,0.57117,0.57122,0.5711,0.57114
2026-05-19 05:30:00,0.57115,0.57128,0.57113,0.57123
2026-05-19 05:45:00,0.57123,0.57142,0.5712,0.57141
2026-05-19 06:00:00,0.5714,0.5715,0.57139,0.57145
2026-05-19 06:15:00,0.57146,0.57146,0.57134,0.57141
2026-05-19 06:30:00,0.57141,0.57144,0.57137,0.57144
2026-05-19 06:45:00,0.57145,0.57151,0.5714,0.57151
2026-05-19 07:00:00,0.5715,0.57154,0.57143,0.57144
2026-05-19 07:15:00,0.57144,0.57147,0.5713,0.57132
2026-05-19 07:30:00,0.57131,0.57138,0.57127,0.57136
2026-05-19 07:45:00,0.57135,0.5714,0.57131,0.57133
2026-05-19 08:00:00,0.57134,0.57138,0.57127,0.57131
2026-05-19 08:15:00,0.57131,0.57148,0.5713,0.57144
2026-05-19 08:30:00,0.57145,0.57148,0.57127,0.57134
2026-05-19 08:45:00,0.57135,0.57137,0.57122,0.5713
2026-05-19 09:00:00,0.57129,0.57162,0.57129,0.57153
2026-05-19 09:15:00,0.57151,0.57153,0.57111,0.57125
2026-05-19 09:30:00,0.57126,0.57149,0.57122,0.57141
2026-05-19 09:45:00,0.57141,0.57165,0.57141,0.57159
2026-05-19 10:00:00,0.57161,0.57169,0.57145,0.57155
2026-05-19 10:15:00,0.57156,0.57172,0.57155,0.57164
2026-05-19 10:30:00,0.57164,0.57164,0.57134,0.57149
2026-05-19 10:45:00,0.57149,0.5715,0.57103,0.57104
2026-05-19 11:00:00,0.57103,0.57141,0.5709,0.5713
2026-05-19 11:15:00,0.57129,0.5713,0.57101,0.57114
2026-05-19 11:30:00,0.57113,0.57173,0.57113,0.57168
2026-05-19 11:45:00,0.57169,0.57196,0.57167,0.57174
2026-05-19 12:00:00,0.57175,0.57205,0.57174,0.57202
2026-05-19 12:15:00,0.57202,0.57202,0.5718,0.57187
2026-05-19 12:30:00,0.57188,0.57195,0.57174,0.57175
2026-05-19 12:45:00,0.57176,0.57189,0.57172,0.57181
2026-05-19 13:00:00,0.5718,0.57187,0.57144,0.57148
2026-05-19 13:15:00,0.57148,0.57153,0.57141,0.57151
2026-05-19 13:30:00,0.57152,0.5721,0.57146,0.57203
2026-05-19 13:45:00,0.57204,0.57204,0.57166,0.57176
2026-05-19 14:00:00,0.57177,0.57221,0.57173,0.5722
2026-05-19 14:15:00,0.57221,0.5726,0.57214,0.57255
2026-05-19 14:30:00,0.57254,0.57264,0.57244,0.57262
2026-05-19 14:45:00,0.57262,0.57272,0.57256,0.57264
2026-05-19 15:00:00,0.57266,0.57275,0.57215,0.57225
2026-05-19 15:15:00,0.57226,0.57255,0.57226,0.57244
2026-05-19 15:30:00,0.57247,0.57253,0.57153,0.57195
2026-05-19 15:45:00,0.57193,0.57235,0.57179,0.57226
2026-05-19 16:00:00,0.57226,0.57267,0.57217,0.57246
2026-05-19 16:15:00,0.57247,0.57342,0.57244,0.57337
2026-05-19 16:30:00,0.57336,0.57356,0.57308,0.57338
2026-05-19 16:45:00,0.57337,0.57352,0.57302,0.57305
2026-05-19 17:00:00,0.57304,0.57374,0.57301,0.57365
2026-05-19 17:15:00,0.57365,0.57401,0.57364,0.57382
2026-05-19 17:30:00,0.57382,0.57406,0.57363,0.57382
2026-05-19 17:45:00,0.57383,0.57411,0.57376,0.57393
2026-05-19 18:00:00,0.57394,0.57397,0.57362,0.57394
2026-05-19 18:15:00,0.57394,0.57412,0.57363,0.57394
2026-05-19 18:30:00,0.57393,0.57398,0.57367,0.57383
2026-05-19 18:45:00,0.57382,0.57402,0.57373,0.57398
2026-05-19 19:00:00,0.57399,0.57426,0.57382,0.57388
2026-05-19 19:15:00,0.57388,0.57404,0.57366,0.57369
2026-05-19 19:30:00,0.57371,0.57378,0.57354,0.57361
2026-05-19 19:45:00,0.5736,0.57374,0.57355,0.57372
2026-05-19 20:00:00,0.57373,0.57373,0.57339,0.57339
2026-05-19 20:15:00,0.57337,0.57349,0.57336,0.57346
2026-05-19 20:30:00,0.57347,0.57358,0.57339,0.57339
2026-05-19 20:45:00,0.5734,0.57351,0.57333,0.57339
2026-05-19 21:00:00,0.57339,0.5735,0.57331,0.57346
2026-05-19 21:15:00,0.57347,0.57371,0.57338,0.57369
2026-05-19 21:30:00,0.57368,0.57383,0.57363,0.57366
2026-05-19 21:45:00,0.57367,0.57394,0.57366,0.5739
2026-05-19 22:00:00,0.57391,0.57391,0.57378,0.57379
2026-05-19 22:15:00,0.5738,0.57389,0.57375,0.5738
2026-05-19 22:30:00,0.57379,0.5738,0.57362,0.57377
2026-05-19 22:45:00,0.57378,0.57381,0.57358,0.57366
2026-05-19 23:00:00,0.57366,0.57372,0.57357,0.57365
2026-05-19 23:15:00,0.57366,0.5737,0.57362,0.57364
2026-05-19 23:30:00,0.57364,0.57377,0.57361,0.57377
2026-05-19 23:45:00,0.57379,0.57393,0.57364,0.57372
2026-05-20 00:00:00,0.57335,0.57374,0.57314,0.57333
2026-05-20 00:15:00,0.57334,0.57366,0.57334,0.57348
2026-05-20 00:30:00,0.5734,0.57351,0.57333,0.57334
2026-05-20 00:45:00,0.57337,0.5734,0.57321,0.57321
2026-05-20 01:00:00,0.57328,0.57379,0.57328,0.57379
2026-05-20 01:15:00,0.5738,0.57387,0.57376,0.57387
2026-05-20 01:30:00,0.57386,0.57393,0.57383,0.57392
2026-05-20 01:45:00,0.57391,0.57394,0.57386,0.57388
2026-05-20 02:00:00,0.57387,0.57391,0.57382,0.57382
2026-05-20 02:15:00,0.57381,0.57381,0.57372,0.57373
2026-05-20 02:30:00,0.57374,0.57374,0.57362,0.57369
2026-05-20 02:45:00,0.57369,0.57371,0.57358,0.57364
2026-05-20 03:00:00,0.57364,0.57369,0.57354,0.57357
2026-05-20 03:15:00,0.57358,0.57364,0.57337,0.5734
2026-05-20 03:30:00,0.57339,0.57361,0.57335,0.57359
2026-05-20 03:45:00,0.57359,0.57367,0.57354,0.57365
2026-05-20 04:00:00,0.57364,0.57375,0.57361,0.57371
2026-05-20 04:15:00,0.57371,0.57391,0.57367,0.57391
2026-05-20 04:30:00,0.57391,0.57413,0.57388,0.57409
2026-05-20 04:45:00,0.57407,0.57417,0.5739,0.57413
2026-05-20 05:00:00,0.57414,0.57417,0.57405,0.57405
2026-05-20 05:15:00,0.57406,0.5742,0.57391,0.57408
2026-05-20 05:30:00,0.57409,0.57424,0.57407,0.57414
2026-05-20 05:45:00,0.57414,0.57417,0.57407,0.57413
2026-05-20 06:00:00,0.57413,0.57424,0.57413,0.57417
2026-05-20 06:15:00,0.57418,0.5742,0.574,0.57407
2026-05-20 06:30:00,0.57406,0.57408,0.57382,0.57391
2026-05-20 06:45:00,0.57392,0.57395,0.57386,0.5739
2026-05-20 07:00:00,0.57391,0.57392,0.57375,0.57377
2026-05-20 07:15:00,0.57377,0.57384,0.57374,0.57382
2026-05-20 07:30:00,0.57382,0.57401,0.57381,0.57396
2026-05-20 07:45:00,0.57397,0.57404,0.57394,0.57401
2026-05-20 08:00:00,0.57401,0.57401,0.57387,0.57393
2026-05-20 08:15:00,0.57393,0.574,0.57385,0.57399
2026-05-20 08:30:00,0.57398,0.57408,0.57389,0.57407
2026-05-20 08:45:00,0.57407,0.57428,0.57407,0.57417
2026-05-20 09:00:00,0.57418,0.5743,0.57392,0.57399
2026-05-20 09:15:00,0.57398,0.57398,0.57366,0.57377
2026-05-20 09:30:00,0.57376,0.57406,0.57375,0.57403
2026-05-20 09:45:00,0.57403,0.57418,0.57398,0.57409
2026-05-20 10:00:00,0.5741,0.57419,0.57394,0.57404
2026-05-20 10:15:00,0.57404,0.5743,0.57397,0.57401
2026-05-20 10:30:00,0.574,0.57411,0.57396,0.57397
2026-05-20 10:45:00,0.57396,0.57399,0.57375,0.57381
2026-05-20 11:00:00,0.57382,0.57407,0.57379,0.57401
2026-05-20 11:15:00,0.57403,0.57415,0.57393,0.57394
2026-05-20 11:30:00,0.57393,0.57402,0.57388,0.574
2026-05-20 11:45:00,0.57401,0.57406,0.57366,0.57368
2026-05-20 12:00:00,0.57369,0.57384,0.57366,0.57378
2026-05-20 12:15:00,0.57379,0.57389,0.57376,0.57382
2026-05-20 12:30:00,0.57382,0.57393,0.57376,0.57378
2026-05-20 12:45:00,0.57378,0.57378,0.57363,0.57368
2026-05-20 13:00:00,0.57368,0.57368,0.57348,0.57349
2026-05-20 13:15:00,0.57349,0.57361,0.57347,0.5736
2026-05-20 13:30:00,0.5736,0.57364,0.57333,0.57343
2026-05-20 13:45:00,0.57342,0.57345,0.57327,0.57344
2026-05-20 14:00:00,0.57344,0.57401,0.57344,0.57395
2026-05-20 14:15:00,0.57395,0.57418,0.57394,0.57413
2026-05-20 14:30:00,0.57411,0.57424,0.57405,0.57424
2026-05-20 14:45:00,0.57423,0.57439,0.57416,0.57438
2026-05-20 15:00:00,0.57438,0.57444,0.57413,0.57415
2026-05-20 15:15:00,0.57416,0.57426,0.57402,0.57407
2026-05-20 15:30:00,0.57408,0.57436,0.57405,0.57436
2026-05-20 15:45:00,0.57437,0.57437,0.57415,0.57429
2026-05-20 16:00:00,0.57429,0.57439,0.5741,0.57416
2026-05-20 16:15:00,0.57416,0.57437,0.57409,0.57437
2026-05-20 16:30:00,0.57436,0.57449,0.57424,0.57427
2026-05-20 16:45:00,0.57426,0.5743,0.57386,0.5739
2026-05-20 17:00:00,0.57388,0.57401,0.57356,0.57372
2026-05-20 17:15:00,0.5737,0.57377,0.57295,0.57337
2026-05-20 17:30:00,0.57337,0.5734,0.5728,0.57332
2026-05-20 17:45:00,0.57331,0.57342,0.57259,0.57293
2026-05-20 18:00:00,0.57292,0.57319,0.57274,0.57296
2026-05-20 18:15:00,0.57297,0.57302,0.57203,0.57267
2026-05-20 18:30:00,0.57266,0.57273,0.57245,0.57268
2026-05-20 18:45:00,0.57266,0.57298,0.57235,0.57285
2026-05-20 19:00:00,0.57285,0.57286,0.57254,0.57263
2026-05-20 19:15:00,0.57264,0.57298,0.57263,0.5729
2026-05-20 19:30:00,0.57288,0.57301,0.57271,0.57273
2026-05-20 19:45:00,0.57273,0.57279,0.57248,0.57254
2026-05-20 20:00:00,0.57253,0.57263,0.57234,0.57241
2026-05-20 20:15:00,0.57241,0.57252,0.57226,0.57238
2026-05-20 20:30:00,0.57238,0.57256,0.57229,0.57252
2026-05-20 20:45:00,0.57252,0.57263,0.57242,0.57256
2026-05-20 21:00:00,0.57258,0.57272,0.57249,0.5725
2026-05-20 21:15:00,0.5725,0.57266,0.5724,0.5725
2026-05-20 21:30:00,0.5725,0.57251,0.57229,0.57247
2026-05-20 21:45:00,0.57246,0.5725,0.57213,0.57222
2026-05-20 22:00:00,0.57221,0.57235,0.57211,0.57228
2026-05-20 22:15:00,0.57228,0.57228,0.57214,0.57219
2026-05-20 22:30:00,0.57219,0.57233,0.57212,0.5723
2026-05-20 22:45:00,0.57231,0.57257,0.57227,0.57253
2026-05-20 23:00:00,0.57252,0.57259,0.57243,0.57246
2026-05-20 23:15:00,0.57245,0.57256,0.57238,0.57253
2026-05-20 23:30:00,0.57254,0.57275,0.57253,0.57267
2026-05-20 23:45:00,0.57268,0.57276,0.57243,0.57247
2026-05-21 00:00:00,0.57145,0.57192,0.57115,0.57163
2026-05-21 00:15:00,0.57164,0.57186,0.57163,0.57184
2026-05-21 00:30:00,0.5718,0.57204,0.57162,0.57192
2026-05-21 00:45:00,0.57197,0.57204,0.57181,0.57196
2026-05-21 01:00:00,0.57198,0.5725,0.57172,0.57245
2026-05-21 01:15:00,0.57245,0.57256,0.57242,0.57254
2026-05-21 01:30:00,0.57253,0.57254,0.57244,0.57245
2026-05-21 01:45:00,0.57244,0.57247,0.57242,0.57244
2026-05-21 02:00:00,0.57244,0.57247,0.57239,0.57245
2026-05-21 02:15:00,0.57245,0.57252,0.57245,0.57249
2026-05-21 02:30:00,0.57248,0.57258,0.57247,0.57258
2026-05-21 02:45:00,0.57256,0.57258,0.57245,0.5725
2026-05-21 03:00:00,0.5725,0.57264,0.57248,0.57258
2026-05-21 03:15:00,0.57259,0.57272,0.57255,0.57256
2026-05-21 03:30:00,0.57255,0.57258,0.57246,0.57247
2026-05-21 03:45:00,0.57247,0.57249,0.57235,0.57239
2026-05-21 04:00:00,0.57238,0.57239,0.5721,0.57212
2026-05-21 04:15:00,0.57214,0.57214,0.572,0.57205
2026-05-21 04:30:00,0.57205,0.57208,0.57173,0.57184
2026-05-21 04:45:00,0.57183,0.57185,0.57172,0.57177
2026-05-21 05:00:00,0.57177,0.57177,0.57161,0.5717
2026-05-21 05:15:00,0.57169,0.57182,0.57169,0.57181
2026-05-21 05:30:00,0.57182,0.57204,0.5718,0.57199
2026-05-21 05:45:00,0.572,0.57212,0.57197,0.57203
2026-05-21 06:00:00,0.57204,0.57204,0.57192,0.57194
2026-05-21 06:15:00,0.57193,0.57195,0.57178,0.57182
2026-05-21 06:30:00,0.57183,0.5719,0.5718,0.57182
2026-05-21 06:45:00,0.57182,0.57195,0.57181,0.57193
2026-05-21 07:00:00,0.57194,0.57195,0.57179,0.57179
2026-05-21 07:15:00,0.57178,0.57185,0.57173,0.57181
2026-05-21 07:30:00,0.57181,0.57185,0.57172,0.57173
2026-05-21 07:45:00,0.57174,0.57182,0.57172,0.57174
2026-05-21 08:00:00,0.57173,0.57176,0.57167,0.57172
2026-05-21 08:15:00,0.57172,0.57184,0.5717,0.57176
2026-05-21 08:30:00,0.57175,0.57183,0.57172,0.57173
2026-05-21 08:45:00,0.57173,0.57186,0.57165,0.57167
2026-05-21 09:00:00,0.5717,0.57178,0.57158,0.57162
2026-05-21 09:15:00,0.57162,0.57193,0.5716,0.57186
2026-05-21 09:30:00,0.57186,0.57214,0.57185,0.57211
2026-05-21 09:45:00,0.57212,0.57215,0.57193,0.57194
2026-05-21 10:00:00,0.57196,0.57207,0.57179,0.57192
2026-05-21 10:15:00,0.57192,0.5725,0.57192,0.57231
2026-05-21 10:30:00,0.5723,0.5723,0.57188,0.5719
2026-05-21 10:45:00,0.5719,0.57198,0.57157,0.57173
2026-05-21 11:00:00,0.57174,0.57175,0.57111,0.57128
2026-05-21 11:15:00,0.57127,0.57145,0.57104,0.57109
2026-05-21 11:30:00,0.5711,0.57166,0.5711,0.57161
2026-05-21 11:45:00,0.5716,0.5717,0.57142,0.57161
2026-05-21 12:00:00,0.57163,0.57164,0.5713,0.57135
2026-05-21 12:15:00,0.57136,0.57139,0.57095,0.57104
2026-05-21 12:30:00,0.57103,0.57134,0.57094,0.57127
2026-05-21 12:45:00,0.57127,0.57129,0.57106,0.57106
2026-05-21 13:00:00,0.57106,0.57109,0.57086,0.57103
2026-05-21 13:15:00,0.57104,0.57179,0.57101,0.57165
2026-05-21 13:30:00,0.57164,0.5725,0.57163,0.57219
2026-05-21 13:45:00,0.57219,0.57245,0.57218,0.57241
2026-05-21 14:00:00,0.57242,0.57243,0.57199,0.57203
2026-05-21 14:15:00,0.57204,0.5722,0.57198,0.57209
2026-05-21 14:30:00,0.57209,0.57229,0.57205,0.57227
2026-05-21 14:45:00,0.57226,0.57257,0.57221,0.57242
2026-05-21 15:00:00,0.57242,0.57267,0.57219,0.57262
2026-05-21 15:15:00,0.57263,0.57279,0.57256,0.57271
2026-05-21 15:30:00,0.57271,0.57281,0.57227,0.57232
2026-05-21 15:45:00,0.57232,0.57261,0.57225,0.57259
2026-05-21 16:00:00,0.5726,0.57266,0.57228,0.57241
2026-05-21 16:15:00,0.57241,0.57284,0.57241,0.57264
2026-05-21 16:30:00,0.57263,0.57321,0.57261,0.57313
2026-05-21 16:45:00,0.57313,0.57321,0.57213,0.5724
2026-05-21 17:00:00,0.57239,0.57247,0.57208,0.57213
2026-05-21 17:15:00,0.57214,0.57251,0.5721,0.57225
2026-05-21 17:30:00,0.57225,0.57225,0.57182,0.57188
2026-05-21 17:45:00,0.57187,0.57224,0.57181,0.57203
2026-05-21 18:00:00,0.57203,0.57239,0.572,0.57221
2026-05-21 18:15:00,0.57221,0.57245,0.57202,0.57241
2026-05-21 18:30:00,0.57243,0.5725,0.57228,0.5725
2026-05-21 18:45:00,0.57249,0.57256,0.57235,0.57241
2026-05-21 19:00:00,0.57241,0.57244,0.57221,0.57229
2026-05-21 19:15:00,0.57228,0.57233,0.57216,0.57221
2026-05-21 19:30:00,0.57221,0.57229,0.57204,0.57205
2026-05-21 19:45:00,0.57204,0.57236,0.57202,0.57219
2026-05-21 20:00:00,0.57219,0.57227,0.57178,0.57179
2026-05-21 20:15:00,0.57179,0.57181,0.57111,0.57118
2026-05-21 20:30:00,0.57119,0.57124,0.57063,0.57067
2026-05-21 20:45:00,0.57067,0.57082,0.57034,0.57062
2026-05-21 21:00:00,0.57063,0.57104,0.57049,0.57088
2026-05-21 21:15:00,0.57087,0.57099,0.57079,0.57099
2026-05-21 21:30:00,0.57098,0.57107,0.57072,0.57077
2026-05-21 21:45:00,0.57077,0.57138,0.5707,0.57123
2026-05-21 22:00:00,0.57125,0.57127,0.57102,0.57108
2026-05-21 22:15:00,0.57107,0.57107,0.57069,0.57076
2026-05-21 22:30:00,0.57075,0.5708,0.57053,0.5708
2026-05-21 22:45:00,0.57078,0.57085,0.57042,0.57052
2026-05-21 23:00:00,0.57052,0.57081,0.57045,0.57077
2026-05-21 23:15:00,0.57077,0.5709,0.57077,0.57085
2026-05-21 23:30:00,0.57084,0.57095,0.57081,0.5709
2026-05-21 23:45:00,0.57089,0.57093,0.57074,0.57076
2026-05-22 00:00:00,0.5701,0.57043,0.5698,0.57041
2026-05-22 00:15:00,0.57041,0.57047,0.57031,0.57044
2026-05-22 00:30:00,0.57051,0.57053,0.57006,0.57019
2026-05-22 00:45:00,0.57019,0.57037,0.56994,0.57
2026-05-22 01:00:00,0.57007,0.57093,0.57002,0.57085
2026-05-22 01:15:00,0.57086,0.57092,0.57081,0.57089
2026-05-22 01:30:00,0.57089,0.57098,0.57089,0.5709
2026-05-22 01:45:00,0.57089,0.57091,0.57081,0.57086
2026-05-22 02:00:00,0.57085,0.57091,0.57081,0.57086
2026-05-22 02:15:00,0.57086,0.5709,0.57085,0.57088
2026-05-22 02:30:00,0.57087,0.57091,0.57086,0.57091
2026-05-22 02:45:00,0.5709,0.57091,0.57079,0.57085
2026-05-22 03:00:00,0.57084,0.57086,0.57052,0.5706
2026-05-22 03:15:00,0.5706,0.57071,0.57059,0.5707
2026-05-22 03:30:00,0.57069,0.57073,0.57063,0.57069
2026-05-22 03:45:00,0.57067,0.57081,0.57063,0.57079
2026-05-22 04:00:00,0.57078,0.57079,0.57059,0.57068
2026-05-22 04:15:00,0.57069,0.57077,0.57068,0.57076
2026-05-22 04:30:00,0.57076,0.5708,0.57068,0.57069
2026-05-22 04:45:00,0.57068,0.57072,0.57062,0.57069
2026-05-22 05:00:00,0.57069,0.5707,0.57062,0.57063
2026-05-22 05:15:00,0.57064,0.57064,0.57057,0.57063
2026-05-22 05:30:00,0.57062,0.57063,0.57041,0.57047
2026-05-22 05:45:00,0.57046,0.57051,0.57039,0.57044
2026-05-22 06:00:00,0.57043,0.57048,0.57039,0.57045
2026-05-22 06:15:00,0.57046,0.57049,0.5704,0.57049
2026-05-22 06:30:00,0.57049,0.57052,0.57043,0.57044
2026-05-22 06:45:00,0.57044,0.57044,0.57032,0.57033
2026-05-22 07:00:00,0.57034,0.57036,0.5702,0.5702
2026-05-22 07:15:00,0.57022,0.57029,0.57017,0.57025
2026-05-22 07:30:00,0.57025,0.57028,0.57018,0.5702
2026-05-22 07:45:00,0.5702,0.57021,0.57011,0.57015
2026-05-22 08:00:00,0.57014,0.57021,0.57009,0.57019
2026-05-22 08:15:00,0.57019,0.57029,0.57017,0.57026
2026-05-22 08:30:00,0.57025,0.57026,0.57018,0.57018
2026-05-22 08:45:00,0.57018,0.57055,0.57018,0.57048
2026-05-22 09:00:00,0.57048,0.57056,0.57017,0.57024
2026-05-22 09:15:00,0.57023,0.57029,0.57016,0.57028
2026-05-22 09:30:00,0.57029,0.57053,0.57027,0.57037
2026-05-22 09:45:00,0.57037,0.57055,0.57035,0.57038
2026-05-22 10:00:00,0.57038,0.57083,0.57037,0.57082
2026-05-22 10:15:00,0.57083,0.57086,0.57025,0.57027
2026-05-22 10:30:00,0.57026,0.57033,0.56998,0.57009
2026-05-22 10:45:00,0.57008,0.57014,0.56993,0.56998
2026-05-22 11:00:00,0.56999,0.57015,0.56991,0.57011
2026-05-22 11:15:00,0.57011,0.57014,0.56977,0.56986
2026-05-22 11:30:00,0.56987,0.57011,0.56981,0.56991
2026-05-22 11:45:00,0.56991,0.57025,0.56985,0.57024
2026-05-22 12:00:00,0.57024,0.57026,0.56996,0.5701
2026-05-22 12:15:00,0.5701,0.57017,0.56998,0.57017
2026-05-22 12:30:00,0.57016,0.57021,0.56977,0.56978
2026-05-22 12:45:00,0.56979,0.57,0.56978,0.56993
2026-05-22 13:00:00,0.56992,0.56995,0.5696,0.56973
2026-05-22 13:15:00,0.56973,0.56974,0.56957,0.56974
2026-05-22 13:30:00,0.56973,0.56995,0.56971,0.56985
2026-05-22 13:45:00,0.56985,0.57016,0.5698,0.57011
2026-05-22 14:00:00,0.57012,0.57023,0.57005,0.57018
2026-05-22 14:15:00,0.57019,0.57026,0.57013,0.57023
2026-05-22 14:30:00,0.57023,0.57025,0.56995,0.56998
2026-05-22 14:45:00,0.56999,0.56999,0.56959,0.56966
2026-05-22 15:00:00,0.56967,0.56974,0.5692,0.56922
2026-05-22 15:15:00,0.56921,0.56947,0.56907,0.56926
2026-05-22 15:30:00,0.56926,0.56961,0.56925,0.56945
2026-05-22 15:45:00,0.56945,0.56946,0.56914,0.56915
2026-05-22 16:00:00,0.56916,0.56938,0.56875,0.56894
2026-05-22 16:15:00,0.56894,0.569,0.56876,0.56881
2026-05-22 16:30:00,0.56882,0.56916,0.56865,0.5691
2026-05-22 16:45:00,0.56911,0.56944,0.56906,0.5694
2026-05-22 17:00:00,0.56939,0.5699,0.56938,0.56976
2026-05-22 17:15:00,0.56976,0.5698,0.5695,0.5695
2026-05-22 17:30:00,0.56949,0.56954,0.56922,0.56928
2026-05-22 17:45:00,0.56927,0.56943,0.56856,0.5686
2026-05-22 18:00:00,0.5686,0.56876,0.56855,0.56863
2026-05-22 18:15:00,0.56862,0.56874,0.56847,0.56857
2026-05-22 18:30:00,0.56858,0.56872,0.56847,0.56849
2026-05-22 18:45:00,0.56848,0.56861,0.56841,0.5685
2026-05-22 19:00:00,0.56849,0.5686,0.56803,0.5682
2026-05-22 19:15:00,0.56821,0.56828,0.56783,0.5679
2026-05-22 19:30:00,0.56791,0.56805,0.56773,0.56799
2026-05-22 19:45:00,0.568,0.568,0.56783,0.56789
2026-05-22 20:00:00,0.56788,0.56789,0.56762,0.56778
2026-05-22 20:15:00,0.56778,0.56812,0.56767,0.56775
2026-05-22 20:30:00,0.56774,0.56774,0.5675,0.56771
2026-05-22 20:45:00,0.56772,0.56794,0.56766,0.56787
2026-05-22 21:00:00,0.56787,0.5682,0.56777,0.56817
2026-05-22 21:15:00,0.56818,0.5682,0.56805,0.56815
2026-05-22 21:30:00,0.56815,0.56822,0.56793,0.56798
2026-05-22 21:45:00,0.56798,0.56802,0.56792,0.56794
2026-05-22 22:00:00,0.56793,0.56819,0.56784,0.56814
2026-05-22 22:15:00,0.56815,0.56827,0.56807,0.56826
2026-05-22 22:30:00,0.56827,0.56833,0.5682,0.56821
2026-05-22 22:45:00,0.5682,0.5682,0.56802,0.56804
2026-05-22 23:00:00,0.56803,0.56819,0.568,0.5681
2026-05-22 23:15:00,0.5681,0.56811,0.56799,0.56805
2026-05-22 23:30:00,0.56805,0.56816,0.56797,0.56803
2026-05-22 23:45:00,0.56803,0.56807,0.56763,0.56782
2026-05-25 00:00:00,0.56677,0.56705,0.56677,0.56692
2026-05-25 00:15:00,0.56695,0.56744,0.56653,0.56737
2026-05-25 00:30:00,0.56737,0.56755,0.56689,0.56705
2026-05-25 00:45:00,0.56705,0.56736,0.56681,0.56732
2026-05-25 01:00:00,0.56732,0.56732,0.56634,0.56687
2026-05-25 01:15:00,0.56687,0.56701,0.56669,0.56672
2026-05-25 01:30:00,0.56671,0.56673,0.56654,0.56657
2026-05-25 01:45:00,0.56657,0.56664,0.56645,0.56649
2026-05-25 02:00:00,0.56648,0.56654,0.56643,0.56654
2026-05-25 02:15:00,0.56655,0.56659,0.5665,0.56654
2026-05-25 02:30:00,0.56655,0.56659,0.56638,0.56644
2026-05-25 02:45:00,0.56645,0.56671,0.56641,0.56669
2026-05-25 03:00:00,0.56668,0.56671,0.56652,0.56661
2026-05-25 03:15:00,0.5666,0.56662,0.56642,0.56646
2026-05-25 03:30:00,0.56645,0.56657,0.56638,0.56652
2026-05-25 03:45:00,0.56653,0.56675,0.56619,0.56672
2026-05-25 04:00:00,0.56672,0.56675,0.56653,0.56655
2026-05-25 04:15:00,0.56655,0.56663,0.56644,0.56648
2026-05-25 04:30:00,0.56649,0.56671,0.56648,0.56671
2026-05-25 04:45:00,0.5667,0.56673,0.56665,0.5667
2026-05-25 05:00:00,0.5667,0.56671,0.56661,0.56664
2026-05-25 05:15:00,0.56663,0.56668,0.56652,0.56657
2026-05-25 05:30:00,0.56656,0.56662,0.56654,0.56661
2026-05-25 05:45:00,0.5666,0.56669,0.56654,0.56663
2026-05-25 06:00:00,0.56663,0.56666,0.56653,0.56655
2026-05-25 06:15:00,0.56654,0.56661,0.56647,0.5665
2026-05-25 06:30:00,0.56649,0.56649,0.56628,0.56631
2026-05-25 06:45:00,0.56631,0.56641,0.56629,0.56635
2026-05-25 07:00:00,0.56637,0.56648,0.56637,0.56637
2026-05-25 07:15:00,0.56638,0.56643,0.56634,0.56635
2026-05-25 07:30:00,0.56635,0.56638,0.56629,0.56629
2026-05-25 07:45:00,0.56629,0.56632,0.56619,0.56625
2026-05-25 08:00:00,0.56624,0.56627,0.56612,0.56617
2026-05-25 08:15:00,0.56617,0.5662,0.56609,0.56616
2026-05-25 08:30:00,0.56617,0.56625,0.56605,0.56619
2026-05-25 08:45:00,0.5662,0.56626,0.56614,0.56626
2026-05-25 09:00:00,0.56627,0.56629,0.56598,0.56598
2026-05-25 09:15:00,0.56598,0.56612,0.56596,0.56608
2026-05-25 09:30:00,0.56609,0.56611,0.56591,0.56596
2026-05-25 09:45:00,0.56595,0.566,0.5658,0.56591
2026-05-25 10:00:00,0.56589,0.56596,0.56574,0.56586
2026-05-25 10:15:00,0.56588,0.56604,0.56585,0.56597
2026-05-25 10:30:00,0.56596,0.56602,0.56583,0.56593
2026-05-25 10:45:00,0.56593,0.56602,0.56589,0.56591
2026-05-25 11:00:00,0.5659,0.56603,0.56572,0.56578
2026-05-25 11:15:00,0.56578,0.56591,0.56577,0.5659
2026-05-25 11:30:00,0.56591,0.56594,0.56576,0.56586
2026-05-25 11:45:00,0.56587,0.56596,0.5658,0.56582
2026-05-25 12:00:00,0.56583,0.56591,0.56565,0.56566
2026-05-25 12:15:00,0.56565,0.56572,0.56553,0.56564
2026-05-25 12:30:00,0.56564,0.56568,0.56555,0.56558
2026-05-25 12:45:00,0.56558,0.56575,0.56558,0.56568
2026-05-25 13:00:00,0.56567,0.56569,0.56558,0.56562
2026-05-25 13:15:00,0.56561,0.56564,0.56552,0.56564
2026-05-25 13:30:00,0.56563,0.56564,0.56543,0.56545
2026-05-25 13:45:00,0.56544,0.56558,0.56543,0.56556
2026-05-25 14:00:00,0.56555,0.56559,0.56542,0.56545
2026-05-25 14:15:00,0.56543,0.56563,0.56542,0.56558
2026-05-25 14:30:00,0.56557,0.56561,0.56547,0.56554
2026-05-25 14:45:00,0.56553,0.56571,0.56543,0.56565
2026-05-25 15:00:00,0.56565,0.5657,0.56552,0.56559
2026-05-25 15:15:00,0.56558,0.56561,0.56543,0.56558
2026-05-25 15:30:00,0.56557,0.56561,0.56538,0.56549
2026-05-25 15:45:00,0.56548,0.5657,0.56546,0.56561
2026-05-25 16:00:00,0.56561,0.56599,0.56557,0.56595
2026-05-25 16:15:00,0.56593,0.56665,0.56593,0.56663
2026-05-25 16:30:00,0.56664,0.56723,0.56661,0.56683
2026-05-25 16:45:00,0.56684,0.56706,0.56674,0.56703
2026-05-25 17:00:00,0.56704,0.56732,0.56702,0.56729
2026-05-25 17:15:00,0.56728,0.56732,0.56717,0.56721
2026-05-25 17:30:00,0.56722,0.56736,0.56715,0.56725
2026-05-25 17:45:00,0.56726,0.56738,0.56711,0.56726
2026-05-25 18:00:00,0.56724,0.56767,0.56724,0.56725
2026-05-25 18:15:00,0.56725,0.56725,0.56704,0.56707
2026-05-25 18:30:00,0.56706,0.56729,0.56705,0.56728
2026-05-25 18:45:00,0.56728,0.56743,0.56723,0.56733
2026-05-25 19:00:00,0.56733,0.56754,0.5673,0.56749
2026-05-25 19:15:00,0.56748,0.56755,0.56744,0.56752
2026-05-25 19:30:00,0.56753,0.56758,0.56745,0.56745
2026-05-25 19:45:00,0.56745,0.56745,0.56718,0.56719
2026-05-25 20:00:00,0.56719,0.56725,0.56714,0.56715
2026-05-25 20:15:00,0.56713,0.56713,0.56697,0.56705
2026-05-25 20:30:00,0.56706,0.56711,0.56691,0.56692
2026-05-25 20:45:00,0.56693,0.56702,0.56688,0.5669
2026-05-25 21:00:00,0.56691,0.56702,0.56688,0.56692
2026-05-25 21:15:00,0.56692,0.56694,0.56687,0.5669
2026-05-25 21:30:00,0.5669,0.56693,0.56684,0.56685
2026-05-25 21:45:00,0.56685,0.5669,0.56678,0.56678
2026-05-25 22:00:00,0.56679,0.5669,0.56678,0.56688
2026-05-25 22:15:00,0.56687,0.56688,0.56682,0.56685
2026-05-25 22:30:00,0.56686,0.56697,0.56685,0.56691
2026-05-25 22:45:00,0.56689,0.56703,0.56688,0.567
2026-05-25 23:00:00,0.56699,0.56702,0.56694,0.56697
2026-05-25 23:15:00,0.56698,0.56703,0.56693,0.56693
2026-05-25 23:30:00,0.56694,0.56704,0.56694,0.56698
2026-05-25 23:45:00,0.56699,0.56702,0.56677,0.56677
2026-05-26 00:00:00,0.5658,0.56646,0.56575,0.56624
2026-05-26 00:15:00,0.56624,0.56659,0.56624,0.56643
2026-05-26 00:30:00,0.56651,0.56672,0.56625,0.5666
2026-05-26 00:45:00,0.56668,0.56675,0.5664,0.56655
2026-05-26 01:00:00,0.56657,0.56716,0.56647,0.56696
2026-05-26 01:15:00,0.56696,0.56704,0.56691,0.56704
2026-05-26 01:30:00,0.56703,0.56706,0.56695,0.56697
2026-05-26 01:45:00,0.56697,0.56704,0.56696,0.56702
2026-05-26 02:00:00,0.56703,0.56703,0.56698,0.567
2026-05-26 02:15:00,0.56701,0.56707,0.56697,0.56706
2026-05-26 02:30:00,0.56705,0.56716,0.56705,0.5671
2026-05-26 02:45:00,0.56709,0.56723,0.56705,0.56723
2026-05-26 03:00:00,0.56722,0.56738,0.56721,0.56733
2026-05-26 03:15:00,0.56732,0.56748,0.56729,0.56737
2026-05-26 03:30:00,0.56737,0.56742,0.5673,0.56735
2026-05-26 03:45:00,0.56736,0.56741,0.56728,0.56737
2026-05-26 04:00:00,0.56736,0.56743,0.56727,0.56728
2026-05-26 04:15:00,0.56729,0.56736,0.56727,0.56731
2026-05-26 04:30:00,0.56729,0.56752,0.56727,0.56747
2026-05-26 04:45:00,0.56746,0.56749,0.56729,0.56729
2026-05-26 05:00:00,0.5673,0.56735,0.56725,0.56734
2026-05-26 05:15:00,0.56734,0.56741,0.56729,0.56736
2026-05-26 05:30:00,0.56735,0.56736,0.56726,0.56732
2026-05-26 05:45:00,0.56733,0.56736,0.5672,0.56727
2026-05-26 06:00:00,0.56726,0.56727,0.56718,0.5672
2026-05-26 06:15:00,0.56721,0.56722,0.56705,0.56715
2026-05-26 06:30:00,0.56715,0.56718,0.5671,0.56713
2026-05-26 06:45:00,0.56713,0.56713,0.56697,0.567
2026-05-26 07:00:00,0.56701,0.56707,0.56696,0.56696
2026-05-26 07:15:00,0.56697,0.56708,0.56693,0.56707
2026-05-26 07:30:00,0.56707,0.5671,0.56701,0.56705
2026-05-26 07:45:00,0.56704,0.56719,0.56704,0.56719
2026-05-26 08:00:00,0.5672,0.56723,0.56706,0.56709
2026-05-26 08:15:00,0.56709,0.5672,0.56707,0.56714
2026-05-26 08:30:00,0.56715,0.56725,0.56709,0.56725
2026-05-26 08:45:00,0.56724,0.56736,0.56723,0.56733
2026-05-26 09:00:00,0.56733,0.56752,0.56729,0.56745
2026-05-26 09:15:00,0.56745,0.5675,0.56727,0.56746
2026-05-26 09:30:00,0.56746,0.56784,0.56739,0.56768
2026-05-26 09:45:00,0.56768,0.56838,0.56767,0.56815
2026-05-26 10:00:00,0.56814,0.5683,0.56787,0.56817
2026-05-26 10:15:00,0.56816,0.5683,0.568,0.56823
2026-05-26 10:30:00,0.56824,0.56846,0.56807,0.56828
2026-05-26 10:45:00,0.56828,0.56833,0.56807,0.56812
2026-05-26 11:00:00,0.56813,0.56828,0.56806,0.56814
2026-05-26 11:15:00,0.56814,0.56837,0.56808,0.56825
2026-05-26 11:30:00,0.56826,0.56845,0.56823,0.56843
2026-05-26 11:45:00,0.56842,0.56845,0.5682,0.56834
2026-05-26 12:00:00,0.56835,0.56843,0.56806,0.56828
2026-05-26 12:15:00,0.56829,0.56839,0.56807,0.56808
2026-05-26 12:30:00,0.56808,0.56821,0.56796,0.5682
2026-05-26 12:45:00,0.5682,0.56821,0.56802,0.56821
2026-05-26 13:00:00,0.56821,0.56829,0.56812,0.5682
2026-05-26 13:15:00,0.56819,0.56826,0.56799,0.56801
2026-05-26 13:30:00,0.568,0.56819,0.56791,0.5681
2026-05-26 13:45:00,0.5681,0.56845,0.56798,0.5684
2026-05-26 14:00:00,0.5684,0.56848,0.56815,0.56822
2026-05-26 14:15:00,0.56822,0.56832,0.56818,0.56831
2026-05-26 14:30:00,0.56831,0.56858,0.56819,0.56852
2026-05-26 14:45:00,0.56853,0.56856,0.56837,0.56848
2026-05-26 15:00:00,0.56849,0.56853,0.56825,0.56844
2026-05-26 15:15:00,0.56844,0.56847,0.56807,0.56812
2026-05-26 15:30:00,0.56813,0.5682,0.56801,0.56806
2026-05-26 15:45:00,0.56806,0.56812,0.56783,0.56806
2026-05-26 16:00:00,0.56807,0.56829,0.56801,0.56825
2026-05-26 16:15:00,0.56824,0.56833,0.56792,0.56831
2026-05-26 16:30:00,0.56831,0.5685,0.56804,0.5684
2026-05-26 16:45:00,0.56839,0.56891,0.56831,0.56866
2026-05-26 17:00:00,0.56867,0.5688,0.56849,0.56863
2026-05-26 17:15:00,0.56863,0.56901,0.56858,0.56861
2026-05-26 17:30:00,0.56863,0.56865,0.56833,0.56855
2026-05-26 17:45:00,0.56856,0.56888,0.56853,0.56879
2026-05-26 18:00:00,0.5688,0.56893,0.56869,0.56876
2026-05-26 18:15:00,0.56877,0.56897,0.56871,0.56895
2026-05-26 18:30:00,0.56894,0.56941,0.5689,0.56937
2026-05-26 18:45:00,0.56938,0.56939,0.56921,0.56931
2026-05-26 19:00:00,0.5693,0.56931,0.56911,0.56921
2026-05-26 19:15:00,0.56921,0.56928,0.56885,0.56886
2026-05-26 19:30:00,0.56887,0.569,0.56867,0.56899
2026-05-26 19:45:00,0.569,0.56912,0.56878,0.56881
2026-05-26 20:00:00,0.56882,0.56889,0.56877,0.56887
2026-05-26 20:15:00,0.56888,0.56894,0.56874,0.56882
2026-05-26 20:30:00,0.56881,0.56882,0.56866,0.56874
2026-05-26 20:45:00,0.56874,0.56878,0.56864,0.56867
2026-05-26 21:00:00,0.56866,0.56882,0.56865,0.5687
2026-05-26 21:15:00,0.56869,0.56875,0.56857,0.56868
2026-05-26 21:30:00,0.56868,0.5687,0.56859,0.56866
2026-05-26 21:45:00,0.56865,0.56873,0.56855,0.56871
2026-05-26 22:00:00,0.56872,0.56878,0.56865,0.56868
2026-05-26 22:15:00,0.56867,0.56876,0.56864,0.56869
2026-05-26 22:30:00,0.56869,0.56869,0.56861,0.56861
2026-05-26 22:45:00,0.56862,0.56892,0.56852,0.56891
2026-05-26 23:00:00,0.56891,0.56894,0.56872,0.56876
2026-05-26 23:15:00,0.56876,0.56879,0.5687,0.56879
2026-05-26 23:30:00,0.56879,0.56885,0.56872,0.56882
2026-05-26 23:45:00,0.56881,0.56881,0.56853,0.56861
2026-05-27 00:00:00,0.5682,0.5685,0.56815,0.56837
2026-05-27 00:15:00,0.56837,0.56853,0.56831,0.56845
2026-05-27 00:30:00,0.56841,0.56858,0.56829,0.56834
2026-05-27 00:45:00,0.56831,0.56862,0.56829,0.56857
2026-05-27 01:00:00,0.56857,0.56871,0.56825,0.56861
2026-05-27 01:15:00,0.5686,0.56874,0.56856,0.56858
2026-05-27 01:30:00,0.56859,0.56866,0.56858,0.56861
2026-05-27 01:45:00,0.56862,0.56866,0.56858,0.56866
2026-05-27 02:00:00,0.56865,0.56869,0.56858,0.56868
2026-05-27 02:15:00,0.56868,0.56868,0.56855,0.56859
2026-05-27 02:30:00,0.56858,0.56862,0.56854,0.56857
2026-05-27 02:45:00,0.56858,0.56859,0.56846,0.56854
2026-05-27 03:00:00,0.56853,0.56857,0.56839,0.56845
2026-05-27 03:15:00,0.56844,0.56855,0.56842,0.56852
2026-05-27 03:30:00,0.56852,0.56867,0.56851,0.56864
2026-05-27 03:45:00,0.56863,0.56873,0.56855,0.56859
2026-05-27 04:00:00,0.56858,0.56861,0.5684,0.56848
2026-05-27 04:15:00,0.56849,0.56861,0.56848,0.5686
2026-05-27 04:30:00,0.56859,0.56862,0.56846,0.56856
2026-05-27 04:45:00,0.56857,0.56864,0.56855,0.56857
2026-05-27 05:00:00,0.56858,0.56861,0.56845,0.56859
2026-05-27 05:15:00,0.56859,0.56865,0.56852,0.5686
2026-05-27 05:30:00,0.5686,0.56873,0.56857,0.56869
2026-05-27 05:45:00,0.5687,0.56878,0.56856,0.56856
2026-05-27 06:00:00,0.56857,0.56858,0.5684,0.56845
2026-05-27 06:15:00,0.56845,0.56851,0.56841,0.56849
2026-05-27 06:30:00,0.56848,0.56858,0.56845,0.56851
2026-05-27 06:45:00,0.56852,0.56858,0.56848,0.56851
2026-05-27 07:00:00,0.56851,0.56853,0.56846,0.56849
2026-05-27 07:15:00,0.5685,0.56851,0.56844,0.56847
2026-05-27 07:30:00,0.56847,0.56847,0.56839,0.56839
2026-05-27 07:45:00,0.56838,0.56848,0.56838,0.56847
2026-05-27 08:00:00,0.56847,0.56847,0.56834,0.5684
2026-05-27 08:15:00,0.5684,0.56844,0.56835,0.56837
2026-05-27 08:30:00,0.56837,0.56846,0.56834,0.5684
2026-05-27 08:45:00,0.56842,0.56848,0.56833,0.5684
2026-05-27 09:00:00,0.5684,0.56847,0.56822,0.56836
2026-05-27 09:15:00,0.56836,0.56858,0.56833,0.56849
2026-05-27 09:30:00,0.56848,0.5687,0.56799,0.56801
2026-05-27 09:45:00,0.56802,0.56802,0.56784,0.56784
2026-05-27 10:00:00,0.56784,0.568,0.56774,0.56796
2026-05-27 10:15:00,0.56795,0.56796,0.56757,0.56758
2026-05-27 10:30:00,0.56758,0.56791,0.56748,0.5679
2026-05-27 10:45:00,0.56791,0.56819,0.5679,0.56807
2026-05-27 11:00:00,0.56808,0.56815,0.56792,0.5681
2026-05-27 11:15:00,0.56811,0.56821,0.56798,0.568
2026-05-27 11:30:00,0.56801,0.56849,0.56799,0.56815
2026-05-27 11:45:00,0.56815,0.56844,0.56813,0.56841
2026-05-27 12:00:00,0.56841,0.56843,0.56825,0.5683
2026-05-27 12:15:00,0.56829,0.56842,0.56818,0.56821
2026-05-27 12:30:00,0.56821,0.56844,0.56818,0.56843
2026-05-27 12:45:00,0.56843,0.56851,0.56806,0.56828
2026-05-27 13:00:00,0.56828,0.56842,0.56818,0.56825
2026-05-27 13:15:00,0.56825,0.56846,0.5682,0.56838
2026-05-27 13:30:00,0.56836,0.5684,0.56801,0.56802
2026-05-27 13:45:00,0.56801,0.56809,0.56796,0.56805
2026-05-27 14:00:00,0.56805,0.56833,0.56802,0.56819
2026-05-27 14:15:00,0.56819,0.56835,0.56814,0.56818
2026-05-27 14:30:00,0.56817,0.5684,0.56816,0.5683
2026-05-27 14:45:00,0.5683,0.56853,0.56825,0.56845
2026-05-27 15:00:00,0.56845,0.56849,0.56822,0.5683
2026-05-27 15:15:00,0.56829,0.56837,0.56732,0.56753
2026-05-27 15:30:00,0.56752,0.56763,0.56736,0.5675
2026-05-27 15:45:00,0.5675,0.56782,0.56736,0.56779
2026-05-27 16:00:00,0.56779,0.5678,0.56756,0.56756
2026-05-27 16:15:00,0.56756,0.56782,0.56741,0.56771
2026-05-27 16:30:00,0.5677,0.56781,0.56748,0.5675
2026-05-27 16:45:00,0.5675,0.56802,0.56738,0.56791
2026-05-27 17:00:00,0.5679,0.568,0.56748,0.56753
2026-05-27 17:15:00,0.56753,0.56777,0.56739,0.56761
2026-05-27 17:30:00,0.56761,0.56802,0.56747,0.56791
2026-05-27 17:45:00,0.56792,0.56803,0.56779,0.56796
2026-05-27 18:00:00,0.56796,0.56852,0.56784,0.56823
2026-05-27 18:15:00,0.56823,0.5685,0.56819,0.56834
2026-05-27 18:30:00,0.56834,0.5688,0.56818,0.56876
2026-05-27 18:45:00,0.56876,0.56906,0.5686,0.56901
2026-05-27 19:00:00,0.569,0.5692,0.56889,0.56908
2026-05-27 19:15:00,0.56908,0.56921,0.56896,0.56904
2026-05-27 19:30:00,0.56903,0.56911,0.56873,0.56878
2026-05-27 19:45:00,0.56877,0.56886,0.56872,0.56877
2026-05-27 20:00:00,0.56877,0.5691,0.56869,0.56895
2026-05-27 20:15:00,0.56896,0.56909,0.56893,0.56904
2026-05-27 20:30:00,0.56906,0.56918,0.56897,0.56897
2026-05-27 20:45:00,0.56896,0.569,0.56886,0.56892
2026-05-27 21:00:00,0.56893,0.56903,0.5689,0.569
2026-05-27 21:15:00,0.56899,0.56901,0.56884,0.56888
2026-05-27 21:30:00,0.56887,0.56892,0.5686,0.56863
2026-05-27 21:45:00,0.56863,0.56867,0.5685,0.56864
2026-05-27 22:00:00,0.56863,0.56881,0.56858,0.56875
2026-05-27 22:15:00,0.56875,0.56876,0.56863,0.56869
2026-05-27 22:30:00,0.56869,0.56876,0.56861,0.56871
2026-05-27 22:45:00,0.56871,0.56893,0.56866,0.56886
2026-05-27 23:00:00,0.56886,0.56892,0.56872,0.5688
2026-05-27 23:15:00,0.5688,0.56887,0.56875,0.56877
2026-05-27 23:30:00,0.56879,0.5688,0.56853,0.56854
2026-05-27 23:45:00,0.56852,0.56866,0.56842,0.56842
2026-05-28 00:00:00,0.5679,0.56805,0.56786,0.56798
2026-05-28 00:15:00,0.56799,0.56815,0.56794,0.56809
2026-05-28 00:30:00,0.56808,0.56834,0.56802,0.56822
2026-05-28 00:45:00,0.56822,0.56831,0.56792,0.56806
2026-05-28 01:00:00,0.56803,0.56863,0.56803,0.56859
2026-05-28 01:15:00,0.56859,0.56864,0.56857,0.5686
2026-05-28 01:30:00,0.56861,0.56865,0.56856,0.56864
2026-05-28 01:45:00,0.56863,0.56869,0.56863,0.56867
2026-05-28 02:00:00,0.56867,0.56868,0.56863,0.56866
2026-05-28 02:15:00,0.56867,0.56891,0.56863,0.56889
2026-05-28 02:30:00,0.5689,0.56896,0.56886,0.56893
2026-05-28 02:45:00,0.56894,0.56909,0.56893,0.56904
2026-05-28 03:00:00,0.56906,0.56912,0.56886,0.5689
2026-05-28 03:15:00,0.5689,0.56901,0.56886,0.56891
2026-05-28 03:30:00,0.56891,0.56904,0.56889,0.56895
2026-05-28 03:45:00,0.56896,0.56899,0.56884,0.56888
2026-05-28 04:00:00,0.56888,0.56901,0.56886,0.56891
2026-05-28 04:15:00,0.56892,0.56899,0.5689,0.56897
2026-05-28 04:30:00,0.56895,0.56913,0.5689,0.56911
2026-05-28 04:45:00,0.56911,0.56933,0.56911,0.56919
2026-05-28 05:00:00,0.56918,0.56924,0.56903,0.56904
2026-05-28 05:15:00,0.56905,0.5691,0.56894,0.56897
2026-05-28 05:30:00,0.56896,0.56905,0.56889,0.56904
2026-05-28 05:45:00,0.56903,0.5692,0.56903,0.56917
2026-05-28 06:00:00,0.56917,0.56941,0.56915,0.56938
2026-05-28 06:15:00,0.56939,0.56956,0.56934,0.56954
2026-05-28 06:30:00,0.56953,0.56979,0.56945,0.56954
2026-05-28 06:45:00,0.56954,0.56956,0.56946,0.56947
2026-05-28 07:00:00,0.56947,0.56958,0.56943,0.56943
2026-05-28 07:15:00,0.56944,0.56963,0.56943,0.56958
2026-05-28 07:30:00,0.56957,0.56963,0.56949,0.56954
2026-05-28 07:45:00,0.56954,0.56962,0.56953,0.56956
2026-05-28 08:00:00,0.56955,0.56956,0.56943,0.56947
2026-05-28 08:15:00,0.56948,0.56953,0.5693,0.56936
2026-05-28 08:30:00,0.56935,0.56936,0.56913,0.56921
2026-05-28 08:45:00,0.56921,0.56922,0.56902,0.56907
2026-05-28 09:00:00,0.56906,0.56922,0.56898,0.569
2026-05-28 09:15:00,0.56901,0.56902,0.56882,0.56889
2026-05-28 09:30:00,0.56889,0.56889,0.56858,0.5687
2026-05-28 09:45:00,0.5687,0.56878,0.56854,0.56865
2026-05-28 10:00:00,0.56865,0.56873,0.56848,0.56869
2026-05-28 10:15:00,0.56869,0.56889,0.56869,0.56869
2026-05-28 10:30:00,0.56868,0.56885,0.56861,0.56876
2026-05-28 10:45:00,0.56877,0.56896,0.5687,0.56888
2026-05-28 11:00:00,0.56888,0.56933,0.5688,0.5693
2026-05-28 11:15:00,0.56929,0.56937,0.56898,0.56918
2026-05-28 11:30:00,0.56918,0.56937,0.56901,0.56931
2026-05-28 11:45:00,0.56932,0.56939,0.5691,0.56912
2026-05-28 12:00:00,0.56912,0.56914,0.56871,0.56876
2026-05-28 12:15:00,0.56875,0.56917,0.56873,0.56913
2026-05-28 12:30:00,0.56913,0.56929,0.56909,0.56913
2026-05-28 12:45:00,0.56914,0.56922,0.569,0.56911
2026-05-28 13:00:00,0.56912,0.56938,0.56909,0.56926
2026-05-28 13:15:00,0.56925,0.56941,0.5692,0.5692
2026-05-28 13:30:00,0.5692,0.56946,0.5692,0.56946
2026-05-28 13:45:00,0.56945,0.56968,0.56935,0.56965
2026-05-28 14:00:00,0.56965,0.56967,0.5695,0.56957
2026-05-28 14:15:00,0.56957,0.56972,0.56945,0.56963
2026-05-28 14:30:00,0.56963,0.56975,0.56957,0.56965
2026-05-28 14:45:00,0.56966,0.56976,0.5694,0.56957
2026-05-28 15:00:00,0.56957,0.56967,0.56937,0.56942
2026-05-28 15:15:00,0.56942,0.5695,0.56903,0.56904
2026-05-28 15:30:00,0.56903,0.56915,0.56858,0.56875
2026-05-28 15:45:00,0.56872,0.56873,0.5683,0.56835
2026-05-28 16:00:00,0.56834,0.56845,0.56816,0.5684
2026-05-28 16:15:00,0.56837,0.56844,0.5681,0.5682
2026-05-28 16:30:00,0.5682,0.56837,0.56814,0.56825
2026-05-28 16:45:00,0.56826,0.56849,0.56813,0.56837
2026-05-28 17:00:00,0.56838,0.56862,0.56757,0.56775
2026-05-28 17:15:00,0.56775,0.56808,0.56745,0.56795
2026-05-28 17:30:00,0.56796,0.5684,0.56777,0.56803
2026-05-28 17:45:00,0.56803,0.5682,0.56785,0.5679
2026-05-28 18:00:00,0.5679,0.56825,0.56785,0.56823
2026-05-28 18:15:00,0.56822,0.56836,0.56802,0.56803
2026-05-28 18:30:00,0.56802,0.56823,0.56792,0.56806
2026-05-28 18:45:00,0.56806,0.56851,0.56801,0.56848
2026-05-28 19:00:00,0.56849,0.56862,0.56833,0.56834
2026-05-28 19:15:00,0.56834,0.56837,0.56794,0.56816
2026-05-28 19:30:00,0.56815,0.5683,0.56798,0.56812
2026-05-28 19:45:00,0.56811,0.56823,0.56802,0.56811
2026-05-28 20:00:00,0.56811,0.56866,0.56809,0.56859
2026-05-28 20:15:00,0.5686,0.56864,0.56844,0.56861
2026-05-28 20:30:00,0.5686,0.56864,0.56832,0.56849
2026-05-28 20:45:00,0.56849,0.56855,0.5684,0.5684
2026-05-28 21:00:00,0.56842,0.5686,0.56835,0.56852
2026-05-28 21:15:00,0.56853,0.56862,0.56834,0.56855
2026-05-28 21:30:00,0.56854,0.56883,0.56854,0.56876
2026-05-28 21:45:00,0.56875,0.56889,0.56872,0.56883
2026-05-28 22:00:00,0.56885,0.5689,0.56871,0.56877
2026-05-28 22:15:00,0.56877,0.56887,0.56875,0.56885
2026-05-28 22:30:00,0.56886,0.56893,0.56873,0.56875
2026-05-28 22:45:00,0.56877,0.56881,0.56865,0.56868
2026-05-28 23:00:00,0.56868,0.56877,0.56863,0.56869
2026-05-28 23:15:00,0.5687,0.56876,0.56866,0.56868
2026-05-28 23:30:00,0.56868,0.56874,0.56857,0.56873
2026-05-28 23:45:00,0.56873,0.5688,0.56846,0.56853
2026-05-29 00:00:00,0.5675,0.56786,0.5675,0.56786
2026-05-29 00:15:00,0.56786,0.56844,0.56786,0.56816
2026-05-29 00:30:00,0.56811,0.56811,0.56777,0.56804
2026-05-29 00:45:00,0.56784,0.56825,0.56772,0.56784
2026-05-29 01:00:00,0.56799,0.56849,0.56799,0.56845
2026-05-29 01:15:00,0.56848,0.56856,0.56848,0.56852
2026-05-29 01:30:00,0.56854,0.56864,0.56854,0.56859
2026-05-29 01:45:00,0.56859,0.56866,0.56859,0.56863
2026-05-29 02:00:00,0.56865,0.56866,0.56853,0.56862
2026-05-29 02:15:00,0.56862,0.56864,0.56856,0.56856
2026-05-29 02:30:00,0.56858,0.56865,0.56857,0.56862
2026-05-29 02:45:00,0.56861,0.56863,0.56855,0.56858
2026-05-29 03:00:00,0.5686,0.5687,0.5685,0.56865
2026-05-29 03:15:00,0.56867,0.56869,0.56852,0.56861
2026-05-29 03:30:00,0.5686,0.56866,0.56857,0.56858
2026-05-29 03:45:00,0.56858,0.56866,0.56851,0.56856
2026-05-29 04:00:00,0.56857,0.56857,0.56825,0.56826
2026-05-29 04:15:00,0.56827,0.56834,0.56823,0.56827
2026-05-29 04:30:00,0.56827,0.56856,0.56827,0.56851
2026-05-29 04:45:00,0.56851,0.56869,0.56848,0.56863
2026-05-29 05:00:00,0.56863,0.56873,0.56861,0.56862
2026-05-29 05:15:00,0.56861,0.56871,0.5686,0.56865
2026-05-29 05:30:00,0.56865,0.5687,0.56851,0.56851
2026-05-29 05:45:00,0.56852,0.56867,0.56851,0.56866
2026-05-29 06:00:00,0.56865,0.56873,0.56863,0.5687
2026-05-29 06:15:00,0.56869,0.56882,0.56869,0.56873
2026-05-29 06:30:00,0.56872,0.56883,0.5687,0.56872
2026-05-29 06:45:00,0.56871,0.56884,0.56871,0.56881
2026-05-29 07:00:00,0.56882,0.56883,0.56869,0.56873
2026-05-29 07:15:00,0.56872,0.56874,0.56864,0.56867
2026-05-29 07:30:00,0.56868,0.56873,0.56861,0.56863
2026-05-29 07:45:00,0.56864,0.56868,0.56853,0.56854
2026-05-29 08:00:00,0.56854,0.56856,0.56848,0.5685
2026-05-29 08:15:00,0.56851,0.56855,0.56846,0.56852
2026-05-29 08:30:00,0.56852,0.56863,0.56851,0.5686
2026-05-29 08:45:00,0.56859,0.56867,0.56843,0.56846
2026-05-29 09:00:00,0.56845,0.56845,0.56827,0.56833
2026-05-29 09:15:00,0.56833,0.56836,0.56814,0.56818
2026-05-29 09:30:00,0.56817,0.56822,0.56791,0.56792
2026-05-29 09:45:00,0.56792,0.568,0.56778,0.56779
2026-05-29 10:00:00,0.56781,0.56791,0.56773,0.56774
2026-05-29 10:15:00,0.56774,0.56802,0.56773,0.56796
2026-05-29 10:30:00,0.56797,0.56813,0.56784,0.56784
2026-05-29 10:45:00,0.56785,0.56801,0.56771,0.56781
2026-05-29 11:00:00,0.56781,0.5681,0.56772,0.56809
2026-05-29 11:15:00,0.5681,0.56822,0.56793,0.56794
2026-05-29 11:30:00,0.56793,0.56816,0.56789,0.56807
2026-05-29 11:45:00,0.56808,0.56831,0.568,0.56803
2026-05-29 12:00:00,0.56804,0.56805,0.56764,0.56769
2026-05-29 12:15:00,0.56769,0.56777,0.5674,0.56743
2026-05-29 12:30:00,0.56743,0.56783,0.56737,0.56776
2026-05-29 12:45:00,0.56776,0.56779,0.56727,0.56729
2026-05-29 13:00:00,0.5673,0.56749,0.56715,0.56717
2026-05-29 13:15:00,0.56716,0.56731,0.56714,0.56719
2026-05-29 13:30:00,0.56719,0.56723,0.56694,0.56695
2026-05-29 13:45:00,0.56695,0.56704,0.56674,0.56675
2026-05-29 14:00:00,0.56676,0.56682,0.56647,0.56665
2026-05-29 14:15:00,0.56666,0.56678,0.56648,0.56659
2026-05-29 14:30:00,0.56659,0.56665,0.56645,0.56659
2026-05-29 14:45:00,0.56658,0.56701,0.56651,0.56666
2026-05-29 15:00:00,0.56666,0.56676,0.56635,0.56639
2026-05-29 15:15:00,0.56639,0.56657,0.56622,0.56624
2026-05-29 15:30:00,0.56624,0.56624,0.56561,0.56561
2026-05-29 15:45:00,0.56557,0.56561,0.56524,0.56537
2026-05-29 16:00:00,0.56538,0.56583,0.56528,0.56583
2026-05-29 16:15:00,0.56582,0.566,0.56568,0.56577
2026-05-29 16:30:00,0.56576,0.56588,0.56554,0.56556
2026-05-29 16:45:00,0.56556,0.56567,0.56525,0.56559
2026-05-29 17:00:00,0.56559,0.56642,0.56538,0.56614
2026-05-29 17:15:00,0.56613,0.56646,0.56603,0.56639
2026-05-29 17:30:00,0.56638,0.56716,0.5662,0.5669
2026-05-29 17:45:00,0.5669,0.56748,0.56592,0.56745
2026-05-29 18:00:00,0.56745,0.56755,0.56678,0.56699
2026-05-29 18:15:00,0.56698,0.56717,0.56665,0.56694
2026-05-29 18:30:00,0.56693,0.56701,0.56656,0.56682
