datetime,open,high,low,close
2026-04-30 18:30:00,1.17269,1.17337,1.17249,1.17313
2026-04-30 18:45:00,1.17311,1.17311,1.17232,1.17285
2026-04-30 19:00:00,1.17286,1.17356,1.17268,1.17317
2026-04-30 19:15:00,1.17318,1.17325,1.17246,1.17258
2026-04-30 19:30:00,1.17256,1.17272,1.17238,1.17258
2026-04-30 19:45:00,1.17259,1.17286,1.1723,1.17255
2026-04-30 20:00:00,1.17255,1.17311,1.17244,1.17244
2026-04-30 20:15:00,1.17243,1.1729,1.17221,1.17278
2026-04-30 20:30:00,1.17276,1.17325,1.17266,1.1728399999999999
2026-04-30 20:45:00,1.17285,1.17294,1.1724700000000001,1.17249
2026-04-30 21:00:00,1.1724999999999999,1.17299,1.1724999999999999,1.17262
2026-04-30 21:15:00,1.17263,1.17327,1.17259,1.17296
2026-04-30 21:30:00,1.17297,1.1737,1.17297,1.1736
2026-04-30 21:45:00,1.17362,1.17402,1.17355,1.17364
2026-04-30 22:00:00,1.17362,1.17418,1.17362,1.17394
2026-04-30 22:15:00,1.17395,1.17407,1.17323,1.17347
2026-04-30 22:30:00,1.17346,1.1739,1.17332,1.17371
2026-04-30 22:45:00,1.17372,1.17388,1.17336,1.17336
2026-04-30 23:00:00,1.17337,1.17364,1.17295,1.1732
2026-04-30 23:15:00,1.17321,1.17358,1.1732,1.17337
2026-04-30 23:30:00,1.17334,1.17364,1.17307,1.17309
2026-04-30 23:45:00,1.1731,1.1733,1.17287,1.17292
2026-05-01 00:00:00,1.17286,1.17309,1.17277,1.17304
2026-05-01 00:15:00,1.17303,1.17328,1.17285,1.17288
2026-05-01 00:30:00,1.17289,1.17293,1.17279,1.17285
2026-05-01 00:45:00,1.17285,1.1734,1.1728399999999999,1.17309
2026-05-01 01:00:00,1.17324,1.17346,1.17309,1.17312
2026-05-01 01:15:00,1.17311,1.17322,1.1731,1.17314
2026-05-01 01:30:00,1.17316,1.17319,1.17294,1.17309
2026-05-01 01:45:00,1.1731,1.17316,1.17299,1.17314
2026-05-01 02:00:00,1.17317,1.17332,1.17314,1.17316
2026-05-01 02:15:00,1.17318,1.17328,1.17314,1.17319
2026-05-01 02:30:00,1.1732,1.17329,1.17298,1.17298
2026-05-01 02:45:00,1.17295,1.1731,1.1728399999999999,1.17288
2026-05-01 03:00:00,1.17289,1.17299,1.17243,1.17257
2026-05-01 03:15:00,1.17255,1.17276,1.17243,1.17273
2026-05-01 03:30:00,1.1727400000000001,1.17293,1.17264,1.17291
2026-05-01 03:45:00,1.17292,1.17298,1.17271,1.17277
2026-05-01 04:00:00,1.17278,1.1728,1.17251,1.17279
2026-05-01 04:15:00,1.17281,1.17303,1.17255,1.1729
2026-05-01 04:30:00,1.17293,1.17329,1.17292,1.1730800000000001
2026-05-01 04:45:00,1.17307,1.1732,1.17304,1.17311
2026-05-01 05:00:00,1.1731,1.17341,1.17306,1.17328
2026-05-01 05:15:00,1.17328,1.17341,1.17318,1.17328
2026-05-01 05:30:00,1.17329,1.17339,1.17313,1.17321
2026-05-01 05:45:00,1.17322,1.1734,1.17295,1.17336
2026-05-01 06:00:00,1.17339,1.1734499999999999,1.17325,1.1734499999999999
2026-05-01 06:15:00,1.17344,1.17364,1.17338,1.17358
2026-05-01 06:30:00,1.17359,1.17365,1.17322,1.17325
2026-05-01 06:45:00,1.17327,1.1733500000000001,1.17306,1.17312
2026-05-01 07:00:00,1.17313,1.17323,1.17277,1.17291
2026-05-01 07:15:00,1.1729,1.17294,1.17263,1.17265
2026-05-01 07:30:00,1.17264,1.17279,1.17259,1.1727
2026-05-01 07:45:00,1.17271,1.17276,1.1726,1.17268
2026-05-01 08:00:00,1.17267,1.17272,1.1724999999999999,1.17254
2026-05-01 08:15:00,1.17253,1.17256,1.1724,1.17245
2026-05-01 08:30:00,1.17244,1.17263,1.17241,1.17253
2026-05-01 08:45:00,1.17254,1.17254,1.17218,1.17225
2026-05-01 09:00:00,1.17229,1.17243,1.17214,1.17221
2026-05-01 09:15:00,1.17222,1.17227,1.17195,1.17208
2026-05-01 09:30:00,1.17207,1.17216,1.17188,1.17215
2026-05-01 09:45:00,1.17216,1.17452,1.17214,1.17355
2026-05-01 10:00:00,1.17354,1.1739,1.17318,1.17342
2026-05-01 10:15:00,1.17341,1.174,1.17315,1.1739600000000001
2026-05-01 10:30:00,1.17399,1.174,1.17325,1.1736900000000001
2026-05-01 10:45:00,1.17368,1.1742,1.17315,1.1734499999999999
2026-05-01 11:00:00,1.17344,1.17387,1.17319,1.17325
2026-05-01 11:15:00,1.17327,1.17481,1.17321,1.17444
2026-05-01 11:30:00,1.17442,1.17474,1.1742,1.17449
2026-05-01 11:45:00,1.17448,1.17459,1.17419,1.17435
2026-05-01 12:00:00,1.17436,1.17439,1.17368,1.1738
2026-05-01 12:15:00,1.17379,1.17391,1.17328,1.17339
2026-05-01 12:30:00,1.17338,1.17386,1.1733500000000001,1.1737
2026-05-01 12:45:00,1.17366,1.17374,1.1730800000000001,1.17314
2026-05-01 13:00:00,1.17313,1.17423,1.17309,1.17418
2026-05-01 13:15:00,1.17417,1.17443,1.1741,1.17421
2026-05-01 13:30:00,1.17422,1.17438,1.17393,1.17405
2026-05-01 13:45:00,1.17404,1.17459,1.17404,1.17447
2026-05-01 14:00:00,1.1745,1.1751,1.1743999999999999,1.17509
2026-05-01 14:15:00,1.17508,1.17583,1.17499,1.17555
2026-05-01 14:30:00,1.17553,1.1757,1.17475,1.17481
2026-05-01 14:45:00,1.17482,1.17516,1.1745700000000001,1.17514
2026-05-01 15:00:00,1.17516,1.17616,1.17482,1.17586
2026-05-01 15:15:00,1.17584,1.1769,1.17575,1.17655
2026-05-01 15:30:00,1.17654,1.17669,1.17594,1.17596
2026-05-01 15:45:00,1.17597,1.1762,1.17565,1.17575
2026-05-01 16:00:00,1.17572,1.1762299999999999,1.17565,1.17593
2026-05-01 16:15:00,1.17594,1.17614,1.17531,1.1755
2026-05-01 16:30:00,1.17548,1.17583,1.17526,1.17533
2026-05-01 16:45:00,1.17534,1.17637,1.17439,1.17621
2026-05-01 17:00:00,1.17618,1.1783299999999999,1.17602,1.17786
2026-05-01 17:15:00,1.17788,1.17853,1.1776,1.17791
2026-05-01 17:30:00,1.17792,1.17804,1.17675,1.17704
2026-05-01 17:45:00,1.17707,1.1773500000000001,1.17642,1.1767400000000001
2026-05-01 18:00:00,1.17675,1.17703,1.17645,1.17698
2026-05-01 18:15:00,1.17699,1.17708,1.17624,1.17642
2026-05-01 18:30:00,1.17643,1.17681,1.1761300000000001,1.1764000000000001
2026-05-01 18:45:00,1.17639,1.17686,1.17533,1.1755
2026-05-01 19:00:00,1.17547,1.17572,1.17508,1.17535
2026-05-01 19:15:00,1.17536,1.17563,1.17466,1.17482
2026-05-01 19:30:00,1.17481,1.1749100000000001,1.17423,1.17452
2026-05-01 19:45:00,1.17451,1.17454,1.17377,1.17382
2026-05-01 20:00:00,1.17381,1.17405,1.17355,1.17371
2026-05-01 20:15:00,1.1737,1.17394,1.17348,1.17368
2026-05-01 20:30:00,1.17367,1.17379,1.17291,1.17307
2026-05-01 20:45:00,1.17306,1.17374,1.17295,1.17331
2026-05-01 21:00:00,1.17332,1.1734,1.17236,1.17257
2026-05-01 21:15:00,1.17256,1.1728,1.17197,1.1724
2026-05-01 21:30:00,1.17242,1.17266,1.17195,1.17263
2026-05-01 21:45:00,1.17262,1.17293,1.17244,1.1727400000000001
2026-05-01 22:00:00,1.17273,1.17285,1.17237,1.17246
2026-05-01 22:15:00,1.17245,1.17254,1.17227,1.17229
2026-05-01 22:30:00,1.17228,1.17235,1.17202,1.17207
2026-05-01 22:45:00,1.17206,1.17211,1.17178,1.17196
2026-05-01 23:00:00,1.17197,1.17225,1.17194,1.17204
2026-05-01 23:15:00,1.17205,1.17208,1.17168,1.17168
2026-05-01 23:30:00,1.17167,1.17194,1.17157,1.17194
2026-05-01 23:45:00,1.17193,1.17212,1.17167,1.17183
2026-05-04 00:00:00,1.1745,1.17459,1.17435,1.1745700000000001
2026-05-04 00:15:00,1.17454,1.17472,1.17418,1.17468
2026-05-04 00:30:00,1.17468,1.17471,1.1745,1.17456
2026-05-04 00:45:00,1.17454,1.17454,1.17391,1.17397
2026-05-04 01:00:00,1.17397,1.17405,1.17326,1.17341
2026-05-04 01:15:00,1.17339,1.17341,1.1727,1.17322
2026-05-04 01:30:00,1.17324,1.17363,1.17319,1.17357
2026-05-04 01:45:00,1.17359,1.17362,1.17305,1.17333
2026-05-04 02:00:00,1.17329,1.17333,1.17306,1.17324
2026-05-04 02:15:00,1.17322,1.17322,1.17304,1.1730800000000001
2026-05-04 02:30:00,1.17307,1.17323,1.17266,1.17266
2026-05-04 02:45:00,1.17265,1.17301,1.1724999999999999,1.17259
2026-05-04 03:00:00,1.17258,1.17289,1.17241,1.17255
2026-05-04 03:15:00,1.17256,1.17268,1.17215,1.17235
2026-05-04 03:30:00,1.17236,1.17261,1.17233,1.17246
2026-05-04 03:45:00,1.1724700000000001,1.17275,1.17236,1.17271
2026-05-04 04:00:00,1.1727,1.17272,1.17201,1.17226
2026-05-04 04:15:00,1.17227,1.17295,1.1721300000000001,1.17225
2026-05-04 04:30:00,1.17227,1.17258,1.17212,1.17255
2026-05-04 04:45:00,1.17256,1.17264,1.17224,1.17251
2026-05-04 05:00:00,1.17252,1.1728,1.17235,1.1727
2026-05-04 05:15:00,1.17266,1.17266,1.17226,1.17227
2026-05-04 05:30:00,1.17226,1.17265,1.17225,1.17259
2026-05-04 05:45:00,1.17258,1.17287,1.17255,1.17275
2026-05-04 06:00:00,1.1727400000000001,1.17286,1.17251,1.17272
2026-05-04 06:15:00,1.17273,1.1727400000000001,1.17252,1.17262
2026-05-04 06:30:00,1.17261,1.17267,1.17246,1.17261
2026-05-04 06:45:00,1.17266,1.1739,1.17266,1.17375
2026-05-04 07:00:00,1.17376,1.17383,1.17333,1.17333
2026-05-04 07:15:00,1.17332,1.17336,1.17291,1.17297
2026-05-04 07:30:00,1.17298,1.17303,1.17276,1.17281
2026-05-04 07:45:00,1.17279,1.17293,1.17277,1.17292
2026-05-04 08:00:00,1.17288,1.17314,1.17278,1.17283
2026-05-04 08:15:00,1.1728399999999999,1.17324,1.17265,1.17267
2026-05-04 08:30:00,1.17269,1.17292,1.17258,1.17288
2026-05-04 08:45:00,1.17289,1.17319,1.17283,1.17307
2026-05-04 09:00:00,1.1730800000000001,1.17357,1.17301,1.1735
2026-05-04 09:15:00,1.17351,1.17372,1.17341,1.17355
2026-05-04 09:30:00,1.17356,1.17368,1.17275,1.17283
2026-05-04 09:45:00,1.17282,1.17316,1.17215,1.1729
2026-05-04 10:00:00,1.17288,1.17292,1.17237,1.17262
2026-05-04 10:15:00,1.17261,1.17285,1.17202,1.17208
2026-05-04 10:30:00,1.17207,1.17245,1.17184,1.1718600000000001
2026-05-04 10:45:00,1.17185,1.17217,1.17153,1.17179
2026-05-04 11:00:00,1.17178,1.17178,1.17113,1.17159
2026-05-04 11:15:00,1.1716,1.1719,1.17136,1.17183
2026-05-04 11:30:00,1.17182,1.17219,1.17178,1.17204
2026-05-04 11:45:00,1.17203,1.17232,1.17184,1.17192
2026-05-04 12:00:00,1.17194,1.17239,1.17179,1.17196
2026-05-04 12:15:00,1.17198,1.17208,1.1716,1.17188
2026-05-04 12:30:00,1.17187,1.1721300000000001,1.17181,1.17205
2026-05-04 12:45:00,1.17204,1.17206,1.17167,1.17174
2026-05-04 13:00:00,1.17173,1.17173,1.16933,1.16965
2026-05-04 13:15:00,1.16966,1.17039,1.16888,1.17029
2026-05-04 13:30:00,1.1703000000000001,1.17145,1.17023,1.17102
2026-05-04 13:45:00,1.1710099999999999,1.17129,1.17034,1.1705
2026-05-04 14:00:00,1.17051,1.17087,1.16967,1.16967
2026-05-04 14:15:00,1.1696900000000001,1.17021,1.16957,1.17007
2026-05-04 14:30:00,1.1700599999999999,1.17014,1.16954,1.16996
2026-05-04 14:45:00,1.16995,1.17005,1.16929,1.16932
2026-05-04 15:00:00,1.16933,1.17022,1.16921,1.17019
2026-05-04 15:15:00,1.1702,1.17099,1.17008,1.17087
2026-05-04 15:30:00,1.17086,1.17113,1.17054,1.17083
2026-05-04 15:45:00,1.17081,1.1712500000000001,1.17074,1.17093
2026-05-04 16:00:00,1.17092,1.17139,1.1702,1.17095
2026-05-04 16:15:00,1.17092,1.17104,1.17051,1.17073
2026-05-04 16:30:00,1.17077,1.17179,1.17063,1.17158
2026-05-04 16:45:00,1.17157,1.17175,1.17131,1.17149
2026-05-04 17:00:00,1.17147,1.1715,1.17068,1.17097
2026-05-04 17:15:00,1.17096,1.17157,1.1709100000000001,1.17139
2026-05-04 17:30:00,1.17138,1.17164,1.17084,1.17085
2026-05-04 17:45:00,1.17086,1.17103,1.17044,1.17073
2026-05-04 18:00:00,1.17072,1.17156,1.17047,1.1711
2026-05-04 18:15:00,1.17111,1.17155,1.16966,1.17019
2026-05-04 18:30:00,1.1702,1.17025,1.16964,1.17008
2026-05-04 18:45:00,1.1700599999999999,1.17031,1.16941,1.16975
2026-05-04 19:00:00,1.16974,1.17011,1.16852,1.16855
2026-05-04 19:15:00,1.16854,1.16972,1.16843,1.1690800000000001
2026-05-04 19:30:00,1.16907,1.16932,1.16837,1.16838
2026-05-04 19:45:00,1.16836,1.16856,1.16811,1.1682299999999999
2026-05-04 20:00:00,1.16824,1.16899,1.16816,1.1689
2026-05-04 20:15:00,1.16889,1.1696,1.16883,1.16953
2026-05-04 20:30:00,1.16952,1.16972,1.16913,1.1693
2026-05-04 20:45:00,1.16931,1.16947,1.16911,1.1693500000000001
2026-05-04 21:00:00,1.16934,1.1697,1.16916,1.1694499999999999
2026-05-04 21:15:00,1.16944,1.16944,1.1689,1.16915
2026-05-04 21:30:00,1.1691799999999999,1.16929,1.16905,1.1690800000000001
2026-05-04 21:45:00,1.16906,1.16978,1.16882,1.16972
2026-05-04 22:00:00,1.16971,1.1700599999999999,1.1693500000000001,1.16978
2026-05-04 22:15:00,1.1697899999999999,1.17023,1.16972,1.16998
2026-05-04 22:30:00,1.16997,1.17009,1.16978,1.16989
2026-05-04 22:45:00,1.16988,1.16989,1.16939,1.1695
2026-05-04 23:00:00,1.16949,1.16949,1.16911,1.16911
2026-05-04 23:15:00,1.16909,1.16912,1.16871,1.16897
2026-05-04 23:30:00,1.169,1.16922,1.16891,1.16917
2026-05-04 23:45:00,1.16916,1.16927,1.16899,1.16901
2026-05-05 00:00:00,1.16871,1.16923,1.16858,1.16885
2026-05-05 00:15:00,1.16878,1.16901,1.16872,1.16901
2026-05-05 00:30:00,1.169,1.16906,1.16887,1.1689
2026-05-05 00:45:00,1.16892,1.16892,1.16873,1.16883
2026-05-05 01:00:00,1.16879,1.1691,1.16872,1.16895
2026-05-05 01:15:00,1.16897,1.16911,1.1689,1.16909
2026-05-05 01:30:00,1.1691,1.1691799999999999,1.16906,1.16912
2026-05-05 01:45:00,1.16911,1.16911,1.16899,1.16902
2026-05-05 02:00:00,1.16901,1.16913,1.16898,1.16911
2026-05-05 02:15:00,1.1691,1.16924,1.1691,1.1691799999999999
2026-05-05 02:30:00,1.16917,1.1693,1.16913,1.1691799999999999
2026-05-05 02:45:00,1.16917,1.16923,1.16913,1.1691799999999999
2026-05-05 03:00:00,1.16917,1.1694,1.1690800000000001,1.16931
2026-05-05 03:15:00,1.1693,1.1693,1.1686,1.16872
2026-05-05 03:30:00,1.16871,1.16872,1.1685,1.16863
2026-05-05 03:45:00,1.16867,1.1689,1.16861,1.16864
2026-05-05 04:00:00,1.16865,1.16866,1.16842,1.16843
2026-05-05 04:15:00,1.16846,1.16853,1.16797,1.16818
2026-05-05 04:30:00,1.16819,1.16879,1.16812,1.1685
2026-05-05 04:45:00,1.16849,1.1688399999999999,1.1684700000000001,1.16868
2026-05-05 05:00:00,1.16869,1.16885,1.16865,1.16867
2026-05-05 05:15:00,1.16868,1.16907,1.16863,1.16898
2026-05-05 05:30:00,1.16903,1.16913,1.16892,1.16911
2026-05-05 05:45:00,1.1690800000000001,1.16915,1.16872,1.16875
2026-05-05 06:00:00,1.16873,1.16876,1.16851,1.16871
2026-05-05 06:15:00,1.1687,1.16882,1.16867,1.16871
2026-05-05 06:30:00,1.16871,1.16872,1.16846,1.16853
2026-05-05 06:45:00,1.16852,1.16858,1.16836,1.16839
2026-05-05 07:00:00,1.16838,1.16859,1.16836,1.1685699999999999
2026-05-05 07:15:00,1.16858,1.16867,1.16856,1.16863
2026-05-05 07:30:00,1.16862,1.1687400000000001,1.16842,1.16843
2026-05-05 07:45:00,1.16842,1.16842,1.16769,1.16778
2026-05-05 08:00:00,1.16774,1.16801,1.16765,1.16791
2026-05-05 08:15:00,1.16789,1.16819,1.16775,1.16798
2026-05-05 08:30:00,1.16799,1.16844,1.16797,1.16837
2026-05-05 08:45:00,1.16836,1.16846,1.1681,1.16831
2026-05-05 09:00:00,1.16829,1.1687400000000001,1.16819,1.16856
2026-05-05 09:15:00,1.16855,1.16865,1.16794,1.16848
2026-05-05 09:30:00,1.16845,1.16897,1.1684,1.16875
2026-05-05 09:45:00,1.16876,1.16882,1.16851,1.16859
2026-05-05 10:00:00,1.16861,1.16932,1.1685699999999999,1.16897
2026-05-05 10:15:00,1.16896,1.16913,1.16877,1.16877
2026-05-05 10:30:00,1.1688,1.16968,1.16866,1.1692
2026-05-05 10:45:00,1.16921,1.16933,1.1689,1.1689
2026-05-05 11:00:00,1.16888,1.16934,1.16885,1.16915
2026-05-05 11:15:00,1.16917,1.16968,1.16916,1.16944
2026-05-05 11:30:00,1.16943,1.16949,1.16849,1.16873
2026-05-05 11:45:00,1.16872,1.1691,1.16854,1.16888
2026-05-05 12:00:00,1.16887,1.16905,1.16838,1.16863
2026-05-05 12:15:00,1.16862,1.16869,1.16811,1.16865
2026-05-05 12:30:00,1.16866,1.16917,1.16864,1.16913
2026-05-05 12:45:00,1.16912,1.1693,1.16863,1.16904
2026-05-05 13:00:00,1.16903,1.16906,1.16871,1.16894
2026-05-05 13:15:00,1.16893,1.16955,1.16888,1.16946
2026-05-05 13:30:00,1.16943,1.16978,1.16881,1.16893
2026-05-05 13:45:00,1.16894,1.16898,1.16873,1.16896
2026-05-05 14:00:00,1.16894,1.16903,1.16832,1.16859
2026-05-05 14:15:00,1.16858,1.16937,1.16833,1.16928
2026-05-05 14:30:00,1.1693,1.16946,1.16896,1.16902
2026-05-05 14:45:00,1.16903,1.16916,1.16877,1.16891
2026-05-05 15:00:00,1.1689,1.16924,1.16853,1.16907
2026-05-05 15:15:00,1.16909,1.1698,1.1690800000000001,1.16963
2026-05-05 15:30:00,1.16958,1.16971,1.16903,1.1690800000000001
2026-05-05 15:45:00,1.16907,1.16931,1.16901,1.16924
2026-05-05 16:00:00,1.16923,1.17037,1.1692,1.17008
2026-05-05 16:15:00,1.17007,1.17047,1.17001,1.17009
2026-05-05 16:30:00,1.1701,1.17034,1.16978,1.16982
2026-05-05 16:45:00,1.16981,1.17009,1.16965,1.16977
2026-05-05 17:00:00,1.16978,1.17059,1.16959,1.1697899999999999
2026-05-05 17:15:00,1.1698,1.17045,1.16914,1.1702
2026-05-05 17:30:00,1.17021,1.17042,1.16975,1.17027
2026-05-05 17:45:00,1.17026,1.17059,1.16986,1.17057
2026-05-05 18:00:00,1.17058,1.17106,1.17052,1.17061
2026-05-05 18:15:00,1.17059,1.17062,1.17011,1.17058
2026-05-05 18:30:00,1.17059,1.17137,1.17036,1.17118
2026-05-05 18:45:00,1.17119,1.17136,1.17065,1.17065
2026-05-05 19:00:00,1.17064,1.17089,1.1702,1.1702
2026-05-05 19:15:00,1.17019,1.17022,1.16986,1.17004
2026-05-05 19:30:00,1.17003,1.17032,1.1698,1.17029
2026-05-05 19:45:00,1.17028,1.17035,1.16988,1.16994
2026-05-05 20:00:00,1.16995,1.17016,1.16961,1.16974
2026-05-05 20:15:00,1.16973,1.16998,1.16971,1.16993
2026-05-05 20:30:00,1.16993,1.17042,1.16989,1.16998
2026-05-05 20:45:00,1.16997,1.17014,1.16978,1.16988
2026-05-05 21:00:00,1.16987,1.1700599999999999,1.16978,1.16987
2026-05-05 21:15:00,1.16984,1.17009,1.16983,1.16994
2026-05-05 21:30:00,1.16993,1.17,1.1697,1.16989
2026-05-05 21:45:00,1.16988,1.17009,1.16988,1.16999
2026-05-05 22:00:00,1.17,1.17012,1.16975,1.16978
2026-05-05 22:15:00,1.16977,1.1697899999999999,1.16949,1.16954
2026-05-05 22:30:00,1.16955,1.16968,1.16953,1.16956
2026-05-05 22:45:00,1.16957,1.1697,1.16943,1.16954
2026-05-05 23:00:00,1.16952,1.1697,1.16949,1.16962
2026-05-05 23:15:00,1.16957,1.16959,1.16942,1.16947
2026-05-05 23:30:00,1.16946,1.16947,1.16925,1.16925
2026-05-05 23:45:00,1.16926,1.16949,1.16912,1.16912
2026-05-06 00:00:00,1.16904,1.16926,1.16895,1.16913
2026-05-06 00:15:00,1.16913,1.16919,1.16911,1.16912
2026-05-06 00:30:00,1.16912,1.1692,1.1690800000000001,1.1691
2026-05-06 00:45:00,1.1691,1.16926,1.16909,1.16915
2026-05-06 01:00:00,1.1691799999999999,1.16953,1.16917,1.16941
2026-05-06 01:15:00,1.1694,1.1694,1.1691799999999999,1.16928
2026-05-06 01:30:00,1.16929,1.16937,1.1692,1.16936
2026-05-06 01:45:00,1.16937,1.17096,1.16931,1.17057
2026-05-06 02:00:00,1.17058,1.17245,1.17053,1.17233
2026-05-06 02:15:00,1.17234,1.17255,1.17176,1.17177
2026-05-06 02:30:00,1.17176,1.17215,1.17164,1.17165
2026-05-06 02:45:00,1.17166,1.17178,1.17147,1.17148
2026-05-06 03:00:00,1.17149,1.17166,1.17123,1.17129
2026-05-06 03:15:00,1.1712799999999999,1.17181,1.17113,1.17138
2026-05-06 03:30:00,1.17141,1.17205,1.17133,1.17193
2026-05-06 03:45:00,1.17192,1.17215,1.17171,1.17202
2026-05-06 04:00:00,1.17201,1.17216,1.17177,1.17195
2026-05-06 04:15:00,1.17194,1.17253,1.17188,1.17224
2026-05-06 04:30:00,1.1722299999999999,1.17233,1.17184,1.17232
2026-05-06 04:45:00,1.17233,1.1726,1.17209,1.1721300000000001
2026-05-06 05:00:00,1.17214,1.17249,1.17211,1.17214
2026-05-06 05:15:00,1.17215,1.17234,1.1718,1.17184
2026-05-06 05:30:00,1.17185,1.17197,1.17163,1.17165
2026-05-06 05:45:00,1.17163,1.17184,1.17156,1.17174
2026-05-06 06:00:00,1.17171,1.17221,1.17169,1.17214
2026-05-06 06:15:00,1.17215,1.17222,1.17188,1.17203
2026-05-06 06:30:00,1.17202,1.17231,1.17177,1.17205
2026-05-06 06:45:00,1.17204,1.17206,1.17164,1.17178
2026-05-06 07:00:00,1.17177,1.17183,1.17163,1.17183
2026-05-06 07:15:00,1.17185,1.1728399999999999,1.17174,1.17283
2026-05-06 07:30:00,1.1728399999999999,1.17366,1.17265,1.17332
2026-05-06 07:45:00,1.17331,1.17429,1.1730800000000001,1.1737
2026-05-06 08:00:00,1.1736900000000001,1.17382,1.17338,1.17338
2026-05-06 08:15:00,1.17337,1.17342,1.17301,1.17331
2026-05-06 08:30:00,1.17332,1.17334,1.17313,1.17323
2026-05-06 08:45:00,1.17322,1.17334,1.1730800000000001,1.17331
2026-05-06 09:00:00,1.1733,1.17353,1.17306,1.17326
2026-05-06 09:15:00,1.17325,1.17351,1.17305,1.17326
2026-05-06 09:30:00,1.17327,1.1734,1.17283,1.17316
2026-05-06 09:45:00,1.17317,1.17357,1.17312,1.17334
2026-05-06 10:00:00,1.17336,1.1736900000000001,1.17283,1.17285
2026-05-06 10:15:00,1.1728399999999999,1.1731,1.1727,1.17303
2026-05-06 10:30:00,1.17302,1.17309,1.17244,1.1728
2026-05-06 10:45:00,1.17279,1.17383,1.17279,1.17377
2026-05-06 11:00:00,1.17375,1.17399,1.17333,1.17338
2026-05-06 11:15:00,1.17336,1.17382,1.17328,1.17379
2026-05-06 11:30:00,1.1738,1.17497,1.17373,1.17479
2026-05-06 11:45:00,1.17478,1.17708,1.17474,1.1762299999999999
2026-05-06 12:00:00,1.17624,1.17645,1.1756199999999999,1.17596
2026-05-06 12:15:00,1.17597,1.17698,1.17591,1.17665
2026-05-06 12:30:00,1.17664,1.17737,1.1764999999999999,1.17714
2026-05-06 12:45:00,1.17715,1.17774,1.17709,1.17752
2026-05-06 13:00:00,1.17755,1.1777199999999999,1.17689,1.1769
2026-05-06 13:15:00,1.17689,1.17704,1.17665,1.17694
2026-05-06 13:30:00,1.17693,1.17841,1.17693,1.1783
2026-05-06 13:45:00,1.17829,1.17968,1.17795,1.1789
2026-05-06 14:00:00,1.17886,1.1791800000000001,1.17826,1.17846
2026-05-06 14:15:00,1.17843,1.17898,1.17821,1.17852
2026-05-06 14:30:00,1.17855,1.1786699999999999,1.17742,1.17754
2026-05-06 14:45:00,1.17755,1.17767,1.17682,1.177
2026-05-06 15:00:00,1.1770100000000001,1.1770100000000001,1.17524,1.1757
2026-05-06 15:15:00,1.17567,1.17624,1.17515,1.17604
2026-05-06 15:30:00,1.17603,1.1764000000000001,1.17558,1.17612
2026-05-06 15:45:00,1.17611,1.17611,1.1752799999999999,1.17536
2026-05-06 16:00:00,1.17535,1.17592,1.17464,1.17558
2026-05-06 16:15:00,1.17557,1.1758,1.17496,1.17508
2026-05-06 16:30:00,1.17507,1.17563,1.17472,1.17517
2026-05-06 16:45:00,1.1751800000000001,1.17551,1.17496,1.17517
2026-05-06 17:00:00,1.17515,1.17521,1.1745,1.1748
2026-05-06 17:15:00,1.17481,1.1752,1.17456,1.17468
2026-05-06 17:30:00,1.17469,1.17621,1.17464,1.17619
2026-05-06 17:45:00,1.1762,1.1763,1.17548,1.17551
2026-05-06 18:00:00,1.17549,1.17554,1.17486,1.17502
2026-05-06 18:15:00,1.175,1.17542,1.17496,1.17531
2026-05-06 18:30:00,1.1753,1.17587,1.17519,1.17556
2026-05-06 18:45:00,1.17558,1.17574,1.17524,1.1752799999999999
2026-05-06 19:00:00,1.17526,1.17535,1.17492,1.17515
2026-05-06 19:15:00,1.17513,1.17529,1.175,1.1751
2026-05-06 19:30:00,1.17509,1.1753,1.17496,1.17504
2026-05-06 19:45:00,1.17505,1.17505,1.17418,1.17444
2026-05-06 20:00:00,1.17442,1.1753,1.17428,1.17516
2026-05-06 20:15:00,1.17515,1.17556,1.17507,1.17535
2026-05-06 20:30:00,1.17537,1.17539,1.17458,1.17471
2026-05-06 20:45:00,1.17473,1.17484,1.17449,1.17482
2026-05-06 21:00:00,1.17483,1.17497,1.1745700000000001,1.17461
2026-05-06 21:15:00,1.17462,1.17485,1.17448,1.1745700000000001
2026-05-06 21:30:00,1.17458,1.17482,1.17456,1.17471
2026-05-06 21:45:00,1.1747,1.17516,1.17458,1.17494
2026-05-06 22:00:00,1.17493,1.17544,1.17489,1.17535
2026-05-06 22:15:00,1.17536,1.17556,1.1752799999999999,1.17535
2026-05-06 22:30:00,1.17534,1.17534,1.17488,1.17489
2026-05-06 22:45:00,1.17488,1.1752,1.17475,1.17477
2026-05-06 23:00:00,1.17476,1.17503,1.17464,1.17495
2026-05-06 23:15:00,1.17496,1.17506,1.17482,1.17483
2026-05-06 23:30:00,1.17482,1.17487,1.17452,1.1745700000000001
2026-05-06 23:45:00,1.17458,1.1749,1.17449,1.17466
2026-05-07 00:00:00,1.1745700000000001,1.17464,1.1742,1.17458
2026-05-07 00:15:00,1.17459,1.1746699999999999,1.17449,1.1746699999999999
2026-05-07 00:30:00,1.17468,1.17493,1.17463,1.17492
2026-05-07 00:45:00,1.17493,1.17493,1.17483,1.17483
2026-05-07 01:00:00,1.17483,1.17508,1.17474,1.17507
2026-05-07 01:15:00,1.17506,1.17513,1.17495,1.17499
2026-05-07 01:30:00,1.17497,1.17513,1.17496,1.17512
2026-05-07 01:45:00,1.17513,1.17514,1.17497,1.17506
2026-05-07 02:00:00,1.17503,1.17521,1.175,1.17514
2026-05-07 02:15:00,1.17515,1.17515,1.17488,1.17493
2026-05-07 02:30:00,1.17494,1.17494,1.17483,1.17487
2026-05-07 02:45:00,1.17489,1.17495,1.17465,1.1748
2026-05-07 03:00:00,1.17479,1.17541,1.17468,1.17541
2026-05-07 03:15:00,1.1754,1.17541,1.17474,1.17486
2026-05-07 03:30:00,1.17485,1.17508,1.17472,1.17484
2026-05-07 03:45:00,1.17481,1.17495,1.17469,1.17486
2026-05-07 04:00:00,1.17487,1.1756,1.17465,1.17541
2026-05-07 04:15:00,1.17543,1.1757900000000001,1.1754,1.17569
2026-05-07 04:30:00,1.17568,1.17628,1.17557,1.17626
2026-05-07 04:45:00,1.17624,1.17635,1.17583,1.1759
2026-05-07 05:00:00,1.1758899999999999,1.1761,1.17559,1.17565
2026-05-07 05:15:00,1.17566,1.17573,1.17548,1.17566
2026-05-07 05:30:00,1.17568,1.17578,1.17545,1.17555
2026-05-07 05:45:00,1.17556,1.1757900000000001,1.17553,1.17565
2026-05-07 06:00:00,1.17564,1.17567,1.17529,1.17533
2026-05-07 06:15:00,1.17534,1.17555,1.17527,1.17527
2026-05-07 06:30:00,1.17523,1.17531,1.17502,1.17513
2026-05-07 06:45:00,1.17512,1.17513,1.17488,1.17489
2026-05-07 07:00:00,1.17488,1.1751,1.17478,1.17504
2026-05-07 07:15:00,1.17505,1.17529,1.17504,1.17524
2026-05-07 07:30:00,1.17523,1.17536,1.17513,1.17519
2026-05-07 07:45:00,1.17521,1.17527,1.17507,1.1751
2026-05-07 08:00:00,1.17509,1.17534,1.17507,1.17522
2026-05-07 08:15:00,1.1751800000000001,1.17525,1.175,1.17515
2026-05-07 08:30:00,1.17516,1.17535,1.17515,1.17525
2026-05-07 08:45:00,1.17526,1.17538,1.17509,1.17519
2026-05-07 09:00:00,1.17517,1.17527,1.17494,1.17502
2026-05-07 09:15:00,1.1750099999999999,1.1752,1.17478,1.17479
2026-05-07 09:30:00,1.17477,1.17565,1.17452,1.17561
2026-05-07 09:45:00,1.1756199999999999,1.17569,1.1745,1.17482
2026-05-07 10:00:00,1.17481,1.17671,1.1748,1.17669
2026-05-07 10:15:00,1.1767,1.17687,1.17595,1.17647
2026-05-07 10:30:00,1.17646,1.17679,1.17616,1.17645
2026-05-07 10:45:00,1.17646,1.17675,1.17621,1.1767
2026-05-07 11:00:00,1.17671,1.17677,1.17649,1.17669
2026-05-07 11:15:00,1.1767,1.17716,1.1763,1.17697
2026-05-07 11:30:00,1.17698,1.17736,1.17681,1.17699
2026-05-07 11:45:00,1.17698,1.17742,1.17695,1.17718
2026-05-07 12:00:00,1.17719,1.1772,1.17658,1.17685
2026-05-07 12:15:00,1.17686,1.177,1.17656,1.17686
2026-05-07 12:30:00,1.17685,1.1777199999999999,1.1768,1.17767
2026-05-07 12:45:00,1.17768,1.17784,1.17693,1.17703
2026-05-07 13:00:00,1.17702,1.17761,1.1768,1.17754
2026-05-07 13:15:00,1.17753,1.1776200000000001,1.17731,1.17749
2026-05-07 13:30:00,1.1775,1.17758,1.17698,1.17718
2026-05-07 13:45:00,1.17719,1.17726,1.1764999999999999,1.17671
2026-05-07 14:00:00,1.17675,1.17687,1.17635,1.17637
2026-05-07 14:15:00,1.17636,1.17667,1.17624,1.17643
2026-05-07 14:30:00,1.17642,1.1768,1.1763,1.17657
2026-05-07 14:45:00,1.17659,1.17703,1.1764000000000001,1.17699
2026-05-07 15:00:00,1.177,1.17723,1.17679,1.1771099999999999
2026-05-07 15:15:00,1.17712,1.17734,1.17673,1.1770100000000001
2026-05-07 15:30:00,1.17702,1.17749,1.17693,1.1774499999999999
2026-05-07 15:45:00,1.17746,1.1778,1.17726,1.17729
2026-05-07 16:00:00,1.17728,1.17744,1.17699,1.17728
2026-05-07 16:15:00,1.17727,1.1777199999999999,1.17718,1.17754
2026-05-07 16:30:00,1.17753,1.17756,1.17696,1.1773500000000001
2026-05-07 16:45:00,1.17736,1.17748,1.17666,1.17685
2026-05-07 17:00:00,1.1768399999999999,1.17703,1.1764000000000001,1.1769
2026-05-07 17:15:00,1.17689,1.17733,1.1764999999999999,1.17695
2026-05-07 17:30:00,1.17702,1.17725,1.17676,1.17702
2026-05-07 17:45:00,1.1770100000000001,1.17773,1.177,1.17758
2026-05-07 18:00:00,1.17759,1.1778,1.1773500000000001,1.17737
2026-05-07 18:15:00,1.17736,1.17755,1.17632,1.1764999999999999
2026-05-07 18:30:00,1.17651,1.17713,1.17645,1.1768399999999999
2026-05-07 18:45:00,1.17683,1.17689,1.17631,1.17637
2026-05-07 19:00:00,1.17638,1.17661,1.17585,1.17598
2026-05-07 19:15:00,1.17596,1.17639,1.17564,1.17633
2026-05-07 19:30:00,1.17632,1.17647,1.176,1.17605
2026-05-07 19:45:00,1.17606,1.17614,1.1757,1.17604
2026-05-07 20:00:00,1.17605,1.1761,1.17567,1.17595
2026-05-07 20:15:00,1.17594,1.17594,1.1746699999999999,1.17472
2026-05-07 20:30:00,1.17472,1.17496,1.17358,1.17439
2026-05-07 20:45:00,1.17437,1.175,1.17434,1.17488
2026-05-07 21:00:00,1.1749,1.17514,1.17462,1.17483
2026-05-07 21:15:00,1.17482,1.17515,1.17479,1.17509
2026-05-07 21:30:00,1.17511,1.17521,1.17398,1.17435
2026-05-07 21:45:00,1.17438,1.17509,1.17404,1.1750099999999999
2026-05-07 22:00:00,1.17503,1.17543,1.17456,1.1749
2026-05-07 22:15:00,1.17489,1.17502,1.17365,1.17413
2026-05-07 22:30:00,1.17414,1.17485,1.17412,1.17455
2026-05-07 22:45:00,1.17454,1.1746,1.1733500000000001,1.17336
2026-05-07 23:00:00,1.17337,1.17449,1.17333,1.17386
2026-05-07 23:15:00,1.17387,1.17388,1.17338,1.1735
2026-05-07 23:30:00,1.17349,1.17357,1.17293,1.17296
2026-05-07 23:45:00,1.17297,1.17301,1.17212,1.17216
2026-05-08 00:00:00,1.17235,1.17272,1.17233,1.17263
2026-05-08 00:15:00,1.17271,1.17289,1.17248,1.17269
2026-05-08 00:30:00,1.17268,1.17269,1.1722,1.17254
2026-05-08 00:45:00,1.17253,1.17258,1.17241,1.17254
2026-05-08 01:00:00,1.17253,1.17286,1.17211,1.17267
2026-05-08 01:15:00,1.17266,1.17317,1.17259,1.17289
2026-05-08 01:30:00,1.1729,1.17299,1.17257,1.17271
2026-05-08 01:45:00,1.17272,1.17277,1.17251,1.17252
2026-05-08 02:00:00,1.17253,1.17262,1.17245,1.17256
2026-05-08 02:15:00,1.1726,1.17277,1.17259,1.17276
2026-05-08 02:30:00,1.17277,1.17287,1.1727,1.17286
2026-05-08 02:45:00,1.17287,1.17316,1.17285,1.17306
2026-05-08 03:00:00,1.17307,1.17348,1.17296,1.17317
2026-05-08 03:15:00,1.17318,1.17319,1.17265,1.17293
2026-05-08 03:30:00,1.17294,1.17313,1.17286,1.17289
2026-05-08 03:45:00,1.1729,1.173,1.1727,1.1727
2026-05-08 04:00:00,1.17271,1.1732,1.17271,1.17309
2026-05-08 04:15:00,1.1731,1.17337,1.17297,1.1732
2026-05-08 04:30:00,1.17321,1.17332,1.17291,1.17301
2026-05-08 04:45:00,1.17302,1.17329,1.17302,1.17324
2026-05-08 05:00:00,1.17325,1.17326,1.173,1.17305
2026-05-08 05:15:00,1.17304,1.17321,1.17287,1.17296
2026-05-08 05:30:00,1.17297,1.17303,1.17245,1.17248
2026-05-08 05:45:00,1.17249,1.17303,1.17248,1.1727400000000001
2026-05-08 06:00:00,1.17275,1.17295,1.17269,1.17291
2026-05-08 06:15:00,1.1729,1.17298,1.17276,1.17289
2026-05-08 06:30:00,1.1729,1.17334,1.17289,1.17334
2026-05-08 06:45:00,1.17333,1.17339,1.17283,1.1728399999999999
2026-05-08 07:00:00,1.17285,1.1730800000000001,1.17283,1.17289
2026-05-08 07:15:00,1.17288,1.17302,1.17271,1.17294
2026-05-08 07:30:00,1.17293,1.17333,1.17289,1.17332
2026-05-08 07:45:00,1.17331,1.17359,1.1733,1.17353
2026-05-08 08:00:00,1.17354,1.17368,1.1733,1.17339
2026-05-08 08:15:00,1.17338,1.17364,1.17333,1.17364
2026-05-08 08:30:00,1.17366,1.17388,1.17344,1.1736900000000001
2026-05-08 08:45:00,1.17368,1.17388,1.1735,1.17372
2026-05-08 09:00:00,1.17373,1.17464,1.1737,1.1740599999999999
2026-05-08 09:15:00,1.17405,1.17477,1.17404,1.17477
2026-05-08 09:30:00,1.17476,1.17483,1.1743000000000001,1.17462
2026-05-08 09:45:00,1.17463,1.17479,1.17441,1.17444
2026-05-08 10:00:00,1.1743999999999999,1.1748,1.17426,1.17444
2026-05-08 10:15:00,1.17445,1.17462,1.17424,1.17427
2026-05-08 10:30:00,1.17428,1.17466,1.17424,1.17451
2026-05-08 10:45:00,1.1745,1.1745,1.17418,1.1743000000000001
2026-05-08 11:00:00,1.17431,1.1747,1.1742,1.17449
2026-05-08 11:15:00,1.17448,1.17553,1.17448,1.1755200000000001
2026-05-08 11:30:00,1.17551,1.1762299999999999,1.1755,1.17615
2026-05-08 11:45:00,1.17614,1.17658,1.17583,1.17638
2026-05-08 12:00:00,1.17639,1.17708,1.17633,1.17683
2026-05-08 12:15:00,1.1768399999999999,1.17736,1.17681,1.17682
2026-05-08 12:30:00,1.1768,1.17706,1.17677,1.1769
2026-05-08 12:45:00,1.17691,1.17717,1.17666,1.17691
2026-05-08 13:00:00,1.1769,1.17726,1.17683,1.17706
2026-05-08 13:15:00,1.17705,1.17715,1.17689,1.17695
2026-05-08 13:30:00,1.17696,1.17723,1.17672,1.17672
2026-05-08 13:45:00,1.17671,1.17686,1.1761300000000001,1.17641
2026-05-08 14:00:00,1.1764000000000001,1.1766,1.1762,1.17645
2026-05-08 14:15:00,1.17646,1.1768,1.17642,1.1767
2026-05-08 14:30:00,1.17671,1.17689,1.1764999999999999,1.1764999999999999
2026-05-08 14:45:00,1.17649,1.17675,1.17635,1.17653
2026-05-08 15:00:00,1.17655,1.17655,1.17594,1.176
2026-05-08 15:15:00,1.17599,1.17672,1.17597,1.17656
2026-05-08 15:30:00,1.17655,1.17789,1.17575,1.1777
2026-05-08 15:45:00,1.17769,1.17784,1.17714,1.17742
2026-05-08 16:00:00,1.17741,1.17751,1.17664,1.17677
2026-05-08 16:15:00,1.17678,1.1779,1.17665,1.17776
2026-05-08 16:30:00,1.17777,1.17872,1.17764,1.1782
2026-05-08 16:45:00,1.17821,1.17846,1.17773,1.1779
2026-05-08 17:00:00,1.17789,1.17798,1.17672,1.1773500000000001
2026-05-08 17:15:00,1.17733,1.1776200000000001,1.1767400000000001,1.17677
2026-05-08 17:30:00,1.17675,1.17759,1.17673,1.17733
2026-05-08 17:45:00,1.17734,1.17766,1.17731,1.17743
2026-05-08 18:00:00,1.17744,1.17785,1.17688,1.1770100000000001
2026-05-08 18:15:00,1.177,1.17729,1.17669,1.17725
2026-05-08 18:30:00,1.17727,1.17767,1.17682,1.1773500000000001
2026-05-08 18:45:00,1.17736,1.17785,1.17724,1.17729
2026-05-08 19:00:00,1.17727,1.17787,1.17717,1.17749
2026-05-08 19:15:00,1.1775,1.17775,1.17749,1.17766
2026-05-08 19:30:00,1.17767,1.17775,1.17713,1.17724
2026-05-08 19:45:00,1.17725,1.17743,1.17708,1.17712
2026-05-08 20:00:00,1.1771,1.17737,1.17706,1.17713
2026-05-08 20:15:00,1.1771,1.17754,1.17709,1.17742
2026-05-08 20:30:00,1.17743,1.17756,1.17731,1.17744
2026-05-08 20:45:00,1.17743,1.17763,1.17718,1.17724
2026-05-08 21:00:00,1.17722,1.17818,1.17708,1.17803
2026-05-08 21:15:00,1.17804,1.17807,1.17773,1.17784
2026-05-08 21:30:00,1.17783,1.17791,1.17767,1.17785
2026-05-08 21:45:00,1.17784,1.17803,1.17754,1.17785
2026-05-08 22:00:00,1.17786,1.17821,1.17779,1.17814
2026-05-08 22:15:00,1.17815,1.17821,1.17807,1.17818
2026-05-08 22:30:00,1.17817,1.1783299999999999,1.17803,1.17823
2026-05-08 22:45:00,1.17822,1.17826,1.17767,1.17802
2026-05-08 23:00:00,1.17803,1.17837,1.17789,1.17835
2026-05-08 23:15:00,1.17836,1.1785,1.1783,1.17839
2026-05-08 23:30:00,1.1784,1.17872,1.17834,1.17862
2026-05-08 23:45:00,1.17866,1.17879,1.17818,1.17828
2026-05-11 00:00:00,1.17472,1.17543,1.1746,1.17512
2026-05-11 00:15:00,1.17513,1.17537,1.17459,1.17535
2026-05-11 00:30:00,1.17535,1.17671,1.17508,1.17665
2026-05-11 00:45:00,1.1767,1.1767,1.17585,1.17622
2026-05-11 01:00:00,1.17618,1.17639,1.17563,1.1761300000000001
2026-05-11 01:15:00,1.17615,1.17635,1.17586,1.17634
2026-05-11 01:30:00,1.17632,1.17645,1.17624,1.17641
2026-05-11 01:45:00,1.17643,1.17648,1.1763,1.1764000000000001
2026-05-11 02:00:00,1.17639,1.17655,1.17638,1.17645
2026-05-11 02:15:00,1.17646,1.17678,1.17645,1.1767
2026-05-11 02:30:00,1.17672,1.17695,1.17666,1.17695
2026-05-11 02:45:00,1.17692,1.1770100000000001,1.17667,1.17672
2026-05-11 03:00:00,1.1767400000000001,1.17715,1.17656,1.17682
2026-05-11 03:15:00,1.17685,1.17714,1.17672,1.17706
2026-05-11 03:30:00,1.17707,1.17721,1.17694,1.17696
2026-05-11 03:45:00,1.17694,1.17704,1.17661,1.17699
2026-05-11 04:00:00,1.17698,1.1771099999999999,1.17649,1.1768
2026-05-11 04:15:00,1.17679,1.1770100000000001,1.17665,1.17691
2026-05-11 04:30:00,1.1769,1.17697,1.17632,1.17651
2026-05-11 04:45:00,1.1764999999999999,1.17653,1.17617,1.17629
2026-05-11 05:00:00,1.1763,1.17657,1.17629,1.1764000000000001
2026-05-11 05:15:00,1.17641,1.17655,1.17639,1.17652
2026-05-11 05:30:00,1.1764999999999999,1.17663,1.17617,1.17618
2026-05-11 05:45:00,1.17617,1.1762299999999999,1.1759,1.17593
2026-05-11 06:00:00,1.17592,1.17593,1.17571,1.1758899999999999
2026-05-11 06:15:00,1.1759,1.17593,1.17569,1.17572
2026-05-11 06:30:00,1.17573,1.17591,1.17569,1.17588
2026-05-11 06:45:00,1.17587,1.17592,1.1756199999999999,1.17567
2026-05-11 07:00:00,1.17566,1.17574,1.17544,1.17554
2026-05-11 07:15:00,1.17555,1.17558,1.17544,1.17544
2026-05-11 07:30:00,1.17541,1.17548,1.1752,1.17524
2026-05-11 07:45:00,1.17524,1.17535,1.17502,1.17505
2026-05-11 08:00:00,1.17503,1.17546,1.17503,1.1754
2026-05-11 08:15:00,1.17541,1.17543,1.17524,1.17524
2026-05-11 08:30:00,1.17523,1.17533,1.17507,1.1751
2026-05-11 08:45:00,1.1751,1.17515,1.17487,1.1750099999999999
2026-05-11 09:00:00,1.17502,1.17582,1.1750099999999999,1.17576
2026-05-11 09:15:00,1.17574,1.17593,1.17548,1.17591
2026-05-11 09:30:00,1.17592,1.17626,1.17588,1.17619
2026-05-11 09:45:00,1.1762,1.17682,1.17611,1.17676
2026-05-11 10:00:00,1.17678,1.1769,1.17646,1.1767400000000001
2026-05-11 10:15:00,1.17676,1.17747,1.17673,1.17713
2026-05-11 10:30:00,1.1771099999999999,1.17722,1.17672,1.17712
2026-05-11 10:45:00,1.17715,1.17723,1.17683,1.17721
2026-05-11 11:00:00,1.17722,1.17764,1.17715,1.17759
2026-05-11 11:15:00,1.1776,1.17822,1.1776,1.17799
2026-05-11 11:30:00,1.17798,1.17814,1.17753,1.17753
2026-05-11 11:45:00,1.17755,1.17758,1.17712,1.17714
2026-05-11 12:00:00,1.17715,1.1774499999999999,1.1771,1.17734
2026-05-11 12:15:00,1.17733,1.17738,1.17708,1.1771099999999999
2026-05-11 12:30:00,1.1771,1.17731,1.17695,1.17704
2026-05-11 12:45:00,1.17706,1.17715,1.17673,1.1767400000000001
2026-05-11 13:00:00,1.17673,1.17677,1.17646,1.17673
2026-05-11 13:15:00,1.17672,1.17687,1.17659,1.1768
2026-05-11 13:30:00,1.17679,1.17716,1.17667,1.17716
2026-05-11 13:45:00,1.17717,1.17741,1.17689,1.17691
2026-05-11 14:00:00,1.17692,1.17737,1.17689,1.17736
2026-05-11 14:15:00,1.1773500000000001,1.17747,1.17719,1.17741
2026-05-11 14:30:00,1.17742,1.17746,1.17716,1.17723
2026-05-11 14:45:00,1.17724,1.17742,1.17635,1.1768399999999999
2026-05-11 15:00:00,1.17685,1.17689,1.17645,1.17669
2026-05-11 15:15:00,1.1767,1.17746,1.17645,1.17718
2026-05-11 15:30:00,1.17717,1.17746,1.17687,1.1773
2026-05-11 15:45:00,1.17729,1.1774499999999999,1.17679,1.17744
2026-05-11 16:00:00,1.17746,1.17853,1.17743,1.1783299999999999
2026-05-11 16:15:00,1.17834,1.17849,1.17798,1.1783299999999999
2026-05-11 16:30:00,1.17835,1.17863,1.1779,1.17862
2026-05-11 16:45:00,1.17861,1.17878,1.17846,1.17854
2026-05-11 17:00:00,1.17853,1.17861,1.17797,1.17855
2026-05-11 17:15:00,1.17856,1.17876,1.17846,1.17856
2026-05-11 17:30:00,1.1785700000000001,1.17878,1.17808,1.17868
2026-05-11 17:45:00,1.1786699999999999,1.17869,1.1779,1.17795
2026-05-11 18:00:00,1.17792,1.17835,1.17788,1.17813
2026-05-11 18:15:00,1.17814,1.17855,1.1779600000000001,1.17814
2026-05-11 18:30:00,1.17813,1.17828,1.17789,1.1779600000000001
2026-05-11 18:45:00,1.17795,1.17817,1.17768,1.178
2026-05-11 19:00:00,1.17801,1.17804,1.17778,1.17793
2026-05-11 19:15:00,1.17794,1.17797,1.17758,1.17759
2026-05-11 19:30:00,1.17758,1.1779,1.17724,1.17755
2026-05-11 19:45:00,1.17754,1.17769,1.17724,1.17733
2026-05-11 20:00:00,1.17734,1.1775,1.17709,1.17749
2026-05-11 20:15:00,1.17751,1.17774,1.17746,1.17761
2026-05-11 20:30:00,1.1776,1.17786,1.17758,1.1777
2026-05-11 20:45:00,1.1777199999999999,1.17787,1.17769,1.1778
2026-05-11 21:00:00,1.17781,1.17802,1.17779,1.1779
2026-05-11 21:15:00,1.17789,1.17805,1.17776,1.17794
2026-05-11 21:30:00,1.17793,1.178,1.1776,1.1776
2026-05-11 21:45:00,1.17761,1.17768,1.1774499999999999,1.1775
2026-05-11 22:00:00,1.17747,1.17771,1.17744,1.17749
2026-05-11 22:15:00,1.1775,1.17769,1.17748,1.17756
2026-05-11 22:30:00,1.17755,1.17775,1.17752,1.17765
2026-05-11 22:45:00,1.17764,1.17779,1.1774499999999999,1.17775
2026-05-11 23:00:00,1.17774,1.17793,1.17739,1.17784
2026-05-11 23:15:00,1.17787,1.17811,1.17783,1.17805
2026-05-11 23:30:00,1.1780599999999999,1.17831,1.1780599999999999,1.17814
2026-05-11 23:45:00,1.17813,1.17824,1.17803,1.17804
2026-05-12 00:00:00,1.17812,1.17812,1.17763,1.17802
2026-05-12 00:15:00,1.17804,1.17824,1.17773,1.17811
2026-05-12 00:30:00,1.17814,1.17814,1.17803,1.1780599999999999
2026-05-12 00:45:00,1.1780599999999999,1.1783,1.17792,1.17829
2026-05-12 01:00:00,1.17828,1.17876,1.17827,1.1787
2026-05-12 01:15:00,1.17871,1.17877,1.17868,1.1787
2026-05-12 01:30:00,1.1786699999999999,1.17874,1.17865,1.1786699999999999
2026-05-12 01:45:00,1.17866,1.17868,1.1785,1.17853
2026-05-12 02:00:00,1.17854,1.17854,1.17843,1.17844
2026-05-12 02:15:00,1.17843,1.17844,1.17807,1.17808
2026-05-12 02:30:00,1.17809,1.17816,1.17779,1.17789
2026-05-12 02:45:00,1.17784,1.17805,1.17773,1.17785
2026-05-12 03:00:00,1.17784,1.17784,1.17738,1.1776
2026-05-12 03:15:00,1.17759,1.1777199999999999,1.17733,1.17749
2026-05-12 03:30:00,1.1775,1.17751,1.17719,1.17719
2026-05-12 03:45:00,1.1772,1.1773500000000001,1.17663,1.1767
2026-05-12 04:00:00,1.17671,1.1769,1.1764000000000001,1.17648
2026-05-12 04:15:00,1.17649,1.17658,1.17615,1.17621
2026-05-12 04:30:00,1.1762299999999999,1.17664,1.17577,1.1761
2026-05-12 04:45:00,1.17609,1.17637,1.17594,1.17615
2026-05-12 05:00:00,1.17617,1.17634,1.17609,1.17618
2026-05-12 05:15:00,1.17619,1.17622,1.176,1.17611
2026-05-12 05:30:00,1.1761,1.17615,1.17594,1.17605
2026-05-12 05:45:00,1.17604,1.17647,1.17604,1.17625
2026-05-12 06:00:00,1.17624,1.1763,1.1757900000000001,1.1759
2026-05-12 06:15:00,1.1758899999999999,1.17593,1.17565,1.1757
2026-05-12 06:30:00,1.17569,1.17582,1.17567,1.1758
2026-05-12 06:45:00,1.17581,1.17583,1.17548,1.17564
2026-05-12 07:00:00,1.17566,1.1757900000000001,1.17556,1.17557
2026-05-12 07:15:00,1.17556,1.17577,1.17556,1.17559
2026-05-12 07:30:00,1.1756,1.17596,1.17559,1.17596
2026-05-12 07:45:00,1.17595,1.17598,1.17568,1.17571
2026-05-12 08:00:00,1.17572,1.17584,1.17526,1.17539
2026-05-12 08:15:00,1.1754,1.17561,1.17523,1.17549
2026-05-12 08:30:00,1.1755,1.17561,1.17535,1.17559
2026-05-12 08:45:00,1.1756,1.17682,1.17556,1.17624
2026-05-12 09:00:00,1.17624,1.17659,1.17567,1.17575
2026-05-12 09:15:00,1.17577,1.17585,1.17521,1.1755
2026-05-12 09:30:00,1.1755200000000001,1.1759,1.17535,1.17549
2026-05-12 09:45:00,1.1755,1.17554,1.17498,1.17504
2026-05-12 10:00:00,1.17503,1.17506,1.17442,1.17471
2026-05-12 10:15:00,1.17473,1.17534,1.1746699999999999,1.17497
2026-05-12 10:30:00,1.17496,1.17505,1.17464,1.17465
2026-05-12 10:45:00,1.17464,1.17479,1.17435,1.17479
2026-05-12 11:00:00,1.17478,1.17486,1.17425,1.17439
2026-05-12 11:15:00,1.17438,1.17505,1.17436,1.17471
2026-05-12 11:30:00,1.17472,1.17477,1.17394,1.17421
2026-05-12 11:45:00,1.1742,1.17482,1.1742,1.17447
2026-05-12 12:00:00,1.17446,1.1748,1.17438,1.17462
2026-05-12 12:15:00,1.17461,1.17475,1.1743999999999999,1.17459
2026-05-12 12:30:00,1.17459,1.17517,1.17454,1.17455
2026-05-12 12:45:00,1.17459,1.17495,1.17444,1.17476
2026-05-12 13:00:00,1.17475,1.1749,1.17455,1.17486
2026-05-12 13:15:00,1.17485,1.17485,1.17454,1.17482
2026-05-12 13:30:00,1.17483,1.1749100000000001,1.17446,1.17459
2026-05-12 13:45:00,1.17458,1.17464,1.1740599999999999,1.17407
2026-05-12 14:00:00,1.17408,1.17449,1.17349,1.17417
2026-05-12 14:15:00,1.17418,1.17441,1.17404,1.17416
2026-05-12 14:30:00,1.17417,1.17476,1.17416,1.17464
2026-05-12 14:45:00,1.17463,1.17483,1.17417,1.17438
2026-05-12 15:00:00,1.17439,1.17445,1.17378,1.17419
2026-05-12 15:15:00,1.1742,1.17441,1.1739,1.17407
2026-05-12 15:30:00,1.1740599999999999,1.17476,1.17361,1.17473
2026-05-12 15:45:00,1.17472,1.175,1.17435,1.17478
2026-05-12 16:00:00,1.17476,1.175,1.1740599999999999,1.1740599999999999
2026-05-12 16:15:00,1.17405,1.17408,1.17337,1.17397
2026-05-12 16:30:00,1.17395,1.17425,1.17361,1.17372
2026-05-12 16:45:00,1.17371,1.17392,1.1727,1.173
2026-05-12 17:00:00,1.17303,1.17355,1.17279,1.17352
2026-05-12 17:15:00,1.17355,1.17359,1.17301,1.17333
2026-05-12 17:30:00,1.17332,1.17352,1.1729,1.17329
2026-05-12 17:45:00,1.17327,1.17362,1.17278,1.1736
2026-05-12 18:00:00,1.17359,1.17367,1.17278,1.1728
2026-05-12 18:15:00,1.17278,1.17292,1.17218,1.17241
2026-05-12 18:30:00,1.17242,1.17322,1.1724,1.17314
2026-05-12 18:45:00,1.17315,1.17337,1.17293,1.17326
2026-05-12 19:00:00,1.17327,1.17374,1.17316,1.1737
2026-05-12 19:15:00,1.1736900000000001,1.17387,1.1735,1.1736
2026-05-12 19:30:00,1.17359,1.1736,1.17316,1.17319
2026-05-12 19:45:00,1.17316,1.1732,1.17279,1.17283
2026-05-12 20:00:00,1.17287,1.17329,1.17273,1.1730800000000001
2026-05-12 20:15:00,1.17309,1.17333,1.17298,1.17306
2026-05-12 20:30:00,1.17304,1.17326,1.173,1.17319
2026-05-12 20:45:00,1.17318,1.17337,1.17302,1.17333
2026-05-12 21:00:00,1.17334,1.1735,1.17289,1.17321
2026-05-12 21:15:00,1.1732,1.17372,1.17315,1.17359
2026-05-12 21:30:00,1.17361,1.1739,1.1736,1.17387
2026-05-12 21:45:00,1.17386,1.17412,1.17367,1.17405
2026-05-12 22:00:00,1.1740599999999999,1.17447,1.174,1.17438
2026-05-12 22:15:00,1.1743999999999999,1.17443,1.17409,1.17424
2026-05-12 22:30:00,1.17425,1.17469,1.17424,1.1743000000000001
2026-05-12 22:45:00,1.17429,1.17436,1.17398,1.17402
2026-05-12 23:00:00,1.17405,1.17409,1.17386,1.17391
2026-05-12 23:15:00,1.17393,1.17399,1.17387,1.17388
2026-05-12 23:30:00,1.17387,1.1739,1.17376,1.17381
2026-05-12 23:45:00,1.17379,1.17404,1.17378,1.17389
2026-05-13 00:00:00,1.17354,1.17355,1.17319,1.17343
2026-05-13 00:15:00,1.17341,1.17387,1.17334,1.17346
2026-05-13 00:30:00,1.17346,1.17359,1.1733500000000001,1.17352
2026-05-13 00:45:00,1.17352,1.17388,1.17349,1.17359
2026-05-13 01:00:00,1.17359,1.17399,1.17358,1.17377
2026-05-13 01:15:00,1.17382,1.17394,1.17381,1.1739
2026-05-13 01:30:00,1.17388,1.1739600000000001,1.17388,1.17389
2026-05-13 01:45:00,1.1739,1.17401,1.17389,1.17394
2026-05-13 02:00:00,1.17395,1.17413,1.17388,1.17388
2026-05-13 02:15:00,1.17389,1.17391,1.17371,1.17387
2026-05-13 02:30:00,1.17388,1.17392,1.1736900000000001,1.17371
2026-05-13 02:45:00,1.1737,1.17381,1.1734499999999999,1.17351
2026-05-13 03:00:00,1.1735,1.17381,1.1733,1.17334
2026-05-13 03:15:00,1.1733500000000001,1.17374,1.17334,1.17355
2026-05-13 03:30:00,1.17354,1.17367,1.17337,1.17359
2026-05-13 03:45:00,1.17356,1.17386,1.1733,1.17381
2026-05-13 04:00:00,1.1738,1.17389,1.17339,1.1734
2026-05-13 04:15:00,1.17339,1.17385,1.17319,1.17373
2026-05-13 04:30:00,1.17372,1.17393,1.17366,1.17379
2026-05-13 04:45:00,1.1738,1.17418,1.17378,1.17389
2026-05-13 05:00:00,1.17388,1.17418,1.17377,1.17378
2026-05-13 05:15:00,1.17377,1.17383,1.17371,1.1738
2026-05-13 05:30:00,1.17381,1.17383,1.17367,1.17368
2026-05-13 05:45:00,1.1736900000000001,1.17389,1.17363,1.17371
2026-05-13 06:00:00,1.1737,1.17377,1.17326,1.1734499999999999
2026-05-13 06:15:00,1.17348,1.17359,1.17338,1.17355
2026-05-13 06:30:00,1.17354,1.17379,1.17353,1.17361
2026-05-13 06:45:00,1.1736,1.17368,1.17344,1.1734499999999999
2026-05-13 07:00:00,1.17346,1.17352,1.17341,1.1734499999999999
2026-05-13 07:15:00,1.17346,1.17353,1.17336,1.17338
2026-05-13 07:30:00,1.17337,1.17343,1.17323,1.17336
2026-05-13 07:45:00,1.1733500000000001,1.17347,1.1733500000000001,1.1734499999999999
2026-05-13 08:00:00,1.17346,1.17365,1.17342,1.17351
2026-05-13 08:15:00,1.1735,1.17371,1.17343,1.17365
2026-05-13 08:30:00,1.17364,1.1736900000000001,1.17328,1.1733500000000001
2026-05-13 08:45:00,1.17336,1.17353,1.17325,1.17341
2026-05-13 09:00:00,1.1734,1.1734499999999999,1.17263,1.17271
2026-05-13 09:15:00,1.1727,1.1729,1.1724700000000001,1.17266
2026-05-13 09:30:00,1.17265,1.17265,1.1722299999999999,1.17249
2026-05-13 09:45:00,1.1724999999999999,1.17251,1.17181,1.17199
2026-05-13 10:00:00,1.17201,1.17233,1.17174,1.17185
2026-05-13 10:15:00,1.17184,1.17197,1.1717,1.17172
2026-05-13 10:30:00,1.17171,1.17176,1.1711,1.1712500000000001
2026-05-13 10:45:00,1.17126,1.17148,1.1707,1.17071
2026-05-13 11:00:00,1.1707,1.17096,1.17052,1.17086
2026-05-13 11:15:00,1.17085,1.17117,1.17085,1.17107
2026-05-13 11:30:00,1.17106,1.17116,1.17056,1.17063
2026-05-13 11:45:00,1.17065,1.17066,1.17003,1.17031
2026-05-13 12:00:00,1.17032,1.17044,1.16999,1.17001
2026-05-13 12:15:00,1.17,1.17013,1.16958,1.16958
2026-05-13 12:30:00,1.16957,1.17014,1.16954,1.16997
2026-05-13 12:45:00,1.16998,1.17068,1.16996,1.17062
2026-05-13 13:00:00,1.17063,1.1706699999999999,1.17018,1.1705
2026-05-13 13:15:00,1.17051,1.17073,1.17031,1.17052
2026-05-13 13:30:00,1.17053,1.17099,1.17047,1.17092
2026-05-13 13:45:00,1.1709100000000001,1.17145,1.17081,1.17127
2026-05-13 14:00:00,1.1712799999999999,1.17153,1.17113,1.17142
2026-05-13 14:15:00,1.17141,1.17151,1.1712,1.17135
2026-05-13 14:30:00,1.17134,1.17172,1.17131,1.17169
2026-05-13 14:45:00,1.1717,1.17172,1.17116,1.17121
2026-05-13 15:00:00,1.17123,1.1716199999999999,1.17122,1.17124
2026-05-13 15:15:00,1.1712500000000001,1.1712500000000001,1.17034,1.17037
2026-05-13 15:30:00,1.17039,1.17108,1.16973,1.17052
2026-05-13 15:45:00,1.17053,1.17056,1.1697899999999999,1.17018
2026-05-13 16:00:00,1.17019,1.17056,1.17017,1.17039
2026-05-13 16:15:00,1.17038,1.17047,1.17011,1.17035
2026-05-13 16:30:00,1.17034,1.17092,1.1703000000000001,1.1709100000000001
2026-05-13 16:45:00,1.17089,1.17123,1.17065,1.17102
2026-05-13 17:00:00,1.1710099999999999,1.17126,1.17066,1.17105
2026-05-13 17:15:00,1.17106,1.17113,1.17055,1.17103
2026-05-13 17:30:00,1.17102,1.17117,1.17055,1.17058
2026-05-13 17:45:00,1.1706,1.17103,1.17029,1.17077
2026-05-13 18:00:00,1.17076,1.17117,1.17075,1.17087
2026-05-13 18:15:00,1.17088,1.17134,1.17084,1.1711
2026-05-13 18:30:00,1.17111,1.17163,1.1709100000000001,1.17147
2026-05-13 18:45:00,1.17146,1.1715,1.17107,1.1711
2026-05-13 19:00:00,1.17108,1.17132,1.1710099999999999,1.17121
2026-05-13 19:15:00,1.1712,1.17176,1.17096,1.17167
2026-05-13 19:30:00,1.17166,1.1718,1.1711,1.17111
2026-05-13 19:45:00,1.17112,1.17131,1.1708,1.17086
2026-05-13 20:00:00,1.17084,1.17108,1.17081,1.17097
2026-05-13 20:15:00,1.17096,1.17108,1.17094,1.17099
2026-05-13 20:30:00,1.1710099999999999,1.1710099999999999,1.1706699999999999,1.17072
2026-05-13 20:45:00,1.17073,1.17082,1.1703999999999999,1.17043
2026-05-13 21:00:00,1.17042,1.17077,1.17041,1.1706
2026-05-13 21:15:00,1.17061,1.17078,1.17057,1.1706699999999999
2026-05-13 21:30:00,1.17066,1.17093,1.17063,1.17087
2026-05-13 21:45:00,1.17086,1.17106,1.17043,1.17077
2026-05-13 22:00:00,1.17078,1.17104,1.17076,1.1710099999999999
2026-05-13 22:15:00,1.171,1.17112,1.1709,1.17112
2026-05-13 22:30:00,1.17111,1.17131,1.171,1.17104
2026-05-13 22:45:00,1.17103,1.17116,1.17088,1.17097
2026-05-13 23:00:00,1.17096,1.17123,1.1709100000000001,1.17119
2026-05-13 23:15:00,1.1712,1.17135,1.17114,1.17123
2026-05-13 23:30:00,1.17124,1.17135,1.17111,1.17132
2026-05-13 23:45:00,1.17133,1.17139,1.17116,1.1712
2026-05-14 00:00:00,1.17061,1.17131,1.17058,1.17131
2026-05-14 00:15:00,1.17131,1.17132,1.17129,1.17132
2026-05-14 00:30:00,1.17131,1.17153,1.17127,1.17135
2026-05-14 00:45:00,1.17134,1.17139,1.17121,1.1713
2026-05-14 01:00:00,1.17129,1.17177,1.17124,1.17174
2026-05-14 01:15:00,1.17176,1.17183,1.17169,1.17177
2026-05-14 01:30:00,1.17179,1.17187,1.17177,1.17183
2026-05-14 01:45:00,1.17182,1.17183,1.17169,1.17176
2026-05-14 02:00:00,1.17177,1.17183,1.17167,1.17173
2026-05-14 02:15:00,1.17172,1.17179,1.17167,1.17168
2026-05-14 02:30:00,1.17166,1.17168,1.17155,1.17159
2026-05-14 02:45:00,1.17158,1.17164,1.17154,1.17159
2026-05-14 03:00:00,1.17158,1.17179,1.17142,1.17178
2026-05-14 03:15:00,1.17179,1.1718600000000001,1.17151,1.17165
2026-05-14 03:30:00,1.17168,1.17179,1.17154,1.17161
2026-05-14 03:45:00,1.1716199999999999,1.17175,1.17153,1.17171
2026-05-14 04:00:00,1.1717,1.17174,1.17144,1.17155
2026-05-14 04:15:00,1.17159,1.17166,1.1715,1.17161
2026-05-14 04:30:00,1.17159,1.17176,1.17151,1.1717
2026-05-14 04:45:00,1.17169,1.17175,1.17126,1.17138
2026-05-14 05:00:00,1.17136,1.17154,1.17132,1.17133
2026-05-14 05:15:00,1.17134,1.17142,1.17116,1.1714
2026-05-14 05:30:00,1.17141,1.17144,1.17132,1.17139
2026-05-14 05:45:00,1.1714,1.1714,1.17122,1.17124
2026-05-14 06:00:00,1.1712500000000001,1.17131,1.17097,1.17117
2026-05-14 06:15:00,1.17118,1.17146,1.17117,1.17145
2026-05-14 06:30:00,1.17146,1.1715200000000001,1.17138,1.17141
2026-05-14 06:45:00,1.1714,1.1715,1.17123,1.17123
2026-05-14 07:00:00,1.17124,1.17166,1.17116,1.17148
2026-05-14 07:15:00,1.17147,1.1716199999999999,1.17138,1.17153
2026-05-14 07:30:00,1.1715200000000001,1.17157,1.17145,1.1715200000000001
2026-05-14 07:45:00,1.17153,1.17173,1.17142,1.17145
2026-05-14 08:00:00,1.17146,1.17154,1.17121,1.17122
2026-05-14 08:15:00,1.17123,1.17138,1.17123,1.17133
2026-05-14 08:30:00,1.17134,1.17137,1.17117,1.17129
2026-05-14 08:45:00,1.1712799999999999,1.1716199999999999,1.1710099999999999,1.17103
2026-05-14 09:00:00,1.1710099999999999,1.17126,1.1706699999999999,1.17077
2026-05-14 09:15:00,1.17075,1.17149,1.17072,1.17133
2026-05-14 09:30:00,1.17134,1.17156,1.17117,1.17149
2026-05-14 09:45:00,1.17148,1.17215,1.17148,1.17183
2026-05-14 10:00:00,1.17182,1.17185,1.17131,1.17138
2026-05-14 10:15:00,1.17137,1.17137,1.1709100000000001,1.17113
2026-05-14 10:30:00,1.17117,1.1716199999999999,1.17115,1.17138
2026-05-14 10:45:00,1.17138,1.17158,1.1706,1.17076
2026-05-14 11:00:00,1.17075,1.171,1.17049,1.17073
2026-05-14 11:15:00,1.17076,1.17129,1.17074,1.17122
2026-05-14 11:30:00,1.17121,1.17139,1.17087,1.17096
2026-05-14 11:45:00,1.17095,1.1712,1.1709100000000001,1.1711
2026-05-14 12:00:00,1.17111,1.17133,1.1709100000000001,1.17121
2026-05-14 12:15:00,1.1712,1.1712799999999999,1.17096,1.171
2026-05-14 12:30:00,1.17102,1.17106,1.17057,1.17089
2026-05-14 12:45:00,1.1709,1.17116,1.17071,1.17074
2026-05-14 13:00:00,1.17073,1.1713,1.17064,1.17092
2026-05-14 13:15:00,1.17093,1.17104,1.17073,1.17099
2026-05-14 13:30:00,1.171,1.1711,1.17047,1.17062
2026-05-14 13:45:00,1.17063,1.17103,1.1706,1.17086
2026-05-14 14:00:00,1.17087,1.17089,1.17044,1.17076
2026-05-14 14:15:00,1.17077,1.17077,1.17042,1.17046
2026-05-14 14:30:00,1.17047,1.17055,1.16997,1.17007
2026-05-14 14:45:00,1.17008,1.1703999999999999,1.16995,1.16997
2026-05-14 15:00:00,1.16996,1.17055,1.16995,1.17053
2026-05-14 15:15:00,1.17052,1.17055,1.17029,1.17049
2026-05-14 15:30:00,1.17044,1.1705,1.16963,1.16964
2026-05-14 15:45:00,1.16963,1.17013,1.16962,1.16972
2026-05-14 16:00:00,1.16971,1.16988,1.16944,1.16973
2026-05-14 16:15:00,1.16972,1.16975,1.16921,1.16948
2026-05-14 16:30:00,1.1695,1.1695,1.16855,1.16934
2026-05-14 16:45:00,1.16931,1.16997,1.1688399999999999,1.16896
2026-05-14 17:00:00,1.16895,1.16964,1.16863,1.1696
2026-05-14 17:15:00,1.16961,1.17002,1.16927,1.16963
2026-05-14 17:30:00,1.16964,1.16965,1.16933,1.16955
2026-05-14 17:45:00,1.16954,1.16967,1.1678600000000001,1.16787
2026-05-14 18:00:00,1.16785,1.1681,1.16731,1.1675200000000001
2026-05-14 18:15:00,1.16753,1.1676199999999999,1.16716,1.16753
2026-05-14 18:30:00,1.1675200000000001,1.16787,1.16745,1.16759
2026-05-14 18:45:00,1.16758,1.16781,1.1675,1.16774
2026-05-14 19:00:00,1.16775,1.16785,1.16737,1.1678
2026-05-14 19:15:00,1.16781,1.16816,1.1672500000000001,1.16743
2026-05-14 19:30:00,1.16741,1.16755,1.16708,1.1673
2026-05-14 19:45:00,1.16731,1.16765,1.16727,1.16764
2026-05-14 20:00:00,1.16765,1.16801,1.1676,1.1677
2026-05-14 20:15:00,1.16769,1.1679,1.1676,1.1678
2026-05-14 20:30:00,1.16779,1.16805,1.16769,1.168
2026-05-14 20:45:00,1.16799,1.16808,1.16773,1.16779
2026-05-14 21:00:00,1.1678,1.16781,1.16748,1.1678
2026-05-14 21:15:00,1.16779,1.16785,1.1676,1.16768
2026-05-14 21:30:00,1.16769,1.16774,1.16738,1.16751
2026-05-14 21:45:00,1.1675,1.16775,1.16743,1.16774
2026-05-14 22:00:00,1.16775,1.16791,1.16767,1.16771
2026-05-14 22:15:00,1.1677,1.16773,1.16737,1.16738
2026-05-14 22:30:00,1.16737,1.16749,1.167,1.16703
2026-05-14 22:45:00,1.16704,1.16709,1.16686,1.16709
2026-05-14 23:00:00,1.16708,1.16721,1.16681,1.16684
2026-05-14 23:15:00,1.16685,1.16698,1.16658,1.16668
2026-05-14 23:30:00,1.16667,1.16684,1.16662,1.16671
2026-05-14 23:45:00,1.16672,1.1669100000000001,1.16669,1.1667399999999999
2026-05-15 00:00:00,1.16671,1.16695,1.16655,1.16656
2026-05-15 00:15:00,1.16656,1.16704,1.16656,1.16703
2026-05-15 00:30:00,1.16703,1.16717,1.16675,1.16681
2026-05-15 00:45:00,1.16681,1.16689,1.1667,1.16685
2026-05-15 01:00:00,1.16673,1.16708,1.16673,1.16692
2026-05-15 01:15:00,1.16693,1.16706,1.16689,1.167
2026-05-15 01:30:00,1.16696,1.16711,1.16695,1.16711
2026-05-15 01:45:00,1.1671,1.16711,1.16695,1.16698
2026-05-15 02:00:00,1.16697,1.16697,1.16629,1.16631
2026-05-15 02:15:00,1.1663000000000001,1.16642,1.16622,1.16641
2026-05-15 02:30:00,1.16642,1.16644,1.16624,1.16641
2026-05-15 02:45:00,1.1663999999999999,1.16651,1.16615,1.16619
2026-05-15 03:00:00,1.16623,1.16629,1.1657,1.166
2026-05-15 03:15:00,1.16601,1.16636,1.16589,1.1659
2026-05-15 03:30:00,1.16591,1.16593,1.16527,1.16544
2026-05-15 03:45:00,1.16545,1.16566,1.16523,1.16555
2026-05-15 04:00:00,1.16554,1.16566,1.16537,1.16553
2026-05-15 04:15:00,1.16555,1.16555,1.16492,1.16493
2026-05-15 04:30:00,1.16494,1.16521,1.16461,1.16507
2026-05-15 04:45:00,1.1650800000000001,1.16511,1.16467,1.16469
2026-05-15 05:00:00,1.16468,1.16486,1.1645699999999999,1.16479
2026-05-15 05:15:00,1.1648,1.16536,1.16475,1.16511
2026-05-15 05:30:00,1.1651,1.16539,1.16504,1.16536
2026-05-15 05:45:00,1.16537,1.16576,1.1653,1.16536
2026-05-15 06:00:00,1.16535,1.1655,1.1651799999999999,1.1652
2026-05-15 06:15:00,1.16519,1.16527,1.16506,1.16525
2026-05-15 06:30:00,1.16526,1.16537,1.165,1.16523
2026-05-15 06:45:00,1.16524,1.16529,1.16515,1.16522
2026-05-15 07:00:00,1.16521,1.16526,1.16507,1.16526
2026-05-15 07:15:00,1.16525,1.16527,1.16514,1.16516
2026-05-15 07:30:00,1.16517,1.1652,1.16491,1.16493
2026-05-15 07:45:00,1.16492,1.16496,1.16465,1.16473
2026-05-15 08:00:00,1.16474,1.16475,1.16429,1.16451
2026-05-15 08:15:00,1.1645,1.1648,1.16434,1.16475
2026-05-15 08:30:00,1.16473,1.16477,1.16442,1.16442
2026-05-15 08:45:00,1.16439,1.16441,1.16327,1.16328
2026-05-15 09:00:00,1.16327,1.16436,1.16324,1.16411
2026-05-15 09:15:00,1.16412,1.16432,1.16378,1.16382
2026-05-15 09:30:00,1.16383,1.16432,1.16371,1.16392
2026-05-15 09:45:00,1.16393,1.16422,1.16329,1.16351
2026-05-15 10:00:00,1.1635,1.16461,1.16319,1.16434
2026-05-15 10:15:00,1.16435,1.16491,1.16417,1.16426
2026-05-15 10:30:00,1.16427,1.16431,1.16388,1.16405
2026-05-15 10:45:00,1.16404,1.16411,1.16358,1.16367
2026-05-15 11:00:00,1.16377,1.16384,1.16329,1.16346
2026-05-15 11:15:00,1.16345,1.16351,1.1631,1.16328
2026-05-15 11:30:00,1.16327,1.16361,1.16309,1.16361
2026-05-15 11:45:00,1.1636199999999999,1.16365,1.16305,1.1633
2026-05-15 12:00:00,1.16331,1.16336,1.16199,1.162
2026-05-15 12:15:00,1.162,1.16267,1.16173,1.16251
2026-05-15 12:30:00,1.1625,1.16265,1.16224,1.16233
2026-05-15 12:45:00,1.16235,1.1629,1.1622,1.1628
2026-05-15 13:00:00,1.16281,1.1635900000000001,1.16273,1.16352
2026-05-15 13:15:00,1.16351,1.16407,1.16332,1.16374
2026-05-15 13:30:00,1.16373,1.16451,1.16363,1.16449
2026-05-15 13:45:00,1.1644700000000001,1.16555,1.1644,1.16492
2026-05-15 14:00:00,1.16491,1.16501,1.16408,1.1646
2026-05-15 14:15:00,1.16461,1.1647,1.16395,1.164
2026-05-15 14:30:00,1.16399,1.16403,1.1633,1.1633
2026-05-15 14:45:00,1.16332,1.16346,1.16292,1.16317
2026-05-15 15:00:00,1.16316,1.16322,1.16261,1.1627399999999999
2026-05-15 15:15:00,1.16272,1.16312,1.16265,1.16296
2026-05-15 15:30:00,1.16295,1.16296,1.16202,1.16206
2026-05-15 15:45:00,1.16205,1.16292,1.16189,1.16263
2026-05-15 16:00:00,1.16265,1.16297,1.1623,1.16288
2026-05-15 16:15:00,1.16287,1.16323,1.16261,1.16293
2026-05-15 16:30:00,1.16291,1.16302,1.16234,1.16235
2026-05-15 16:45:00,1.16234,1.16258,1.16189,1.16234
2026-05-15 17:00:00,1.16233,1.1630099999999999,1.1621299999999999,1.16266
2026-05-15 17:15:00,1.16265,1.16378,1.16265,1.16323
2026-05-15 17:30:00,1.16322,1.16339,1.1627,1.16271
2026-05-15 17:45:00,1.1627,1.16308,1.16235,1.16295
2026-05-15 18:00:00,1.16295,1.1631,1.16246,1.16284
2026-05-15 18:15:00,1.16283,1.16297,1.16206,1.16232
2026-05-15 18:30:00,1.16233,1.16261,1.16221,1.16234
2026-05-15 18:45:00,1.16232,1.1626400000000001,1.16208,1.1626400000000001
2026-05-15 19:00:00,1.16265,1.16273,1.16231,1.16245
2026-05-15 19:15:00,1.16245,1.16278,1.16239,1.16277
2026-05-15 19:30:00,1.16276,1.16313,1.16268,1.1631
2026-05-15 19:45:00,1.16311,1.16313,1.1627,1.16299
2026-05-15 20:00:00,1.163,1.1634,1.16288,1.16339
2026-05-15 20:15:00,1.16336,1.16357,1.1632,1.1632500000000001
2026-05-15 20:30:00,1.16322,1.16336,1.16285,1.16285
2026-05-15 20:45:00,1.16286,1.1630099999999999,1.16267,1.16268
2026-05-15 21:00:00,1.16269,1.16273,1.16233,1.1625
2026-05-15 21:15:00,1.16249,1.1625,1.16209,1.16217
2026-05-15 21:30:00,1.16218,1.16219,1.1616900000000001,1.16204
2026-05-15 21:45:00,1.1620300000000001,1.1623999999999999,1.16197,1.16219
2026-05-15 22:00:00,1.1622,1.16226,1.16201,1.16201
2026-05-15 22:15:00,1.16202,1.16222,1.16196,1.16215
2026-05-15 22:30:00,1.16214,1.16232,1.16192,1.16194
2026-05-15 22:45:00,1.16194,1.16226,1.16193,1.16214
2026-05-15 23:00:00,1.16215,1.16226,1.16193,1.16216
2026-05-15 23:15:00,1.16217,1.16227,1.16206,1.16211
2026-05-15 23:30:00,1.16212,1.16249,1.16212,1.16248
2026-05-15 23:45:00,1.16249,1.16258,1.16229,1.16234
2026-05-18 00:00:00,1.16214,1.16219,1.16172,1.16188
2026-05-18 00:15:00,1.16189,1.16208,1.1617899999999999,1.16181
2026-05-18 00:30:00,1.16182,1.16188,1.16172,1.16175
2026-05-18 00:45:00,1.16175,1.16221,1.16175,1.16221
2026-05-18 01:00:00,1.16223,1.16243,1.16202,1.16232
2026-05-18 01:15:00,1.16233,1.16239,1.16208,1.16209
2026-05-18 01:30:00,1.1621,1.16238,1.16206,1.16236
2026-05-18 01:45:00,1.16235,1.16237,1.16225,1.1623
2026-05-18 02:00:00,1.16229,1.16236,1.16204,1.16211
2026-05-18 02:15:00,1.1621,1.1622,1.16192,1.16197
2026-05-18 02:30:00,1.16196,1.16196,1.16119,1.16146
2026-05-18 02:45:00,1.16145,1.1615,1.16123,1.16137
2026-05-18 03:00:00,1.16139,1.16211,1.16134,1.16155
2026-05-18 03:15:00,1.16154,1.16177,1.1614,1.16151
2026-05-18 03:30:00,1.16151,1.16161,1.16104,1.16106
2026-05-18 03:45:00,1.16105,1.16128,1.16084,1.16117
2026-05-18 04:00:00,1.16116,1.16137,1.16085,1.16113
2026-05-18 04:15:00,1.16115,1.1614,1.161,1.16129
2026-05-18 04:30:00,1.16131,1.16167,1.16125,1.16145
2026-05-18 04:45:00,1.16146,1.16189,1.16124,1.16174
2026-05-18 05:00:00,1.16172,1.16173,1.16132,1.16166
2026-05-18 05:15:00,1.16165,1.16185,1.1616,1.16178
2026-05-18 05:30:00,1.16177,1.16197,1.16159,1.16168
2026-05-18 05:45:00,1.16166,1.16176,1.16139,1.16156
2026-05-18 06:00:00,1.16155,1.16178,1.16154,1.16176
2026-05-18 06:15:00,1.16175,1.16206,1.1616900000000001,1.16202
2026-05-18 06:30:00,1.1620300000000001,1.16216,1.16181,1.16216
2026-05-18 06:45:00,1.16218,1.16226,1.16205,1.16219
2026-05-18 07:00:00,1.16218,1.16261,1.16216,1.16256
2026-05-18 07:15:00,1.16255,1.16261,1.16208,1.16215
2026-05-18 07:30:00,1.16214,1.16233,1.1621,1.16221
2026-05-18 07:45:00,1.16222,1.16228,1.16191,1.16208
2026-05-18 08:00:00,1.16209,1.16221,1.16183,1.16186
2026-05-18 08:15:00,1.16185,1.16209,1.16168,1.16202
2026-05-18 08:30:00,1.16204,1.16222,1.16187,1.1620300000000001
2026-05-18 08:45:00,1.16202,1.16233,1.16198,1.16232
2026-05-18 09:00:00,1.1623,1.16282,1.1622,1.16282
2026-05-18 09:15:00,1.16281,1.16337,1.1628,1.16307
2026-05-18 09:30:00,1.16306,1.16363,1.163,1.1635
2026-05-18 09:45:00,1.16349,1.16366,1.1634,1.16358
2026-05-18 10:00:00,1.1635900000000001,1.16368,1.16317,1.1633
2026-05-18 10:15:00,1.16329,1.16395,1.16318,1.1637
2026-05-18 10:30:00,1.16369,1.16403,1.16354,1.1636
2026-05-18 10:45:00,1.1635900000000001,1.16368,1.16314,1.16319
2026-05-18 11:00:00,1.1632,1.16337,1.16291,1.16336
2026-05-18 11:15:00,1.16337,1.16378,1.16334,1.16378
2026-05-18 11:30:00,1.16381,1.16452,1.1637,1.16379
2026-05-18 11:45:00,1.1638,1.16454,1.16378,1.16416
2026-05-18 12:00:00,1.16415,1.16427,1.16375,1.1638600000000001
2026-05-18 12:15:00,1.16385,1.164,1.16374,1.1639599999999999
2026-05-18 12:30:00,1.16394,1.16412,1.16377,1.16387
2026-05-18 12:45:00,1.16385,1.16391,1.1635,1.16351
2026-05-18 13:00:00,1.1635,1.16368,1.16321,1.16354
2026-05-18 13:15:00,1.16353,1.16365,1.16337,1.16361
2026-05-18 13:30:00,1.1636199999999999,1.16365,1.16321,1.16342
2026-05-18 13:45:00,1.16341,1.16344,1.1626400000000001,1.1627
2026-05-18 14:00:00,1.16269,1.1631,1.16265,1.16297
2026-05-18 14:15:00,1.16296,1.16336,1.16284,1.16308
2026-05-18 14:30:00,1.16307,1.16497,1.16304,1.16492
2026-05-18 14:45:00,1.16495,1.16495,1.16387,1.16417
2026-05-18 15:00:00,1.16418,1.16493,1.1641,1.16475
2026-05-18 15:15:00,1.16474,1.16475,1.16427,1.16466
2026-05-18 15:30:00,1.16467,1.16546,1.16458,1.16536
2026-05-18 15:45:00,1.16538,1.16573,1.16488,1.16514
2026-05-18 16:00:00,1.16513,1.16539,1.16468,1.16504
2026-05-18 16:15:00,1.16503,1.16503,1.16453,1.16499
2026-05-18 16:30:00,1.165,1.16505,1.16439,1.16467
2026-05-18 16:45:00,1.16466,1.16561,1.16463,1.16512
2026-05-18 17:00:00,1.16513,1.16534,1.16429,1.16454
2026-05-18 17:15:00,1.16453,1.16472,1.16419,1.16456
2026-05-18 17:30:00,1.16455,1.16476,1.16414,1.16428
2026-05-18 17:45:00,1.16429,1.1647,1.16419,1.16419
2026-05-18 18:00:00,1.16418,1.1642299999999999,1.16333,1.1639599999999999
2026-05-18 18:15:00,1.16395,1.16427,1.16367,1.16406
2026-05-18 18:30:00,1.16405,1.16492,1.16389,1.16474
2026-05-18 18:45:00,1.16475,1.1653,1.16453,1.16485
2026-05-18 19:00:00,1.1648399999999999,1.16543,1.16441,1.16543
2026-05-18 19:15:00,1.1654200000000001,1.16562,1.16488,1.16497
2026-05-18 19:30:00,1.16497,1.16541,1.1648100000000001,1.16506
2026-05-18 19:45:00,1.1650800000000001,1.16545,1.16503,1.16515
2026-05-18 20:00:00,1.16512,1.16532,1.16496,1.16499
2026-05-18 20:15:00,1.16499,1.16535,1.16494,1.16515
2026-05-18 20:30:00,1.16514,1.16533,1.16499,1.16516
2026-05-18 20:45:00,1.16517,1.16521,1.1648100000000001,1.1648100000000001
2026-05-18 21:00:00,1.16482,1.16488,1.16452,1.1645699999999999
2026-05-18 21:15:00,1.16458,1.16458,1.16367,1.16389
2026-05-18 21:30:00,1.16391,1.16399,1.16356,1.16373
2026-05-18 21:45:00,1.16369,1.1637,1.16288,1.16294
2026-05-18 22:00:00,1.16293,1.16564,1.16292,1.1646
2026-05-18 22:15:00,1.16461,1.16512,1.16444,1.16475
2026-05-18 22:30:00,1.16476,1.16526,1.16472,1.16517
2026-05-18 22:45:00,1.16516,1.16556,1.16509,1.16511
2026-05-18 23:00:00,1.16513,1.16575,1.16513,1.16573
2026-05-18 23:15:00,1.16574,1.16608,1.16573,1.16592
2026-05-18 23:30:00,1.16593,1.16594,1.16548,1.16578
2026-05-18 23:45:00,1.16577,1.16577,1.16537,1.16546
2026-05-19 00:00:00,1.16551,1.16557,1.16492,1.16502
2026-05-19 00:15:00,1.16505,1.1651,1.16505,1.16509
2026-05-19 00:30:00,1.1651,1.16561,1.16505,1.16556
2026-05-19 00:45:00,1.16557,1.16594,1.16554,1.16576
2026-05-19 01:00:00,1.16577,1.16616,1.1656900000000001,1.16597
2026-05-19 01:15:00,1.16598,1.16601,1.16586,1.16591
2026-05-19 01:30:00,1.1659,1.16605,1.16585,1.16587
2026-05-19 01:45:00,1.16588,1.1659,1.16577,1.16578
2026-05-19 02:00:00,1.16577,1.16586,1.16567,1.16568
2026-05-19 02:15:00,1.16567,1.16583,1.16562,1.16581
2026-05-19 02:30:00,1.1658,1.16584,1.16561,1.16576
2026-05-19 02:45:00,1.16577,1.16577,1.16547,1.16548
2026-05-19 03:00:00,1.16549,1.1656,1.16497,1.1650800000000001
2026-05-19 03:15:00,1.16509,1.16541,1.1649,1.16505
2026-05-19 03:30:00,1.16507,1.16509,1.16451,1.16458
2026-05-19 03:45:00,1.1645699999999999,1.16466,1.16438,1.16446
2026-05-19 04:00:00,1.16445,1.16461,1.16431,1.1645
2026-05-19 04:15:00,1.16451,1.16472,1.16439,1.16463
2026-05-19 04:30:00,1.16462,1.16528,1.16444,1.16523
2026-05-19 04:45:00,1.16522,1.16523,1.16463,1.16464
2026-05-19 05:00:00,1.16463,1.16463,1.16408,1.16433
2026-05-19 05:15:00,1.16432,1.16471,1.16421,1.16451
2026-05-19 05:30:00,1.1645,1.16467,1.16435,1.1644700000000001
2026-05-19 05:45:00,1.16446,1.1645699999999999,1.16415,1.16432
2026-05-19 06:00:00,1.16431,1.16437,1.16406,1.16429
2026-05-19 06:15:00,1.16428,1.1645699999999999,1.1642299999999999,1.16448
2026-05-19 06:30:00,1.16449,1.16453,1.16437,1.16437
2026-05-19 06:45:00,1.16436,1.16436,1.1641,1.16411
2026-05-19 07:00:00,1.16412,1.16431,1.16405,1.1642299999999999
2026-05-19 07:15:00,1.16422,1.16432,1.16405,1.16411
2026-05-19 07:30:00,1.16412,1.16424,1.16375,1.16376
2026-05-19 07:45:00,1.16378,1.16383,1.16353,1.16365
2026-05-19 08:00:00,1.16366,1.16397,1.16353,1.16387
2026-05-19 08:15:00,1.16388,1.16391,1.16336,1.16354
2026-05-19 08:30:00,1.16355,1.16395,1.16344,1.16385
2026-05-19 08:45:00,1.16384,1.16431,1.16379,1.16421
2026-05-19 09:00:00,1.1642299999999999,1.16427,1.16379,1.16405
2026-05-19 09:15:00,1.16404,1.16458,1.164,1.16429
2026-05-19 09:30:00,1.16427,1.1643,1.16385,1.1642299999999999
2026-05-19 09:45:00,1.16422,1.16425,1.1635900000000001,1.16367
2026-05-19 10:00:00,1.16366,1.16366,1.16306,1.16343
2026-05-19 10:15:00,1.16344,1.16348,1.163,1.16317
2026-05-19 10:30:00,1.16318,1.16338,1.16305,1.16311
2026-05-19 10:45:00,1.16312,1.16376,1.16311,1.16348
2026-05-19 11:00:00,1.16349,1.1636,1.16261,1.16281
2026-05-19 11:15:00,1.1628,1.16323,1.16273,1.16302
2026-05-19 11:30:00,1.1630099999999999,1.16338,1.1626,1.16273
2026-05-19 11:45:00,1.16272,1.16284,1.16222,1.16234
2026-05-19 12:00:00,1.16233,1.16233,1.16163,1.16175
2026-05-19 12:15:00,1.16173,1.16196,1.16149,1.16178
2026-05-19 12:30:00,1.1617899999999999,1.16197,1.16149,1.16181
2026-05-19 12:45:00,1.1618,1.16205,1.16164,1.16194
2026-05-19 13:00:00,1.16192,1.1626,1.16185,1.16255
2026-05-19 13:15:00,1.16254,1.16267,1.16231,1.16248
2026-05-19 13:30:00,1.16249,1.16254,1.1611,1.16125
2026-05-19 13:45:00,1.16126,1.16235,1.16121,1.16221
2026-05-19 14:00:00,1.16222,1.16224,1.16181,1.16184
2026-05-19 14:15:00,1.16183,1.1620300000000001,1.1616900000000001,1.16189
2026-05-19 14:30:00,1.1619,1.16226,1.16188,1.16217
2026-05-19 14:45:00,1.16216,1.16223,1.16164,1.16166
2026-05-19 15:00:00,1.16165,1.1623,1.16151,1.1622
2026-05-19 15:15:00,1.16221,1.16239,1.16201,1.1622
2026-05-19 15:30:00,1.16218,1.16236,1.1616900000000001,1.16182
2026-05-19 15:45:00,1.16181,1.16218,1.16159,1.16167
2026-05-19 16:00:00,1.16164,1.16181,1.16116,1.16147
2026-05-19 16:15:00,1.16146,1.16153,1.16043,1.16056
2026-05-19 16:30:00,1.16058,1.16098,1.16015,1.16093
2026-05-19 16:45:00,1.16094,1.16157,1.16079,1.16137
2026-05-19 17:00:00,1.16136,1.1616900000000001,1.16052,1.16053
2026-05-19 17:15:00,1.16052,1.16065,1.15949,1.16008
2026-05-19 17:30:00,1.16007,1.16015,1.1595,1.15961
2026-05-19 17:45:00,1.15962,1.1601,1.15955,1.15955
2026-05-19 18:00:00,1.15956,1.15981,1.1592,1.1595
2026-05-19 18:15:00,1.15951,1.15983,1.15934,1.1595900000000001
2026-05-19 18:30:00,1.15956,1.16031,1.15947,1.15999
2026-05-19 18:45:00,1.15997,1.16029,1.15993,1.16019
2026-05-19 19:00:00,1.1602000000000001,1.16025,1.15958,1.15989
2026-05-19 19:15:00,1.1599,1.1606,1.15975,1.16052
2026-05-19 19:30:00,1.16051,1.16096,1.16039,1.16085
2026-05-19 19:45:00,1.16086,1.16089,1.16058,1.1607
2026-05-19 20:00:00,1.16071,1.16123,1.16067,1.16117
2026-05-19 20:15:00,1.16119,1.16121,1.16086,1.16094
2026-05-19 20:30:00,1.16095,1.16107,1.16073,1.16103
2026-05-19 20:45:00,1.16104,1.16116,1.16082,1.16107
2026-05-19 21:00:00,1.1610800000000001,1.16149,1.16104,1.16123
2026-05-19 21:15:00,1.16121,1.16127,1.16082,1.16085
2026-05-19 21:30:00,1.16084,1.16097,1.16065,1.16092
2026-05-19 21:45:00,1.1609099999999999,1.1609099999999999,1.16026,1.16033
2026-05-19 22:00:00,1.16031,1.16067,1.16027,1.16055
2026-05-19 22:15:00,1.16056,1.16062,1.16028,1.1604700000000001
2026-05-19 22:30:00,1.16048,1.1608100000000001,1.16039,1.16078
2026-05-19 22:45:00,1.16076,1.16078,1.16044,1.16064
2026-05-19 23:00:00,1.16064,1.16065,1.16034,1.16043
2026-05-19 23:15:00,1.16042,1.1605,1.16034,1.1604700000000001
2026-05-19 23:30:00,1.16048,1.16069,1.16048,1.16053
2026-05-19 23:45:00,1.1605,1.16069,1.16043,1.16049
2026-05-20 00:00:00,1.16032,1.1604,1.15991,1.16039
2026-05-20 00:15:00,1.16036,1.1605699999999999,1.16017,1.16056
2026-05-20 00:30:00,1.16055,1.16068,1.16052,1.16052
2026-05-20 00:45:00,1.16054,1.1606,1.16044,1.16059
2026-05-20 01:00:00,1.16059,1.16073,1.1604700000000001,1.1607
2026-05-20 01:15:00,1.16072,1.16083,1.16071,1.16082
2026-05-20 01:30:00,1.1608100000000001,1.16088,1.16066,1.1607
2026-05-20 01:45:00,1.16071,1.16089,1.16068,1.16088
2026-05-20 02:00:00,1.16087,1.16092,1.16077,1.16092
2026-05-20 02:15:00,1.16093,1.16105,1.16093,1.16104
2026-05-20 02:30:00,1.16103,1.1613,1.16099,1.16114
2026-05-20 02:45:00,1.16113,1.16114,1.16063,1.16068
2026-05-20 03:00:00,1.16067,1.1607,1.16031,1.16049
2026-05-20 03:15:00,1.1605,1.16104,1.16038,1.16086
2026-05-20 03:30:00,1.16087,1.16106,1.16037,1.16044
2026-05-20 03:45:00,1.16042,1.16061,1.16008,1.16013
2026-05-20 04:00:00,1.16012,1.16024,1.15982,1.15988
2026-05-20 04:15:00,1.15987,1.16005,1.15952,1.15958
2026-05-20 04:30:00,1.1595900000000001,1.15976,1.15936,1.15953
2026-05-20 04:45:00,1.15954,1.16028,1.15943,1.15972
2026-05-20 05:00:00,1.15973,1.16005,1.1596899999999999,1.16002
2026-05-20 05:15:00,1.16003,1.1602999999999999,1.15984,1.15992
2026-05-20 05:30:00,1.15991,1.15994,1.15944,1.15977
2026-05-20 05:45:00,1.15976,1.15995,1.1596899999999999,1.15978
2026-05-20 06:00:00,1.15975,1.15985,1.15954,1.15975
2026-05-20 06:15:00,1.15977,1.16029,1.15972,1.16024
2026-05-20 06:30:00,1.16023,1.16055,1.16013,1.16049
2026-05-20 06:45:00,1.1605,1.16056,1.16018,1.16022
2026-05-20 07:00:00,1.16023,1.16068,1.16022,1.1605
2026-05-20 07:15:00,1.16051,1.16051,1.16021,1.16031
2026-05-20 07:30:00,1.1602999999999999,1.16031,1.1597,1.1598600000000001
2026-05-20 07:45:00,1.15985,1.1599599999999999,1.1597,1.15972
2026-05-20 08:00:00,1.15971,1.16015,1.15971,1.1598600000000001
2026-05-20 08:15:00,1.15985,1.16009,1.15949,1.1595
2026-05-20 08:30:00,1.15953,1.15994,1.15948,1.15957
2026-05-20 08:45:00,1.15956,1.15956,1.15917,1.15955
2026-05-20 09:00:00,1.15954,1.15985,1.15932,1.15983
2026-05-20 09:15:00,1.15984,1.1606,1.15984,1.1605
2026-05-20 09:30:00,1.16051,1.16051,1.15981,1.15998
2026-05-20 09:45:00,1.15997,1.15999,1.15932,1.15967
2026-05-20 10:00:00,1.15966,1.16015,1.1595,1.15984
2026-05-20 10:15:00,1.15983,1.16004,1.1595900000000001,1.15973
2026-05-20 10:30:00,1.15972,1.1598,1.15942,1.15943
2026-05-20 10:45:00,1.15942,1.15948,1.1592,1.15932
2026-05-20 11:00:00,1.15931,1.1595,1.15871,1.15876
2026-05-20 11:15:00,1.15875,1.1589800000000001,1.15835,1.15888
2026-05-20 11:30:00,1.1589,1.15944,1.15878,1.15934
2026-05-20 11:45:00,1.15936,1.15944,1.15901,1.15904
2026-05-20 12:00:00,1.15902,1.15945,1.1589800000000001,1.15932
2026-05-20 12:15:00,1.15931,1.15946,1.15903,1.15914
2026-05-20 12:30:00,1.15913,1.15929,1.1590799999999999,1.15911
2026-05-20 12:45:00,1.15912,1.15922,1.15881,1.15882
2026-05-20 13:00:00,1.15881,1.15936,1.1587399999999999,1.1593
2026-05-20 13:15:00,1.15929,1.15967,1.15921,1.1595
2026-05-20 13:30:00,1.15952,1.16026,1.15943,1.16004
2026-05-20 13:45:00,1.16003,1.16029,1.15997,1.1601
2026-05-20 14:00:00,1.16009,1.1601,1.15963,1.15982
2026-05-20 14:15:00,1.15983,1.16024,1.15964,1.16023
2026-05-20 14:30:00,1.16024,1.16056,1.16013,1.16019
2026-05-20 14:45:00,1.1602000000000001,1.16033,1.1598,1.16009
2026-05-20 15:00:00,1.1601,1.16043,1.15993,1.16017
2026-05-20 15:15:00,1.16016,1.16026,1.15958,1.15988
2026-05-20 15:30:00,1.15989,1.16017,1.15965,1.1598600000000001
2026-05-20 15:45:00,1.15987,1.15999,1.15939,1.15953
2026-05-20 16:00:00,1.15954,1.15956,1.15919,1.15933
2026-05-20 16:15:00,1.15936,1.15939,1.15904,1.15909
2026-05-20 16:30:00,1.1590799999999999,1.15936,1.15893,1.15929
2026-05-20 16:45:00,1.1593,1.15971,1.15891,1.1591
2026-05-20 17:00:00,1.15909,1.15913,1.15828,1.15887
2026-05-20 17:15:00,1.15892,1.16204,1.15892,1.16131
2026-05-20 17:30:00,1.16132,1.16241,1.16115,1.16168
2026-05-20 17:45:00,1.1616900000000001,1.16241,1.16157,1.16182
2026-05-20 18:00:00,1.16181,1.16229,1.16129,1.16148
2026-05-20 18:15:00,1.16149,1.16454,1.16145,1.16252
2026-05-20 18:30:00,1.16253,1.16346,1.1625,1.1627
2026-05-20 18:45:00,1.1627399999999999,1.1629,1.16171,1.16192
2026-05-20 19:00:00,1.16191,1.16306,1.16188,1.16286
2026-05-20 19:15:00,1.16285,1.16309,1.16215,1.16238
2026-05-20 19:30:00,1.16239,1.16276,1.16197,1.16275
2026-05-20 19:45:00,1.1627399999999999,1.16302,1.16227,1.16256
2026-05-20 20:00:00,1.16257,1.16265,1.16185,1.16239
2026-05-20 20:15:00,1.16241,1.16259,1.16214,1.16246
2026-05-20 20:30:00,1.16247,1.1627,1.162,1.162
2026-05-20 20:45:00,1.16201,1.1623,1.16183,1.16188
2026-05-20 21:00:00,1.16189,1.1623999999999999,1.1616,1.16238
2026-05-20 21:15:00,1.16236,1.16279,1.16232,1.16278
2026-05-20 21:30:00,1.16279,1.1633,1.16268,1.1627
2026-05-20 21:45:00,1.16271,1.16357,1.16267,1.16309
2026-05-20 22:00:00,1.1631,1.16341,1.16297,1.16303
2026-05-20 22:15:00,1.16302,1.16329,1.163,1.16327
2026-05-20 22:30:00,1.16328,1.16354,1.16303,1.16307
2026-05-20 22:45:00,1.16306,1.1632500000000001,1.16276,1.16279
2026-05-20 23:00:00,1.16278,1.16284,1.16268,1.16281
2026-05-20 23:15:00,1.16282,1.16285,1.1626,1.16271
2026-05-20 23:30:00,1.16272,1.16275,1.16239,1.16241
2026-05-20 23:45:00,1.16242,1.1626400000000001,1.16232,1.16238
2026-05-21 00:00:00,1.16207,1.16247,1.16207,1.16245
2026-05-21 00:15:00,1.16247,1.16248,1.16236,1.16243
2026-05-21 00:30:00,1.16241,1.16252,1.16239,1.16243
2026-05-21 00:45:00,1.16243,1.1625,1.16225,1.16228
2026-05-21 01:00:00,1.16228,1.1628,1.16219,1.16279
2026-05-21 01:15:00,1.16277,1.1628,1.16258,1.1626400000000001
2026-05-21 01:30:00,1.16266,1.1627,1.16256,1.16268
2026-05-21 01:45:00,1.16267,1.1627,1.1626,1.1626400000000001
2026-05-21 02:00:00,1.16266,1.16276,1.1626,1.16265
2026-05-21 02:15:00,1.16266,1.16266,1.16239,1.16245
2026-05-21 02:30:00,1.16244,1.16246,1.16229,1.16233
2026-05-21 02:45:00,1.16232,1.1627,1.16231,1.16247
2026-05-21 03:00:00,1.16248,1.16265,1.16229,1.16259
2026-05-21 03:15:00,1.1626,1.1627399999999999,1.16222,1.1626400000000001
2026-05-21 03:30:00,1.16265,1.16269,1.16246,1.16265
2026-05-21 03:45:00,1.1626400000000001,1.16291,1.16263,1.16285
2026-05-21 04:00:00,1.16286,1.16346,1.16286,1.16332
2026-05-21 04:15:00,1.1633499999999999,1.16352,1.16323,1.1633
2026-05-21 04:30:00,1.16328,1.16344,1.163,1.16312
2026-05-21 04:45:00,1.16311,1.16316,1.16229,1.16261
2026-05-21 05:00:00,1.16263,1.16285,1.1625,1.16253
2026-05-21 05:15:00,1.16254,1.16256,1.16208,1.16212
2026-05-21 05:30:00,1.1621299999999999,1.16224,1.16184,1.162
2026-05-21 05:45:00,1.16199,1.1620300000000001,1.16156,1.16176
2026-05-21 06:00:00,1.16178,1.16208,1.16175,1.1619
2026-05-21 06:15:00,1.16191,1.16227,1.16183,1.16205
2026-05-21 06:30:00,1.16204,1.16217,1.16183,1.16211
2026-05-21 06:45:00,1.16214,1.16216,1.16187,1.16191
2026-05-21 07:00:00,1.1619,1.16211,1.16184,1.16209
2026-05-21 07:15:00,1.16208,1.16217,1.16199,1.16212
2026-05-21 07:30:00,1.16211,1.16215,1.16202,1.16215
2026-05-21 07:45:00,1.16214,1.16236,1.16208,1.16221
2026-05-21 08:00:00,1.16222,1.16235,1.16214,1.16217
2026-05-21 08:15:00,1.16216,1.1622,1.16184,1.1619
2026-05-21 08:30:00,1.16191,1.16216,1.16186,1.16208
2026-05-21 08:45:00,1.16206,1.16223,1.1617899999999999,1.16218
2026-05-21 09:00:00,1.16219,1.16267,1.1621299999999999,1.16257
2026-05-21 09:15:00,1.16256,1.16268,1.162,1.1625
2026-05-21 09:30:00,1.16249,1.16258,1.16157,1.1616900000000001
2026-05-21 09:45:00,1.1617,1.16204,1.16163,1.1620300000000001
2026-05-21 10:00:00,1.16202,1.1621,1.16163,1.1618
2026-05-21 10:15:00,1.16164,1.16164,1.15942,1.15973
2026-05-21 10:30:00,1.15976,1.16042,1.15971,1.16035
2026-05-21 10:45:00,1.16032,1.1609,1.16032,1.16075
2026-05-21 11:00:00,1.16073,1.16262,1.16062,1.1626
2026-05-21 11:15:00,1.16261,1.16356,1.16243,1.16338
2026-05-21 11:30:00,1.16336,1.16336,1.16225,1.1623
2026-05-21 11:45:00,1.16231,1.16288,1.16214,1.16237
2026-05-21 12:00:00,1.16236,1.16289,1.16207,1.1628
2026-05-21 12:15:00,1.16277,1.16321,1.16269,1.16319
2026-05-21 12:30:00,1.16318,1.1633499999999999,1.16266,1.16273
2026-05-21 12:45:00,1.1627399999999999,1.16297,1.1626,1.1627399999999999
2026-05-21 13:00:00,1.16273,1.16304,1.16237,1.16245
2026-05-21 13:15:00,1.16244,1.16252,1.16086,1.16135
2026-05-21 13:30:00,1.16137,1.16138,1.16,1.16064
2026-05-21 13:45:00,1.16065,1.1610800000000001,1.16036,1.16073
2026-05-21 14:00:00,1.16074,1.16124,1.16062,1.16094
2026-05-21 14:15:00,1.16093,1.16161,1.16085,1.1613
2026-05-21 14:30:00,1.16129,1.16145,1.1607,1.16075
2026-05-21 14:45:00,1.16076,1.16078,1.1596,1.15989
2026-05-21 15:00:00,1.1599,1.16034,1.15952,1.15975
2026-05-21 15:15:00,1.15974,1.1598600000000001,1.15934,1.15947
2026-05-21 15:30:00,1.15948,1.16065,1.15946,1.16065
2026-05-21 15:45:00,1.16067,1.1609099999999999,1.15971,1.15973
2026-05-21 16:00:00,1.15973,1.16001,1.15929,1.15955
2026-05-21 16:15:00,1.15954,1.1595900000000001,1.15873,1.15894
2026-05-21 16:30:00,1.1589800000000001,1.15903,1.15763,1.1578
2026-05-21 16:45:00,1.15783,1.16011,1.1578,1.15948
2026-05-21 17:00:00,1.15949,1.15958,1.15882,1.15927
2026-05-21 17:15:00,1.15928,1.15941,1.15843,1.15888
2026-05-21 17:30:00,1.15887,1.15948,1.1586,1.15903
2026-05-21 17:45:00,1.15904,1.15967,1.1589800000000001,1.15929
2026-05-21 18:00:00,1.15928,1.15939,1.15823,1.15878
2026-05-21 18:15:00,1.15879,1.15894,1.15851,1.15855
2026-05-21 18:30:00,1.15854,1.15885,1.15829,1.15832
2026-05-21 18:45:00,1.15833,1.15891,1.15831,1.15884
2026-05-21 19:00:00,1.15886,1.15919,1.15845,1.15884
2026-05-21 19:15:00,1.15885,1.15936,1.15866,1.15933
2026-05-21 19:30:00,1.15934,1.1595900000000001,1.15922,1.15953
2026-05-21 19:45:00,1.15955,1.15964,1.15938,1.15953
2026-05-21 20:00:00,1.15956,1.16025,1.15928,1.16019
2026-05-21 20:15:00,1.1602000000000001,1.16204,1.1602000000000001,1.16183
2026-05-21 20:30:00,1.16182,1.16245,1.16146,1.16234
2026-05-21 20:45:00,1.16233,1.1630099999999999,1.16197,1.16249
2026-05-21 21:00:00,1.16248,1.163,1.16189,1.16226
2026-05-21 21:15:00,1.16227,1.16278,1.16206,1.16262
2026-05-21 21:30:00,1.16263,1.16272,1.16237,1.16248
2026-05-21 21:45:00,1.16249,1.16254,1.16071,1.16114
2026-05-21 22:00:00,1.16112,1.16164,1.16098,1.16148
2026-05-21 22:15:00,1.16149,1.16208,1.16148,1.16199
2026-05-21 22:30:00,1.16198,1.16241,1.16181,1.16182
2026-05-21 22:45:00,1.16184,1.16242,1.16141,1.1621299999999999
2026-05-21 23:00:00,1.16214,1.16228,1.16165,1.16175
2026-05-21 23:15:00,1.16174,1.16199,1.1616,1.16185
2026-05-21 23:30:00,1.16186,1.16187,1.16161,1.16175
2026-05-21 23:45:00,1.16173,1.16191,1.16154,1.16156
2026-05-22 00:00:00,1.16165,1.1620300000000001,1.16165,1.16198
2026-05-22 00:15:00,1.16197,1.16198,1.1619,1.16192
2026-05-22 00:30:00,1.16192,1.16194,1.16156,1.16163
2026-05-22 00:45:00,1.16163,1.16173,1.16163,1.16167
2026-05-22 01:00:00,1.1617,1.16182,1.1615199999999999,1.16165
2026-05-22 01:15:00,1.16163,1.16172,1.16163,1.16168
2026-05-22 01:30:00,1.16167,1.16189,1.16167,1.16185
2026-05-22 01:45:00,1.16187,1.16191,1.16174,1.16174
2026-05-22 02:00:00,1.16175,1.16186,1.16173,1.16178
2026-05-22 02:15:00,1.1617899999999999,1.1618,1.1616,1.16173
2026-05-22 02:30:00,1.1617,1.16175,1.16167,1.1617
2026-05-22 02:45:00,1.16171,1.16192,1.1617,1.1617899999999999
2026-05-22 03:00:00,1.1618,1.16181,1.16134,1.16138
2026-05-22 03:15:00,1.16139,1.1615,1.1613,1.16141
2026-05-22 03:30:00,1.1614200000000001,1.16151,1.16124,1.16149
2026-05-22 03:45:00,1.16151,1.16162,1.16134,1.16145
2026-05-22 04:00:00,1.16144,1.16155,1.16125,1.16145
2026-05-22 04:15:00,1.16144,1.16158,1.16122,1.1614
2026-05-22 04:30:00,1.16138,1.1615,1.16123,1.1614
2026-05-22 04:45:00,1.16139,1.16157,1.16099,1.161
2026-05-22 05:00:00,1.16099,1.1611799999999999,1.16096,1.1610800000000001
2026-05-22 05:15:00,1.16109,1.1612,1.16103,1.16114
2026-05-22 05:30:00,1.16115,1.16143,1.16113,1.16135
2026-05-22 05:45:00,1.16136,1.16143,1.161,1.1611799999999999
2026-05-22 06:00:00,1.16117,1.1613,1.16089,1.16093
2026-05-22 06:15:00,1.16092,1.1611,1.16087,1.16103
2026-05-22 06:30:00,1.16105,1.16116,1.16103,1.16116
2026-05-22 06:45:00,1.16114,1.16123,1.16107,1.1612
2026-05-22 07:00:00,1.16119,1.16144,1.16113,1.16141
2026-05-22 07:15:00,1.1614,1.1615,1.16133,1.16136
2026-05-22 07:30:00,1.16135,1.16141,1.16129,1.16134
2026-05-22 07:45:00,1.16133,1.16155,1.16133,1.16153
2026-05-22 08:00:00,1.1615,1.1616900000000001,1.16147,1.16151
2026-05-22 08:15:00,1.16154,1.16157,1.16143,1.16146
2026-05-22 08:30:00,1.16144,1.16156,1.16138,1.16148
2026-05-22 08:45:00,1.16146,1.1617,1.16072,1.16093
2026-05-22 09:00:00,1.16088,1.16146,1.16074,1.16125
2026-05-22 09:15:00,1.16124,1.1613,1.16093,1.16123
2026-05-22 09:30:00,1.16124,1.16125,1.16053,1.16097
2026-05-22 09:45:00,1.16095,1.1611,1.16058,1.16099
2026-05-22 10:00:00,1.16098,1.16099,1.16013,1.1602000000000001
2026-05-22 10:15:00,1.16019,1.16087,1.16019,1.16085
2026-05-22 10:30:00,1.16084,1.16085,1.1604700000000001,1.16064
2026-05-22 10:45:00,1.16063,1.16095,1.16052,1.16084
2026-05-22 11:00:00,1.16085,1.16105,1.16059,1.16062
2026-05-22 11:15:00,1.16063,1.16159,1.16062,1.16114
2026-05-22 11:30:00,1.16113,1.16123,1.16033,1.16073
2026-05-22 11:45:00,1.16072,1.16103,1.1606,1.16079
2026-05-22 12:00:00,1.16078,1.1608,1.15993,1.15998
2026-05-22 12:15:00,1.1599599999999999,1.1601,1.15961,1.15994
2026-05-22 12:30:00,1.15993,1.1604,1.15983,1.16023
2026-05-22 12:45:00,1.16024,1.16058,1.16023,1.16042
2026-05-22 13:00:00,1.16044,1.16079,1.16028,1.16037
2026-05-22 13:15:00,1.16036,1.16059,1.16001,1.16003
2026-05-22 13:30:00,1.16001,1.16013,1.15973,1.15985
2026-05-22 13:45:00,1.15984,1.15995,1.15952,1.15974
2026-05-22 14:00:00,1.15975,1.15977,1.15934,1.15955
2026-05-22 14:15:00,1.15951,1.1597,1.15937,1.15939
2026-05-22 14:30:00,1.1594,1.15988,1.15934,1.15981
2026-05-22 14:45:00,1.1598,1.16022,1.15955,1.15965
2026-05-22 15:00:00,1.15964,1.16069,1.15945,1.16046
2026-05-22 15:15:00,1.1604700000000001,1.16071,1.15965,1.15985
2026-05-22 15:30:00,1.1598600000000001,1.16011,1.15976,1.16001
2026-05-22 15:45:00,1.16002,1.16049,1.16002,1.16043
2026-05-22 16:00:00,1.16042,1.16184,1.16039,1.16129
2026-05-22 16:15:00,1.1613,1.16141,1.16077,1.16111
2026-05-22 16:30:00,1.16112,1.16117,1.16025,1.16042
2026-05-22 16:45:00,1.16041,1.16058,1.15994,1.16038
2026-05-22 17:00:00,1.16037,1.16039,1.15892,1.15899
2026-05-22 17:15:00,1.15897,1.15966,1.15882,1.15966
2026-05-22 17:30:00,1.15965,1.16019,1.15955,1.16009
2026-05-22 17:45:00,1.16008,1.16024,1.15949,1.15978
2026-05-22 18:00:00,1.15977,1.16049,1.15958,1.16035
2026-05-22 18:15:00,1.16034,1.16056,1.15994,1.16027
2026-05-22 18:30:00,1.16027,1.1604,1.15982,1.1601
2026-05-22 18:45:00,1.16011,1.16045,1.15994,1.16028
2026-05-22 19:00:00,1.16027,1.16078,1.1599599999999999,1.16069
2026-05-22 19:15:00,1.16068,1.16093,1.16053,1.16093
2026-05-22 19:30:00,1.16092,1.16107,1.16054,1.16067
2026-05-22 19:45:00,1.16068,1.16112,1.16068,1.16111
2026-05-22 20:00:00,1.16112,1.16153,1.16111,1.16136
2026-05-22 20:15:00,1.16137,1.16174,1.16087,1.16163
2026-05-22 20:30:00,1.16164,1.16192,1.16112,1.16133
2026-05-22 20:45:00,1.16134,1.1615199999999999,1.16107,1.16134
2026-05-22 21:00:00,1.16133,1.1615,1.16093,1.1611799999999999
2026-05-22 21:15:00,1.16117,1.16123,1.161,1.16105
2026-05-22 21:30:00,1.16104,1.16155,1.16094,1.1611799999999999
2026-05-22 21:45:00,1.1612,1.16141,1.1611,1.1611799999999999
2026-05-22 22:00:00,1.16115,1.16139,1.1608,1.16086
2026-05-22 22:15:00,1.16084,1.16103,1.1608100000000001,1.16083
2026-05-22 22:30:00,1.16084,1.16089,1.16067,1.16069
2026-05-22 22:45:00,1.1607,1.16074,1.16052,1.1606
2026-05-22 23:00:00,1.16059,1.16067,1.16042,1.16048
2026-05-22 23:15:00,1.1605,1.1606,1.16035,1.1604
2026-05-22 23:30:00,1.16039,1.16039,1.15998,1.16017
2026-05-22 23:45:00,1.16016,1.16036,1.15981,1.16002
2026-05-25 00:00:00,1.1639,1.16395,1.16351,1.16365
2026-05-25 00:15:00,1.16361,1.16376,1.16329,1.16357
2026-05-25 00:30:00,1.16355,1.16357,1.16297,1.16316
2026-05-25 00:45:00,1.16313,1.16331,1.16288,1.16316
2026-05-25 01:00:00,1.16317,1.16368,1.16294,1.1636199999999999
2026-05-25 01:15:00,1.16363,1.16419,1.16345,1.16408
2026-05-25 01:30:00,1.16409,1.16441,1.16404,1.16438
2026-05-25 01:45:00,1.16437,1.16449,1.16418,1.16432
2026-05-25 02:00:00,1.16433,1.16461,1.16433,1.16448
2026-05-25 02:15:00,1.16451,1.16459,1.16442,1.16452
2026-05-25 02:30:00,1.16451,1.16456,1.16441,1.16448
2026-05-25 02:45:00,1.1644700000000001,1.16456,1.16414,1.16418
2026-05-25 03:00:00,1.16417,1.1642299999999999,1.1638,1.16392
2026-05-25 03:15:00,1.16391,1.16425,1.16383,1.16419
2026-05-25 03:30:00,1.1642000000000001,1.16433,1.1638600000000001,1.16394
2026-05-25 03:45:00,1.16395,1.1649,1.16353,1.16367
2026-05-25 04:00:00,1.16369,1.16437,1.16355,1.16434
2026-05-25 04:15:00,1.16435,1.1647,1.16429,1.16462
2026-05-25 04:30:00,1.16461,1.16461,1.1639599999999999,1.16402
2026-05-25 04:45:00,1.16403,1.16417,1.16384,1.16391
2026-05-25 05:00:00,1.16392,1.16426,1.16391,1.16404
2026-05-25 05:15:00,1.16405,1.16424,1.1639599999999999,1.16417
2026-05-25 05:30:00,1.16418,1.16419,1.16395,1.16405
2026-05-25 05:45:00,1.16406,1.16409,1.16367,1.16376
2026-05-25 06:00:00,1.16377,1.1639599999999999,1.16361,1.16374
2026-05-25 06:15:00,1.16373,1.1639,1.16363,1.16373
2026-05-25 06:30:00,1.16372,1.16398,1.16372,1.16376
2026-05-25 06:45:00,1.16375,1.16377,1.16361,1.16372
2026-05-25 07:00:00,1.16373,1.16378,1.16356,1.16364
2026-05-25 07:15:00,1.16365,1.16373,1.1636,1.1637
2026-05-25 07:30:00,1.16371,1.16401,1.1637,1.16401
2026-05-25 07:45:00,1.16402,1.16438,1.16401,1.16421
2026-05-25 08:00:00,1.16422,1.16453,1.16411,1.16431
2026-05-25 08:15:00,1.16428,1.16436,1.16422,1.16433
2026-05-25 08:30:00,1.16432,1.16448,1.1642000000000001,1.16429
2026-05-25 08:45:00,1.16428,1.16439,1.1638,1.16391
2026-05-25 09:00:00,1.16389,1.16408,1.16381,1.16407
2026-05-25 09:15:00,1.16404,1.16413,1.16377,1.16389
2026-05-25 09:30:00,1.16388,1.16426,1.16374,1.16408
2026-05-25 09:45:00,1.16407,1.16448,1.16399,1.1641
2026-05-25 10:00:00,1.16413,1.1642000000000001,1.16357,1.16369
2026-05-25 10:15:00,1.16368,1.16371,1.16296,1.16338
2026-05-25 10:30:00,1.16339,1.16384,1.16336,1.16357
2026-05-25 10:45:00,1.16356,1.16375,1.16339,1.16374
2026-05-25 11:00:00,1.16375,1.16405,1.1633,1.16394
2026-05-25 11:15:00,1.16393,1.16408,1.16384,1.16404
2026-05-25 11:30:00,1.16405,1.16443,1.16402,1.1642299999999999
2026-05-25 11:45:00,1.16424,1.16443,1.16421,1.16438
2026-05-25 12:00:00,1.16437,1.16452,1.16413,1.16416
2026-05-25 12:15:00,1.16418,1.1644,1.16402,1.1642299999999999
2026-05-25 12:30:00,1.16424,1.16448,1.16421,1.16446
2026-05-25 12:45:00,1.1644700000000001,1.16448,1.16405,1.16415
2026-05-25 13:00:00,1.16414,1.16433,1.16413,1.16427
2026-05-25 13:15:00,1.16428,1.16443,1.16419,1.16419
2026-05-25 13:30:00,1.16417,1.16439,1.16414,1.16438
2026-05-25 13:45:00,1.16439,1.1644,1.16417,1.16429
2026-05-25 14:00:00,1.1643,1.16431,1.16404,1.16418
2026-05-25 14:15:00,1.16419,1.16448,1.16418,1.16445
2026-05-25 14:30:00,1.16444,1.165,1.16443,1.16498
2026-05-25 14:45:00,1.16498,1.16507,1.16435,1.16439
2026-05-25 15:00:00,1.1644,1.16463,1.16427,1.1645699999999999
2026-05-25 15:15:00,1.16458,1.16471,1.16436,1.16441
2026-05-25 15:30:00,1.16442,1.16507,1.16441,1.16504
2026-05-25 15:45:00,1.16506,1.16528,1.16475,1.16483
2026-05-25 16:00:00,1.1648100000000001,1.16498,1.16463,1.16472
2026-05-25 16:15:00,1.16473,1.16473,1.16438,1.16441
2026-05-25 16:30:00,1.16442,1.16445,1.16415,1.16418
2026-05-25 16:45:00,1.16416,1.1643,1.16388,1.16388
2026-05-25 17:00:00,1.16387,1.16419,1.16384,1.16394
2026-05-25 17:15:00,1.1639599999999999,1.1643,1.1639599999999999,1.16413
2026-05-25 17:30:00,1.16414,1.16448,1.16402,1.16445
2026-05-25 17:45:00,1.16444,1.16464,1.16407,1.1642000000000001
2026-05-25 18:00:00,1.16419,1.16485,1.1639599999999999,1.16443
2026-05-25 18:15:00,1.16444,1.16479,1.16439,1.16456
2026-05-25 18:30:00,1.16454,1.16461,1.16441,1.16451
2026-05-25 18:45:00,1.16449,1.16458,1.1642000000000001,1.16421
2026-05-25 19:00:00,1.16422,1.16427,1.16379,1.16399
2026-05-25 19:15:00,1.16398,1.164,1.16381,1.16383
2026-05-25 19:30:00,1.16382,1.16395,1.16367,1.16383
2026-05-25 19:45:00,1.16384,1.16416,1.16383,1.16411
2026-05-25 20:00:00,1.16412,1.16425,1.16403,1.16421
2026-05-25 20:15:00,1.16422,1.16442,1.16421,1.16438
2026-05-25 20:30:00,1.16437,1.1644,1.16426,1.16432
2026-05-25 20:45:00,1.16433,1.16436,1.16417,1.16433
2026-05-25 21:00:00,1.16434,1.16439,1.16421,1.16434
2026-05-25 21:15:00,1.16436,1.16437,1.16424,1.16425
2026-05-25 21:30:00,1.1642299999999999,1.16432,1.16415,1.1642000000000001
2026-05-25 21:45:00,1.16421,1.16439,1.1642000000000001,1.16435
2026-05-25 22:00:00,1.16434,1.16436,1.1642000000000001,1.16424
2026-05-25 22:15:00,1.16425,1.16432,1.1642299999999999,1.1643
2026-05-25 22:30:00,1.16431,1.16437,1.16421,1.16429
2026-05-25 22:45:00,1.16428,1.16429,1.16418,1.16421
2026-05-25 23:00:00,1.16422,1.16432,1.16422,1.16431
2026-05-25 23:15:00,1.16428,1.16435,1.16419,1.16432
2026-05-25 23:30:00,1.16433,1.16434,1.16415,1.16426
2026-05-25 23:45:00,1.16427,1.16437,1.16415,1.16416
2026-05-26 00:00:00,1.16407,1.16414,1.16373,1.16387
2026-05-26 00:15:00,1.16388,1.16398,1.16366,1.16389
2026-05-26 00:30:00,1.1639,1.16434,1.16376,1.16378
2026-05-26 00:45:00,1.16377,1.16385,1.16351,1.16381
2026-05-26 01:00:00,1.16381,1.16429,1.16369,1.16409
2026-05-26 01:15:00,1.16408,1.16412,1.16397,1.164
2026-05-26 01:30:00,1.16401,1.16413,1.16392,1.16413
2026-05-26 01:45:00,1.16412,1.16418,1.16408,1.16408
2026-05-26 02:00:00,1.16409,1.16427,1.16409,1.16424
2026-05-26 02:15:00,1.16425,1.16433,1.16407,1.1641
2026-05-26 02:30:00,1.16409,1.16409,1.16371,1.16375
2026-05-26 02:45:00,1.16376,1.16397,1.16357,1.1635900000000001
2026-05-26 03:00:00,1.16361,1.16398,1.16348,1.16383
2026-05-26 03:15:00,1.16385,1.1639,1.16339,1.16357
2026-05-26 03:30:00,1.16356,1.16366,1.1635,1.1635900000000001
2026-05-26 03:45:00,1.16357,1.16395,1.16353,1.16387
2026-05-26 04:00:00,1.1638600000000001,1.16398,1.1635,1.16394
2026-05-26 04:15:00,1.16392,1.16397,1.1636199999999999,1.16367
2026-05-26 04:30:00,1.16368,1.16369,1.16303,1.16313
2026-05-26 04:45:00,1.16312,1.16343,1.16308,1.16339
2026-05-26 05:00:00,1.1634,1.16351,1.16324,1.16326
2026-05-26 05:15:00,1.16327,1.16339,1.16322,1.1633
2026-05-26 05:30:00,1.16331,1.16342,1.16316,1.16317
2026-05-26 05:45:00,1.16318,1.16345,1.16312,1.16339
2026-05-26 06:00:00,1.1634,1.16353,1.16337,1.16348
2026-05-26 06:15:00,1.16347,1.16373,1.16345,1.16346
2026-05-26 06:30:00,1.16347,1.16353,1.16344,1.1635
2026-05-26 06:45:00,1.16349,1.1636199999999999,1.16342,1.1635900000000001
2026-05-26 07:00:00,1.16358,1.1636,1.16333,1.16358
2026-05-26 07:15:00,1.16356,1.16356,1.16331,1.16332
2026-05-26 07:30:00,1.16331,1.16343,1.16322,1.16328
2026-05-26 07:45:00,1.16329,1.16332,1.16293,1.16296
2026-05-26 08:00:00,1.16297,1.16303,1.16286,1.1629
2026-05-26 08:15:00,1.16289,1.1629800000000001,1.1628,1.16296
2026-05-26 08:30:00,1.16293,1.16308,1.16288,1.1629800000000001
2026-05-26 08:45:00,1.16297,1.16299,1.16275,1.1628
2026-05-26 09:00:00,1.16278,1.1630099999999999,1.16272,1.16299
2026-05-26 09:15:00,1.16295,1.16356,1.16288,1.16329
2026-05-26 09:30:00,1.16328,1.16363,1.16326,1.16361
2026-05-26 09:45:00,1.16363,1.16375,1.16339,1.16352
2026-05-26 10:00:00,1.16354,1.16364,1.16241,1.16302
2026-05-26 10:15:00,1.1630099999999999,1.1634,1.1629,1.1634
2026-05-26 10:30:00,1.16339,1.16404,1.16326,1.16357
2026-05-26 10:45:00,1.16356,1.16398,1.1633499999999999,1.16371
2026-05-26 11:00:00,1.16373,1.16406,1.16351,1.1638600000000001
2026-05-26 11:15:00,1.16387,1.16422,1.16375,1.16392
2026-05-26 11:30:00,1.1639,1.16413,1.16347,1.16348
2026-05-26 11:45:00,1.16349,1.16412,1.16342,1.16364
2026-05-26 12:00:00,1.16365,1.16391,1.16324,1.1638
2026-05-26 12:15:00,1.16379,1.1642299999999999,1.16369,1.16418
2026-05-26 12:30:00,1.16419,1.16434,1.16398,1.1641
2026-05-26 12:45:00,1.16409,1.16442,1.164,1.16427
2026-05-26 13:00:00,1.16426,1.16437,1.16398,1.16428
2026-05-26 13:15:00,1.16429,1.16435,1.16408,1.16429
2026-05-26 13:30:00,1.1643,1.16453,1.16377,1.16405
2026-05-26 13:45:00,1.16406,1.16435,1.16393,1.16414
2026-05-26 14:00:00,1.16416,1.16449,1.16403,1.16433
2026-05-26 14:15:00,1.16434,1.16445,1.16398,1.16401
2026-05-26 14:30:00,1.16402,1.16422,1.16349,1.1635
2026-05-26 14:45:00,1.16349,1.16364,1.1633499999999999,1.16347
2026-05-26 15:00:00,1.16348,1.16361,1.16311,1.16338
2026-05-26 15:15:00,1.16333,1.16352,1.16322,1.16352
2026-05-26 15:30:00,1.16351,1.16367,1.16333,1.1634
2026-05-26 15:45:00,1.16339,1.16347,1.16316,1.1632
2026-05-26 16:00:00,1.16319,1.1633,1.16285,1.16308
2026-05-26 16:15:00,1.16309,1.1633,1.16266,1.16268
2026-05-26 16:30:00,1.16267,1.16302,1.16255,1.16281
2026-05-26 16:45:00,1.16282,1.16313,1.16173,1.16258
2026-05-26 17:00:00,1.16257,1.16299,1.1622,1.16248
2026-05-26 17:15:00,1.1625,1.16265,1.1621299999999999,1.16245
2026-05-26 17:30:00,1.16241,1.1629,1.16228,1.1626
2026-05-26 17:45:00,1.16259,1.16287,1.16238,1.1625
2026-05-26 18:00:00,1.16249,1.16258,1.16198,1.16228
2026-05-26 18:15:00,1.16226,1.1623,1.16174,1.16208
2026-05-26 18:30:00,1.1621,1.16223,1.16163,1.16198
2026-05-26 18:45:00,1.16199,1.16222,1.16189,1.16194
2026-05-26 19:00:00,1.16196,1.16259,1.16196,1.1625
2026-05-26 19:15:00,1.16252,1.16289,1.16246,1.16272
2026-05-26 19:30:00,1.16271,1.16297,1.1625,1.16253
2026-05-26 19:45:00,1.1625,1.16262,1.16225,1.16239
2026-05-26 20:00:00,1.16238,1.16276,1.16229,1.1626400000000001
2026-05-26 20:15:00,1.16263,1.16277,1.1623999999999999,1.1623999999999999
2026-05-26 20:30:00,1.16239,1.16261,1.16223,1.16229
2026-05-26 20:45:00,1.16228,1.16243,1.16214,1.1623999999999999
2026-05-26 21:00:00,1.16241,1.16266,1.16234,1.1626
2026-05-26 21:15:00,1.16262,1.1627399999999999,1.16255,1.1627
2026-05-26 21:30:00,1.16271,1.16287,1.1626400000000001,1.16279
2026-05-26 21:45:00,1.16278,1.1631,1.16278,1.16295
2026-05-26 22:00:00,1.16294,1.16302,1.1627399999999999,1.16284
2026-05-26 22:15:00,1.16283,1.16305,1.16281,1.16294
2026-05-26 22:30:00,1.16295,1.16319,1.16295,1.16312
2026-05-26 22:45:00,1.16311,1.16327,1.16307,1.1632
2026-05-26 23:00:00,1.16319,1.16329,1.16313,1.16321
2026-05-26 23:15:00,1.16322,1.1632500000000001,1.16304,1.16304
2026-05-26 23:30:00,1.16305,1.1632,1.16305,1.16311
2026-05-26 23:45:00,1.1631,1.16319,1.16296,1.1630099999999999
2026-05-27 00:00:00,1.16263,1.16286,1.16223,1.16283
2026-05-27 00:15:00,1.16284,1.16293,1.16276,1.16291
2026-05-27 00:30:00,1.16289,1.16299,1.16277,1.16285
2026-05-27 00:45:00,1.16286,1.16296,1.16276,1.16296
2026-05-27 01:00:00,1.16292,1.16327,1.16292,1.1632
2026-05-27 01:15:00,1.16321,1.1633,1.16315,1.16324
2026-05-27 01:30:00,1.1632500000000001,1.1633,1.16319,1.16329
2026-05-27 01:45:00,1.1633,1.1633499999999999,1.16327,1.16334
2026-05-27 02:00:00,1.16333,1.16342,1.16331,1.16339
2026-05-27 02:15:00,1.1634,1.1637,1.1634,1.16369
2026-05-27 02:30:00,1.16367,1.16394,1.16363,1.16394
2026-05-27 02:45:00,1.16397,1.16398,1.1636,1.16365
2026-05-27 03:00:00,1.16363,1.1639,1.1635900000000001,1.16387
2026-05-27 03:15:00,1.16388,1.16405,1.16379,1.16393
2026-05-27 03:30:00,1.16394,1.16399,1.16376,1.16388
2026-05-27 03:45:00,1.16389,1.16406,1.16375,1.1638
2026-05-27 04:00:00,1.16381,1.16393,1.16373,1.16388
2026-05-27 04:15:00,1.16387,1.16394,1.16368,1.16371
2026-05-27 04:30:00,1.1637,1.16371,1.16327,1.16347
2026-05-27 04:45:00,1.16346,1.16349,1.1633,1.16339
2026-05-27 05:00:00,1.1634,1.16383,1.16338,1.1636
2026-05-27 05:15:00,1.16357,1.16372,1.16344,1.16348
2026-05-27 05:30:00,1.16347,1.16363,1.1634,1.16343
2026-05-27 05:45:00,1.16344,1.16385,1.16343,1.16384
2026-05-27 06:00:00,1.1638600000000001,1.16425,1.16383,1.16391
2026-05-27 06:15:00,1.16392,1.16397,1.16378,1.16391
2026-05-27 06:30:00,1.16393,1.16397,1.16368,1.16381
2026-05-27 06:45:00,1.16382,1.16393,1.16371,1.16387
2026-05-27 07:00:00,1.16385,1.16401,1.16383,1.16399
2026-05-27 07:15:00,1.164,1.16409,1.1639599999999999,1.1639599999999999
2026-05-27 07:30:00,1.16394,1.16418,1.16393,1.16418
2026-05-27 07:45:00,1.16419,1.1642299999999999,1.16402,1.16413
2026-05-27 08:00:00,1.16412,1.16435,1.16408,1.16428
2026-05-27 08:15:00,1.16426,1.16445,1.16416,1.16438
2026-05-27 08:30:00,1.16443,1.16443,1.16407,1.16413
2026-05-27 08:45:00,1.16412,1.16429,1.16387,1.1639599999999999
2026-05-27 09:00:00,1.16397,1.16414,1.16373,1.1638600000000001
2026-05-27 09:15:00,1.16387,1.1641,1.16378,1.16402
2026-05-27 09:30:00,1.16401,1.16464,1.16387,1.16464
2026-05-27 09:45:00,1.16463,1.16493,1.16443,1.16455
2026-05-27 10:00:00,1.1645699999999999,1.16489,1.16443,1.1644700000000001
2026-05-27 10:15:00,1.16446,1.16464,1.16422,1.16453
2026-05-27 10:30:00,1.16454,1.16479,1.16437,1.16475
2026-05-27 10:45:00,1.16476,1.16477,1.16401,1.16405
2026-05-27 11:00:00,1.16407,1.16446,1.16382,1.16436
2026-05-27 11:15:00,1.16437,1.16472,1.16425,1.16471
2026-05-27 11:30:00,1.16472,1.16472,1.16434,1.16459
2026-05-27 11:45:00,1.16458,1.1646,1.16429,1.1645
2026-05-27 12:00:00,1.16449,1.16456,1.16425,1.16439
2026-05-27 12:15:00,1.1644,1.1647,1.16438,1.16453
2026-05-27 12:30:00,1.16452,1.16458,1.16435,1.16444
2026-05-27 12:45:00,1.16445,1.16486,1.1644,1.1644700000000001
2026-05-27 13:00:00,1.16446,1.1644700000000001,1.16428,1.16437
2026-05-27 13:15:00,1.16435,1.16441,1.16366,1.16376
2026-05-27 13:30:00,1.16375,1.16406,1.16361,1.16385
2026-05-27 13:45:00,1.1638600000000001,1.16398,1.1636,1.16392
2026-05-27 14:00:00,1.16395,1.16408,1.16363,1.16405
2026-05-27 14:15:00,1.16406,1.16419,1.16367,1.16379
2026-05-27 14:30:00,1.16378,1.16394,1.16358,1.1638600000000001
2026-05-27 14:45:00,1.16387,1.16398,1.16329,1.16377
2026-05-27 15:00:00,1.16378,1.16395,1.16361,1.16373
2026-05-27 15:15:00,1.16374,1.1660300000000001,1.16345,1.16562
2026-05-27 15:30:00,1.16561,1.16615,1.16536,1.16537
2026-05-27 15:45:00,1.16538,1.16552,1.16417,1.16438
2026-05-27 16:00:00,1.16437,1.1648100000000001,1.16426,1.16453
2026-05-27 16:15:00,1.16454,1.16477,1.16398,1.16411
2026-05-27 16:30:00,1.16409,1.16459,1.16392,1.16419
2026-05-27 16:45:00,1.1642000000000001,1.16463,1.16377,1.16413
2026-05-27 17:00:00,1.16414,1.16489,1.16366,1.16485
2026-05-27 17:15:00,1.1648399999999999,1.16523,1.16438,1.16489
2026-05-27 17:30:00,1.16488,1.1651799999999999,1.16415,1.16488
2026-05-27 17:45:00,1.16489,1.1650800000000001,1.1625,1.16256
2026-05-27 18:00:00,1.16254,1.1634,1.16225,1.16334
2026-05-27 18:15:00,1.1633499999999999,1.16345,1.16293,1.16339
2026-05-27 18:30:00,1.1634,1.16364,1.16302,1.16309
2026-05-27 18:45:00,1.16311,1.16339,1.1626400000000001,1.16302
2026-05-27 19:00:00,1.16302,1.16304,1.16241,1.16294
2026-05-27 19:15:00,1.16295,1.16321,1.16281,1.16285
2026-05-27 19:30:00,1.16286,1.16327,1.16276,1.16312
2026-05-27 19:45:00,1.16313,1.16329,1.16304,1.16323
2026-05-27 20:00:00,1.16324,1.1633,1.1623,1.16233
2026-05-27 20:15:00,1.16235,1.16257,1.16222,1.16236
2026-05-27 20:30:00,1.16235,1.1626,1.16223,1.16254
2026-05-27 20:45:00,1.16253,1.16286,1.16253,1.1627399999999999
2026-05-27 21:00:00,1.16272,1.16275,1.16231,1.16241
2026-05-27 21:15:00,1.16242,1.16248,1.16226,1.16246
2026-05-27 21:30:00,1.16248,1.16282,1.16239,1.16279
2026-05-27 21:45:00,1.16276,1.16303,1.16266,1.16294
2026-05-27 22:00:00,1.16295,1.16315,1.16284,1.16303
2026-05-27 22:15:00,1.16304,1.1632,1.16297,1.16309
2026-05-27 22:30:00,1.16308,1.16317,1.16288,1.16289
2026-05-27 22:45:00,1.16286,1.16299,1.16268,1.16289
2026-05-27 23:00:00,1.16288,1.16307,1.1628,1.16287
2026-05-27 23:15:00,1.16288,1.16293,1.16278,1.1628
2026-05-27 23:30:00,1.16281,1.16291,1.1626400000000001,1.16278
2026-05-27 23:45:00,1.16279,1.16279,1.1623999999999999,1.16242
2026-05-28 00:00:00,1.16247,1.16281,1.16247,1.16277
2026-05-28 00:15:00,1.1627399999999999,1.16276,1.1626,1.1627399999999999
2026-05-28 00:30:00,1.16273,1.16279,1.16263,1.1627
2026-05-28 00:45:00,1.1627,1.16285,1.1623999999999999,1.1627
2026-05-28 01:00:00,1.16268,1.16302,1.16255,1.16299
2026-05-28 01:15:00,1.163,1.16304,1.1628,1.16281
2026-05-28 01:30:00,1.16282,1.16295,1.1627,1.16272
2026-05-28 01:45:00,1.1627,1.16271,1.1626,1.16261
2026-05-28 02:00:00,1.16259,1.16282,1.16257,1.16278
2026-05-28 02:15:00,1.16277,1.16286,1.16216,1.16217
2026-05-28 02:30:00,1.16218,1.16227,1.16206,1.16221
2026-05-28 02:45:00,1.1622,1.1622,1.16161,1.16175
2026-05-28 03:00:00,1.16171,1.16208,1.16166,1.16201
2026-05-28 03:15:00,1.16202,1.16234,1.16199,1.16232
2026-05-28 03:30:00,1.16233,1.16236,1.16195,1.16198
2026-05-28 03:45:00,1.162,1.16214,1.16168,1.16206
2026-05-28 04:00:00,1.16205,1.16212,1.1617899999999999,1.16194
2026-05-28 04:15:00,1.16193,1.1620300000000001,1.16184,1.16185
2026-05-28 04:30:00,1.16186,1.16197,1.1616,1.16162
2026-05-28 04:45:00,1.16163,1.16163,1.16093,1.16099
2026-05-28 05:00:00,1.161,1.16127,1.16094,1.16126
2026-05-28 05:15:00,1.16127,1.1614200000000001,1.16121,1.16136
2026-05-28 05:30:00,1.16137,1.1615199999999999,1.16113,1.1611799999999999
2026-05-28 05:45:00,1.16116,1.16128,1.16104,1.16126
2026-05-28 06:00:00,1.16127,1.16139,1.1605699999999999,1.1605699999999999
2026-05-28 06:15:00,1.16056,1.1605699999999999,1.1601,1.16012
2026-05-28 06:30:00,1.16011,1.16012,1.15927,1.15931
2026-05-28 06:45:00,1.1593,1.15943,1.15872,1.15872
2026-05-28 07:00:00,1.15871,1.15913,1.15863,1.1591
2026-05-28 07:15:00,1.15911,1.15918,1.1588,1.15882
2026-05-28 07:30:00,1.15881,1.15928,1.15881,1.15917
2026-05-28 07:45:00,1.15916,1.15924,1.15904,1.15919
2026-05-28 08:00:00,1.1592,1.15933,1.15891,1.1591
2026-05-28 08:15:00,1.15909,1.15952,1.15902,1.15944
2026-05-28 08:30:00,1.15945,1.16002,1.15943,1.15997
2026-05-28 08:45:00,1.15998,1.16022,1.15991,1.15991
2026-05-28 09:00:00,1.15992,1.16049,1.1598600000000001,1.16042
2026-05-28 09:15:00,1.16041,1.16093,1.16032,1.1607
2026-05-28 09:30:00,1.16071,1.16098,1.16055,1.16078
2026-05-28 09:45:00,1.16079,1.16122,1.16061,1.16102
2026-05-28 10:00:00,1.16105,1.16178,1.16103,1.16171
2026-05-28 10:15:00,1.1617,1.1617,1.16123,1.16125
2026-05-28 10:30:00,1.16126,1.1614,1.161,1.16124
2026-05-28 10:45:00,1.16125,1.16139,1.16112,1.1611799999999999
2026-05-28 11:00:00,1.16119,1.1616,1.16093,1.16111
2026-05-28 11:15:00,1.1611,1.16121,1.16066,1.16095
2026-05-28 11:30:00,1.16096,1.16122,1.1609,1.1610800000000001
2026-05-28 11:45:00,1.16107,1.1616900000000001,1.16104,1.16157
2026-05-28 12:00:00,1.16156,1.16182,1.16145,1.16181
2026-05-28 12:15:00,1.1618,1.16192,1.16157,1.1617899999999999
2026-05-28 12:30:00,1.1618,1.16185,1.1614200000000001,1.16167
2026-05-28 12:45:00,1.16166,1.1617899999999999,1.1613,1.16131
2026-05-28 13:00:00,1.1613,1.16141,1.1609,1.16129
2026-05-28 13:15:00,1.16134,1.16156,1.16098,1.16146
2026-05-28 13:30:00,1.16147,1.16147,1.16058,1.16062
2026-05-28 13:45:00,1.16063,1.1610800000000001,1.16036,1.16037
2026-05-28 14:00:00,1.16036,1.16083,1.16034,1.16079
2026-05-28 14:15:00,1.16078,1.16112,1.16077,1.16109
2026-05-28 14:30:00,1.1610800000000001,1.16119,1.1608100000000001,1.16113
2026-05-28 14:45:00,1.16112,1.16228,1.16105,1.1617
2026-05-28 15:00:00,1.1616900000000001,1.16198,1.16157,1.16193
2026-05-28 15:15:00,1.16194,1.16257,1.16189,1.16241
2026-05-28 15:30:00,1.16244,1.16344,1.16235,1.1632
2026-05-28 15:45:00,1.16333,1.16384,1.1632,1.16364
2026-05-28 16:00:00,1.16368,1.16432,1.16327,1.16328
2026-05-28 16:15:00,1.1633,1.16355,1.16327,1.16329
2026-05-28 16:30:00,1.1633,1.1638600000000001,1.16321,1.16374
2026-05-28 16:45:00,1.16372,1.16385,1.16291,1.16306
2026-05-28 17:00:00,1.16304,1.1654,1.16269,1.16463
2026-05-28 17:15:00,1.16464,1.1657899999999999,1.16419,1.1654200000000001
2026-05-28 17:30:00,1.16543,1.1656900000000001,1.16467,1.16519
2026-05-28 17:45:00,1.1652,1.16555,1.1643,1.16475
2026-05-28 18:00:00,1.16477,1.16553,1.16475,1.16536
2026-05-28 18:15:00,1.16537,1.16546,1.16505,1.16531
2026-05-28 18:30:00,1.16532,1.1656900000000001,1.16499,1.16512
2026-05-28 18:45:00,1.16511,1.16538,1.16477,1.1648100000000001
2026-05-28 19:00:00,1.16482,1.1650800000000001,1.16455,1.16504
2026-05-28 19:15:00,1.16505,1.16612,1.16493,1.16573
2026-05-28 19:30:00,1.16572,1.16596,1.1654,1.16565
2026-05-28 19:45:00,1.16567,1.16589,1.16536,1.16568
2026-05-28 20:00:00,1.1656900000000001,1.16574,1.16533,1.16549
2026-05-28 20:15:00,1.1655,1.1655,1.16509,1.1651
2026-05-28 20:30:00,1.16511,1.16539,1.16509,1.16513
2026-05-28 20:45:00,1.16514,1.16544,1.16513,1.16534
2026-05-28 21:00:00,1.16533,1.16549,1.16501,1.16522
2026-05-28 21:15:00,1.16523,1.16554,1.16485,1.16491
2026-05-28 21:30:00,1.1649,1.16494,1.16466,1.16475
2026-05-28 21:45:00,1.16474,1.16502,1.16473,1.16479
2026-05-28 22:00:00,1.16477,1.16491,1.16465,1.16473
2026-05-28 22:15:00,1.16472,1.16491,1.16471,1.16489
2026-05-28 22:30:00,1.1649,1.16512,1.16489,1.165
2026-05-28 22:45:00,1.16499,1.16517,1.16469,1.16477
2026-05-28 23:00:00,1.16476,1.1648100000000001,1.16449,1.16472
2026-05-28 23:15:00,1.16471,1.16478,1.16462,1.16467
2026-05-28 23:30:00,1.16466,1.1648399999999999,1.16465,1.16476
2026-05-28 23:45:00,1.16477,1.16498,1.16477,1.16478
2026-05-29 00:00:00,1.16496,1.16511,1.16471,1.16494
2026-05-29 00:15:00,1.16493,1.16501,1.1649,1.16494
2026-05-29 00:30:00,1.16497,1.165,1.16491,1.16494
2026-05-29 00:45:00,1.16491,1.16502,1.1649,1.16499
2026-05-29 01:00:00,1.16502,1.16521,1.16494,1.1652
2026-05-29 01:15:00,1.16517,1.16522,1.16514,1.16516
2026-05-29 01:30:00,1.16517,1.16517,1.16504,1.16507
2026-05-29 01:45:00,1.16506,1.16516,1.165,1.16501
2026-05-29 02:00:00,1.16502,1.16531,1.16502,1.16516
2026-05-29 02:15:00,1.16517,1.16522,1.16513,1.16517
2026-05-29 02:30:00,1.16516,1.16526,1.16507,1.16517
2026-05-29 02:45:00,1.16516,1.16532,1.16514,1.16525
2026-05-29 03:00:00,1.16526,1.16546,1.16521,1.16534
2026-05-29 03:15:00,1.16532,1.16557,1.16523,1.16538
2026-05-29 03:30:00,1.16539,1.16539,1.16498,1.16515
2026-05-29 03:45:00,1.16514,1.1652,1.16474,1.16488
2026-05-29 04:00:00,1.1649,1.1656,1.16479,1.16552
2026-05-29 04:15:00,1.16553,1.16565,1.16538,1.1654
2026-05-29 04:30:00,1.16539,1.1654,1.16493,1.16496
2026-05-29 04:45:00,1.16495,1.16495,1.16434,1.16446
2026-05-29 05:00:00,1.1644700000000001,1.16476,1.16436,1.16472
2026-05-29 05:15:00,1.16473,1.16479,1.1645699999999999,1.16465
2026-05-29 05:30:00,1.16464,1.16494,1.1645699999999999,1.16487
2026-05-29 05:45:00,1.16488,1.16493,1.16448,1.16449
2026-05-29 06:00:00,1.1645,1.16451,1.16404,1.16409
2026-05-29 06:15:00,1.16408,1.16417,1.16397,1.16411
2026-05-29 06:30:00,1.1641,1.16413,1.1636199999999999,1.16384
2026-05-29 06:45:00,1.16383,1.16391,1.1636,1.16373
2026-05-29 07:00:00,1.16372,1.16392,1.16369,1.16377
2026-05-29 07:15:00,1.16375,1.16381,1.16354,1.16357
2026-05-29 07:30:00,1.16358,1.16393,1.16342,1.16389
2026-05-29 07:45:00,1.1639,1.16392,1.1637,1.16391
2026-05-29 08:00:00,1.16392,1.16426,1.16382,1.1642299999999999
2026-05-29 08:15:00,1.16422,1.16437,1.16412,1.16416
2026-05-29 08:30:00,1.16415,1.16424,1.1639599999999999,1.16401
2026-05-29 08:45:00,1.164,1.16429,1.1639599999999999,1.16422
2026-05-29 09:00:00,1.16421,1.16479,1.16421,1.16478
2026-05-29 09:15:00,1.16477,1.16477,1.16453,1.16455
2026-05-29 09:30:00,1.16456,1.16502,1.1645,1.16497
2026-05-29 09:45:00,1.16494,1.16544,1.16488,1.16535
2026-05-29 10:00:00,1.16533,1.16533,1.16485,1.16492
2026-05-29 10:15:00,1.16491,1.16507,1.16415,1.16435
2026-05-29 10:30:00,1.16436,1.16446,1.16378,1.16433
2026-05-29 10:45:00,1.16432,1.1644700000000001,1.1639599999999999,1.16421
2026-05-29 11:00:00,1.16412,1.16412,1.16341,1.1635
2026-05-29 11:15:00,1.16351,1.16391,1.16338,1.16388
2026-05-29 11:30:00,1.16387,1.16397,1.1635900000000001,1.16374
2026-05-29 11:45:00,1.16373,1.16373,1.1625,1.16283
2026-05-29 12:00:00,1.16285,1.16364,1.16267,1.16363
2026-05-29 12:15:00,1.1636199999999999,1.1638600000000001,1.16341,1.16365
2026-05-29 12:30:00,1.16366,1.16373,1.16331,1.16369
2026-05-29 12:45:00,1.16368,1.16429,1.16365,1.16416
2026-05-29 13:00:00,1.16417,1.16452,1.16379,1.1645
2026-05-29 13:15:00,1.16449,1.16451,1.164,1.16426
2026-05-29 13:30:00,1.16427,1.16445,1.16413,1.16426
2026-05-29 13:45:00,1.16425,1.16442,1.16408,1.16432
2026-05-29 14:00:00,1.16427,1.1645,1.16409,1.1642299999999999
2026-05-29 14:15:00,1.16425,1.16437,1.16399,1.16434
2026-05-29 14:30:00,1.16432,1.16469,1.16406,1.1645699999999999
2026-05-29 14:45:00,1.16458,1.16483,1.16414,1.16479
2026-05-29 15:00:00,1.16478,1.16487,1.16429,1.16458
2026-05-29 15:15:00,1.16455,1.16472,1.16438,1.16465
2026-05-29 15:30:00,1.16466,1.16471,1.16414,1.16454
2026-05-29 15:45:00,1.16453,1.1649,1.16437,1.16489
2026-05-29 16:00:00,1.1649,1.16495,1.16465,1.16473
2026-05-29 16:15:00,1.16474,1.16532,1.16474,1.16499
2026-05-29 16:30:00,1.16498,1.16522,1.1648,1.1650800000000001
2026-05-29 16:45:00,1.16509,1.16512,1.16449,1.16474
2026-05-29 17:00:00,1.16475,1.1651,1.16433,1.16435
2026-05-29 17:15:00,1.16434,1.16462,1.16418,1.1646
2026-05-29 17:30:00,1.16459,1.16482,1.16404,1.16477
2026-05-29 17:45:00,1.16478,1.16745,1.16468,1.16686
2026-05-29 18:00:00,1.16687,1.1678,1.1667399999999999,1.16765
2026-05-29 18:15:00,1.16766,1.16819,1.16741,1.16751
2026-05-29 18:30:00,1.1675200000000001,1.16859,1.16743,1.16761
