datetime,open,high,low,close
2026-04-30 18:30:00,1.88982,1.89001,1.8890099999999999,1.88914
2026-04-30 18:45:00,1.88914,1.89043,1.8891200000000001,1.89038
2026-04-30 19:00:00,1.89036,1.89106,1.8895499999999998,1.89078
2026-04-30 19:15:00,1.89079,1.89142,1.89055,1.89123
2026-04-30 19:30:00,1.89121,1.89134,1.89011,1.89052
2026-04-30 19:45:00,1.8904999999999998,1.89072,1.8900700000000001,1.89044
2026-04-30 20:00:00,1.89043,1.8909099999999999,1.8902700000000001,1.89055
2026-04-30 20:15:00,1.89056,1.89078,1.89017,1.89047
2026-04-30 20:30:00,1.8904800000000002,1.89049,1.88998,1.8901
2026-04-30 20:45:00,1.89009,1.89072,1.88998,1.89039
2026-04-30 21:00:00,1.8904,1.89042,1.88961,1.88981
2026-04-30 21:15:00,1.88981,1.89024,1.8896600000000001,1.88984
2026-04-30 21:30:00,1.88983,1.89011,1.88945,1.88975
2026-04-30 21:45:00,1.8897599999999999,1.88978,1.88932,1.8895
2026-04-30 22:00:00,1.88948,1.8900700000000001,1.88938,1.8900299999999999
2026-04-30 22:15:00,1.8900299999999999,1.89015,1.88956,1.88993
2026-04-30 22:30:00,1.88992,1.89019,1.88972,1.88999
2026-04-30 22:45:00,1.88999,1.89028,1.88985,1.89015
2026-04-30 23:00:00,1.89021,1.89026,1.88979,1.89025
2026-04-30 23:15:00,1.89024,1.89025,1.8898000000000001,1.88986
2026-04-30 23:30:00,1.88985,1.89009,1.88899,1.8893
2026-04-30 23:45:00,1.88929,1.88961,1.8885100000000001,1.8886500000000002
2026-05-01 00:00:00,1.88866,1.8898700000000002,1.88866,1.88943
2026-05-01 00:15:00,1.88906,1.88947,1.88877,1.8891900000000001
2026-05-01 00:30:00,1.8892,1.88941,1.8891900000000001,1.88936
2026-05-01 00:45:00,1.88936,1.8896,1.88889,1.88907
2026-05-01 01:00:00,1.88907,1.8898000000000001,1.8889,1.88945
2026-05-01 01:15:00,1.88941,1.88949,1.8892600000000002,1.8892600000000002
2026-05-01 01:30:00,1.88923,1.8898700000000002,1.88922,1.88963
2026-05-01 01:45:00,1.88959,1.88975,1.8893499999999999,1.88944
2026-05-01 02:00:00,1.8894,1.88963,1.8889399999999998,1.8889399999999998
2026-05-01 02:15:00,1.88895,1.8892,1.88891,1.88902
2026-05-01 02:30:00,1.88902,1.88902,1.8883299999999998,1.88848
2026-05-01 02:45:00,1.8885399999999999,1.88911,1.8881700000000001,1.88903
2026-05-01 03:00:00,1.88902,1.8897599999999999,1.88864,1.88944
2026-05-01 03:15:00,1.88943,1.88975,1.88909,1.8893499999999999
2026-05-01 03:30:00,1.8893499999999999,1.89024,1.8892799999999998,1.88938
2026-05-01 03:45:00,1.88937,1.8896600000000001,1.88883,1.8891499999999999
2026-05-01 04:00:00,1.8891499999999999,1.88995,1.8891200000000001,1.8892600000000002
2026-05-01 04:15:00,1.88925,1.8899,1.8892,1.88957
2026-05-01 04:30:00,1.88957,1.88971,1.88916,1.88951
2026-05-01 04:45:00,1.8895,1.88958,1.88887,1.88927
2026-05-01 05:00:00,1.8892600000000002,1.8896899999999999,1.88873,1.8891200000000001
2026-05-01 05:15:00,1.88911,1.88954,1.8890500000000001,1.88933
2026-05-01 05:30:00,1.88933,1.89006,1.8892600000000002,1.88978
2026-05-01 05:45:00,1.88978,1.89025,1.8897,1.88982
2026-05-01 06:00:00,1.88983,1.89019,1.8897300000000001,1.89006
2026-05-01 06:15:00,1.89005,1.8901599999999998,1.88961,1.88968
2026-05-01 06:30:00,1.88968,1.89018,1.8895499999999998,1.89006
2026-05-01 06:45:00,1.89006,1.89055,1.8900000000000001,1.8902999999999999
2026-05-01 07:00:00,1.89029,1.89112,1.89024,1.89096
2026-05-01 07:15:00,1.89096,1.89117,1.8906800000000001,1.8907699999999998
2026-05-01 07:30:00,1.89076,1.8910900000000002,1.8904999999999998,1.8908399999999999
2026-05-01 07:45:00,1.8908399999999999,1.8909099999999999,1.8906399999999999,1.89083
2026-05-01 08:00:00,1.89087,1.8908800000000001,1.89017,1.8902
2026-05-01 08:15:00,1.89019,1.89074,1.88985,1.88986
2026-05-01 08:30:00,1.88985,1.89017,1.88951,1.88959
2026-05-01 08:45:00,1.88957,1.89032,1.8895300000000002,1.89015
2026-05-01 09:00:00,1.89012,1.89033,1.88933,1.88979
2026-05-01 09:15:00,1.88979,1.8904,1.88956,1.8904
2026-05-01 09:30:00,1.8903699999999999,1.8919000000000001,1.89019,1.89133
2026-05-01 09:45:00,1.89134,1.89227,1.89117,1.89151
2026-05-01 10:00:00,1.8915,1.89181,1.8900700000000001,1.89015
2026-05-01 10:15:00,1.89017,1.89049,1.88934,1.88968
2026-05-01 10:30:00,1.88968,1.8903400000000001,1.88945,1.89029
2026-05-01 10:45:00,1.89029,1.89094,1.89021,1.89073
2026-05-01 11:00:00,1.8907,1.89131,1.89052,1.89127
2026-05-01 11:15:00,1.89128,1.89139,1.89065,1.89066
2026-05-01 11:30:00,1.8906800000000001,1.89123,1.8904999999999998,1.89104
2026-05-01 11:45:00,1.89104,1.89175,1.8910200000000001,1.89128
2026-05-01 12:00:00,1.8912900000000001,1.89171,1.89093,1.89147
2026-05-01 12:15:00,1.89148,1.89175,1.89117,1.89126
2026-05-01 12:30:00,1.89127,1.89208,1.89115,1.89155
2026-05-01 12:45:00,1.89154,1.89212,1.89131,1.89177
2026-05-01 13:00:00,1.89177,1.89269,1.89154,1.8926699999999999
2026-05-01 13:15:00,1.89263,1.89288,1.89219,1.89266
2026-05-01 13:30:00,1.8926699999999999,1.8926699999999999,1.89209,1.89229
2026-05-01 13:45:00,1.8923,1.89248,1.89207,1.89227
2026-05-01 14:00:00,1.89228,1.8929399999999998,1.89189,1.89228
2026-05-01 14:15:00,1.89227,1.8924400000000001,1.89139,1.89196
2026-05-01 14:30:00,1.8919700000000002,1.89207,1.89164,1.89185
2026-05-01 14:45:00,1.8918300000000001,1.8925999999999998,1.89141,1.89253
2026-05-01 15:00:00,1.89257,1.89298,1.89198,1.8925
2026-05-01 15:15:00,1.8925100000000001,1.89334,1.89229,1.89268
2026-05-01 15:30:00,1.89266,1.89348,1.8925100000000001,1.89256
2026-05-01 15:45:00,1.8925800000000002,1.89268,1.8920599999999999,1.89236
2026-05-01 16:00:00,1.89237,1.8927100000000001,1.89157,1.89192
2026-05-01 16:15:00,1.89194,1.8920400000000002,1.8910900000000002,1.8911799999999999
2026-05-01 16:30:00,1.8911799999999999,1.89124,1.89043,1.8904800000000002
2026-05-01 16:45:00,1.89049,1.89169,1.89031,1.89062
2026-05-01 17:00:00,1.8906800000000001,1.8908800000000001,1.8892799999999998,1.88963
2026-05-01 17:15:00,1.88965,1.89013,1.8892,1.8895300000000002
2026-05-01 17:30:00,1.88957,1.89052,1.88896,1.88911
2026-05-01 17:45:00,1.8891,1.88918,1.88685,1.88773
2026-05-01 18:00:00,1.8877199999999998,1.8882400000000001,1.8872499999999999,1.8874300000000002
2026-05-01 18:15:00,1.88742,1.88765,1.88653,1.88687
2026-05-01 18:30:00,1.88687,1.8875199999999999,1.88665,1.88681
2026-05-01 18:45:00,1.88681,1.8875,1.88619,1.88689
2026-05-01 19:00:00,1.8869,1.8872499999999999,1.88651,1.8868399999999999
2026-05-01 19:15:00,1.88686,1.88707,1.88612,1.8862299999999999
2026-05-01 19:30:00,1.8862100000000002,1.88652,1.8855,1.88602
2026-05-01 19:45:00,1.88602,1.8862299999999999,1.88558,1.88571
2026-05-01 20:00:00,1.8857300000000001,1.88575,1.88497,1.885
2026-05-01 20:15:00,1.8849900000000002,1.8858000000000001,1.88459,1.88527
2026-05-01 20:30:00,1.8852600000000002,1.88538,1.8849,1.88516
2026-05-01 20:45:00,1.88517,1.8854600000000001,1.8849200000000002,1.8852600000000002
2026-05-01 21:00:00,1.8852799999999998,1.88572,1.88506,1.88536
2026-05-01 21:15:00,1.8853499999999999,1.88548,1.88414,1.88428
2026-05-01 21:30:00,1.8843,1.88504,1.88423,1.88471
2026-05-01 21:45:00,1.88472,1.88482,1.88388,1.88396
2026-05-01 22:00:00,1.88398,1.88428,1.88369,1.8841999999999999
2026-05-01 22:15:00,1.88421,1.88423,1.88369,1.88375
2026-05-01 22:30:00,1.88373,1.8840400000000002,1.88367,1.8839299999999999
2026-05-01 22:45:00,1.88398,1.88409,1.88368,1.8838599999999999
2026-05-01 23:00:00,1.88385,1.88391,1.88369,1.88384
2026-05-01 23:15:00,1.88384,1.88409,1.8835600000000001,1.88401
2026-05-01 23:30:00,1.88402,1.8846,1.88402,1.88432
2026-05-01 23:45:00,1.8843299999999998,1.88552,1.88349,1.88442
2026-05-04 00:00:00,1.88229,1.88334,1.88177,1.88334
2026-05-04 00:15:00,1.8837899999999999,1.8843299999999998,1.88263,1.88344
2026-05-04 00:30:00,1.88344,1.8836,1.8820000000000001,1.8822
2026-05-04 00:45:00,1.8826,1.88449,1.8826,1.884
2026-05-04 01:00:00,1.88415,1.88434,1.88289,1.88313
2026-05-04 01:15:00,1.88313,1.88388,1.88301,1.8836300000000001
2026-05-04 01:30:00,1.8836300000000001,1.88422,1.8833199999999999,1.88353
2026-05-04 01:45:00,1.88354,1.88365,1.8834,1.88353
2026-05-04 02:00:00,1.88353,1.88394,1.88347,1.88388
2026-05-04 02:15:00,1.88384,1.88392,1.88344,1.88344
2026-05-04 02:30:00,1.88344,1.88365,1.8834300000000002,1.88349
2026-05-04 02:45:00,1.8835,1.88387,1.88344,1.88373
2026-05-04 03:00:00,1.88378,1.8843100000000002,1.8834,1.88347
2026-05-04 03:15:00,1.88347,1.8839700000000001,1.88344,1.88388
2026-05-04 03:30:00,1.88387,1.88414,1.8834300000000002,1.88396
2026-05-04 03:45:00,1.88395,1.88473,1.8839000000000001,1.88456
2026-05-04 04:00:00,1.88453,1.88547,1.88449,1.8848
2026-05-04 04:15:00,1.88479,1.88529,1.88428,1.88518
2026-05-04 04:30:00,1.88516,1.88522,1.88437,1.88449
2026-05-04 04:45:00,1.8845,1.8847800000000001,1.88422,1.8843100000000002
2026-05-04 05:00:00,1.8843100000000002,1.88524,1.88426,1.8851200000000001
2026-05-04 05:15:00,1.8851200000000001,1.88568,1.8850500000000001,1.88551
2026-05-04 05:30:00,1.8855,1.88559,1.8851,1.88517
2026-05-04 05:45:00,1.88517,1.88518,1.8843999999999999,1.8846
2026-05-04 06:00:00,1.88459,1.8849399999999998,1.88445,1.88476
2026-05-04 06:15:00,1.8847800000000001,1.8850799999999999,1.8845100000000001,1.8849900000000002
2026-05-04 06:30:00,1.88502,1.8851499999999999,1.88468,1.88476
2026-05-04 06:45:00,1.88477,1.88524,1.88423,1.8848799999999999
2026-05-04 07:00:00,1.88489,1.8851900000000001,1.8844699999999999,1.8849200000000002
2026-05-04 07:15:00,1.88496,1.88498,1.88445,1.88466
2026-05-04 07:30:00,1.8846699999999998,1.88487,1.8845800000000001,1.88477
2026-05-04 07:45:00,1.88477,1.88531,1.88469,1.8851200000000001
2026-05-04 08:00:00,1.8851200000000001,1.88534,1.8849,1.88507
2026-05-04 08:15:00,1.8850799999999999,1.88595,1.88504,1.88592
2026-05-04 08:30:00,1.88595,1.88628,1.8856899999999999,1.88584
2026-05-04 08:45:00,1.88583,1.88615,1.88575,1.88577
2026-05-04 09:00:00,1.8857599999999999,1.88659,1.88551,1.88599
2026-05-04 09:15:00,1.88599,1.8863699999999999,1.88579,1.88619
2026-05-04 09:30:00,1.8862,1.8870200000000001,1.88598,1.88697
2026-05-04 09:45:00,1.8869500000000001,1.88735,1.88653,1.88662
2026-05-04 10:00:00,1.8866399999999999,1.88728,1.88653,1.88694
2026-05-04 10:15:00,1.88693,1.88706,1.88635,1.8868200000000002
2026-05-04 10:30:00,1.8868399999999999,1.88726,1.88662,1.88689
2026-05-04 10:45:00,1.8869,1.88697,1.8859599999999999,1.88644
2026-05-04 11:00:00,1.88644,1.8868,1.88606,1.8861400000000001
2026-05-04 11:15:00,1.8861599999999998,1.8864100000000001,1.88486,1.88493
2026-05-04 11:30:00,1.8849399999999998,1.88511,1.88443,1.8845100000000001
2026-05-04 11:45:00,1.8845,1.88507,1.8843299999999998,1.88477
2026-05-04 12:00:00,1.8848,1.8848500000000001,1.88434,1.88448
2026-05-04 12:15:00,1.8845,1.8845399999999999,1.88364,1.8839000000000001
2026-05-04 12:30:00,1.88388,1.8842400000000001,1.88381,1.88391
2026-05-04 12:45:00,1.88391,1.88416,1.88376,1.88392
2026-05-04 13:00:00,1.88391,1.8872900000000001,1.88389,1.88687
2026-05-04 13:15:00,1.8868,1.88705,1.88527,1.8859599999999999
2026-05-04 13:30:00,1.8859599999999999,1.88609,1.88496,1.88533
2026-05-04 13:45:00,1.88532,1.8855300000000002,1.8849900000000002,1.88523
2026-05-04 14:00:00,1.88522,1.8860700000000001,1.8846699999999998,1.8854899999999999
2026-05-04 14:15:00,1.88552,1.8860700000000001,1.88516,1.88593
2026-05-04 14:30:00,1.88592,1.88635,1.88557,1.88626
2026-05-04 14:45:00,1.88629,1.8867,1.88605,1.8862999999999999
2026-05-04 15:00:00,1.8862700000000001,1.8863400000000001,1.88564,1.8860000000000001
2026-05-04 15:15:00,1.88599,1.88636,1.8856199999999999,1.88599
2026-05-04 15:30:00,1.88597,1.8864100000000001,1.8858899999999998,1.88599
2026-05-04 15:45:00,1.8860000000000001,1.88649,1.88557,1.88613
2026-05-04 16:00:00,1.88609,1.88771,1.8854600000000001,1.8868399999999999
2026-05-04 16:15:00,1.8868200000000002,1.8869,1.8862999999999999,1.88633
2026-05-04 16:30:00,1.88633,1.8867099999999999,1.88588,1.88647
2026-05-04 16:45:00,1.8864800000000002,1.8874300000000002,1.88625,1.88697
2026-05-04 17:00:00,1.88697,1.8872499999999999,1.88601,1.88632
2026-05-04 17:15:00,1.88631,1.88748,1.8862299999999999,1.88728
2026-05-04 17:30:00,1.88727,1.88751,1.8862999999999999,1.88703
2026-05-04 17:45:00,1.88704,1.8871,1.8855,1.88643
2026-05-04 18:00:00,1.88643,1.88692,1.8859,1.88667
2026-05-04 18:15:00,1.88667,1.88774,1.88624,1.88662
2026-05-04 18:30:00,1.88659,1.8883999999999999,1.88655,1.88794
2026-05-04 18:45:00,1.88791,1.88866,1.8877199999999998,1.88846
2026-05-04 19:00:00,1.88846,1.8889399999999998,1.88807,1.8888
2026-05-04 19:15:00,1.8888,1.88916,1.88819,1.88871
2026-05-04 19:30:00,1.8887399999999999,1.8892,1.88829,1.88845
2026-05-04 19:45:00,1.88846,1.88903,1.88823,1.8887
2026-05-04 20:00:00,1.8886699999999998,1.88882,1.88777,1.8879299999999999
2026-05-04 20:15:00,1.8879299999999999,1.88825,1.88766,1.88771
2026-05-04 20:30:00,1.88771,1.8881700000000001,1.88764,1.88782
2026-05-04 20:45:00,1.88787,1.88801,1.8874300000000002,1.88761
2026-05-04 21:00:00,1.88762,1.88769,1.88708,1.8873799999999998
2026-05-04 21:15:00,1.8873600000000001,1.88767,1.88712,1.88724
2026-05-04 21:30:00,1.88724,1.88777,1.8870900000000002,1.88757
2026-05-04 21:45:00,1.88755,1.88771,1.88715,1.88731
2026-05-04 22:00:00,1.8873199999999999,1.8878,1.8872200000000001,1.88754
2026-05-04 22:15:00,1.88753,1.88794,1.88719,1.88768
2026-05-04 22:30:00,1.88769,1.88771,1.88727,1.88757
2026-05-04 22:45:00,1.88758,1.88805,1.88733,1.88754
2026-05-04 23:00:00,1.88755,1.8879299999999999,1.88742,1.88769
2026-05-04 23:15:00,1.8877000000000002,1.88823,1.8875899999999999,1.88819
2026-05-04 23:30:00,1.88821,1.88837,1.88788,1.88825
2026-05-04 23:45:00,1.8881999999999999,1.88823,1.88777,1.88778
2026-05-05 00:00:00,1.8856600000000001,1.88674,1.88495,1.8862999999999999
2026-05-05 00:15:00,1.8862700000000001,1.88717,1.88626,1.88717
2026-05-05 00:30:00,1.88717,1.88747,1.88663,1.8869
2026-05-05 00:45:00,1.88678,1.88791,1.8866,1.88723
2026-05-05 01:00:00,1.88723,1.88788,1.8866399999999999,1.88758
2026-05-05 01:15:00,1.88758,1.88781,1.88739,1.8875
2026-05-05 01:30:00,1.8875,1.88761,1.88733,1.8873799999999998
2026-05-05 01:45:00,1.88739,1.88762,1.8873600000000001,1.8873799999999998
2026-05-05 02:00:00,1.88735,1.8875600000000001,1.88735,1.88751
2026-05-05 02:15:00,1.8875199999999999,1.8876,1.88742,1.88753
2026-05-05 02:30:00,1.8875199999999999,1.88774,1.88751,1.88769
2026-05-05 02:45:00,1.88768,1.88796,1.88748,1.88791
2026-05-05 03:00:00,1.8879000000000001,1.8879000000000001,1.88716,1.88773
2026-05-05 03:15:00,1.88773,1.88902,1.88773,1.88882
2026-05-05 03:30:00,1.88884,1.8893499999999999,1.88877,1.88891
2026-05-05 03:45:00,1.88889,1.88895,1.88849,1.88889
2026-05-05 04:00:00,1.88889,1.88937,1.8887399999999999,1.88876
2026-05-05 04:15:00,1.8887800000000001,1.88995,1.88873,1.88937
2026-05-05 04:30:00,1.88938,1.8898700000000002,1.88918,1.88983
2026-05-05 04:45:00,1.88983,1.89002,1.88951,1.8898700000000002
2026-05-05 05:00:00,1.8898700000000002,1.89001,1.88841,1.88841
2026-05-05 05:15:00,1.88839,1.88895,1.88807,1.88891
2026-05-05 05:30:00,1.88891,1.8892099999999998,1.88849,1.88914
2026-05-05 05:45:00,1.88913,1.88948,1.88866,1.88902
2026-05-05 06:00:00,1.88902,1.88931,1.8887800000000001,1.8890799999999999
2026-05-05 06:15:00,1.8891,1.8895,1.88888,1.8893499999999999
2026-05-05 06:30:00,1.8893499999999999,1.8900700000000001,1.88934,1.8896199999999999
2026-05-05 06:45:00,1.88961,1.8903699999999999,1.88959,1.89021
2026-05-05 07:00:00,1.8902,1.89035,1.8896899999999999,1.8901400000000002
2026-05-05 07:15:00,1.8901400000000002,1.8903699999999999,1.88896,1.88909
2026-05-05 07:30:00,1.8891,1.8904999999999998,1.88612,1.8876300000000001
2026-05-05 07:45:00,1.8876300000000001,1.88986,1.88757,1.88984
2026-05-05 08:00:00,1.88986,1.891,1.88947,1.89096
2026-05-05 08:15:00,1.89097,1.89236,1.89085,1.89219
2026-05-05 08:30:00,1.8921999999999999,1.89503,1.8919000000000001,1.89463
2026-05-05 08:45:00,1.89462,1.89471,1.8931,1.8935499999999998
2026-05-05 09:00:00,1.89358,1.89365,1.8924400000000001,1.89336
2026-05-05 09:15:00,1.89334,1.8936,1.89236,1.89237
2026-05-05 09:30:00,1.8923999999999999,1.8939300000000001,1.8923,1.89361
2026-05-05 09:45:00,1.89363,1.8944299999999998,1.89359,1.89408
2026-05-05 10:00:00,1.89408,1.89458,1.89333,1.8933900000000001
2026-05-05 10:15:00,1.8934,1.89383,1.8932,1.8933499999999999
2026-05-05 10:30:00,1.89336,1.89336,1.8919000000000001,1.8922400000000001
2026-05-05 10:45:00,1.89218,1.89297,1.89161,1.8928099999999999
2026-05-05 11:00:00,1.8928099999999999,1.8929,1.89165,1.89184
2026-05-05 11:15:00,1.89185,1.8920400000000002,1.89094,1.89168
2026-05-05 11:30:00,1.89168,1.89249,1.89141,1.89161
2026-05-05 11:45:00,1.89161,1.8919899999999998,1.8912900000000001,1.8919700000000002
2026-05-05 12:00:00,1.8919700000000002,1.89222,1.89153,1.8919899999999998
2026-05-05 12:15:00,1.8919899999999998,1.89215,1.89154,1.89185
2026-05-05 12:30:00,1.89184,1.89215,1.8911099999999998,1.89176
2026-05-05 12:45:00,1.89176,1.89182,1.8902,1.89031
2026-05-05 13:00:00,1.8902999999999999,1.8906,1.88977,1.8900000000000001
2026-05-05 13:15:00,1.8900000000000001,1.8903400000000001,1.88958,1.8896600000000001
2026-05-05 13:30:00,1.88965,1.88984,1.8887,1.88941
2026-05-05 13:45:00,1.8894,1.89004,1.8894,1.88972
2026-05-05 14:00:00,1.88972,1.89019,1.88896,1.8891
2026-05-05 14:15:00,1.8891,1.88923,1.8881999999999999,1.88825
2026-05-05 14:30:00,1.88826,1.8885800000000001,1.88735,1.88739
2026-05-05 14:45:00,1.8874,1.88794,1.88713,1.88791
2026-05-05 15:00:00,1.8879299999999999,1.8882400000000001,1.88716,1.88788
2026-05-05 15:15:00,1.88789,1.8881000000000001,1.88601,1.88639
2026-05-05 15:30:00,1.8864,1.88769,1.88639,1.88757
2026-05-05 15:45:00,1.88758,1.88784,1.88696,1.88753
2026-05-05 16:00:00,1.88753,1.88753,1.88643,1.88697
2026-05-05 16:15:00,1.88696,1.88741,1.8866,1.8869
2026-05-05 16:30:00,1.8868800000000001,1.88771,1.8868200000000002,1.8873
2026-05-05 16:45:00,1.88727,1.8877000000000002,1.8869799999999999,1.88734
2026-05-05 17:00:00,1.88734,1.8885399999999999,1.8867099999999999,1.88848
2026-05-05 17:15:00,1.88843,1.88873,1.8865699999999999,1.88713
2026-05-05 17:30:00,1.88713,1.8874900000000001,1.8868,1.88707
2026-05-05 17:45:00,1.88705,1.8875899999999999,1.88654,1.88693
2026-05-05 18:00:00,1.8869099999999999,1.88726,1.88593,1.88625
2026-05-05 18:15:00,1.8862700000000001,1.8867699999999998,1.8858000000000001,1.8863400000000001
2026-05-05 18:30:00,1.88635,1.8866800000000001,1.8859599999999999,1.8862999999999999
2026-05-05 18:45:00,1.88629,1.88679,1.8862299999999999,1.8867099999999999
2026-05-05 19:00:00,1.88669,1.88733,1.8866399999999999,1.8867
2026-05-05 19:15:00,1.8867,1.88692,1.8862999999999999,1.8863400000000001
2026-05-05 19:30:00,1.8863400000000001,1.8866100000000001,1.88608,1.88617
2026-05-05 19:45:00,1.8862,1.88639,1.8860000000000001,1.88613
2026-05-05 20:00:00,1.88612,1.8862299999999999,1.88552,1.88557
2026-05-05 20:15:00,1.88557,1.88561,1.88513,1.88518
2026-05-05 20:30:00,1.88517,1.88531,1.8849,1.88516
2026-05-05 20:45:00,1.88514,1.88541,1.88496,1.8852600000000002
2026-05-05 21:00:00,1.88525,1.8853900000000001,1.8848500000000001,1.88503
2026-05-05 21:15:00,1.88502,1.88503,1.8848099999999999,1.8849
2026-05-05 21:30:00,1.88491,1.88493,1.88443,1.8849
2026-05-05 21:45:00,1.88489,1.88522,1.88487,1.88493
2026-05-05 22:00:00,1.8849399999999998,1.88518,1.88484,1.88496
2026-05-05 22:15:00,1.88496,1.88517,1.88484,1.8850500000000001
2026-05-05 22:30:00,1.8850500000000001,1.8855,1.88482,1.88527
2026-05-05 22:45:00,1.88529,1.88568,1.88522,1.88533
2026-05-05 23:00:00,1.88533,1.8854199999999999,1.88506,1.88509
2026-05-05 23:15:00,1.8851200000000001,1.88517,1.88482,1.88498
2026-05-05 23:30:00,1.8849200000000002,1.8850799999999999,1.88482,1.88507
2026-05-05 23:45:00,1.8850799999999999,1.88524,1.88452,1.8845800000000001
2026-05-06 00:00:00,1.88297,1.8854600000000001,1.88297,1.8854600000000001
2026-05-06 00:15:00,1.88533,1.88552,1.88487,1.88495
2026-05-06 00:30:00,1.88496,1.88564,1.88468,1.88502
2026-05-06 00:45:00,1.8850500000000001,1.88602,1.88425,1.88463
2026-05-06 01:00:00,1.88463,1.8854199999999999,1.88449,1.88525
2026-05-06 01:15:00,1.88523,1.88536,1.88493,1.8850099999999999
2026-05-06 01:30:00,1.88502,1.8850500000000001,1.88473,1.88491
2026-05-06 01:45:00,1.88487,1.8851,1.88314,1.88376
2026-05-06 02:00:00,1.8837199999999998,1.88462,1.88319,1.88422
2026-05-06 02:15:00,1.88422,1.88423,1.88364,1.8837199999999998
2026-05-06 02:30:00,1.88373,1.88391,1.88324,1.88342
2026-05-06 02:45:00,1.88342,1.88371,1.88328,1.8835899999999999
2026-05-06 03:00:00,1.8835899999999999,1.8837000000000002,1.88204,1.88283
2026-05-06 03:15:00,1.8828399999999998,1.88303,1.8817,1.88215
2026-05-06 03:30:00,1.88215,1.88262,1.88036,1.8803999999999998
2026-05-06 03:45:00,1.88042,1.88056,1.87906,1.87914
2026-05-06 04:00:00,1.87914,1.8795199999999999,1.87889,1.87941
2026-05-06 04:15:00,1.8794,1.8795600000000001,1.87772,1.87839
2026-05-06 04:30:00,1.87838,1.87969,1.8781400000000001,1.87838
2026-05-06 04:45:00,1.87833,1.87833,1.8769,1.87765
2026-05-06 05:00:00,1.87764,1.87835,1.87729,1.87747
2026-05-06 05:15:00,1.87747,1.87756,1.87644,1.87669
2026-05-06 05:30:00,1.87671,1.87684,1.87596,1.8763999999999998
2026-05-06 05:45:00,1.8763999999999998,1.87653,1.87558,1.87561
2026-05-06 06:00:00,1.87561,1.87569,1.8739,1.87478
2026-05-06 06:15:00,1.87479,1.87496,1.8744,1.87486
2026-05-06 06:30:00,1.87489,1.87515,1.8745500000000002,1.87465
2026-05-06 06:45:00,1.87465,1.87555,1.8746399999999999,1.87551
2026-05-06 07:00:00,1.87553,1.87569,1.8744,1.8744399999999999
2026-05-06 07:15:00,1.8744399999999999,1.87539,1.8743699999999999,1.8751
2026-05-06 07:30:00,1.8751,1.87637,1.87452,1.8747500000000001
2026-05-06 07:45:00,1.87476,1.87592,1.8742100000000002,1.8757700000000002
2026-05-06 08:00:00,1.87578,1.8759700000000001,1.87467,1.87487
2026-05-06 08:15:00,1.87486,1.87549,1.87486,1.8752
2026-05-06 08:30:00,1.8752,1.87568,1.87472,1.8747500000000001
2026-05-06 08:45:00,1.87476,1.87476,1.87399,1.87442
2026-05-06 09:00:00,1.87445,1.8757899999999998,1.87427,1.8747500000000001
2026-05-06 09:15:00,1.87474,1.8752499999999999,1.87443,1.87467
2026-05-06 09:30:00,1.8746800000000001,1.87535,1.87454,1.87515
2026-05-06 09:45:00,1.8751600000000002,1.8753,1.87438,1.87456
2026-05-06 10:00:00,1.8745699999999998,1.87736,1.8743699999999999,1.87711
2026-05-06 10:15:00,1.87711,1.8782999999999999,1.87687,1.8775
2026-05-06 10:30:00,1.8775,1.8781400000000001,1.87741,1.8777300000000001
2026-05-06 10:45:00,1.8777300000000001,1.8784399999999999,1.8774199999999999,1.8776899999999999
2026-05-06 11:00:00,1.87771,1.8794499999999998,1.8774899999999999,1.8786800000000001
2026-05-06 11:15:00,1.8787099999999999,1.8789099999999999,1.8778899999999998,1.87827
2026-05-06 11:30:00,1.87825,1.87899,1.87731,1.87736
2026-05-06 11:45:00,1.87737,1.87804,1.87555,1.87662
2026-05-06 12:00:00,1.87664,1.8780999999999999,1.87656,1.87765
2026-05-06 12:15:00,1.87766,1.87771,1.87594,1.87718
2026-05-06 12:30:00,1.8771900000000001,1.87724,1.8759700000000001,1.87671
2026-05-06 12:45:00,1.87673,1.8771900000000001,1.87605,1.87632
2026-05-06 13:00:00,1.87634,1.87757,1.87583,1.8773499999999999
2026-05-06 13:15:00,1.87736,1.87745,1.87645,1.87718
2026-05-06 13:30:00,1.8772,1.87732,1.87465,1.87503
2026-05-06 13:45:00,1.87503,1.8761,1.87412,1.8761
2026-05-06 14:00:00,1.87615,1.8777599999999999,1.87615,1.87734
2026-05-06 14:15:00,1.8773300000000002,1.8786800000000001,1.87727,1.87824
2026-05-06 14:30:00,1.87826,1.87962,1.87795,1.87958
2026-05-06 14:45:00,1.87957,1.87982,1.87838,1.87889
2026-05-06 15:00:00,1.87892,1.8805399999999999,1.87889,1.8801999999999999
2026-05-06 15:15:00,1.8803299999999998,1.8819,1.87912,1.8795
2026-05-06 15:30:00,1.87949,1.8804400000000001,1.87942,1.8797000000000001
2026-05-06 15:45:00,1.87968,1.88071,1.87968,1.88063
2026-05-06 16:00:00,1.88063,1.88175,1.88026,1.8803999999999998
2026-05-06 16:15:00,1.88039,1.8811,1.88005,1.88086
2026-05-06 16:30:00,1.88084,1.88123,1.88018,1.88023
2026-05-06 16:45:00,1.8802400000000001,1.88111,1.88009,1.88087
2026-05-06 17:00:00,1.88087,1.88159,1.8800400000000002,1.8802400000000001
2026-05-06 17:15:00,1.8802400000000001,1.8807,1.87988,1.8805399999999999
2026-05-06 17:30:00,1.8805399999999999,1.88062,1.87901,1.87915
2026-05-06 17:45:00,1.87913,1.88034,1.87878,1.87897
2026-05-06 18:00:00,1.87899,1.87974,1.87842,1.87928
2026-05-06 18:15:00,1.87928,1.8795899999999999,1.87887,1.87941
2026-05-06 18:30:00,1.87939,1.87995,1.8792499999999999,1.87975
2026-05-06 18:45:00,1.87971,1.87981,1.87901,1.87937
2026-05-06 19:00:00,1.87934,1.87967,1.8788,1.87928
2026-05-06 19:15:00,1.87926,1.87958,1.87912,1.8794499999999998
2026-05-06 19:30:00,1.87946,1.87955,1.87913,1.87946
2026-05-06 19:45:00,1.87944,1.87962,1.879,1.87953
2026-05-06 20:00:00,1.87953,1.88001,1.87934,1.8797700000000002
2026-05-06 20:15:00,1.8798,1.87994,1.87939,1.8794300000000002
2026-05-06 20:30:00,1.8794300000000002,1.87958,1.87901,1.87921
2026-05-06 20:45:00,1.8792,1.87962,1.8789799999999999,1.87939
2026-05-06 21:00:00,1.8793600000000001,1.87939,1.87856,1.87908
2026-05-06 21:15:00,1.87907,1.87913,1.87876,1.87888
2026-05-06 21:30:00,1.87888,1.879,1.87846,1.87859
2026-05-06 21:45:00,1.8786100000000001,1.87862,1.8780299999999999,1.8783400000000001
2026-05-06 22:00:00,1.87836,1.8784,1.8776199999999998,1.87774
2026-05-06 22:15:00,1.87772,1.87818,1.87772,1.87801
2026-05-06 22:30:00,1.87801,1.8782299999999998,1.8778299999999999,1.8782
2026-05-06 22:45:00,1.87822,1.87831,1.87766,1.8780700000000001
2026-05-06 23:00:00,1.87808,1.8784800000000001,1.87797,1.87817
2026-05-06 23:15:00,1.87815,1.87845,1.87811,1.8781400000000001
2026-05-06 23:30:00,1.8781400000000001,1.87832,1.87806,1.87806
2026-05-06 23:45:00,1.87806,1.8782999999999999,1.87779,1.87806
2026-05-07 00:00:00,1.87615,1.8772799999999998,1.87615,1.8763
2026-05-07 00:15:00,1.87642,1.87874,1.87642,1.87748
2026-05-07 00:30:00,1.8774600000000001,1.87826,1.87585,1.87608
2026-05-07 00:45:00,1.87616,1.8780299999999999,1.87616,1.87703
2026-05-07 01:00:00,1.87703,1.87819,1.8767399999999999,1.87784
2026-05-07 01:15:00,1.87782,1.8779400000000002,1.8775300000000001,1.8778299999999999
2026-05-07 01:30:00,1.87784,1.8784800000000001,1.87784,1.8782100000000002
2026-05-07 01:45:00,1.87825,1.8783699999999999,1.87811,1.87818
2026-05-07 02:00:00,1.87816,1.8784100000000001,1.87808,1.87822
2026-05-07 02:15:00,1.8782299999999998,1.8783699999999999,1.87808,1.87832
2026-05-07 02:30:00,1.87831,1.87852,1.87829,1.87829
2026-05-07 02:45:00,1.8782999999999999,1.8786,1.87813,1.87849
2026-05-07 03:00:00,1.87852,1.8791099999999998,1.87791,1.87832
2026-05-07 03:15:00,1.8782999999999999,1.87858,1.87782,1.87819
2026-05-07 03:30:00,1.87819,1.87897,1.87819,1.8786399999999999
2026-05-07 03:45:00,1.87863,1.87914,1.87836,1.87853
2026-05-07 04:00:00,1.87856,1.8792900000000001,1.87824,1.8786399999999999
2026-05-07 04:15:00,1.87866,1.87866,1.87816,1.87835
2026-05-07 04:30:00,1.87827,1.87894,1.87765,1.87781
2026-05-07 04:45:00,1.87778,1.87788,1.87707,1.8777599999999999
2026-05-07 05:00:00,1.8777599999999999,1.87818,1.87763,1.87815
2026-05-07 05:15:00,1.8781400000000001,1.8786399999999999,1.87813,1.87843
2026-05-07 05:30:00,1.87846,1.87847,1.8776899999999999,1.8780999999999999
2026-05-07 05:45:00,1.8780999999999999,1.8782299999999998,1.8776899999999999,1.87819
2026-05-07 06:00:00,1.87819,1.87856,1.87815,1.87819
2026-05-07 06:15:00,1.87819,1.87819,1.87772,1.8780999999999999
2026-05-07 06:30:00,1.87809,1.87815,1.8768799999999999,1.87716
2026-05-07 06:45:00,1.87717,1.87744,1.87686,1.87697
2026-05-07 07:00:00,1.87698,1.87721,1.87629,1.87673
2026-05-07 07:15:00,1.87673,1.8768,1.8760400000000002,1.87612
2026-05-07 07:30:00,1.8761299999999999,1.87648,1.87575,1.87582
2026-05-07 07:45:00,1.87582,1.8767200000000002,1.87582,1.87616
2026-05-07 08:00:00,1.87615,1.8763999999999998,1.87594,1.87618
2026-05-07 08:15:00,1.87618,1.8762699999999999,1.8758,1.87601
2026-05-07 08:30:00,1.876,1.87618,1.87524,1.8754
2026-05-07 08:45:00,1.87539,1.8760400000000002,1.87537,1.87595
2026-05-07 09:00:00,1.87596,1.8767,1.87589,1.87653
2026-05-07 09:15:00,1.87652,1.8771,1.87632,1.87698
2026-05-07 09:30:00,1.87697,1.87711,1.87515,1.87531
2026-05-07 09:45:00,1.87533,1.8759700000000001,1.87526,1.87567
2026-05-07 10:00:00,1.8756599999999999,1.87636,1.87458,1.87538
2026-05-07 10:15:00,1.87542,1.8771499999999999,1.87535,1.8768799999999999
2026-05-07 10:30:00,1.8768799999999999,1.87727,1.87601,1.87605
2026-05-07 10:45:00,1.87603,1.87662,1.87546,1.87565
2026-05-07 11:00:00,1.87565,1.876,1.8752499999999999,1.87527
2026-05-07 11:15:00,1.87526,1.87605,1.87485,1.8756599999999999
2026-05-07 11:30:00,1.87568,1.87641,1.87553,1.87634
2026-05-07 11:45:00,1.87634,1.87675,1.87576,1.8766
2026-05-07 12:00:00,1.8766,1.87724,1.87656,1.8770099999999998
2026-05-07 12:15:00,1.87702,1.8775,1.87697,1.87747
2026-05-07 12:30:00,1.87747,1.87752,1.87574,1.87591
2026-05-07 12:45:00,1.87591,1.87656,1.87575,1.87578
2026-05-07 13:00:00,1.8757700000000002,1.87601,1.87538,1.87595
2026-05-07 13:15:00,1.8759700000000001,1.87694,1.87583,1.87693
2026-05-07 13:30:00,1.87693,1.8774600000000001,1.87666,1.87704
2026-05-07 13:45:00,1.87702,1.8775,1.8768799999999999,1.87705
2026-05-07 14:00:00,1.87705,1.8773900000000001,1.87619,1.87642
2026-05-07 14:15:00,1.87641,1.8768500000000001,1.87581,1.8759000000000001
2026-05-07 14:30:00,1.87587,1.8766,1.87575,1.87623
2026-05-07 14:45:00,1.87622,1.87643,1.87562,1.87607
2026-05-07 15:00:00,1.87605,1.8772199999999999,1.87605,1.8771499999999999
2026-05-07 15:15:00,1.87717,1.8784,1.87684,1.8779
2026-05-07 15:30:00,1.8779,1.8786800000000001,1.87781,1.87849
2026-05-07 15:45:00,1.8784800000000001,1.87896,1.87766,1.87833
2026-05-07 16:00:00,1.87836,1.88001,1.8783400000000001,1.8792200000000001
2026-05-07 16:15:00,1.8792200000000001,1.87937,1.8782100000000002,1.87862
2026-05-07 16:30:00,1.87862,1.88005,1.87862,1.88002
2026-05-07 16:45:00,1.88003,1.88043,1.87851,1.87883
2026-05-07 17:00:00,1.87885,1.87973,1.87862,1.8786800000000001
2026-05-07 17:15:00,1.87867,1.8790499999999999,1.87786,1.8780700000000001
2026-05-07 17:30:00,1.87806,1.87819,1.87724,1.8776000000000002
2026-05-07 17:45:00,1.87759,1.87845,1.8774600000000001,1.87791
2026-05-07 18:00:00,1.87792,1.87843,1.8777300000000001,1.87818
2026-05-07 18:15:00,1.8782100000000002,1.87938,1.87819,1.87885
2026-05-07 18:30:00,1.8788,1.8792499999999999,1.87806,1.87912
2026-05-07 18:45:00,1.87912,1.87984,1.87903,1.8796300000000001
2026-05-07 19:00:00,1.8796300000000001,1.88001,1.8789799999999999,1.8794
2026-05-07 19:15:00,1.87941,1.87998,1.87867,1.87869
2026-05-07 19:30:00,1.87867,1.8789099999999999,1.8782299999999998,1.87849
2026-05-07 19:45:00,1.8784800000000001,1.8784800000000001,1.87777,1.87799
2026-05-07 20:00:00,1.87798,1.87802,1.87744,1.87774
2026-05-07 20:15:00,1.8777599999999999,1.87827,1.87668,1.87799
2026-05-07 20:30:00,1.87795,1.87831,1.87747,1.87809
2026-05-07 20:45:00,1.87808,1.8781400000000001,1.87732,1.87754
2026-05-07 21:00:00,1.87751,1.8779400000000002,1.87723,1.87758
2026-05-07 21:15:00,1.87759,1.8782,1.87744,1.8780700000000001
2026-05-07 21:30:00,1.87806,1.87912,1.8778000000000001,1.87866
2026-05-07 21:45:00,1.87869,1.8794300000000002,1.87801,1.87826
2026-05-07 22:00:00,1.87829,1.87876,1.8782100000000002,1.87863
2026-05-07 22:15:00,1.8786399999999999,1.87967,1.87858,1.87908
2026-05-07 22:30:00,1.8790900000000001,1.87924,1.87851,1.8787
2026-05-07 22:45:00,1.8787500000000001,1.87987,1.87843,1.8797199999999998
2026-05-07 23:00:00,1.87973,1.87982,1.87788,1.87892
2026-05-07 23:15:00,1.87894,1.87907,1.8784999999999998,1.8789799999999999
2026-05-07 23:30:00,1.87897,1.88028,1.87859,1.87948
2026-05-07 23:45:00,1.87951,1.88079,1.8789500000000001,1.8801999999999999
2026-05-08 00:00:00,1.8752900000000001,1.87958,1.87489,1.87958
2026-05-08 00:15:00,1.8794300000000002,1.88091,1.87941,1.87998
2026-05-08 00:30:00,1.87998,1.8801999999999999,1.87934,1.8799000000000001
2026-05-08 00:45:00,1.88053,1.8808099999999999,1.87951,1.8803800000000002
2026-05-08 01:00:00,1.8803800000000002,1.8815,1.87955,1.8807
2026-05-08 01:15:00,1.8806699999999998,1.8808,1.8799299999999999,1.8803100000000001
2026-05-08 01:30:00,1.88034,1.8805399999999999,1.87992,1.88022
2026-05-08 01:45:00,1.88022,1.88073,1.88019,1.88072
2026-05-08 02:00:00,1.8807,1.88077,1.88014,1.8803299999999998
2026-05-08 02:15:00,1.88032,1.88048,1.88014,1.88042
2026-05-08 02:30:00,1.88042,1.88107,1.88014,1.88097
2026-05-08 02:45:00,1.88095,1.88095,1.8801700000000001,1.88048
2026-05-08 03:00:00,1.8804699999999999,1.88071,1.88007,1.88035
2026-05-08 03:15:00,1.88036,1.8818899999999998,1.88036,1.88129
2026-05-08 03:30:00,1.88131,1.88145,1.88042,1.88071
2026-05-08 03:45:00,1.88072,1.8811200000000001,1.8798599999999999,1.88008
2026-05-08 04:00:00,1.88007,1.8803,1.87908,1.87937
2026-05-08 04:15:00,1.87938,1.8798300000000001,1.87893,1.8797700000000002
2026-05-08 04:30:00,1.8797700000000002,1.88022,1.87939,1.88012
2026-05-08 04:45:00,1.88011,1.8808,1.8799299999999999,1.8803299999999998
2026-05-08 05:00:00,1.8803299999999998,1.8808099999999999,1.87991,1.8801700000000001
2026-05-08 05:15:00,1.88018,1.8808,1.87962,1.8801
2026-05-08 05:30:00,1.88009,1.8809399999999998,1.87998,1.8802400000000001
2026-05-08 05:45:00,1.88023,1.8802400000000001,1.87969,1.87998
2026-05-08 06:00:00,1.88001,1.88016,1.87921,1.87923
2026-05-08 06:15:00,1.8792200000000001,1.87946,1.87827,1.8784
2026-05-08 06:30:00,1.8784,1.87846,1.87767,1.87797
2026-05-08 06:45:00,1.87798,1.87858,1.87778,1.87858
2026-05-08 07:00:00,1.8785699999999999,1.879,1.87804,1.87881
2026-05-08 07:15:00,1.87886,1.8792900000000001,1.87856,1.87915
2026-05-08 07:30:00,1.87912,1.87939,1.8788399999999998,1.87921
2026-05-08 07:45:00,1.87917,1.87953,1.87836,1.87862
2026-05-08 08:00:00,1.87863,1.87969,1.8786,1.8790900000000001
2026-05-08 08:15:00,1.87908,1.87935,1.87873,1.87887
2026-05-08 08:30:00,1.87888,1.87935,1.8786399999999999,1.87907
2026-05-08 08:45:00,1.87907,1.87941,1.87872,1.8791099999999998
2026-05-08 09:00:00,1.8791099999999998,1.87955,1.87877,1.87949
2026-05-08 09:15:00,1.8795199999999999,1.87998,1.8791099999999998,1.87924
2026-05-08 09:30:00,1.8792499999999999,1.87992,1.8791,1.87968
2026-05-08 09:45:00,1.8797000000000001,1.87998,1.87944,1.87996
2026-05-08 10:00:00,1.87996,1.88043,1.8798,1.8801700000000001
2026-05-08 10:15:00,1.8801999999999999,1.88064,1.8798300000000001,1.8801299999999999
2026-05-08 10:30:00,1.88014,1.8808099999999999,1.87978,1.88063
2026-05-08 10:45:00,1.88063,1.8807399999999999,1.88003,1.88007
2026-05-08 11:00:00,1.88005,1.88076,1.8796300000000001,1.88062
2026-05-08 11:15:00,1.88062,1.8812,1.8799299999999999,1.88106
2026-05-08 11:30:00,1.88107,1.88185,1.8807399999999999,1.88179
2026-05-08 11:45:00,1.88179,1.88236,1.8814,1.88172
2026-05-08 12:00:00,1.88172,1.88215,1.8811900000000001,1.88144
2026-05-08 12:15:00,1.88145,1.88167,1.881,1.88121
2026-05-08 12:30:00,1.8812,1.8818899999999998,1.881,1.88164
2026-05-08 12:45:00,1.88164,1.8826100000000001,1.88154,1.88204
2026-05-08 13:00:00,1.88205,1.8822,1.8815300000000001,1.88154
2026-05-08 13:15:00,1.88154,1.88167,1.88073,1.881
2026-05-08 13:30:00,1.8809900000000002,1.88104,1.87996,1.88003
2026-05-08 13:45:00,1.88003,1.881,1.87971,1.87971
2026-05-08 14:00:00,1.8797899999999998,1.87988,1.87879,1.87988
2026-05-08 14:15:00,1.87988,1.8808099999999999,1.87969,1.8805
2026-05-08 14:30:00,1.8805,1.8813,1.88032,1.8813
2026-05-08 14:45:00,1.8813,1.88165,1.88109,1.88127
2026-05-08 15:00:00,1.88127,1.88215,1.88097,1.88194
2026-05-08 15:15:00,1.88193,1.88239,1.88104,1.88138
2026-05-08 15:30:00,1.8814600000000001,1.88172,1.8791600000000002,1.87978
2026-05-08 15:45:00,1.8797700000000002,1.8810799999999999,1.87969,1.88075
2026-05-08 16:00:00,1.88073,1.88219,1.88046,1.8814600000000001
2026-05-08 16:15:00,1.88145,1.8817599999999999,1.88039,1.88066
2026-05-08 16:30:00,1.88068,1.88105,1.88012,1.88052
2026-05-08 16:45:00,1.8805,1.88129,1.88036,1.88097
2026-05-08 17:00:00,1.88093,1.88113,1.8799000000000001,1.88012
2026-05-08 17:15:00,1.88014,1.8806500000000002,1.87965,1.8803100000000001
2026-05-08 17:30:00,1.88029,1.88045,1.8793600000000001,1.8803800000000002
2026-05-08 17:45:00,1.8803800000000002,1.8813499999999999,1.8801999999999999,1.88096
2026-05-08 18:00:00,1.88095,1.88124,1.88029,1.8811
2026-05-08 18:15:00,1.88109,1.88175,1.88087,1.88104
2026-05-08 18:30:00,1.88103,1.88175,1.88075,1.88174
2026-05-08 18:45:00,1.88174,1.88195,1.88034,1.8812799999999998
2026-05-08 19:00:00,1.88123,1.8815300000000001,1.88091,1.8813
2026-05-08 19:15:00,1.88131,1.88147,1.8807800000000001,1.8807800000000001
2026-05-08 19:30:00,1.8808500000000001,1.88089,1.8803800000000002,1.88061
2026-05-08 19:45:00,1.88059,1.88076,1.88026,1.88064
2026-05-08 20:00:00,1.88064,1.88075,1.8803800000000002,1.8806
2026-05-08 20:15:00,1.8806,1.8808500000000001,1.8800400000000002,1.88026
2026-05-08 20:30:00,1.88025,1.88052,1.88011,1.8803299999999998
2026-05-08 20:45:00,1.88032,1.8806,1.8801700000000001,1.8804400000000001
2026-05-08 21:00:00,1.8804400000000001,1.8808500000000001,1.87998,1.88072
2026-05-08 21:15:00,1.88075,1.88087,1.88061,1.88071
2026-05-08 21:30:00,1.88072,1.8807399999999999,1.88016,1.8803100000000001
2026-05-08 21:45:00,1.8803100000000001,1.8809399999999998,1.88028,1.88083
2026-05-08 22:00:00,1.88083,1.88096,1.8804400000000001,1.88045
2026-05-08 22:15:00,1.88045,1.88059,1.88034,1.88059
2026-05-08 22:30:00,1.88059,1.88062,1.88016,1.88034
2026-05-08 22:45:00,1.88034,1.8808500000000001,1.88025,1.88066
2026-05-08 23:00:00,1.88066,1.88131,1.8805399999999999,1.88103
2026-05-08 23:15:00,1.88102,1.8811,1.88066,1.8811
2026-05-08 23:30:00,1.8811200000000001,1.8811499999999999,1.8805,1.88077
2026-05-08 23:45:00,1.88072,1.88133,1.88007,1.88041
2026-05-11 00:00:00,1.87553,1.8770799999999999,1.8753199999999999,1.87575
2026-05-11 00:15:00,1.87589,1.87795,1.8757700000000002,1.87764
2026-05-11 00:30:00,1.87764,1.88105,1.87723,1.87954
2026-05-11 00:45:00,1.87948,1.8796,1.87709,1.87852
2026-05-11 01:00:00,1.87851,1.88,1.87691,1.8788
2026-05-11 01:15:00,1.87877,1.87942,1.87793,1.87802
2026-05-11 01:30:00,1.8780999999999999,1.8784999999999998,1.87781,1.87825
2026-05-11 01:45:00,1.87825,1.87863,1.8782100000000002,1.8785500000000002
2026-05-11 02:00:00,1.8785699999999999,1.87883,1.87838,1.87867
2026-05-11 02:15:00,1.87869,1.8787500000000001,1.87809,1.87835
2026-05-11 02:30:00,1.87836,1.87887,1.87806,1.87878
2026-05-11 02:45:00,1.87877,1.8792200000000001,1.8784999999999998,1.87913
2026-05-11 03:00:00,1.8791099999999998,1.8795199999999999,1.8787500000000001,1.87949
2026-05-11 03:15:00,1.87948,1.87965,1.8787500000000001,1.8789099999999999
2026-05-11 03:30:00,1.8789099999999999,1.87906,1.87835,1.87877
2026-05-11 03:45:00,1.87877,1.8792,1.87828,1.8788399999999998
2026-05-11 04:00:00,1.87883,1.87976,1.87867,1.8795
2026-05-11 04:15:00,1.87949,1.87958,1.87885,1.87931
2026-05-11 04:30:00,1.87926,1.8802699999999999,1.87924,1.87994
2026-05-11 04:45:00,1.87992,1.8800400000000002,1.87913,1.87913
2026-05-11 05:00:00,1.87912,1.8795,1.8788,1.8792200000000001
2026-05-11 05:15:00,1.8792200000000001,1.87946,1.8788399999999998,1.8789099999999999
2026-05-11 05:30:00,1.87894,1.87968,1.87866,1.87941
2026-05-11 05:45:00,1.87941,1.88003,1.87938,1.8797000000000001
2026-05-11 06:00:00,1.8797000000000001,1.88002,1.87946,1.87955
2026-05-11 06:15:00,1.8795600000000001,1.87984,1.87939,1.87941
2026-05-11 06:30:00,1.87942,1.87974,1.87928,1.8794300000000002
2026-05-11 06:45:00,1.87942,1.8799000000000001,1.87942,1.87975
2026-05-11 07:00:00,1.8797700000000002,1.8802699999999999,1.87976,1.88012
2026-05-11 07:15:00,1.88011,1.88066,1.88001,1.8803999999999998
2026-05-11 07:30:00,1.8803999999999998,1.8805100000000001,1.87998,1.88
2026-05-11 07:45:00,1.88,1.88011,1.87906,1.8790900000000001
2026-05-11 08:00:00,1.87908,1.87948,1.8787500000000001,1.87887
2026-05-11 08:15:00,1.87886,1.8791099999999998,1.87872,1.87874
2026-05-11 08:30:00,1.87878,1.8793199999999999,1.8786100000000001,1.87927
2026-05-11 08:45:00,1.8792499999999999,1.87938,1.87849,1.8789099999999999
2026-05-11 09:00:00,1.8789,1.87928,1.87745,1.8778000000000001
2026-05-11 09:15:00,1.8778000000000001,1.8780700000000001,1.87673,1.87709
2026-05-11 09:30:00,1.87711,1.87825,1.877,1.87745
2026-05-11 09:45:00,1.87741,1.8780299999999999,1.87717,1.87791
2026-05-11 10:00:00,1.87793,1.87886,1.87788,1.87833
2026-05-11 10:15:00,1.87831,1.87865,1.87806,1.87849
2026-05-11 10:30:00,1.87851,1.87938,1.87839,1.87876
2026-05-11 10:45:00,1.87876,1.87927,1.87812,1.87826
2026-05-11 11:00:00,1.87828,1.8785500000000002,1.87765,1.87812
2026-05-11 11:15:00,1.87812,1.87931,1.8777300000000001,1.87928
2026-05-11 11:30:00,1.8792900000000001,1.87951,1.8789099999999999,1.8792200000000001
2026-05-11 11:45:00,1.87923,1.88014,1.87914,1.87991
2026-05-11 12:00:00,1.87994,1.8801299999999999,1.8795600000000001,1.87991
2026-05-11 12:15:00,1.8799000000000001,1.88022,1.87931,1.87982
2026-05-11 12:30:00,1.87981,1.87995,1.87894,1.87899
2026-05-11 12:45:00,1.87899,1.87931,1.87877,1.8791799999999999
2026-05-11 13:00:00,1.87923,1.87923,1.87801,1.87822
2026-05-11 13:15:00,1.8782,1.87859,1.87815,1.8784999999999998
2026-05-11 13:30:00,1.8784999999999998,1.87883,1.87691,1.87703
2026-05-11 13:45:00,1.87703,1.8777300000000001,1.87548,1.87614
2026-05-11 14:00:00,1.87615,1.87874,1.876,1.8783699999999999
2026-05-11 14:15:00,1.8783400000000001,1.87877,1.8780999999999999,1.87838
2026-05-11 14:30:00,1.8783699999999999,1.87845,1.87785,1.87831
2026-05-11 14:45:00,1.87831,1.87907,1.87831,1.87856
2026-05-11 15:00:00,1.8785500000000002,1.87906,1.87813,1.87849
2026-05-11 15:15:00,1.87853,1.8794499999999998,1.87843,1.87903
2026-05-11 15:30:00,1.8790200000000001,1.87941,1.87876,1.8791799999999999
2026-05-11 15:45:00,1.8791799999999999,1.8796599999999999,1.87894,1.87906
2026-05-11 16:00:00,1.87906,1.8792499999999999,1.87843,1.8788399999999998
2026-05-11 16:15:00,1.87886,1.8790200000000001,1.87833,1.87849
2026-05-11 16:30:00,1.87842,1.8791799999999999,1.8782100000000002,1.87836
2026-05-11 16:45:00,1.8783400000000001,1.87836,1.87785,1.87791
2026-05-11 17:00:00,1.87791,1.87829,1.87731,1.87808
2026-05-11 17:15:00,1.8780999999999999,1.87819,1.87727,1.87752
2026-05-11 17:30:00,1.87754,1.8783699999999999,1.87731,1.87738
2026-05-11 17:45:00,1.8774,1.8797199999999998,1.87718,1.8797000000000001
2026-05-11 18:00:00,1.87968,1.88043,1.8795899999999999,1.88002
2026-05-11 18:15:00,1.88,1.8809900000000002,1.8799299999999999,1.88019
2026-05-11 18:30:00,1.8801999999999999,1.88056,1.8799299999999999,1.88036
2026-05-11 18:45:00,1.88036,1.88086,1.8803,1.88071
2026-05-11 19:00:00,1.88071,1.8808500000000001,1.88015,1.8803
2026-05-11 19:15:00,1.88029,1.88071,1.8801700000000001,1.88056
2026-05-11 19:30:00,1.8805800000000001,1.88186,1.88049,1.88157
2026-05-11 19:45:00,1.88157,1.8817,1.88077,1.8813499999999999
2026-05-11 20:00:00,1.8813,1.88172,1.8811,1.88145
2026-05-11 20:15:00,1.88147,1.88166,1.88109,1.88123
2026-05-11 20:30:00,1.88123,1.8812799999999998,1.8805,1.8805399999999999
2026-05-11 20:45:00,1.8805399999999999,1.88111,1.8805100000000001,1.88107
2026-05-11 21:00:00,1.88107,1.8811,1.88036,1.88055
2026-05-11 21:15:00,1.8805800000000001,1.88072,1.8798,1.87995
2026-05-11 21:30:00,1.87994,1.8800599999999998,1.87969,1.87978
2026-05-11 21:45:00,1.8797700000000002,1.8801700000000001,1.8796,1.88008
2026-05-11 22:00:00,1.88009,1.88022,1.87971,1.88
2026-05-11 22:15:00,1.88001,1.88011,1.87913,1.87939
2026-05-11 22:30:00,1.87939,1.8795899999999999,1.87913,1.87923
2026-05-11 22:45:00,1.87928,1.87933,1.87849,1.87852
2026-05-11 23:00:00,1.87852,1.8789099999999999,1.8779,1.87806
2026-05-11 23:15:00,1.87806,1.87832,1.87777,1.87811
2026-05-11 23:30:00,1.8780999999999999,1.87811,1.87696,1.8771499999999999
2026-05-11 23:45:00,1.8771200000000001,1.8778899999999998,1.8771200000000001,1.87724
2026-05-12 00:00:00,1.8763800000000002,1.87768,1.8763800000000002,1.87738
2026-05-12 00:15:00,1.87738,1.87829,1.87724,1.87779
2026-05-12 00:30:00,1.87788,1.87804,1.87714,1.87731
2026-05-12 00:45:00,1.87731,1.87748,1.87592,1.8761299999999999
2026-05-12 01:00:00,1.87608,1.87657,1.87596,1.87644
2026-05-12 01:15:00,1.8765,1.87683,1.8763100000000001,1.87676
2026-05-12 01:30:00,1.8767200000000002,1.87686,1.8766699999999998,1.8768099999999999
2026-05-12 01:45:00,1.8767800000000001,1.87702,1.87676,1.8768500000000001
2026-05-12 02:00:00,1.87684,1.8771900000000001,1.87673,1.87673
2026-05-12 02:15:00,1.87673,1.87718,1.87664,1.87713
2026-05-12 02:30:00,1.87707,1.87731,1.87694,1.8770099999999998
2026-05-12 02:45:00,1.87707,1.8776899999999999,1.8768799999999999,1.87744
2026-05-12 03:00:00,1.87744,1.87842,1.8773499999999999,1.8784
2026-05-12 03:15:00,1.8784,1.8790900000000001,1.87817,1.87888
2026-05-12 03:30:00,1.87887,1.87937,1.8785699999999999,1.87894
2026-05-12 03:45:00,1.87896,1.87939,1.87831,1.87888
2026-05-12 04:00:00,1.8789,1.8790200000000001,1.87822,1.87838
2026-05-12 04:15:00,1.87836,1.87948,1.8783400000000001,1.87886
2026-05-12 04:30:00,1.87879,1.88028,1.8785500000000002,1.87921
2026-05-12 04:45:00,1.87921,1.8792499999999999,1.87849,1.87881
2026-05-12 05:00:00,1.8788399999999998,1.8790499999999999,1.8784100000000001,1.8786399999999999
2026-05-12 05:15:00,1.87863,1.87939,1.87862,1.87915
2026-05-12 05:30:00,1.8791600000000002,1.87933,1.87869,1.8787099999999999
2026-05-12 05:45:00,1.87872,1.87872,1.87816,1.87839
2026-05-12 06:00:00,1.8784,1.87887,1.87827,1.87872
2026-05-12 06:15:00,1.8787099999999999,1.87933,1.8787099999999999,1.879
2026-05-12 06:30:00,1.8789799999999999,1.8790499999999999,1.87852,1.87881
2026-05-12 06:45:00,1.8788200000000002,1.87899,1.87846,1.87889
2026-05-12 07:00:00,1.87888,1.87888,1.87791,1.87795
2026-05-12 07:15:00,1.87795,1.87801,1.8773900000000001,1.87748
2026-05-12 07:30:00,1.8774899999999999,1.87797,1.87737,1.87792
2026-05-12 07:45:00,1.87792,1.87858,1.87784,1.8783400000000001
2026-05-12 08:00:00,1.87836,1.8784999999999998,1.87774,1.8778700000000002
2026-05-12 08:15:00,1.87785,1.87835,1.87752,1.87759
2026-05-12 08:30:00,1.87758,1.87801,1.87734,1.87743
2026-05-12 08:45:00,1.8774600000000001,1.87751,1.87655,1.87729
2026-05-12 09:00:00,1.87731,1.87853,1.87731,1.8783699999999999
2026-05-12 09:15:00,1.8784,1.8786100000000001,1.87747,1.87832
2026-05-12 09:30:00,1.8782999999999999,1.87888,1.8779400000000002,1.87829
2026-05-12 09:45:00,1.87829,1.87853,1.8773900000000001,1.87805
2026-05-12 10:00:00,1.8780299999999999,1.8785699999999999,1.87539,1.8755600000000001
2026-05-12 10:15:00,1.8755600000000001,1.8761,1.87485,1.87486
2026-05-12 10:30:00,1.87487,1.87503,1.873,1.87311
2026-05-12 10:45:00,1.87309,1.87363,1.87263,1.8729900000000002
2026-05-12 11:00:00,1.87298,1.8730099999999998,1.8713899999999999,1.87142
2026-05-12 11:15:00,1.87142,1.87431,1.8712,1.87174
2026-05-12 11:30:00,1.87172,1.8727399999999998,1.87154,1.87222
2026-05-12 11:45:00,1.8721999999999999,1.87463,1.8721700000000001,1.87458
2026-05-12 12:00:00,1.87458,1.87541,1.87391,1.8743699999999999
2026-05-12 12:15:00,1.8744,1.8750900000000001,1.87392,1.87499
2026-05-12 12:30:00,1.87499,1.87535,1.87408,1.87465
2026-05-12 12:45:00,1.87465,1.8751600000000002,1.8738700000000001,1.87426
2026-05-12 13:00:00,1.87426,1.87472,1.8737599999999999,1.8738000000000001
2026-05-12 13:15:00,1.8738299999999999,1.87488,1.87367,1.8745699999999998
2026-05-12 13:30:00,1.8745699999999998,1.8754499999999998,1.87453,1.8747099999999999
2026-05-12 13:45:00,1.8747099999999999,1.87504,1.87296,1.87317
2026-05-12 14:00:00,1.87317,1.8736199999999998,1.87235,1.87276
2026-05-12 14:15:00,1.87275,1.8735300000000001,1.8726500000000001,1.87337
2026-05-12 14:30:00,1.87336,1.87366,1.8726099999999999,1.87291
2026-05-12 14:45:00,1.87291,1.87318,1.87137,1.87198
2026-05-12 15:00:00,1.87196,1.8727800000000001,1.8717899999999998,1.8718
2026-05-12 15:15:00,1.8718,1.87256,1.8716599999999999,1.87219
2026-05-12 15:30:00,1.87221,1.87269,1.87183,1.8726
2026-05-12 15:45:00,1.8726,1.87264,1.87201,1.8721100000000002
2026-05-12 16:00:00,1.87212,1.8731,1.8719000000000001,1.87232
2026-05-12 16:15:00,1.87233,1.87233,1.87106,1.87148
2026-05-12 16:30:00,1.87146,1.8721999999999999,1.87113,1.8711799999999998
2026-05-12 16:45:00,1.8711600000000002,1.87233,1.87111,1.87185
2026-05-12 17:00:00,1.87185,1.87255,1.8710200000000001,1.8716
2026-05-12 17:15:00,1.8716,1.87229,1.87104,1.87219
2026-05-12 17:30:00,1.8721999999999999,1.87243,1.8706,1.87121
2026-05-12 17:45:00,1.87115,1.8715000000000002,1.86974,1.87046
2026-05-12 18:00:00,1.87049,1.8712,1.8696899999999999,1.8710200000000001
2026-05-12 18:15:00,1.8710200000000001,1.87161,1.87008,1.87103
2026-05-12 18:30:00,1.8710200000000001,1.87184,1.87086,1.87176
2026-05-12 18:45:00,1.87175,1.8729900000000002,1.87157,1.87279
2026-05-12 19:00:00,1.87279,1.8732,1.87214,1.8726500000000001
2026-05-12 19:15:00,1.87266,1.8728099999999999,1.87226,1.8723999999999998
2026-05-12 19:30:00,1.87241,1.8734600000000001,1.87219,1.87318
2026-05-12 19:45:00,1.87318,1.8739599999999998,1.87302,1.87334
2026-05-12 20:00:00,1.87338,1.87361,1.87282,1.8729
2026-05-12 20:15:00,1.87287,1.87302,1.8722400000000001,1.87229
2026-05-12 20:30:00,1.87228,1.8723999999999998,1.87185,1.87189
2026-05-12 20:45:00,1.8719000000000001,1.87194,1.8714,1.87154
2026-05-12 21:00:00,1.87154,1.87174,1.8709,1.87117
2026-05-12 21:15:00,1.87115,1.87153,1.8703699999999999,1.8707
2026-05-12 21:30:00,1.8707099999999999,1.8709799999999999,1.86995,1.87004
2026-05-12 21:45:00,1.87005,1.87033,1.86989,1.87033
2026-05-12 22:00:00,1.87033,1.8709,1.87022,1.87036
2026-05-12 22:15:00,1.87039,1.8708,1.87016,1.87062
2026-05-12 22:30:00,1.87061,1.87067,1.87012,1.87056
2026-05-12 22:45:00,1.87052,1.8708200000000001,1.87025,1.8703699999999999
2026-05-12 23:00:00,1.87036,1.87079,1.87035,1.87053
2026-05-12 23:15:00,1.87054,1.8706,1.87029,1.87029
2026-05-12 23:30:00,1.87031,1.87042,1.86995,1.86998
2026-05-12 23:45:00,1.86995,1.87019,1.86977,1.87006
2026-05-13 00:00:00,1.8670499999999999,1.86887,1.8670499999999999,1.86886
2026-05-13 00:15:00,1.86886,1.86989,1.86871,1.86904
2026-05-13 00:30:00,1.86902,1.86959,1.86882,1.86955
2026-05-13 00:45:00,1.87009,1.87011,1.86923,1.86944
2026-05-13 01:00:00,1.86939,1.86982,1.86938,1.86966
2026-05-13 01:15:00,1.86964,1.86979,1.8696000000000002,1.86964
2026-05-13 01:30:00,1.8696199999999998,1.86977,1.8695599999999999,1.86977
2026-05-13 01:45:00,1.86974,1.87013,1.86966,1.87009
2026-05-13 02:00:00,1.8700999999999999,1.87031,1.8700299999999999,1.8702800000000002
2026-05-13 02:15:00,1.8702800000000002,1.8703400000000001,1.86985,1.8699400000000002
2026-05-13 02:30:00,1.86997,1.87019,1.86979,1.8700700000000001
2026-05-13 02:45:00,1.8700700000000001,1.87029,1.86964,1.8701400000000001
2026-05-13 03:00:00,1.87016,1.87049,1.86977,1.87018
2026-05-13 03:15:00,1.87019,1.8704399999999999,1.86998,1.8702
2026-05-13 03:30:00,1.87019,1.87049,1.87012,1.87042
2026-05-13 03:45:00,1.87042,1.87083,1.8703400000000001,1.8705500000000002
2026-05-13 04:00:00,1.8705500000000002,1.87085,1.87013,1.87035
2026-05-13 04:15:00,1.87036,1.87101,1.87013,1.8702100000000002
2026-05-13 04:30:00,1.8702100000000002,1.87054,1.86938,1.8696199999999998
2026-05-13 04:45:00,1.8696199999999998,1.86986,1.86883,1.8692600000000001
2026-05-13 05:00:00,1.86924,1.86966,1.8688,1.86914
2026-05-13 05:15:00,1.86913,1.86934,1.86886,1.86918
2026-05-13 05:30:00,1.86917,1.8699,1.86909,1.86979
2026-05-13 05:45:00,1.86979,1.8704,1.8696000000000002,1.87015
2026-05-13 06:00:00,1.8701400000000001,1.87111,1.87013,1.8707
2026-05-13 06:15:00,1.87069,1.8711799999999998,1.8706399999999999,1.87099
2026-05-13 06:30:00,1.87101,1.87104,1.87025,1.87035
2026-05-13 06:45:00,1.87036,1.8710200000000001,1.87027,1.87097
2026-05-13 07:00:00,1.87099,1.8711,1.8706399999999999,1.871
2026-05-13 07:15:00,1.871,1.87112,1.87051,1.87085
2026-05-13 07:30:00,1.87086,1.87123,1.87059,1.87096
2026-05-13 07:45:00,1.8709799999999999,1.87112,1.87054,1.87063
2026-05-13 08:00:00,1.87063,1.87114,1.87049,1.8710900000000001
2026-05-13 08:15:00,1.8710900000000001,1.87131,1.87088,1.8710900000000001
2026-05-13 08:30:00,1.8710900000000001,1.87181,1.87097,1.8713899999999999
2026-05-13 08:45:00,1.8713899999999999,1.8716599999999999,1.87107,1.8713600000000001
2026-05-13 09:00:00,1.8713600000000001,1.8715199999999999,1.87033,1.8705500000000002
2026-05-13 09:15:00,1.8705500000000002,1.87115,1.8705,1.87099
2026-05-13 09:30:00,1.87099,1.87114,1.8699599999999998,1.86997
2026-05-13 09:45:00,1.86997,1.8705500000000002,1.86944,1.8695300000000001
2026-05-13 10:00:00,1.86954,1.87011,1.8684699999999999,1.86875
2026-05-13 10:15:00,1.86875,1.86947,1.8686500000000001,1.8694199999999999
2026-05-13 10:30:00,1.8694199999999999,1.86984,1.8690600000000002,1.86924
2026-05-13 10:45:00,1.86924,1.8698000000000001,1.86863,1.86898
2026-05-13 11:00:00,1.86897,1.8692600000000001,1.86817,1.8688500000000001
2026-05-13 11:15:00,1.86887,1.86916,1.86857,1.86862
2026-05-13 11:30:00,1.8686099999999999,1.86921,1.86826,1.86849
2026-05-13 11:45:00,1.86848,1.86887,1.86758,1.8676300000000001
2026-05-13 12:00:00,1.86768,1.86791,1.86666,1.86773
2026-05-13 12:15:00,1.86772,1.86798,1.8669799999999999,1.86741
2026-05-13 12:30:00,1.86741,1.86748,1.86619,1.86638
2026-05-13 12:45:00,1.86639,1.86639,1.86552,1.86581
2026-05-13 13:00:00,1.86585,1.86599,1.86345,1.86486
2026-05-13 13:15:00,1.8648500000000001,1.8658299999999999,1.86374,1.86494
2026-05-13 13:30:00,1.86493,1.86529,1.86426,1.86505
2026-05-13 13:45:00,1.86504,1.86541,1.86333,1.8635199999999998
2026-05-13 14:00:00,1.86353,1.86395,1.86286,1.86306
2026-05-13 14:15:00,1.86306,1.86387,1.86301,1.8631199999999999
2026-05-13 14:30:00,1.8630900000000001,1.86321,1.86211,1.8622800000000002
2026-05-13 14:45:00,1.86227,1.8627799999999999,1.86202,1.8625500000000001
2026-05-13 15:00:00,1.8625500000000001,1.8632900000000001,1.86232,1.8629
2026-05-13 15:15:00,1.86295,1.8637700000000001,1.86256,1.86267
2026-05-13 15:30:00,1.86267,1.86375,1.86218,1.86231
2026-05-13 15:45:00,1.8622999999999998,1.8628900000000002,1.8622100000000001,1.86279
2026-05-13 16:00:00,1.86279,1.86361,1.86223,1.86225
2026-05-13 16:15:00,1.86225,1.86301,1.8621699999999999,1.8627799999999999
2026-05-13 16:30:00,1.86274,1.86514,1.86274,1.86477
2026-05-13 16:45:00,1.86476,1.86577,1.86456,1.86479
2026-05-13 17:00:00,1.86478,1.8652600000000001,1.86405,1.86415
2026-05-13 17:15:00,1.86415,1.8642699999999999,1.86296,1.86299
2026-05-13 17:30:00,1.86299,1.86299,1.86159,1.8616700000000002
2026-05-13 17:45:00,1.86166,1.8629099999999998,1.86159,1.8620299999999999
2026-05-13 18:00:00,1.8620299999999999,1.8630200000000001,1.86168,1.86179
2026-05-13 18:15:00,1.86177,1.8620299999999999,1.8604699999999998,1.86056
2026-05-13 18:30:00,1.86059,1.86086,1.8603,1.86056
2026-05-13 18:45:00,1.86056,1.8616700000000002,1.8605,1.8615599999999999
2026-05-13 19:00:00,1.86157,1.8616000000000001,1.8608099999999999,1.8613499999999998
2026-05-13 19:15:00,1.86134,1.86152,1.86083,1.86123
2026-05-13 19:30:00,1.86125,1.86136,1.86094,1.86101
2026-05-13 19:45:00,1.86102,1.86151,1.86082,1.86144
2026-05-13 20:00:00,1.86145,1.86168,1.8612199999999999,1.86125
2026-05-13 20:15:00,1.8612,1.8612600000000001,1.8607200000000002,1.86114
2026-05-13 20:30:00,1.86113,1.86144,1.8609,1.86094
2026-05-13 20:45:00,1.8609499999999999,1.8620999999999999,1.86077,1.86199
2026-05-13 21:00:00,1.862,1.8624399999999999,1.8613300000000002,1.86147
2026-05-13 21:15:00,1.86145,1.86247,1.8612199999999999,1.8622800000000002
2026-05-13 21:30:00,1.8622800000000002,1.86297,1.86204,1.86294
2026-05-13 21:45:00,1.8629,1.8632499999999999,1.86235,1.86267
2026-05-13 22:00:00,1.86266,1.86283,1.8624,1.86267
2026-05-13 22:15:00,1.86267,1.86351,1.86261,1.8633899999999999
2026-05-13 22:30:00,1.8633899999999999,1.86392,1.86333,1.86358
2026-05-13 22:45:00,1.86358,1.8643800000000001,1.8634300000000001,1.86433
2026-05-13 23:00:00,1.86433,1.86471,1.86395,1.86405
2026-05-13 23:15:00,1.86406,1.86406,1.86357,1.86391
2026-05-13 23:30:00,1.86391,1.86391,1.86303,1.8630499999999999
2026-05-13 23:45:00,1.86304,1.8632300000000002,1.86284,1.86307
2026-05-14 00:00:00,1.86182,1.8622100000000001,1.8593899999999999,1.86191
2026-05-14 00:15:00,1.86189,1.8628200000000001,1.86188,1.86272
2026-05-14 00:30:00,1.8626200000000002,1.8631,1.86164,1.86304
2026-05-14 00:45:00,1.86317,1.86341,1.8620700000000001,1.86272
2026-05-14 01:00:00,1.8627,1.86382,1.8627,1.8637299999999999
2026-05-14 01:15:00,1.86375,1.8639299999999999,1.8634,1.8634300000000001
2026-05-14 01:30:00,1.8634300000000001,1.86388,1.8634300000000001,1.8637899999999998
2026-05-14 01:45:00,1.86374,1.8637899999999998,1.86331,1.8633199999999999
2026-05-14 02:00:00,1.86327,1.86387,1.86299,1.86368
2026-05-14 02:15:00,1.86371,1.8640400000000001,1.86368,1.86371
2026-05-14 02:30:00,1.8637000000000001,1.86497,1.86364,1.86487
2026-05-14 02:45:00,1.86487,1.8650600000000002,1.8645399999999999,1.86466
2026-05-14 03:00:00,1.86466,1.86581,1.86442,1.8650099999999998
2026-05-14 03:15:00,1.86502,1.8654600000000001,1.8646099999999999,1.86503
2026-05-14 03:30:00,1.86502,1.86557,1.8648,1.86552
2026-05-14 03:45:00,1.86552,1.86635,1.8654600000000001,1.86579
2026-05-14 04:00:00,1.86575,1.86672,1.86566,1.8664100000000001
2026-05-14 04:15:00,1.8664,1.86654,1.8659,1.86601
2026-05-14 04:30:00,1.86602,1.86647,1.86575,1.86601
2026-05-14 04:45:00,1.86601,1.8664399999999999,1.8657,1.8661699999999999
2026-05-14 05:00:00,1.86616,1.86669,1.86561,1.8659400000000002
2026-05-14 05:15:00,1.8659400000000002,1.86627,1.86564,1.8657
2026-05-14 05:30:00,1.86571,1.86574,1.86503,1.8651499999999999
2026-05-14 05:45:00,1.86518,1.86579,1.8646099999999999,1.8647200000000002
2026-05-14 06:00:00,1.86473,1.8655599999999999,1.86469,1.8655599999999999
2026-05-14 06:15:00,1.8655599999999999,1.8660299999999999,1.86509,1.86531
2026-05-14 06:30:00,1.86532,1.86585,1.86497,1.86571
2026-05-14 06:45:00,1.8657,1.8657599999999999,1.86491,1.86534
2026-05-14 07:00:00,1.86532,1.8654600000000001,1.86475,1.86493
2026-05-14 07:15:00,1.86494,1.86517,1.8643399999999999,1.86459
2026-05-14 07:30:00,1.8645800000000001,1.86462,1.86399,1.8640400000000001
2026-05-14 07:45:00,1.86405,1.86436,1.8639299999999999,1.86423
2026-05-14 08:00:00,1.86421,1.8645800000000001,1.8633600000000001,1.86358
2026-05-14 08:15:00,1.86354,1.86365,1.86288,1.86299
2026-05-14 08:30:00,1.86299,1.86311,1.86213,1.8621400000000001
2026-05-14 08:45:00,1.86213,1.8631,1.8616899999999998,1.86263
2026-05-14 09:00:00,1.86263,1.86341,1.8622100000000001,1.86261
2026-05-14 09:15:00,1.86261,1.86324,1.8623699999999999,1.86246
2026-05-14 09:30:00,1.86247,1.86276,1.8621699999999999,1.8626200000000002
2026-05-14 09:45:00,1.8626200000000002,1.86335,1.86212,1.86293
2026-05-14 10:00:00,1.86292,1.86401,1.86267,1.86319
2026-05-14 10:15:00,1.86319,1.8632499999999999,1.86213,1.86226
2026-05-14 10:30:00,1.86226,1.8627,1.86208,1.86252
2026-05-14 10:45:00,1.86252,1.8651200000000001,1.8623699999999999,1.8648099999999999
2026-05-14 11:00:00,1.86484,1.86503,1.8632499999999999,1.8632900000000001
2026-05-14 11:15:00,1.86328,1.86412,1.86328,1.86367
2026-05-14 11:30:00,1.86368,1.8646500000000001,1.86361,1.86452
2026-05-14 11:45:00,1.86452,1.86455,1.86383,1.8641299999999998
2026-05-14 12:00:00,1.86412,1.86441,1.86381,1.86414
2026-05-14 12:15:00,1.86416,1.86496,1.86416,1.86456
2026-05-14 12:30:00,1.8645399999999999,1.86604,1.8643399999999999,1.86529
2026-05-14 12:45:00,1.86529,1.86529,1.8643399999999999,1.8646
2026-05-14 13:00:00,1.8646,1.8654,1.86418,1.8650600000000002
2026-05-14 13:15:00,1.86507,1.8656199999999998,1.86463,1.86547
2026-05-14 13:30:00,1.8654600000000001,1.86653,1.86538,1.8664100000000001
2026-05-14 13:45:00,1.8664,1.8664100000000001,1.86544,1.86551
2026-05-14 14:00:00,1.86552,1.86654,1.86545,1.8658000000000001
2026-05-14 14:15:00,1.8658000000000001,1.86592,1.86547,1.86579
2026-05-14 14:30:00,1.86579,1.86645,1.86558,1.8664100000000001
2026-05-14 14:45:00,1.86639,1.86656,1.8640400000000001,1.8648799999999999
2026-05-14 15:00:00,1.86491,1.86643,1.86464,1.86643
2026-05-14 15:15:00,1.8664100000000001,1.8665699999999998,1.86584,1.86623
2026-05-14 15:30:00,1.86623,1.8668200000000001,1.86577,1.8664100000000001
2026-05-14 15:45:00,1.8664,1.86713,1.86639,1.86697
2026-05-14 16:00:00,1.8669799999999999,1.86791,1.86681,1.86741
2026-05-14 16:15:00,1.86741,1.8686,1.86731,1.86848
2026-05-14 16:30:00,1.86849,1.8694899999999999,1.86795,1.86832
2026-05-14 16:45:00,1.86832,1.86958,1.86783,1.86958
2026-05-14 17:00:00,1.8696000000000002,1.8699400000000002,1.8687200000000002,1.86886
2026-05-14 17:15:00,1.8688500000000001,1.86894,1.8679299999999999,1.8685100000000001
2026-05-14 17:30:00,1.86852,1.86882,1.86816,1.86816
2026-05-14 17:45:00,1.86825,1.8684500000000002,1.86527,1.86545
2026-05-14 18:00:00,1.86545,1.86677,1.86541,1.86563
2026-05-14 18:15:00,1.86564,1.86613,1.8653499999999998,1.86602
2026-05-14 18:30:00,1.8660299999999999,1.86626,1.86493,1.86545
2026-05-14 18:45:00,1.86547,1.86599,1.8654600000000001,1.86564
2026-05-14 19:00:00,1.86564,1.86578,1.86365,1.8637700000000001
2026-05-14 19:15:00,1.8637700000000001,1.8637700000000001,1.8613,1.86265
2026-05-14 19:30:00,1.8626399999999999,1.86277,1.86083,1.86097
2026-05-14 19:45:00,1.861,1.86188,1.86071,1.86157
2026-05-14 20:00:00,1.86157,1.86157,1.85985,1.8602699999999999
2026-05-14 20:15:00,1.86026,1.86032,1.85895,1.8591199999999999
2026-05-14 20:30:00,1.85911,1.8592499999999998,1.85707,1.85723
2026-05-14 20:45:00,1.85721,1.85723,1.85633,1.85651
2026-05-14 21:00:00,1.8565,1.8569900000000001,1.85486,1.85493
2026-05-14 21:15:00,1.85494,1.85591,1.85404,1.85574
2026-05-14 21:30:00,1.85572,1.85603,1.85524,1.8553600000000001
2026-05-14 21:45:00,1.85535,1.8557299999999999,1.85528,1.8555000000000001
2026-05-14 22:00:00,1.85549,1.85589,1.8553,1.8557700000000001
2026-05-14 22:15:00,1.85578,1.85609,1.8557000000000001,1.85595
2026-05-14 22:30:00,1.85595,1.85609,1.85533,1.85568
2026-05-14 22:45:00,1.8557000000000001,1.8563399999999999,1.8557000000000001,1.85587
2026-05-14 23:00:00,1.8559,1.85614,1.85522,1.85548
2026-05-14 23:15:00,1.85548,1.85592,1.85519,1.8557700000000001
2026-05-14 23:30:00,1.85585,1.85594,1.85562,1.85589
2026-05-14 23:45:00,1.85589,1.85599,1.85565,1.85592
2026-05-15 00:00:00,1.85518,1.8552499999999998,1.85352,1.85514
2026-05-15 00:15:00,1.85514,1.85551,1.8550200000000001,1.85547
2026-05-15 00:30:00,1.85551,1.85635,1.85522,1.85565
2026-05-15 00:45:00,1.85596,1.8561,1.85524,1.85561
2026-05-15 01:00:00,1.8555700000000002,1.85591,1.8552,1.85538
2026-05-15 01:15:00,1.85537,1.85572,1.85533,1.85537
2026-05-15 01:30:00,1.85535,1.85549,1.85515,1.8552
2026-05-15 01:45:00,1.8552,1.85533,1.855,1.85514
2026-05-15 02:00:00,1.85515,1.85558,1.85405,1.85426
2026-05-15 02:15:00,1.85427,1.8544800000000001,1.8538999999999999,1.85409
2026-05-15 02:30:00,1.8540999999999999,1.85553,1.85408,1.85548
2026-05-15 02:45:00,1.8554599999999999,1.85623,1.8550499999999999,1.8561800000000002
2026-05-15 03:00:00,1.85619,1.8562699999999999,1.85524,1.8554599999999999
2026-05-15 03:15:00,1.85545,1.8559,1.85504,1.85585
2026-05-15 03:30:00,1.8558400000000002,1.85683,1.85574,1.85652
2026-05-15 03:45:00,1.85651,1.85759,1.85623,1.8568500000000001
2026-05-15 04:00:00,1.85687,1.8573,1.8567,1.857
2026-05-15 04:15:00,1.857,1.85784,1.85666,1.85779
2026-05-15 04:30:00,1.8578000000000001,1.85842,1.85752,1.8578000000000001
2026-05-15 04:45:00,1.8578000000000001,1.8598599999999998,1.8577599999999999,1.85967
2026-05-15 05:00:00,1.8596599999999999,1.86009,1.85921,1.8596
2026-05-15 05:15:00,1.85961,1.85976,1.85915,1.8596300000000001
2026-05-15 05:30:00,1.85964,1.85983,1.85924,1.85949
2026-05-15 05:45:00,1.85949,1.85964,1.8584,1.85942
2026-05-15 06:00:00,1.85945,1.85971,1.85901,1.85957
2026-05-15 06:15:00,1.85957,1.86022,1.8593899999999999,1.86001
2026-05-15 06:30:00,1.8599999999999999,1.86017,1.85921,1.85942
2026-05-15 06:45:00,1.85941,1.8598400000000002,1.85921,1.8594300000000001
2026-05-15 07:00:00,1.8594300000000001,1.85978,1.85906,1.85907
2026-05-15 07:15:00,1.85907,1.85978,1.85903,1.8595899999999999
2026-05-15 07:30:00,1.85958,1.8601100000000002,1.85919,1.8598400000000002
2026-05-15 07:45:00,1.85985,1.86082,1.85974,1.86077
2026-05-15 08:00:00,1.86077,1.86331,1.86071,1.86286
2026-05-15 08:15:00,1.86287,1.86296,1.86177,1.86235
2026-05-15 08:30:00,1.86232,1.8625500000000001,1.8619599999999998,1.86238
2026-05-15 08:45:00,1.86238,1.86432,1.86235,1.86378
2026-05-15 09:00:00,1.86372,1.86479,1.86338,1.86396
2026-05-15 09:15:00,1.86395,1.86416,1.86209,1.86212
2026-05-15 09:30:00,1.86211,1.86382,1.86191,1.8636300000000001
2026-05-15 09:45:00,1.8636300000000001,1.86507,1.86322,1.8645399999999999
2026-05-15 10:00:00,1.86453,1.86468,1.86346,1.8639999999999999
2026-05-15 10:15:00,1.86399,1.8643100000000001,1.86353,1.86415
2026-05-15 10:30:00,1.8641299999999998,1.8653300000000002,1.86375,1.86389
2026-05-15 10:45:00,1.8639000000000001,1.86489,1.8638,1.86464
2026-05-15 11:00:00,1.86463,1.86527,1.86449,1.86473
2026-05-15 11:15:00,1.8647399999999998,1.8651499999999999,1.86403,1.8644500000000002
2026-05-15 11:30:00,1.86442,1.86511,1.8641299999999998,1.8646
2026-05-15 11:45:00,1.8646,1.86502,1.86416,1.86471
2026-05-15 12:00:00,1.8647200000000002,1.86572,1.86423,1.86563
2026-05-15 12:15:00,1.86564,1.8673600000000001,1.86564,1.86685
2026-05-15 12:30:00,1.86684,1.86728,1.86622,1.86703
2026-05-15 12:45:00,1.86703,1.8682400000000001,1.8668900000000002,1.86748
2026-05-15 13:00:00,1.8675000000000002,1.8683800000000002,1.86695,1.8670499999999999
2026-05-15 13:15:00,1.86707,1.86751,1.8663699999999999,1.86715
2026-05-15 13:30:00,1.86719,1.86719,1.8659599999999998,1.8660700000000001
2026-05-15 13:45:00,1.86609,1.8664,1.8649,1.86575
2026-05-15 14:00:00,1.86575,1.8672900000000001,1.86552,1.86714
2026-05-15 14:15:00,1.86715,1.8680400000000001,1.86696,1.86784
2026-05-15 14:30:00,1.8678599999999999,1.86871,1.8674300000000001,1.8684699999999999
2026-05-15 14:45:00,1.8684699999999999,1.86853,1.86762,1.86789
2026-05-15 15:00:00,1.8679000000000001,1.86862,1.86776,1.86817
2026-05-15 15:15:00,1.86816,1.8683999999999998,1.86738,1.86742
2026-05-15 15:30:00,1.86741,1.86769,1.86699,1.86751
2026-05-15 15:45:00,1.86754,1.8676599999999999,1.86663,1.86676
2026-05-15 16:00:00,1.8667500000000001,1.86774,1.86674,1.8673600000000001
2026-05-15 16:15:00,1.86735,1.8675899999999999,1.86656,1.86674
2026-05-15 16:30:00,1.8667799999999999,1.86832,1.86672,1.86703
2026-05-15 16:45:00,1.86701,1.86738,1.86565,1.86652
2026-05-15 17:00:00,1.86654,1.86687,1.8652199999999999,1.8654199999999999
2026-05-15 17:15:00,1.86543,1.8655,1.86406,1.8643999999999998
2026-05-15 17:30:00,1.86439,1.8645100000000001,1.86372,1.86421
2026-05-15 17:45:00,1.8641999999999999,1.86624,1.86414,1.86516
2026-05-15 18:00:00,1.8651499999999999,1.86571,1.86425,1.8644699999999998
2026-05-15 18:15:00,1.86446,1.86463,1.86273,1.8630499999999999
2026-05-15 18:30:00,1.86304,1.86356,1.8624,1.86317
2026-05-15 18:45:00,1.86319,1.86442,1.86288,1.86426
2026-05-15 19:00:00,1.86425,1.86428,1.86306,1.8630900000000001
2026-05-15 19:15:00,1.86308,1.8631,1.86224,1.86227
2026-05-15 19:30:00,1.8622800000000002,1.86285,1.86202,1.8627500000000001
2026-05-15 19:45:00,1.8627500000000001,1.86326,1.8624800000000001,1.8626399999999999
2026-05-15 20:00:00,1.86263,1.8628,1.86179,1.86245
2026-05-15 20:15:00,1.8624399999999999,1.86269,1.86174,1.86198
2026-05-15 20:30:00,1.86199,1.8624800000000001,1.8618999999999999,1.8624
2026-05-15 20:45:00,1.8624,1.86253,1.86165,1.86179
2026-05-15 21:00:00,1.8618000000000001,1.86209,1.8616000000000001,1.8618999999999999
2026-05-15 21:15:00,1.86189,1.86261,1.8618000000000001,1.86232
2026-05-15 21:30:00,1.86234,1.8631799999999998,1.8622999999999998,1.86234
2026-05-15 21:45:00,1.86234,1.86273,1.86205,1.8624
2026-05-15 22:00:00,1.86239,1.86331,1.8622100000000001,1.86327
2026-05-15 22:15:00,1.86324,1.86341,1.86296,1.86297
2026-05-15 22:30:00,1.86297,1.8632,1.86279,1.86301
2026-05-15 22:45:00,1.86303,1.8632900000000001,1.8626,1.86279
2026-05-15 23:00:00,1.86276,1.8633199999999999,1.8626,1.86277
2026-05-15 23:15:00,1.8628,1.86342,1.86266,1.86322
2026-05-15 23:30:00,1.8632,1.86395,1.8631199999999999,1.86347
2026-05-15 23:45:00,1.86357,1.86433,1.86287,1.86392
2026-05-18 00:00:00,1.86188,1.86188,1.86052,1.8611
2026-05-18 00:15:00,1.86086,1.8630200000000001,1.8608,1.86178
2026-05-18 00:30:00,1.86173,1.86272,1.86109,1.86272
2026-05-18 00:45:00,1.86274,1.86324,1.8618999999999999,1.86274
2026-05-18 01:00:00,1.86279,1.86356,1.8615599999999999,1.86235
2026-05-18 01:15:00,1.86231,1.8626,1.8616899999999998,1.8617599999999999
2026-05-18 01:30:00,1.8617599999999999,1.86188,1.86104,1.86152
2026-05-18 01:45:00,1.86152,1.8624,1.86128,1.86229
2026-05-18 02:00:00,1.86229,1.86326,1.86216,1.86315
2026-05-18 02:15:00,1.86315,1.8643999999999998,1.86311,1.8643800000000001
2026-05-18 02:30:00,1.86446,1.86591,1.86408,1.86539
2026-05-18 02:45:00,1.8654,1.86713,1.86539,1.8666800000000001
2026-05-18 03:00:00,1.8667,1.86886,1.86632,1.86822
2026-05-18 03:15:00,1.86823,1.86875,1.8675199999999998,1.8681999999999999
2026-05-18 03:30:00,1.86818,1.86864,1.8680400000000001,1.8685399999999999
2026-05-18 03:45:00,1.86852,1.86907,1.86756,1.8679299999999999
2026-05-18 04:00:00,1.8679700000000001,1.8683999999999998,1.86738,1.86795
2026-05-18 04:15:00,1.86798,1.86821,1.8670900000000001,1.86761
2026-05-18 04:30:00,1.86755,1.86806,1.8667500000000001,1.86785
2026-05-18 04:45:00,1.86784,1.8683800000000002,1.86661,1.86731
2026-05-18 05:00:00,1.86734,1.86821,1.8671,1.86733
2026-05-18 05:15:00,1.8673199999999999,1.86756,1.86683,1.86755
2026-05-18 05:30:00,1.86756,1.8677700000000002,1.86661,1.86723
2026-05-18 05:45:00,1.86723,1.86815,1.86696,1.86781
2026-05-18 06:00:00,1.8677899999999998,1.86785,1.86693,1.86764
2026-05-18 06:15:00,1.86764,1.86807,1.86714,1.86719
2026-05-18 06:30:00,1.86719,1.86775,1.8662800000000002,1.86631
2026-05-18 06:45:00,1.86632,1.86685,1.86592,1.866
2026-05-18 07:00:00,1.86601,1.8664100000000001,1.86572,1.8660999999999999
2026-05-18 07:15:00,1.8661400000000001,1.8666399999999999,1.86579,1.86649
2026-05-18 07:30:00,1.86649,1.8666800000000001,1.86624,1.86647
2026-05-18 07:45:00,1.86646,1.86724,1.86615,1.8671
2026-05-18 08:00:00,1.8671,1.8679000000000001,1.86679,1.86788
2026-05-18 08:15:00,1.86789,1.86839,1.8672499999999999,1.8672900000000001
2026-05-18 08:30:00,1.86728,1.86818,1.8671799999999998,1.86815
2026-05-18 08:45:00,1.86815,1.86853,1.8678599999999999,1.8681299999999998
2026-05-18 09:00:00,1.86814,1.8688099999999999,1.8679700000000001,1.86873
2026-05-18 09:15:00,1.86873,1.86923,1.86823,1.8690799999999999
2026-05-18 09:30:00,1.86909,1.86924,1.86867,1.86887
2026-05-18 09:45:00,1.8688799999999999,1.86898,1.86794,1.86816
2026-05-18 10:00:00,1.86816,1.86876,1.86769,1.86787
2026-05-18 10:15:00,1.86787,1.86796,1.8662100000000001,1.86642
2026-05-18 10:30:00,1.86645,1.8674300000000001,1.86595,1.86731
2026-05-18 10:45:00,1.86731,1.86789,1.86687,1.86693
2026-05-18 11:00:00,1.86692,1.86778,1.8665699999999998,1.86771
2026-05-18 11:15:00,1.86768,1.86791,1.86649,1.86735
2026-05-18 11:30:00,1.86734,1.8686500000000001,1.86704,1.8684500000000002
2026-05-18 11:45:00,1.86846,1.8692199999999999,1.8678599999999999,1.8687
2026-05-18 12:00:00,1.86873,1.86887,1.86816,1.86818
2026-05-18 12:15:00,1.86821,1.86825,1.86683,1.86706
2026-05-18 12:30:00,1.86706,1.8675199999999998,1.8667099999999999,1.86712
2026-05-18 12:45:00,1.86713,1.86757,1.8667099999999999,1.8673600000000001
2026-05-18 13:00:00,1.86734,1.86823,1.8671799999999998,1.86748
2026-05-18 13:15:00,1.86748,1.86773,1.8671600000000002,1.86772
2026-05-18 13:30:00,1.86771,1.86774,1.86701,1.86715
2026-05-18 13:45:00,1.8671799999999998,1.86734,1.8664,1.86704
2026-05-18 14:00:00,1.86707,1.8685100000000001,1.86693,1.8679700000000001
2026-05-18 14:15:00,1.86796,1.86826,1.8673199999999999,1.86762
2026-05-18 14:30:00,1.86761,1.86769,1.86615,1.86726
2026-05-18 14:45:00,1.86728,1.86859,1.8672,1.8681299999999998
2026-05-18 15:00:00,1.8681299999999998,1.86849,1.86749,1.86794
2026-05-18 15:15:00,1.86791,1.86869,1.86769,1.86825
2026-05-18 15:30:00,1.8682699999999999,1.86843,1.86643,1.86656
2026-05-18 15:45:00,1.86656,1.8665699999999998,1.86541,1.866
2026-05-18 16:00:00,1.866,1.86661,1.86579,1.86615
2026-05-18 16:15:00,1.86616,1.86694,1.8656899999999998,1.86623
2026-05-18 16:30:00,1.86619,1.86696,1.8655,1.8666399999999999
2026-05-18 16:45:00,1.86667,1.86762,1.8661699999999999,1.86677
2026-05-18 17:00:00,1.86677,1.8689,1.86677,1.86853
2026-05-18 17:15:00,1.86853,1.8703699999999999,1.8681,1.87008
2026-05-18 17:30:00,1.8700700000000001,1.8708200000000001,1.86937,1.87074
2026-05-18 17:45:00,1.87072,1.87124,1.87027,1.87092
2026-05-18 18:00:00,1.87092,1.87262,1.87062,1.8721700000000001
2026-05-18 18:15:00,1.8721999999999999,1.87305,1.87195,1.8730099999999998
2026-05-18 18:30:00,1.87302,1.87388,1.8728,1.87331
2026-05-18 18:45:00,1.87331,1.8750499999999999,1.87323,1.87427
2026-05-18 19:00:00,1.87428,1.8773,1.8740299999999999,1.87687
2026-05-18 19:15:00,1.87687,1.87737,1.87527,1.8761
2026-05-18 19:30:00,1.87608,1.87645,1.87508,1.87557
2026-05-18 19:45:00,1.87558,1.87582,1.87465,1.8750200000000001
2026-05-18 20:00:00,1.87503,1.8755600000000001,1.87442,1.87478
2026-05-18 20:15:00,1.87478,1.8751799999999998,1.87453,1.87488
2026-05-18 20:30:00,1.87486,1.8752,1.87469,1.87479
2026-05-18 20:45:00,1.87481,1.87489,1.8737300000000001,1.87378
2026-05-18 21:00:00,1.8738000000000001,1.87432,1.8736000000000002,1.87429
2026-05-18 21:15:00,1.87431,1.8753199999999999,1.8742999999999999,1.87496
2026-05-18 21:30:00,1.8749500000000001,1.8750499999999999,1.8746399999999999,1.87479
2026-05-18 21:45:00,1.87478,1.87521,1.87443,1.87469
2026-05-18 22:00:00,1.8747,1.87489,1.87223,1.8735
2026-05-18 22:15:00,1.8735,1.874,1.8731200000000001,1.87361
2026-05-18 22:30:00,1.87364,1.87378,1.87252,1.8727800000000001
2026-05-18 22:45:00,1.8727800000000001,1.8737300000000001,1.87218,1.87347
2026-05-18 23:00:00,1.87348,1.8742100000000002,1.8733499999999998,1.87397
2026-05-18 23:15:00,1.8739599999999998,1.87404,1.87355,1.87378
2026-05-18 23:30:00,1.87377,1.87411,1.8736899999999999,1.87391
2026-05-18 23:45:00,1.8739,1.87425,1.87364,1.8736899999999999
2026-05-19 00:00:00,1.8733,1.8733,1.8710499999999999,1.87317
2026-05-19 00:15:00,1.87317,1.8738299999999999,1.87146,1.87269
2026-05-19 00:30:00,1.87248,1.8730099999999998,1.87239,1.87268
2026-05-19 00:45:00,1.87295,1.87343,1.8725,1.87291
2026-05-19 01:00:00,1.87286,1.87351,1.8721700000000001,1.8731499999999999
2026-05-19 01:15:00,1.87317,1.87364,1.8731499999999999,1.8735300000000001
2026-05-19 01:30:00,1.8735300000000001,1.8736899999999999,1.8733,1.87341
2026-05-19 01:45:00,1.87338,1.87345,1.8729,1.87296
2026-05-19 02:00:00,1.87295,1.8730099999999998,1.87271,1.87277
2026-05-19 02:15:00,1.87277,1.8728,1.87195,1.87275
2026-05-19 02:30:00,1.8727399999999998,1.8730099999999998,1.8725,1.87297
2026-05-19 02:45:00,1.87296,1.87352,1.8727800000000001,1.8731900000000001
2026-05-19 03:00:00,1.87318,1.87449,1.8729200000000001,1.87424
2026-05-19 03:15:00,1.87424,1.8747099999999999,1.8736899999999999,1.87431
2026-05-19 03:30:00,1.87432,1.87592,1.8742,1.87569
2026-05-19 03:45:00,1.87568,1.8767,1.87555,1.87652
2026-05-19 04:00:00,1.87657,1.8772600000000002,1.87626,1.87634
2026-05-19 04:15:00,1.87634,1.8773900000000001,1.8761299999999999,1.87697
2026-05-19 04:30:00,1.87698,1.8789099999999999,1.87695,1.8771200000000001
2026-05-19 04:45:00,1.87713,1.87779,1.8767800000000001,1.87767
2026-05-19 05:00:00,1.87768,1.8787099999999999,1.87741,1.8785500000000002
2026-05-19 05:15:00,1.87856,1.87908,1.87788,1.87854
2026-05-19 05:30:00,1.8785699999999999,1.87883,1.87798,1.87825
2026-05-19 05:45:00,1.87824,1.87893,1.87811,1.87853
2026-05-19 06:00:00,1.8785500000000002,1.8793199999999999,1.8783699999999999,1.8786100000000001
2026-05-19 06:15:00,1.87859,1.8786399999999999,1.87798,1.87847
2026-05-19 06:30:00,1.87849,1.87872,1.8780999999999999,1.87867
2026-05-19 06:45:00,1.87876,1.87957,1.87865,1.87931
2026-05-19 07:00:00,1.87931,1.8796599999999999,1.8790900000000001,1.8795
2026-05-19 07:15:00,1.87951,1.88018,1.8794499999999998,1.87999
2026-05-19 07:30:00,1.87998,1.8807399999999999,1.8798,1.88071
2026-05-19 07:45:00,1.88069,1.8809900000000002,1.87994,1.88035
2026-05-19 08:00:00,1.88036,1.88045,1.87969,1.87982
2026-05-19 08:15:00,1.87982,1.88063,1.87974,1.8804699999999999
2026-05-19 08:30:00,1.88048,1.8815499999999998,1.8803999999999998,1.88131
2026-05-19 08:45:00,1.88133,1.8816899999999999,1.88034,1.88105
2026-05-19 09:00:00,1.88107,1.88107,1.8789799999999999,1.87965
2026-05-19 09:15:00,1.87965,1.88068,1.87961,1.88032
2026-05-19 09:30:00,1.88034,1.88077,1.8786100000000001,1.87887
2026-05-19 09:45:00,1.87888,1.87888,1.8780000000000001,1.87822
2026-05-19 10:00:00,1.87822,1.87852,1.8774199999999999,1.87797
2026-05-19 10:15:00,1.87795,1.87813,1.87736,1.8777599999999999
2026-05-19 10:30:00,1.87777,1.8786800000000001,1.8774899999999999,1.87865
2026-05-19 10:45:00,1.87862,1.88087,1.87846,1.88084
2026-05-19 11:00:00,1.88084,1.88216,1.8806,1.8814600000000001
2026-05-19 11:15:00,1.8814600000000001,1.88209,1.88107,1.88177
2026-05-19 11:30:00,1.8817599999999999,1.8819599999999999,1.88087,1.8814899999999999
2026-05-19 11:45:00,1.8814899999999999,1.88165,1.8806500000000002,1.8816000000000002
2026-05-19 12:00:00,1.88163,1.8826800000000001,1.88154,1.88193
2026-05-19 12:15:00,1.88193,1.8833,1.8818700000000002,1.88313
2026-05-19 12:30:00,1.88313,1.88461,1.88303,1.88427
2026-05-19 12:45:00,1.88428,1.88483,1.8837899999999999,1.8842400000000001
2026-05-19 13:00:00,1.88427,1.8843,1.8834499999999998,1.8837000000000002
2026-05-19 13:15:00,1.8837199999999998,1.88434,1.8835199999999999,1.88385
2026-05-19 13:30:00,1.88385,1.8845100000000001,1.88327,1.88391
2026-05-19 13:45:00,1.88385,1.8846,1.88314,1.8839000000000001
2026-05-19 14:00:00,1.88389,1.88395,1.88315,1.88374
2026-05-19 14:15:00,1.88373,1.884,1.88303,1.88315
2026-05-19 14:30:00,1.88315,1.88327,1.88252,1.88289
2026-05-19 14:45:00,1.88289,1.88346,1.88278,1.88323
2026-05-19 15:00:00,1.8832499999999999,1.88419,1.88312,1.88405
2026-05-19 15:15:00,1.8840400000000002,1.88426,1.8834499999999998,1.88398
2026-05-19 15:30:00,1.88396,1.88462,1.88355,1.88442
2026-05-19 15:45:00,1.88443,1.8846699999999998,1.88355,1.88441
2026-05-19 16:00:00,1.8843999999999999,1.88524,1.8831,1.88365
2026-05-19 16:15:00,1.88367,1.88525,1.8835899999999999,1.88506
2026-05-19 16:30:00,1.88503,1.88544,1.88436,1.8851900000000001
2026-05-19 16:45:00,1.88517,1.88629,1.8845399999999999,1.88509
2026-05-19 17:00:00,1.8851,1.88635,1.88432,1.88622
2026-05-19 17:15:00,1.88624,1.8887399999999999,1.88622,1.8883
2026-05-19 17:30:00,1.8883,1.8897300000000001,1.88767,1.8896
2026-05-19 17:45:00,1.88961,1.8906100000000001,1.8890500000000001,1.89026
2026-05-19 18:00:00,1.89026,1.8910200000000001,1.88961,1.89009
2026-05-19 18:15:00,1.8900700000000001,1.89011,1.88924,1.88948
2026-05-19 18:30:00,1.88948,1.8895,1.88715,1.8871799999999999
2026-05-19 18:45:00,1.88717,1.88764,1.8868399999999999,1.88717
2026-05-19 19:00:00,1.88717,1.8872,1.88631,1.88646
2026-05-19 19:15:00,1.88647,1.8866,1.8850500000000001,1.8851900000000001
2026-05-19 19:30:00,1.8851900000000001,1.88522,1.8841,1.8843800000000002
2026-05-19 19:45:00,1.8843999999999999,1.8843999999999999,1.8838300000000001,1.88425
2026-05-19 20:00:00,1.88423,1.88498,1.88418,1.88471
2026-05-19 20:15:00,1.88469,1.885,1.8844699999999999,1.88496
2026-05-19 20:30:00,1.8849900000000002,1.88525,1.8847800000000001,1.88509
2026-05-19 20:45:00,1.88509,1.8856000000000002,1.88502,1.88511
2026-05-19 21:00:00,1.8851499999999999,1.88524,1.88484,1.8850799999999999
2026-05-19 21:15:00,1.88504,1.8851200000000001,1.88477,1.88495
2026-05-19 21:30:00,1.88493,1.88511,1.8846,1.88497
2026-05-19 21:45:00,1.88497,1.88547,1.88484,1.88522
2026-05-19 22:00:00,1.88521,1.88527,1.8847399999999999,1.88484
2026-05-19 22:15:00,1.8848500000000001,1.8856199999999999,1.8848099999999999,1.88525
2026-05-19 22:30:00,1.88523,1.8853499999999999,1.88489,1.8849200000000002
2026-05-19 22:45:00,1.88495,1.8855499999999998,1.8848799999999999,1.8849200000000002
2026-05-19 23:00:00,1.88491,1.88518,1.8847399999999999,1.88506
2026-05-19 23:15:00,1.88507,1.88565,1.88502,1.8854
2026-05-19 23:30:00,1.88541,1.88568,1.88525,1.88541
2026-05-19 23:45:00,1.88536,1.8855499999999998,1.8844699999999999,1.8845399999999999
2026-05-20 00:00:00,1.88395,1.8841299999999999,1.88263,1.88378
2026-05-20 00:15:00,1.8838,1.88524,1.88365,1.88434
2026-05-20 00:30:00,1.8847,1.88477,1.88357,1.8845800000000001
2026-05-20 00:45:00,1.88479,1.88498,1.88395,1.88455
2026-05-20 01:00:00,1.88448,1.88523,1.88402,1.8847800000000001
2026-05-20 01:15:00,1.8847800000000001,1.88486,1.88453,1.8845800000000001
2026-05-20 01:30:00,1.88456,1.8854,1.8845399999999999,1.88497
2026-05-20 01:45:00,1.88498,1.88516,1.88479,1.8849
2026-05-20 02:00:00,1.88491,1.88513,1.88479,1.88504
2026-05-20 02:15:00,1.88504,1.88511,1.8848799999999999,1.88497
2026-05-20 02:30:00,1.88496,1.8851,1.88441,1.88496
2026-05-20 02:45:00,1.88495,1.88557,1.88471,1.88557
2026-05-20 03:00:00,1.88557,1.88701,1.88557,1.8868800000000001
2026-05-20 03:15:00,1.88687,1.88724,1.8863699999999999,1.88672
2026-05-20 03:30:00,1.8867,1.8869500000000001,1.88618,1.8862299999999999
2026-05-20 03:45:00,1.8862299999999999,1.88777,1.8859,1.88777
2026-05-20 04:00:00,1.88776,1.8877899999999999,1.88604,1.88646
2026-05-20 04:15:00,1.8863699999999999,1.88775,1.8863400000000001,1.88748
2026-05-20 04:30:00,1.88747,1.8881000000000001,1.8861599999999998,1.88622
2026-05-20 04:45:00,1.8862100000000002,1.8866100000000001,1.8848799999999999,1.8850099999999999
2026-05-20 05:00:00,1.88502,1.88572,1.8846699999999998,1.88487
2026-05-20 05:15:00,1.88487,1.8855499999999998,1.88453,1.8855499999999998
2026-05-20 05:30:00,1.8855300000000002,1.88708,1.8854600000000001,1.88638
2026-05-20 05:45:00,1.88638,1.88726,1.88598,1.88705
2026-05-20 06:00:00,1.88705,1.88723,1.8864,1.88683
2026-05-20 06:15:00,1.8868200000000002,1.88686,1.88597,1.88606
2026-05-20 06:30:00,1.8860700000000001,1.8864100000000001,1.88593,1.8862700000000001
2026-05-20 06:45:00,1.88626,1.88658,1.88606,1.8864
2026-05-20 07:00:00,1.88639,1.8864,1.88545,1.88552
2026-05-20 07:15:00,1.88552,1.88626,1.88548,1.88585
2026-05-20 07:30:00,1.88585,1.8866,1.88585,1.88615
2026-05-20 07:45:00,1.88617,1.88626,1.88579,1.88604
2026-05-20 08:00:00,1.8860000000000001,1.88609,1.88537,1.88602
2026-05-20 08:15:00,1.88602,1.88656,1.88583,1.88638
2026-05-20 08:30:00,1.88638,1.88639,1.8854,1.8857
2026-05-20 08:45:00,1.88571,1.88644,1.88529,1.88529
2026-05-20 09:00:00,1.88532,1.88545,1.88308,1.88459
2026-05-20 09:15:00,1.88461,1.88568,1.884,1.88504
2026-05-20 09:30:00,1.88504,1.8851900000000001,1.88392,1.88443
2026-05-20 09:45:00,1.88442,1.8846500000000002,1.8839000000000001,1.88408
2026-05-20 10:00:00,1.88405,1.8842400000000001,1.88276,1.88357
2026-05-20 10:15:00,1.8835600000000001,1.88477,1.88348,1.88445
2026-05-20 10:30:00,1.8844400000000001,1.88457,1.88369,1.88377
2026-05-20 10:45:00,1.88378,1.88405,1.88293,1.88338
2026-05-20 11:00:00,1.88338,1.8835199999999999,1.88239,1.8824999999999998
2026-05-20 11:15:00,1.88251,1.88281,1.88199,1.88219
2026-05-20 11:30:00,1.8822,1.88231,1.88107,1.88182
2026-05-20 11:45:00,1.88182,1.88194,1.88111,1.88166
2026-05-20 12:00:00,1.88166,1.88296,1.8816000000000002,1.88286
2026-05-20 12:15:00,1.88288,1.8829500000000001,1.88163,1.88163
2026-05-20 12:30:00,1.8816199999999998,1.8822,1.8814600000000001,1.88215
2026-05-20 12:45:00,1.8821400000000001,1.88226,1.88121,1.88151
2026-05-20 13:00:00,1.88152,1.88152,1.8803999999999998,1.8808799999999999
2026-05-20 13:15:00,1.88087,1.8809900000000002,1.8801700000000001,1.88023
2026-05-20 13:30:00,1.88023,1.8808099999999999,1.8798300000000001,1.88028
2026-05-20 13:45:00,1.88028,1.88087,1.8799700000000001,1.88019
2026-05-20 14:00:00,1.88019,1.8809,1.88018,1.88063
2026-05-20 14:15:00,1.88062,1.88063,1.87951,1.87957
2026-05-20 14:30:00,1.8795899999999999,1.87967,1.87878,1.8791099999999998
2026-05-20 14:45:00,1.8791099999999998,1.88015,1.8791099999999998,1.87988
2026-05-20 15:00:00,1.87988,1.8801,1.8792900000000001,1.87982
2026-05-20 15:15:00,1.87982,1.88016,1.87967,1.8799000000000001
2026-05-20 15:30:00,1.87991,1.88002,1.87899,1.8798
2026-05-20 15:45:00,1.8798,1.88079,1.8797899999999998,1.88046
2026-05-20 16:00:00,1.8804699999999999,1.8818700000000002,1.87999,1.8809399999999998
2026-05-20 16:15:00,1.8809399999999998,1.88147,1.88057,1.8810099999999998
2026-05-20 16:30:00,1.8810099999999998,1.88154,1.88022,1.88034
2026-05-20 16:45:00,1.88034,1.88118,1.88007,1.8806500000000002
2026-05-20 17:00:00,1.88064,1.88121,1.88016,1.8804400000000001
2026-05-20 17:15:00,1.88043,1.88043,1.87887,1.87899
2026-05-20 17:30:00,1.87899,1.8792499999999999,1.87782,1.87812
2026-05-20 17:45:00,1.87811,1.87896,1.8777,1.87777
2026-05-20 18:00:00,1.8777599999999999,1.87836,1.8773300000000002,1.87788
2026-05-20 18:15:00,1.8778700000000002,1.87948,1.87564,1.87919
2026-05-20 18:30:00,1.8791799999999999,1.87919,1.87797,1.87845
2026-05-20 18:45:00,1.8784399999999999,1.87975,1.87839,1.87965
2026-05-20 19:00:00,1.87965,1.88005,1.87849,1.87869
2026-05-20 19:15:00,1.8786800000000001,1.87923,1.8780000000000001,1.87886
2026-05-20 19:30:00,1.87883,1.8793600000000001,1.87865,1.87869
2026-05-20 19:45:00,1.8786800000000001,1.8792200000000001,1.87842,1.87873
2026-05-20 20:00:00,1.8787099999999999,1.87927,1.87856,1.87897
2026-05-20 20:15:00,1.87896,1.87924,1.87835,1.87852
2026-05-20 20:30:00,1.8784999999999998,1.8790499999999999,1.87833,1.87886
2026-05-20 20:45:00,1.8788399999999998,1.87897,1.8783699999999999,1.8783699999999999
2026-05-20 21:00:00,1.87838,1.87877,1.87795,1.87812
2026-05-20 21:15:00,1.87812,1.8782100000000002,1.8778299999999999,1.8779400000000002
2026-05-20 21:30:00,1.87793,1.87852,1.87782,1.87849
2026-05-20 21:45:00,1.87849,1.87853,1.87781,1.87799
2026-05-20 22:00:00,1.8780000000000001,1.87818,1.87758,1.87797
2026-05-20 22:15:00,1.87795,1.8780000000000001,1.87766,1.8777599999999999
2026-05-20 22:30:00,1.8777599999999999,1.8782999999999999,1.87775,1.8778000000000001
2026-05-20 22:45:00,1.87781,1.8781400000000001,1.8768799999999999,1.87695
2026-05-20 23:00:00,1.87696,1.87798,1.8769,1.8779
2026-05-20 23:15:00,1.8779,1.87856,1.87779,1.87788
2026-05-20 23:30:00,1.87788,1.8782299999999998,1.87782,1.87812
2026-05-20 23:45:00,1.87813,1.87842,1.8778299999999999,1.87793
2026-05-21 00:00:00,1.8778899999999998,1.87859,1.87642,1.87802
2026-05-21 00:15:00,1.87798,1.87828,1.87697,1.87718
2026-05-21 00:30:00,1.8772600000000002,1.87792,1.87697,1.8771
2026-05-21 00:45:00,1.87732,1.87827,1.87695,1.8778299999999999
2026-05-21 01:00:00,1.87778,1.8789500000000001,1.87756,1.87874
2026-05-21 01:15:00,1.87874,1.8789,1.87842,1.8784399999999999
2026-05-21 01:30:00,1.87845,1.87859,1.8783400000000001,1.87843
2026-05-21 01:45:00,1.87836,1.87877,1.87836,1.87852
2026-05-21 02:00:00,1.8784800000000001,1.87913,1.8784800000000001,1.87892
2026-05-21 02:15:00,1.87893,1.87899,1.87865,1.8786800000000001
2026-05-21 02:30:00,1.87866,1.8789,1.87854,1.87872
2026-05-21 02:45:00,1.87872,1.87919,1.87854,1.87901
2026-05-21 03:00:00,1.87899,1.87947,1.87892,1.8791600000000002
2026-05-21 03:15:00,1.87915,1.8796599999999999,1.87879,1.87907
2026-05-21 03:30:00,1.87906,1.88005,1.8790499999999999,1.87995
2026-05-21 03:45:00,1.87996,1.8802400000000001,1.87971,1.8798
2026-05-21 04:00:00,1.87981,1.87999,1.87874,1.87894
2026-05-21 04:15:00,1.8789500000000001,1.87973,1.87854,1.87915
2026-05-21 04:30:00,1.8791799999999999,1.88473,1.87915,1.88374
2026-05-21 04:45:00,1.88374,1.88883,1.88369,1.8869500000000001
2026-05-21 05:00:00,1.88694,1.8881299999999999,1.8858000000000001,1.88708
2026-05-21 05:15:00,1.88708,1.88841,1.88647,1.88819
2026-05-21 05:30:00,1.88819,1.88913,1.88751,1.88832
2026-05-21 05:45:00,1.8883299999999998,1.89006,1.8879000000000001,1.8889
2026-05-21 06:00:00,1.88888,1.88903,1.8871799999999999,1.88751
2026-05-21 06:15:00,1.88751,1.88792,1.8869099999999999,1.88721
2026-05-21 06:30:00,1.88724,1.88762,1.88655,1.88663
2026-05-21 06:45:00,1.88663,1.8867099999999999,1.88594,1.8860299999999999
2026-05-21 07:00:00,1.88604,1.88615,1.8851499999999999,1.8851900000000001
2026-05-21 07:15:00,1.88516,1.8854199999999999,1.8841299999999999,1.88416
2026-05-21 07:30:00,1.88414,1.88497,1.88395,1.88448
2026-05-21 07:45:00,1.88448,1.88486,1.88398,1.88449
2026-05-21 08:00:00,1.8845,1.8854899999999999,1.88412,1.8851900000000001
2026-05-21 08:15:00,1.8851900000000001,1.88617,1.88483,1.88605
2026-05-21 08:30:00,1.88605,1.88662,1.8858000000000001,1.88593
2026-05-21 08:45:00,1.88594,1.8868,1.88516,1.8853900000000001
2026-05-21 09:00:00,1.8854,1.88618,1.88466,1.8856899999999999
2026-05-21 09:15:00,1.88568,1.88635,1.88531,1.88591
2026-05-21 09:30:00,1.88592,1.88893,1.88563,1.88876
2026-05-21 09:45:00,1.88877,1.8891200000000001,1.8879899999999998,1.88863
2026-05-21 10:00:00,1.8885999999999998,1.8891900000000001,1.88782,1.88792
2026-05-21 10:15:00,1.88801,1.88814,1.88638,1.8871
2026-05-21 10:30:00,1.88714,1.8872900000000001,1.88663,1.88683
2026-05-21 10:45:00,1.88686,1.88712,1.8860000000000001,1.88651
2026-05-21 11:00:00,1.88655,1.88706,1.88507,1.8850799999999999
2026-05-21 11:15:00,1.88509,1.8858899999999998,1.88368,1.88391
2026-05-21 11:30:00,1.88394,1.8842400000000001,1.8822100000000002,1.88308
2026-05-21 11:45:00,1.88307,1.8839700000000001,1.8827500000000001,1.88381
2026-05-21 12:00:00,1.88381,1.88394,1.88266,1.88286
2026-05-21 12:15:00,1.88288,1.88333,1.88255,1.8826399999999999
2026-05-21 12:30:00,1.88266,1.88366,1.88245,1.88354
2026-05-21 12:45:00,1.88353,1.88385,1.88333,1.8837000000000002
2026-05-21 13:00:00,1.8837000000000002,1.8839700000000001,1.88304,1.88354
2026-05-21 13:15:00,1.88355,1.88487,1.88301,1.8845100000000001
2026-05-21 13:30:00,1.8845,1.88525,1.88367,1.8842400000000001
2026-05-21 13:45:00,1.88422,1.88466,1.88378,1.8841700000000001
2026-05-21 14:00:00,1.8841700000000001,1.88471,1.88367,1.88371
2026-05-21 14:15:00,1.8837199999999998,1.88387,1.88244,1.88328
2026-05-21 14:30:00,1.88328,1.88405,1.88308,1.88361
2026-05-21 14:45:00,1.88361,1.88382,1.88319,1.88353
2026-05-21 15:00:00,1.8835199999999999,1.88357,1.8823400000000001,1.88239
2026-05-21 15:15:00,1.88238,1.88354,1.88232,1.88251
2026-05-21 15:30:00,1.88252,1.88288,1.8819,1.88276
2026-05-21 15:45:00,1.88276,1.88331,1.88244,1.88252
2026-05-21 16:00:00,1.88251,1.88307,1.88206,1.88229
2026-05-21 16:15:00,1.88229,1.8828399999999998,1.88216,1.88227
2026-05-21 16:30:00,1.88227,1.88281,1.88156,1.88172
2026-05-21 16:45:00,1.88179,1.88193,1.8798,1.8799700000000001
2026-05-21 17:00:00,1.87998,1.8812,1.87991,1.88061
2026-05-21 17:15:00,1.8806,1.88132,1.88048,1.88079
2026-05-21 17:30:00,1.88077,1.88093,1.87994,1.88023
2026-05-21 17:45:00,1.8802400000000001,1.8805399999999999,1.87866,1.8793199999999999
2026-05-21 18:00:00,1.87933,1.88071,1.87919,1.87991
2026-05-21 18:15:00,1.87991,1.8805399999999999,1.87975,1.88021
2026-05-21 18:30:00,1.88021,1.8803299999999998,1.8792900000000001,1.87953
2026-05-21 18:45:00,1.87951,1.87975,1.87888,1.8793600000000001
2026-05-21 19:00:00,1.87939,1.8794,1.87756,1.8785500000000002
2026-05-21 19:15:00,1.8785500000000002,1.87874,1.8782100000000002,1.87833
2026-05-21 19:30:00,1.87832,1.87908,1.8782299999999998,1.87906
2026-05-21 19:45:00,1.87904,1.87928,1.87854,1.87867
2026-05-21 20:00:00,1.87867,1.87896,1.87777,1.8782
2026-05-21 20:15:00,1.87819,1.87829,1.87649,1.87659
2026-05-21 20:30:00,1.87659,1.87675,1.87565,1.87599
2026-05-21 20:45:00,1.87599,1.8767800000000001,1.87599,1.87675
2026-05-21 21:00:00,1.8767,1.87806,1.87633,1.87799
2026-05-21 21:15:00,1.8780000000000001,1.8782,1.8773300000000002,1.8775300000000001
2026-05-21 21:30:00,1.8775300000000001,1.8780000000000001,1.87729,1.87763
2026-05-21 21:45:00,1.87763,1.87894,1.87755,1.8784399999999999
2026-05-21 22:00:00,1.8784399999999999,1.87879,1.87805,1.87826
2026-05-21 22:15:00,1.87825,1.87838,1.87801,1.87827
2026-05-21 22:30:00,1.87828,1.87828,1.87757,1.87793
2026-05-21 22:45:00,1.87792,1.87849,1.87757,1.87792
2026-05-21 23:00:00,1.87792,1.87903,1.87781,1.87883
2026-05-21 23:15:00,1.87883,1.87906,1.87873,1.87888
2026-05-21 23:30:00,1.87888,1.87892,1.87858,1.8787
2026-05-21 23:45:00,1.87872,1.87873,1.8780999999999999,1.87819
2026-05-22 00:00:00,1.87549,1.87853,1.87526,1.87596
2026-05-22 00:15:00,1.87596,1.8779400000000002,1.87596,1.8769900000000002
2026-05-22 00:30:00,1.8769900000000002,1.87826,1.8769900000000002,1.87825
2026-05-22 00:45:00,1.87829,1.87874,1.87759,1.87788
2026-05-22 01:00:00,1.8780299999999999,1.8783400000000001,1.8774199999999999,1.87786
2026-05-22 01:15:00,1.87784,1.87816,1.87778,1.87805
2026-05-22 01:30:00,1.87805,1.87826,1.8778299999999999,1.8780000000000001
2026-05-22 01:45:00,1.87809,1.87828,1.87793,1.87824
2026-05-22 02:00:00,1.87822,1.8785500000000002,1.87822,1.87851
2026-05-22 02:15:00,1.87852,1.8791,1.87842,1.87846
2026-05-22 02:30:00,1.87846,1.87907,1.87832,1.879
2026-05-22 02:45:00,1.87901,1.87949,1.87877,1.87914
2026-05-22 03:00:00,1.8791799999999999,1.87985,1.87917,1.87982
2026-05-22 03:15:00,1.87982,1.8803,1.87907,1.87915
2026-05-22 03:30:00,1.87917,1.8797899999999998,1.87894,1.87899
2026-05-22 03:45:00,1.879,1.88029,1.87885,1.87998
2026-05-22 04:00:00,1.87999,1.88117,1.87999,1.88068
2026-05-22 04:15:00,1.88063,1.88137,1.88009,1.88019
2026-05-22 04:30:00,1.88022,1.88111,1.8800599999999998,1.88089
2026-05-22 04:45:00,1.8809,1.88111,1.8798599999999999,1.88105
2026-05-22 05:00:00,1.8810799999999999,1.8811,1.8802699999999999,1.8804699999999999
2026-05-22 05:15:00,1.88045,1.88068,1.8801999999999999,1.88039
2026-05-22 05:30:00,1.8803999999999998,1.88066,1.88,1.88016
2026-05-22 05:45:00,1.88015,1.88103,1.88011,1.88062
2026-05-22 06:00:00,1.8806500000000002,1.88148,1.8805100000000001,1.8814199999999999
2026-05-22 06:15:00,1.8814199999999999,1.88147,1.88103,1.88103
2026-05-22 06:30:00,1.88103,1.88122,1.8806699999999998,1.88111
2026-05-22 06:45:00,1.8811200000000001,1.88137,1.88028,1.8804400000000001
2026-05-22 07:00:00,1.88046,1.88095,1.8803299999999998,1.88055
2026-05-22 07:15:00,1.88053,1.88073,1.8803800000000002,1.88061
2026-05-22 07:30:00,1.8806,1.88122,1.88056,1.8810099999999998
2026-05-22 07:45:00,1.881,1.88123,1.88083,1.88086
2026-05-22 08:00:00,1.88086,1.88096,1.8803,1.88043
2026-05-22 08:15:00,1.88043,1.88064,1.8803100000000001,1.8803800000000002
2026-05-22 08:30:00,1.88037,1.88061,1.8801700000000001,1.88032
2026-05-22 08:45:00,1.8803100000000001,1.88052,1.87946,1.88045
2026-05-22 09:00:00,1.88049,1.8808799999999999,1.87964,1.88084
2026-05-22 09:15:00,1.8808799999999999,1.88228,1.88073,1.88156
2026-05-22 09:30:00,1.88157,1.88182,1.88093,1.8813499999999999
2026-05-22 09:45:00,1.8813499999999999,1.88154,1.8809900000000002,1.88123
2026-05-22 10:00:00,1.88122,1.8825699999999999,1.88097,1.88178
2026-05-22 10:15:00,1.88177,1.88253,1.8814899999999999,1.88236
2026-05-22 10:30:00,1.88235,1.88285,1.8817300000000001,1.88195
2026-05-22 10:45:00,1.88197,1.88265,1.8817,1.88171
2026-05-22 11:00:00,1.8817,1.88279,1.8816199999999998,1.8824999999999998
2026-05-22 11:15:00,1.8824800000000002,1.88252,1.88091,1.88215
2026-05-22 11:30:00,1.8821400000000001,1.88273,1.8815300000000001,1.88236
2026-05-22 11:45:00,1.88236,1.88236,1.88181,1.88209
2026-05-22 12:00:00,1.8820999999999999,1.88327,1.88205,1.8826
2026-05-22 12:15:00,1.8826100000000001,1.8837199999999998,1.88252,1.8830200000000001
2026-05-22 12:30:00,1.88301,1.88362,1.88277,1.88301
2026-05-22 12:45:00,1.88303,1.88358,1.8828,1.8834499999999998
2026-05-22 13:00:00,1.88344,1.88378,1.88286,1.88371
2026-05-22 13:15:00,1.88371,1.88374,1.8830900000000002,1.88362
2026-05-22 13:30:00,1.88361,1.88425,1.88341,1.88381
2026-05-22 13:45:00,1.8838,1.8841299999999999,1.88366,1.88389
2026-05-22 14:00:00,1.88389,1.88471,1.88365,1.88457
2026-05-22 14:15:00,1.88456,1.8846500000000002,1.88376,1.88398
2026-05-22 14:30:00,1.88401,1.88486,1.88399,1.88483
2026-05-22 14:45:00,1.8848500000000001,1.8848500000000001,1.88387,1.88455
2026-05-22 15:00:00,1.8845399999999999,1.8846699999999998,1.88224,1.88321
2026-05-22 15:15:00,1.88321,1.88419,1.88263,1.88416
2026-05-22 15:30:00,1.88415,1.88475,1.8838,1.88456
2026-05-22 15:45:00,1.88456,1.8847,1.8837199999999998,1.88401
2026-05-22 16:00:00,1.88402,1.8853900000000001,1.88361,1.8839700000000001
2026-05-22 16:15:00,1.8839700000000001,1.88548,1.88373,1.8853900000000001
2026-05-22 16:30:00,1.8853900000000001,1.8856899999999999,1.88476,1.88533
2026-05-22 16:45:00,1.8853499999999999,1.88608,1.8844400000000001,1.8847399999999999
2026-05-22 17:00:00,1.88471,1.88618,1.8846,1.88527
2026-05-22 17:15:00,1.88531,1.8856899999999999,1.88462,1.88466
2026-05-22 17:30:00,1.8846500000000002,1.88541,1.88439,1.8853499999999999
2026-05-22 17:45:00,1.8853499999999999,1.8854199999999999,1.88396,1.88496
2026-05-22 18:00:00,1.88497,1.8852600000000002,1.8841299999999999,1.88462
2026-05-22 18:15:00,1.88463,1.88538,1.8846,1.88493
2026-05-22 18:30:00,1.8849900000000002,1.88506,1.88436,1.8847800000000001
2026-05-22 18:45:00,1.88477,1.88495,1.88419,1.8843299999999998
2026-05-22 19:00:00,1.88435,1.88448,1.88366,1.88419
2026-05-22 19:15:00,1.8841999999999999,1.88457,1.8839700000000001,1.8842400000000001
2026-05-22 19:30:00,1.88425,1.88456,1.88403,1.8845
2026-05-22 19:45:00,1.8845,1.88452,1.88414,1.88416
2026-05-22 20:00:00,1.88418,1.88419,1.88357,1.88387
2026-05-22 20:15:00,1.88388,1.88461,1.8834300000000002,1.88367
2026-05-22 20:30:00,1.88366,1.88434,1.8835,1.8843100000000002
2026-05-22 20:45:00,1.8843100000000002,1.88435,1.8837899999999999,1.8841700000000001
2026-05-22 21:00:00,1.8841700000000001,1.88448,1.88367,1.8837000000000002
2026-05-22 21:15:00,1.8837000000000002,1.88395,1.8835600000000001,1.8838300000000001
2026-05-22 21:30:00,1.8838599999999999,1.88422,1.88365,1.8838
2026-05-22 21:45:00,1.8838,1.88414,1.8837199999999998,1.8839700000000001
2026-05-22 22:00:00,1.88399,1.8841700000000001,1.8837899999999999,1.88387
2026-05-22 22:15:00,1.88388,1.88421,1.88373,1.88412
2026-05-22 22:30:00,1.88411,1.88446,1.88401,1.88427
2026-05-22 22:45:00,1.88427,1.88455,1.88425,1.88448
2026-05-22 23:00:00,1.88448,1.8848500000000001,1.8843800000000002,1.88463
2026-05-22 23:15:00,1.8846,1.88527,1.8846,1.8852600000000002
2026-05-22 23:30:00,1.8852600000000002,1.8854600000000001,1.88459,1.88466
2026-05-22 23:45:00,1.8847,1.8850099999999999,1.88351,1.8837000000000002
2026-05-25 00:00:00,1.87893,1.87917,1.8766500000000002,1.87877
2026-05-25 00:15:00,1.87877,1.8792200000000001,1.87813,1.87917
2026-05-25 00:30:00,1.87917,1.87965,1.8789799999999999,1.87928
2026-05-25 00:45:00,1.8796,1.8806699999999998,1.8796,1.8804400000000001
2026-05-25 01:00:00,1.88052,1.88283,1.88032,1.8827099999999999
2026-05-25 01:15:00,1.88266,1.8842400000000001,1.88233,1.88419
2026-05-25 01:30:00,1.8841999999999999,1.8845,1.8837199999999998,1.8837899999999999
2026-05-25 01:45:00,1.88381,1.88384,1.88299,1.88364
2026-05-25 02:00:00,1.88362,1.88366,1.88305,1.88364
2026-05-25 02:15:00,1.88364,1.8838,1.8832499999999999,1.88327
2026-05-25 02:30:00,1.8832900000000001,1.8834499999999998,1.88288,1.8829500000000001
2026-05-25 02:45:00,1.88296,1.88371,1.88283,1.88361
2026-05-25 03:00:00,1.88361,1.88414,1.88319,1.88333
2026-05-25 03:15:00,1.8833199999999999,1.8836,1.8824100000000001,1.8824800000000002
2026-05-25 03:30:00,1.88247,1.8829799999999999,1.88227,1.88281
2026-05-25 03:45:00,1.8828,1.88304,1.88222,1.8828399999999998
2026-05-25 04:00:00,1.8828200000000002,1.88287,1.88157,1.88167
2026-05-25 04:15:00,1.88168,1.88211,1.88064,1.88068
2026-05-25 04:30:00,1.88069,1.88201,1.88062,1.8808099999999999
2026-05-25 04:45:00,1.88082,1.8811900000000001,1.8808,1.88103
2026-05-25 05:00:00,1.88102,1.88102,1.8801299999999999,1.8803999999999998
2026-05-25 05:15:00,1.8803800000000002,1.88057,1.87974,1.88015
2026-05-25 05:30:00,1.88014,1.88073,1.87989,1.88045
2026-05-25 05:45:00,1.88045,1.88122,1.88039,1.88106
2026-05-25 06:00:00,1.88107,1.8813,1.88077,1.88122
2026-05-25 06:15:00,1.88123,1.88172,1.88118,1.88134
2026-05-25 06:30:00,1.88133,1.88184,1.88123,1.8816000000000002
2026-05-25 06:45:00,1.88161,1.88183,1.88144,1.88161
2026-05-25 07:00:00,1.8816000000000002,1.88177,1.88121,1.88163
2026-05-25 07:15:00,1.88163,1.88171,1.88093,1.88103
2026-05-25 07:30:00,1.88104,1.8811499999999999,1.88061,1.88071
2026-05-25 07:45:00,1.88072,1.88086,1.88026,1.88072
2026-05-25 08:00:00,1.88071,1.88103,1.8804400000000001,1.88072
2026-05-25 08:15:00,1.88072,1.8814899999999999,1.88053,1.88148
2026-05-25 08:30:00,1.88147,1.88159,1.8808099999999999,1.88113
2026-05-25 08:45:00,1.88113,1.8819599999999999,1.88103,1.8815499999999998
2026-05-25 09:00:00,1.88156,1.88167,1.8807800000000001,1.88096
2026-05-25 09:15:00,1.88095,1.88141,1.88095,1.88124
2026-05-25 09:30:00,1.88125,1.88159,1.8809200000000001,1.88148
2026-05-25 09:45:00,1.88148,1.88201,1.88122,1.88193
2026-05-25 10:00:00,1.8818700000000002,1.88263,1.88179,1.88259
2026-05-25 10:15:00,1.88258,1.88348,1.88224,1.88244
2026-05-25 10:30:00,1.88244,1.88244,1.88172,1.8823699999999999
2026-05-25 10:45:00,1.88238,1.88317,1.88229,1.88314
2026-05-25 11:00:00,1.88313,1.8835199999999999,1.8828,1.8832499999999999
2026-05-25 11:15:00,1.8832499999999999,1.88344,1.88299,1.8831
2026-05-25 11:30:00,1.8830900000000002,1.88319,1.8821400000000001,1.8822
2026-05-25 11:45:00,1.88219,1.88274,1.88211,1.88273
2026-05-25 12:00:00,1.88272,1.8827500000000001,1.8823400000000001,1.88265
2026-05-25 12:15:00,1.88262,1.88308,1.88259,1.88301
2026-05-25 12:30:00,1.883,1.88303,1.8822100000000002,1.88226
2026-05-25 12:45:00,1.88229,1.8827,1.88224,1.88258
2026-05-25 13:00:00,1.88259,1.8826100000000001,1.8819599999999999,1.88209
2026-05-25 13:15:00,1.88209,1.88227,1.8818899999999998,1.8822299999999998
2026-05-25 13:30:00,1.88224,1.88266,1.8822100000000002,1.8823400000000001
2026-05-25 13:45:00,1.88235,1.88259,1.8822,1.8824800000000002
2026-05-25 14:00:00,1.88249,1.88272,1.8822100000000002,1.88246
2026-05-25 14:15:00,1.88246,1.8828200000000002,1.8824,1.88265
2026-05-25 14:30:00,1.88266,1.88269,1.88204,1.88224
2026-05-25 14:45:00,1.88226,1.88277,1.8822,1.88266
2026-05-25 15:00:00,1.8827,1.883,1.8824800000000002,1.8826800000000001
2026-05-25 15:15:00,1.8827,1.88299,1.8824999999999998,1.8825699999999999
2026-05-25 15:30:00,1.88255,1.88297,1.88238,1.88245
2026-05-25 15:45:00,1.88245,1.88314,1.88232,1.883
2026-05-25 16:00:00,1.883,1.88306,1.88226,1.88238
2026-05-25 16:15:00,1.88239,1.88285,1.88226,1.8827099999999999
2026-05-25 16:30:00,1.8827,1.8829500000000001,1.8824800000000002,1.8826
2026-05-25 16:45:00,1.8826,1.88313,1.88226,1.88228
2026-05-25 17:00:00,1.88228,1.88228,1.88178,1.88197
2026-05-25 17:15:00,1.88197,1.8820299999999999,1.88172,1.88188
2026-05-25 17:30:00,1.88186,1.8820700000000001,1.88177,1.88179
2026-05-25 17:45:00,1.8818000000000001,1.88206,1.88068,1.88072
2026-05-25 18:00:00,1.88075,1.88118,1.8803,1.88083
2026-05-25 18:15:00,1.8808500000000001,1.88148,1.8808099999999999,1.88143
2026-05-25 18:30:00,1.88144,1.88208,1.88132,1.8819
2026-05-25 18:45:00,1.8819,1.88245,1.88156,1.88228
2026-05-25 19:00:00,1.8822999999999999,1.88272,1.88212,1.88236
2026-05-25 19:15:00,1.88236,1.8826800000000001,1.88209,1.88252
2026-05-25 19:30:00,1.88253,1.88273,1.8824100000000001,1.88247
2026-05-25 19:45:00,1.88247,1.8826800000000001,1.8823400000000001,1.88246
2026-05-25 20:00:00,1.88246,1.8826,1.88239,1.88251
2026-05-25 20:15:00,1.88251,1.88259,1.88199,1.88205
2026-05-25 20:30:00,1.88204,1.8822999999999999,1.88192,1.88222
2026-05-25 20:45:00,1.88222,1.8822299999999998,1.88208,1.88213
2026-05-25 21:00:00,1.88212,1.8822999999999999,1.88209,1.8822
2026-05-25 21:15:00,1.88219,1.88238,1.88212,1.8822999999999999
2026-05-25 21:30:00,1.8822999999999999,1.88245,1.88219,1.88243
2026-05-25 21:45:00,1.88242,1.8824999999999998,1.88229,1.88239
2026-05-25 22:00:00,1.88239,1.88242,1.8822100000000002,1.88225
2026-05-25 22:15:00,1.88224,1.88235,1.88219,1.8822100000000002
2026-05-25 22:30:00,1.88222,1.88243,1.8820999999999999,1.8824100000000001
2026-05-25 22:45:00,1.8824,1.88244,1.88224,1.88238
2026-05-25 23:00:00,1.88238,1.88238,1.88222,1.88231
2026-05-25 23:15:00,1.8822999999999999,1.88238,1.88218,1.8823699999999999
2026-05-25 23:30:00,1.8824,1.88272,1.88224,1.88251
2026-05-25 23:45:00,1.8824800000000002,1.88259,1.88212,1.88215
2026-05-26 00:00:00,1.88195,1.88247,1.8810099999999998,1.88182
2026-05-26 00:15:00,1.88182,1.8820999999999999,1.88138,1.88191
2026-05-26 00:30:00,1.88177,1.88263,1.88172,1.8824
2026-05-26 00:45:00,1.88246,1.88317,1.88186,1.8828
2026-05-26 01:00:00,1.8828,1.8828,1.88184,1.88236
2026-05-26 01:15:00,1.8823400000000001,1.88274,1.88231,1.88242
2026-05-26 01:30:00,1.88242,1.88278,1.88227,1.88263
2026-05-26 01:45:00,1.8826399999999999,1.8826399999999999,1.88213,1.88224
2026-05-26 02:00:00,1.88225,1.8822999999999999,1.88194,1.88215
2026-05-26 02:15:00,1.88216,1.88219,1.88182,1.88195
2026-05-26 02:30:00,1.88195,1.88267,1.88192,1.88242
2026-05-26 02:45:00,1.8824100000000001,1.88296,1.8823400000000001,1.8827
2026-05-26 03:00:00,1.8827,1.88303,1.88192,1.88218
2026-05-26 03:15:00,1.88219,1.88278,1.88211,1.88236
2026-05-26 03:30:00,1.88236,1.8823699999999999,1.8818700000000002,1.88217
2026-05-26 03:45:00,1.88216,1.8827099999999999,1.88191,1.88195
2026-05-26 04:00:00,1.88195,1.88287,1.88175,1.88228
2026-05-26 04:15:00,1.88229,1.883,1.8816899999999999,1.88198
2026-05-26 04:30:00,1.8819599999999999,1.88259,1.88178,1.88228
2026-05-26 04:45:00,1.88227,1.88245,1.88171,1.88227
2026-05-26 05:00:00,1.8822999999999999,1.8825699999999999,1.88208,1.88252
2026-05-26 05:15:00,1.88251,1.88262,1.8820299999999999,1.8820999999999999
2026-05-26 05:30:00,1.88206,1.88266,1.88188,1.88262
2026-05-26 05:45:00,1.88263,1.88263,1.88179,1.8820999999999999
2026-05-26 06:00:00,1.88209,1.88217,1.8811900000000001,1.8816000000000002
2026-05-26 06:15:00,1.88159,1.8817599999999999,1.88103,1.88133
2026-05-26 06:30:00,1.88132,1.8813900000000001,1.8808799999999999,1.88089
2026-05-26 06:45:00,1.8810099999999998,1.8811499999999999,1.88084,1.88096
2026-05-26 07:00:00,1.88097,1.8815300000000001,1.88077,1.88093
2026-05-26 07:15:00,1.88095,1.88125,1.88077,1.88121
2026-05-26 07:30:00,1.88122,1.8827099999999999,1.8811900000000001,1.88244
2026-05-26 07:45:00,1.88246,1.88258,1.88212,1.88256
2026-05-26 08:00:00,1.88255,1.8835,1.88244,1.8829
2026-05-26 08:15:00,1.8829,1.8829099999999999,1.88231,1.88236
2026-05-26 08:30:00,1.88236,1.88247,1.8820299999999999,1.88222
2026-05-26 08:45:00,1.8822299999999998,1.88235,1.88191,1.88209
2026-05-26 09:00:00,1.8820700000000001,1.88219,1.8812600000000002,1.88145
2026-05-26 09:15:00,1.88144,1.8820000000000001,1.8808799999999999,1.88137
2026-05-26 09:30:00,1.8814,1.8814600000000001,1.88035,1.8805
2026-05-26 09:45:00,1.88045,1.8809900000000002,1.8801999999999999,1.8809399999999998
2026-05-26 10:00:00,1.8809399999999998,1.88194,1.8807399999999999,1.88091
2026-05-26 10:15:00,1.88091,1.88159,1.88064,1.88148
2026-05-26 10:30:00,1.88148,1.88202,1.8808500000000001,1.88143
2026-05-26 10:45:00,1.88143,1.88158,1.8807,1.88095
2026-05-26 11:00:00,1.88093,1.8814899999999999,1.8807,1.8810099999999998
2026-05-26 11:15:00,1.881,1.88111,1.8803999999999998,1.88052
2026-05-26 11:30:00,1.88052,1.88103,1.88042,1.88093
2026-05-26 11:45:00,1.88093,1.88165,1.88084,1.88096
2026-05-26 12:00:00,1.88098,1.88239,1.8806,1.88205
2026-05-26 12:15:00,1.8820700000000001,1.88225,1.88167,1.8818700000000002
2026-05-26 12:30:00,1.88188,1.88212,1.8813900000000001,1.8819599999999999
2026-05-26 12:45:00,1.8819599999999999,1.88217,1.8813499999999999,1.88211
2026-05-26 13:00:00,1.88212,1.88233,1.8817300000000001,1.88197
2026-05-26 13:15:00,1.88197,1.88209,1.88141,1.88186
2026-05-26 13:30:00,1.88186,1.88217,1.8814899999999999,1.88151
2026-05-26 13:45:00,1.88152,1.8819,1.88134,1.88182
2026-05-26 14:00:00,1.88185,1.8822,1.88124,1.88131
2026-05-26 14:15:00,1.88132,1.8816199999999998,1.88082,1.88089
2026-05-26 14:30:00,1.88089,1.88172,1.88035,1.88037
2026-05-26 14:45:00,1.8803800000000002,1.88061,1.87958,1.88
2026-05-26 15:00:00,1.88,1.88023,1.87962,1.87994
2026-05-26 15:15:00,1.87994,1.88036,1.8798,1.87984
2026-05-26 15:30:00,1.87985,1.8800400000000002,1.8791099999999998,1.87935
2026-05-26 15:45:00,1.8793600000000001,1.87969,1.8786100000000001,1.87865
2026-05-26 16:00:00,1.87865,1.87886,1.87801,1.8782
2026-05-26 16:15:00,1.8782100000000002,1.8784399999999999,1.87759,1.87765
2026-05-26 16:30:00,1.87766,1.8784800000000001,1.87697,1.87718
2026-05-26 16:45:00,1.87718,1.87869,1.87642,1.8779
2026-05-26 17:00:00,1.87772,1.8780999999999999,1.87713,1.87717
2026-05-26 17:15:00,1.87718,1.87804,1.87689,1.87778
2026-05-26 17:30:00,1.87778,1.87849,1.87768,1.8777
2026-05-26 17:45:00,1.87766,1.8780700000000001,1.8762699999999999,1.87628
2026-05-26 18:00:00,1.87629,1.87689,1.87581,1.87583
2026-05-26 18:15:00,1.87583,1.87698,1.87561,1.87695
2026-05-26 18:30:00,1.87695,1.8772199999999999,1.87645,1.87664
2026-05-26 18:45:00,1.87664,1.87693,1.87628,1.87633
2026-05-26 19:00:00,1.87632,1.8765800000000001,1.87601,1.8763999999999998
2026-05-26 19:15:00,1.87641,1.87663,1.8762699999999999,1.87656
2026-05-26 19:30:00,1.8765399999999999,1.87689,1.87635,1.87644
2026-05-26 19:45:00,1.87643,1.8769,1.8763800000000002,1.87649
2026-05-26 20:00:00,1.8764699999999999,1.8771200000000001,1.8763,1.87691
2026-05-26 20:15:00,1.87691,1.87703,1.87648,1.8765800000000001
2026-05-26 20:30:00,1.8765800000000001,1.8768799999999999,1.87628,1.8765800000000001
2026-05-26 20:45:00,1.87655,1.87679,1.87642,1.87662
2026-05-26 21:00:00,1.87661,1.87668,1.8759299999999999,1.87608
2026-05-26 21:15:00,1.8760599999999998,1.87614,1.87562,1.87562
2026-05-26 21:30:00,1.87561,1.87583,1.8754499999999998,1.87574
2026-05-26 21:45:00,1.87574,1.87583,1.87538,1.87562
2026-05-26 22:00:00,1.87562,1.87591,1.87548,1.8756599999999999
2026-05-26 22:15:00,1.8756599999999999,1.8758599999999999,1.8756,1.87578
2026-05-26 22:30:00,1.87576,1.8759299999999999,1.87568,1.8757700000000002
2026-05-26 22:45:00,1.8757700000000002,1.87608,1.87564,1.87599
2026-05-26 23:00:00,1.876,1.87675,1.8759299999999999,1.87657
2026-05-26 23:15:00,1.87657,1.87666,1.87603,1.87608
2026-05-26 23:30:00,1.87608,1.87632,1.87601,1.87607
2026-05-26 23:45:00,1.8760599999999998,1.87653,1.87592,1.87602
2026-05-27 00:00:00,1.87404,1.87562,1.8739599999999998,1.87562
2026-05-27 00:15:00,1.87562,1.8761299999999999,1.8746,1.87537
2026-05-27 00:30:00,1.87534,1.87573,1.87523,1.87553
2026-05-27 00:45:00,1.87546,1.87585,1.8753199999999999,1.87567
2026-05-27 01:00:00,1.87567,1.87635,1.87567,1.87616
2026-05-27 01:15:00,1.87616,1.87637,1.87598,1.87635
2026-05-27 01:30:00,1.87636,1.87639,1.87615,1.87636
2026-05-27 01:45:00,1.87639,1.87662,1.87632,1.87655
2026-05-27 02:00:00,1.87657,1.8765800000000001,1.8763,1.87648
2026-05-27 02:15:00,1.87648,1.87671,1.87636,1.87645
2026-05-27 02:30:00,1.87645,1.8765100000000001,1.87608,1.87608
2026-05-27 02:45:00,1.8761100000000002,1.8764699999999999,1.87588,1.87636
2026-05-27 03:00:00,1.87635,1.8769200000000001,1.8761700000000001,1.8763999999999998
2026-05-27 03:15:00,1.87639,1.87662,1.87538,1.87546
2026-05-27 03:30:00,1.87547,1.8755199999999999,1.87461,1.87473
2026-05-27 03:45:00,1.87473,1.87542,1.87417,1.87511
2026-05-27 04:00:00,1.87511,1.8752,1.8744800000000001,1.8746800000000001
2026-05-27 04:15:00,1.8746800000000001,1.87485,1.8742100000000002,1.87447
2026-05-27 04:30:00,1.87446,1.8795199999999999,1.87446,1.87791
2026-05-27 04:45:00,1.87792,1.87992,1.8778700000000002,1.8788
2026-05-27 05:00:00,1.87885,1.8795600000000001,1.87755,1.8779400000000002
2026-05-27 05:15:00,1.87797,1.87917,1.87791,1.879
2026-05-27 05:30:00,1.879,1.87912,1.87827,1.87869
2026-05-27 05:45:00,1.87867,1.87876,1.87754,1.87831
2026-05-27 06:00:00,1.87831,1.8785699999999999,1.87743,1.87854
2026-05-27 06:15:00,1.8785500000000002,1.87921,1.8783400000000001,1.87873
2026-05-27 06:30:00,1.8787099999999999,1.87953,1.87839,1.87947
2026-05-27 06:45:00,1.87947,1.8796599999999999,1.8789500000000001,1.8791600000000002
2026-05-27 07:00:00,1.8791799999999999,1.87967,1.87846,1.8784800000000001
2026-05-27 07:15:00,1.87847,1.8790200000000001,1.87827,1.87896
2026-05-27 07:30:00,1.87899,1.87931,1.87839,1.87839
2026-05-27 07:45:00,1.87836,1.87885,1.8780700000000001,1.8787500000000001
2026-05-27 08:00:00,1.87876,1.87927,1.8785699999999999,1.8787099999999999
2026-05-27 08:15:00,1.8787099999999999,1.87926,1.87866,1.87887
2026-05-27 08:30:00,1.87885,1.87987,1.87865,1.8796
2026-05-27 08:45:00,1.8795899999999999,1.87984,1.8792,1.87978
2026-05-27 09:00:00,1.8797700000000002,1.88029,1.87933,1.88029
2026-05-27 09:15:00,1.88029,1.88124,1.88011,1.88072
2026-05-27 09:30:00,1.88072,1.88093,1.88016,1.88093
2026-05-27 09:45:00,1.88093,1.88239,1.88091,1.8823400000000001
2026-05-27 10:00:00,1.88233,1.88256,1.88145,1.8820000000000001
2026-05-27 10:15:00,1.88199,1.88265,1.88167,1.88211
2026-05-27 10:30:00,1.88211,1.88337,1.88198,1.88305
2026-05-27 10:45:00,1.88304,1.88344,1.88239,1.88317
2026-05-27 11:00:00,1.88319,1.8849200000000002,1.88276,1.88421
2026-05-27 11:15:00,1.88422,1.8846,1.8831099999999998,1.8837199999999998
2026-05-27 11:30:00,1.88374,1.88382,1.88299,1.88324
2026-05-27 11:45:00,1.8832200000000001,1.88355,1.8824800000000002,1.88278
2026-05-27 12:00:00,1.88279,1.88349,1.8826800000000001,1.88312
2026-05-27 12:15:00,1.88312,1.88312,1.88209,1.88255
2026-05-27 12:30:00,1.88255,1.8826,1.88212,1.8823699999999999
2026-05-27 12:45:00,1.8823699999999999,1.88285,1.88205,1.88243
2026-05-27 13:00:00,1.88245,1.88247,1.88181,1.88201
2026-05-27 13:15:00,1.88199,1.88229,1.88159,1.88206
2026-05-27 13:30:00,1.8820700000000001,1.8829799999999999,1.8820000000000001,1.8829799999999999
2026-05-27 13:45:00,1.88299,1.8845399999999999,1.88287,1.88401
2026-05-27 14:00:00,1.88401,1.88401,1.88328,1.88378
2026-05-27 14:15:00,1.8838,1.88419,1.8837000000000002,1.88419
2026-05-27 14:30:00,1.88421,1.88469,1.88387,1.88387
2026-05-27 14:45:00,1.88388,1.88434,1.88342,1.8835600000000001
2026-05-27 15:00:00,1.88355,1.88522,1.88342,1.8851900000000001
2026-05-27 15:15:00,1.8851900000000001,1.88547,1.88227,1.8825699999999999
2026-05-27 15:30:00,1.88258,1.8841999999999999,1.88201,1.88373
2026-05-27 15:45:00,1.88374,1.8842400000000001,1.88357,1.8839299999999999
2026-05-27 16:00:00,1.8839299999999999,1.88455,1.8835600000000001,1.88442
2026-05-27 16:15:00,1.88439,1.885,1.88418,1.88497
2026-05-27 16:30:00,1.88498,1.88516,1.8841,1.88443
2026-05-27 16:45:00,1.8844400000000001,1.88504,1.88378,1.88389
2026-05-27 17:00:00,1.88389,1.8848500000000001,1.88378,1.88466
2026-05-27 17:15:00,1.88464,1.885,1.88395,1.88456
2026-05-27 17:30:00,1.88457,1.88582,1.8841999999999999,1.8849200000000002
2026-05-27 17:45:00,1.88491,1.8849900000000002,1.88255,1.88273
2026-05-27 18:00:00,1.88272,1.8827500000000001,1.88184,1.88202
2026-05-27 18:15:00,1.88201,1.88213,1.88107,1.88137
2026-05-27 18:30:00,1.88137,1.88224,1.88113,1.88193
2026-05-27 18:45:00,1.88193,1.88242,1.88167,1.8820000000000001
2026-05-27 19:00:00,1.8820000000000001,1.88205,1.88122,1.88132
2026-05-27 19:15:00,1.88132,1.8814899999999999,1.88106,1.8814
2026-05-27 19:30:00,1.8814199999999999,1.88154,1.88079,1.8808099999999999
2026-05-27 19:45:00,1.8808099999999999,1.88138,1.88062,1.88122
2026-05-27 20:00:00,1.88125,1.88177,1.8811200000000001,1.8813
2026-05-27 20:15:00,1.8813,1.88145,1.88097,1.8811200000000001
2026-05-27 20:30:00,1.8811200000000001,1.88121,1.8805800000000001,1.88102
2026-05-27 20:45:00,1.88102,1.88167,1.88098,1.88167
2026-05-27 21:00:00,1.88164,1.8817599999999999,1.8813900000000001,1.88152
2026-05-27 21:15:00,1.88151,1.88188,1.8812600000000002,1.88138
2026-05-27 21:30:00,1.88136,1.8817,1.8811,1.8812
2026-05-27 21:45:00,1.88118,1.88136,1.88107,1.8811200000000001
2026-05-27 22:00:00,1.8811200000000001,1.88134,1.88046,1.88052
2026-05-27 22:15:00,1.8805100000000001,1.8811200000000001,1.8804400000000001,1.8810099999999998
2026-05-27 22:30:00,1.8809900000000002,1.8811200000000001,1.88064,1.8808099999999999
2026-05-27 22:45:00,1.88082,1.8808500000000001,1.88046,1.88052
2026-05-27 23:00:00,1.88049,1.88075,1.88034,1.88053
2026-05-27 23:15:00,1.88053,1.88055,1.88032,1.88042
2026-05-27 23:30:00,1.88049,1.8808099999999999,1.88042,1.8805800000000001
2026-05-27 23:45:00,1.8806,1.88068,1.87982,1.87995
2026-05-28 00:00:00,1.87605,1.87869,1.87605,1.8786
2026-05-28 00:15:00,1.87827,1.87924,1.87827,1.87878
2026-05-28 00:30:00,1.87915,1.88002,1.879,1.87937
2026-05-28 00:45:00,1.87937,1.88106,1.87928,1.87992
2026-05-28 01:00:00,1.8801299999999999,1.8804699999999999,1.87961,1.88015
2026-05-28 01:15:00,1.88015,1.8803100000000001,1.87994,1.88009
2026-05-28 01:30:00,1.88008,1.8803100000000001,1.88005,1.88012
2026-05-28 01:45:00,1.88008,1.88015,1.8797899999999998,1.8801299999999999
2026-05-28 02:00:00,1.88011,1.88014,1.8798,1.8798599999999999
2026-05-28 02:15:00,1.87988,1.8802400000000001,1.8794,1.88003
2026-05-28 02:30:00,1.8800400000000002,1.8805399999999999,1.8797700000000002,1.88035
2026-05-28 02:45:00,1.88035,1.88089,1.88028,1.8808
2026-05-28 03:00:00,1.8807800000000001,1.88156,1.88077,1.88141
2026-05-28 03:15:00,1.8814199999999999,1.88144,1.88064,1.88096
2026-05-28 03:30:00,1.88097,1.88198,1.88097,1.88158
2026-05-28 03:45:00,1.88159,1.88161,1.8807399999999999,1.8808
2026-05-28 04:00:00,1.8808099999999999,1.88103,1.8801299999999999,1.8809399999999998
2026-05-28 04:15:00,1.88098,1.88202,1.88082,1.88183
2026-05-28 04:30:00,1.88181,1.8828399999999998,1.8818000000000001,1.88222
2026-05-28 04:45:00,1.88219,1.88239,1.88147,1.88199
2026-05-28 05:00:00,1.88199,1.88236,1.88144,1.88151
2026-05-28 05:15:00,1.88152,1.88175,1.88136,1.88152
2026-05-28 05:30:00,1.88152,1.8818000000000001,1.8811900000000001,1.88159
2026-05-28 05:45:00,1.8816000000000002,1.8822,1.88098,1.88104
2026-05-28 06:00:00,1.88109,1.88182,1.88015,1.8816000000000002
2026-05-28 06:15:00,1.88161,1.88274,1.88158,1.8824800000000002
2026-05-28 06:30:00,1.88249,1.88328,1.88213,1.88288
2026-05-28 06:45:00,1.88289,1.88319,1.88218,1.88235
2026-05-28 07:00:00,1.88236,1.8834499999999998,1.88197,1.88245
2026-05-28 07:15:00,1.88244,1.88353,1.88232,1.88319
2026-05-28 07:30:00,1.8832,1.8837199999999998,1.8829799999999999,1.88319
2026-05-28 07:45:00,1.88321,1.88344,1.88278,1.8829500000000001
2026-05-28 08:00:00,1.8829500000000001,1.8836,1.88228,1.88245
2026-05-28 08:15:00,1.88247,1.8827,1.88125,1.8813900000000001
2026-05-28 08:30:00,1.88137,1.8824,1.8809399999999998,1.88233
2026-05-28 08:45:00,1.88233,1.8823400000000001,1.88114,1.88181
2026-05-28 09:00:00,1.8818000000000001,1.88198,1.88122,1.88136
2026-05-28 09:15:00,1.88137,1.8815300000000001,1.88037,1.88121
2026-05-28 09:30:00,1.8811900000000001,1.88238,1.88114,1.8822100000000002
2026-05-28 09:45:00,1.8822100000000002,1.88263,1.8818899999999998,1.88242
2026-05-28 10:00:00,1.88243,1.88279,1.88195,1.88205
2026-05-28 10:15:00,1.88209,1.88226,1.88091,1.88197
2026-05-28 10:30:00,1.88199,1.8827500000000001,1.88165,1.88226
2026-05-28 10:45:00,1.88224,1.88258,1.88174,1.88185
2026-05-28 11:00:00,1.88185,1.88229,1.8816199999999998,1.8819599999999999
2026-05-28 11:15:00,1.88195,1.88312,1.88195,1.88304
2026-05-28 11:30:00,1.88303,1.88304,1.8823400000000001,1.88258
2026-05-28 11:45:00,1.88256,1.8832200000000001,1.8823400000000001,1.88294
2026-05-28 12:00:00,1.88292,1.88338,1.88258,1.88267
2026-05-28 12:15:00,1.88266,1.88276,1.88178,1.88181
2026-05-28 12:30:00,1.8818000000000001,1.8824100000000001,1.8815300000000001,1.8815499999999998
2026-05-28 12:45:00,1.8815499999999998,1.88179,1.88111,1.88129
2026-05-28 13:00:00,1.8812799999999998,1.8816199999999998,1.88048,1.8808799999999999
2026-05-28 13:15:00,1.88087,1.8816000000000002,1.88055,1.8815499999999998
2026-05-28 13:30:00,1.88154,1.88227,1.88129,1.88222
2026-05-28 13:45:00,1.88222,1.88326,1.8817,1.88256
2026-05-28 14:00:00,1.88256,1.88277,1.88218,1.88259
2026-05-28 14:15:00,1.88259,1.88292,1.88252,1.88278
2026-05-28 14:30:00,1.88279,1.88312,1.88224,1.88305
2026-05-28 14:45:00,1.88307,1.88374,1.88296,1.88344
2026-05-28 15:00:00,1.88344,1.8835,1.8824800000000002,1.88259
2026-05-28 15:15:00,1.88265,1.88335,1.88252,1.8831
2026-05-28 15:30:00,1.88308,1.8835,1.88226,1.8822999999999999
2026-05-28 15:45:00,1.8823400000000001,1.88242,1.8816199999999998,1.88179
2026-05-28 16:00:00,1.88174,1.88259,1.88133,1.88239
2026-05-28 16:15:00,1.8823699999999999,1.88238,1.88186,1.88227
2026-05-28 16:30:00,1.88226,1.88334,1.88179,1.883
2026-05-28 16:45:00,1.88301,1.88308,1.8817300000000001,1.88175
2026-05-28 17:00:00,1.88172,1.88194,1.87934,1.87973
2026-05-28 17:15:00,1.87973,1.88072,1.87828,1.87845
2026-05-28 17:30:00,1.87846,1.87989,1.8782299999999998,1.8783699999999999
2026-05-28 17:45:00,1.87836,1.87957,1.8782,1.87912
2026-05-28 18:00:00,1.8791,1.8791,1.87693,1.87727
2026-05-28 18:15:00,1.8772600000000002,1.87744,1.8765,1.8769
2026-05-28 18:30:00,1.87693,1.87711,1.8763,1.87669
2026-05-28 18:45:00,1.8767,1.87713,1.87661,1.877
2026-05-28 19:00:00,1.8770099999999998,1.87706,1.87626,1.8765100000000001
2026-05-28 19:15:00,1.87653,1.87675,1.87549,1.87553
2026-05-28 19:30:00,1.8755199999999999,1.87625,1.87551,1.8759299999999999
2026-05-28 19:45:00,1.87591,1.8762699999999999,1.8755199999999999,1.87583
2026-05-28 20:00:00,1.87583,1.87636,1.87573,1.87634
2026-05-28 20:15:00,1.87632,1.8765100000000001,1.87603,1.87612
2026-05-28 20:30:00,1.8761,1.87643,1.87578,1.87581
2026-05-28 20:45:00,1.87581,1.87652,1.87581,1.87643
2026-05-28 21:00:00,1.87643,1.8765,1.87601,1.87633
2026-05-28 21:15:00,1.87634,1.8765,1.87605,1.87636
2026-05-28 21:30:00,1.87637,1.87653,1.87623,1.87643
2026-05-28 21:45:00,1.87643,1.87668,1.87608,1.87632
2026-05-28 22:00:00,1.87637,1.8763800000000002,1.87599,1.8763100000000001
2026-05-28 22:15:00,1.8763100000000001,1.87633,1.87589,1.87594
2026-05-28 22:30:00,1.8759299999999999,1.87614,1.87578,1.87598
2026-05-28 22:45:00,1.87601,1.87652,1.87594,1.87648
2026-05-28 23:00:00,1.87652,1.87668,1.87639,1.87641
2026-05-28 23:15:00,1.87641,1.87661,1.87632,1.87643
2026-05-28 23:30:00,1.8763999999999998,1.87682,1.87636,1.8766699999999998
2026-05-28 23:45:00,1.87666,1.877,1.8765399999999999,1.87666
2026-05-29 00:00:00,1.87493,1.8763999999999998,1.87418,1.87621
2026-05-29 00:15:00,1.8746,1.87655,1.8746,1.8762699999999999
2026-05-29 00:30:00,1.8762699999999999,1.8765,1.8762699999999999,1.8765
2026-05-29 00:45:00,1.8765,1.87703,1.87564,1.87589
2026-05-29 01:00:00,1.8758599999999999,1.87684,1.8758599999999999,1.87668
2026-05-29 01:15:00,1.87671,1.8768099999999999,1.87655,1.87661
2026-05-29 01:30:00,1.8766,1.8767399999999999,1.87649,1.87655
2026-05-29 01:45:00,1.87653,1.87663,1.87632,1.87653
2026-05-29 02:00:00,1.8765100000000001,1.8769900000000002,1.8763100000000001,1.87655
2026-05-29 02:15:00,1.8765399999999999,1.87695,1.87643,1.87682
2026-05-29 02:30:00,1.87682,1.87711,1.87634,1.8768
2026-05-29 02:45:00,1.8768,1.87721,1.8766699999999998,1.87677
2026-05-29 03:00:00,1.87677,1.877,1.87641,1.8767800000000001
2026-05-29 03:15:00,1.87677,1.87696,1.87614,1.8765399999999999
2026-05-29 03:30:00,1.8765399999999999,1.87757,1.8765100000000001,1.8774600000000001
2026-05-29 03:45:00,1.8774899999999999,1.87766,1.87706,1.87713
2026-05-29 04:00:00,1.87711,1.8777599999999999,1.8766699999999998,1.87709
2026-05-29 04:15:00,1.8770799999999999,1.87743,1.87675,1.87741
2026-05-29 04:30:00,1.8774199999999999,1.8775,1.87657,1.87669
2026-05-29 04:45:00,1.87668,1.8771,1.8765800000000001,1.87684
2026-05-29 05:00:00,1.87682,1.87747,1.8767399999999999,1.8774600000000001
2026-05-29 05:15:00,1.87747,1.87809,1.8773499999999999,1.8780700000000001
2026-05-29 05:30:00,1.8780700000000001,1.8780700000000001,1.8769900000000002,1.8771200000000001
2026-05-29 05:45:00,1.87713,1.8777300000000001,1.87663,1.87751
2026-05-29 06:00:00,1.8775,1.87799,1.87738,1.87756
2026-05-29 06:15:00,1.87755,1.87763,1.8770099999999998,1.87756
2026-05-29 06:30:00,1.87758,1.87764,1.877,1.87732
2026-05-29 06:45:00,1.87732,1.8776000000000002,1.8772,1.8774600000000001
2026-05-29 07:00:00,1.87745,1.8774600000000001,1.87686,1.87727
2026-05-29 07:15:00,1.8772799999999998,1.8773499999999999,1.87662,1.87687
2026-05-29 07:30:00,1.8768799999999999,1.8769200000000001,1.8760400000000002,1.8761
2026-05-29 07:45:00,1.8761100000000002,1.87634,1.87576,1.8759299999999999
2026-05-29 08:00:00,1.8759299999999999,1.87601,1.87534,1.8757000000000001
2026-05-29 08:15:00,1.8756599999999999,1.8759700000000001,1.8755,1.87576
2026-05-29 08:30:00,1.87575,1.87589,1.87511,1.87589
2026-05-29 08:45:00,1.87592,1.8762400000000001,1.87573,1.87596
2026-05-29 09:00:00,1.87594,1.87619,1.87501,1.87592
2026-05-29 09:15:00,1.87591,1.87731,1.8757899999999998,1.8768500000000001
2026-05-29 09:30:00,1.8768500000000001,1.87745,1.87657,1.87716
2026-05-29 09:45:00,1.87716,1.87752,1.8766699999999998,1.87709
2026-05-29 10:00:00,1.87707,1.87714,1.87567,1.87573
2026-05-29 10:15:00,1.87571,1.87571,1.87486,1.87503
2026-05-29 10:30:00,1.87503,1.87621,1.87453,1.87548
2026-05-29 10:45:00,1.87548,1.87588,1.87454,1.87487
2026-05-29 11:00:00,1.87486,1.8759299999999999,1.87476,1.8756300000000001
2026-05-29 11:15:00,1.8756300000000001,1.87575,1.87501,1.87538
2026-05-29 11:30:00,1.87538,1.8759700000000001,1.87528,1.87541
2026-05-29 11:45:00,1.87541,1.87582,1.87469,1.8749799999999999
2026-05-29 12:00:00,1.8749500000000001,1.8759000000000001,1.87456,1.8748399999999998
2026-05-29 12:15:00,1.87485,1.87522,1.8746800000000001,1.8749099999999999
2026-05-29 12:30:00,1.87492,1.87531,1.87476,1.87501
2026-05-29 12:45:00,1.87501,1.8754300000000002,1.87463,1.87511
2026-05-29 13:00:00,1.8751,1.87531,1.87439,1.87453
2026-05-29 13:15:00,1.87452,1.87497,1.8744399999999999,1.87461
2026-05-29 13:30:00,1.87461,1.8749,1.8742100000000002,1.87452
2026-05-29 13:45:00,1.87453,1.87466,1.87388,1.8745699999999998
2026-05-29 14:00:00,1.87458,1.87462,1.8738000000000001,1.8738700000000001
2026-05-29 14:15:00,1.8738700000000001,1.87426,1.87368,1.8738899999999998
2026-05-29 14:30:00,1.8738899999999998,1.8739599999999998,1.8731900000000001,1.87357
2026-05-29 14:45:00,1.87357,1.87366,1.87268,1.87291
2026-05-29 15:00:00,1.87289,1.87334,1.8715199999999999,1.87183
2026-05-29 15:15:00,1.87183,1.87216,1.87122,1.8714
2026-05-29 15:30:00,1.8714,1.87212,1.8710200000000001,1.8721100000000002
2026-05-29 15:45:00,1.8721100000000002,1.87218,1.87112,1.87127
2026-05-29 16:00:00,1.87126,1.87146,1.8708200000000001,1.87138
2026-05-29 16:15:00,1.87138,1.87184,1.8710200000000001,1.8710200000000001
2026-05-29 16:30:00,1.8710200000000001,1.87147,1.87008,1.87054
2026-05-29 16:45:00,1.87052,1.8707,1.86927,1.8696199999999998
2026-05-29 17:00:00,1.8696000000000002,1.87085,1.86928,1.87066
2026-05-29 17:15:00,1.87065,1.87122,1.87005,1.87106
2026-05-29 17:30:00,1.87108,1.87218,1.87086,1.87114
2026-05-29 17:45:00,1.87113,1.87352,1.87106,1.87338
2026-05-29 18:00:00,1.87338,1.8743699999999999,1.87223,1.8731499999999999
2026-05-29 18:15:00,1.87316,1.8743400000000001,1.87306,1.87352
2026-05-29 18:30:00,1.8735300000000001,1.8744399999999999,1.87298,1.87347
