datetime,open,high,low,close
2026-04-30 18:30:00,1.5960299999999998,1.59632,1.5951300000000002,1.5961699999999999
2026-04-30 18:45:00,1.59619,1.59622,1.595,1.5961400000000001
2026-04-30 19:00:00,1.59615,1.59663,1.5958999999999999,1.59639
2026-04-30 19:15:00,1.5964,1.5965099999999999,1.59561,1.59565
2026-04-30 19:30:00,1.59565,1.59581,1.59496,1.59566
2026-04-30 19:45:00,1.59566,1.5960800000000002,1.59541,1.59586
2026-04-30 20:00:00,1.59584,1.5962800000000001,1.5958,1.59591
2026-04-30 20:15:00,1.59591,1.5962,1.59564,1.59616
2026-04-30 20:30:00,1.59615,1.59667,1.59604,1.5964800000000001
2026-04-30 20:45:00,1.5964800000000001,1.5965799999999999,1.59566,1.59566
2026-04-30 21:00:00,1.5956700000000001,1.5960999999999999,1.59494,1.59497
2026-04-30 21:15:00,1.59498,1.59536,1.59476,1.5947900000000002
2026-04-30 21:30:00,1.5947900000000002,1.59503,1.59458,1.5949499999999999
2026-04-30 21:45:00,1.59493,1.5949900000000001,1.59424,1.59426
2026-04-30 22:00:00,1.5942699999999999,1.59477,1.59406,1.59475
2026-04-30 22:15:00,1.59475,1.59507,1.59401,1.5942699999999999
2026-04-30 22:30:00,1.5942699999999999,1.59462,1.59403,1.5941999999999998
2026-04-30 22:45:00,1.59419,1.59444,1.59358,1.5935899999999998
2026-04-30 23:00:00,1.5936,1.59402,1.59314,1.59336
2026-04-30 23:15:00,1.59334,1.59402,1.59327,1.59353
2026-04-30 23:30:00,1.59353,1.5936599999999999,1.59307,1.59329
2026-04-30 23:45:00,1.59328,1.59344,1.59276,1.5928
2026-05-01 00:00:00,1.59256,1.59306,1.59253,1.59303
2026-05-01 00:15:00,1.59292,1.59335,1.59292,1.59308
2026-05-01 00:30:00,1.59307,1.59333,1.59295,1.5932300000000001
2026-05-01 00:45:00,1.5932300000000001,1.5937700000000001,1.59317,1.59337
2026-05-01 01:00:00,1.59337,1.59394,1.59327,1.59351
2026-05-01 01:15:00,1.59353,1.59363,1.5935000000000001,1.59351
2026-05-01 01:30:00,1.59351,1.5935899999999998,1.5932300000000001,1.59338
2026-05-01 01:45:00,1.5933899999999999,1.59342,1.5930499999999999,1.59315
2026-05-01 02:00:00,1.5931600000000001,1.59335,1.59287,1.59287
2026-05-01 02:15:00,1.59286,1.59299,1.59283,1.59283
2026-05-01 02:30:00,1.5928499999999999,1.59294,1.59257,1.59263
2026-05-01 02:45:00,1.59259,1.59287,1.59254,1.59274
2026-05-01 03:00:00,1.59273,1.59288,1.59207,1.59218
2026-05-01 03:15:00,1.5921699999999999,1.59234,1.5918999999999999,1.59233
2026-05-01 03:30:00,1.59234,1.59247,1.59218,1.5923
2026-05-01 03:45:00,1.5923,1.59254,1.5917,1.59249
2026-05-01 04:00:00,1.5925,1.5927099999999998,1.59212,1.59229
2026-05-01 04:15:00,1.5923,1.5925500000000001,1.5920999999999998,1.59233
2026-05-01 04:30:00,1.59234,1.5929,1.59232,1.59267
2026-05-01 04:45:00,1.59268,1.59275,1.59253,1.59259
2026-05-01 05:00:00,1.5926,1.59274,1.59249,1.59263
2026-05-01 05:15:00,1.5926399999999998,1.59268,1.59241,1.5925
2026-05-01 05:30:00,1.5925,1.59281,1.5924800000000001,1.59272
2026-05-01 05:45:00,1.59273,1.59292,1.5926,1.59286
2026-05-01 06:00:00,1.59288,1.59299,1.59257,1.59268
2026-05-01 06:15:00,1.59268,1.59292,1.59257,1.59283
2026-05-01 06:30:00,1.59284,1.5932,1.59283,1.5928900000000001
2026-05-01 06:45:00,1.5929,1.5930900000000001,1.5928900000000001,1.59303
2026-05-01 07:00:00,1.59304,1.59322,1.59292,1.59307
2026-05-01 07:15:00,1.59308,1.59317,1.59294,1.5929600000000002
2026-05-01 07:30:00,1.5929600000000002,1.59329,1.59288,1.59314
2026-05-01 07:45:00,1.59314,1.59326,1.5931,1.59321
2026-05-01 08:00:00,1.59322,1.5932300000000001,1.59292,1.59295
2026-05-01 08:15:00,1.59295,1.59303,1.59281,1.59288
2026-05-01 08:30:00,1.5928900000000001,1.5932,1.59284,1.5930499999999999
2026-05-01 08:45:00,1.5930499999999999,1.5930499999999999,1.59252,1.5925500000000001
2026-05-01 09:00:00,1.5925500000000001,1.59267,1.59212,1.5925099999999999
2026-05-01 09:15:00,1.5925099999999999,1.59254,1.5922800000000001,1.5924
2026-05-01 09:30:00,1.5924,1.5924399999999999,1.59198,1.5922800000000001
2026-05-01 09:45:00,1.59229,1.59392,1.59229,1.5934
2026-05-01 10:00:00,1.59338,1.5939999999999999,1.59311,1.5933899999999999
2026-05-01 10:15:00,1.5934,1.59388,1.59322,1.59381
2026-05-01 10:30:00,1.59381,1.5939999999999999,1.59331,1.59358
2026-05-01 10:45:00,1.5935700000000002,1.5941800000000002,1.5931600000000001,1.59326
2026-05-01 11:00:00,1.59326,1.59395,1.59318,1.59336
2026-05-01 11:15:00,1.59337,1.59466,1.59324,1.59413
2026-05-01 11:30:00,1.59412,1.59439,1.59392,1.59414
2026-05-01 11:45:00,1.59415,1.59422,1.5936599999999999,1.59385
2026-05-01 12:00:00,1.59385,1.59388,1.59311,1.59329
2026-05-01 12:15:00,1.59328,1.59349,1.59311,1.59326
2026-05-01 12:30:00,1.59325,1.5937000000000001,1.59317,1.59352
2026-05-01 12:45:00,1.59349,1.59356,1.59291,1.5929600000000002
2026-05-01 13:00:00,1.5929600000000002,1.59399,1.59294,1.59379
2026-05-01 13:15:00,1.59378,1.59389,1.59338,1.59349
2026-05-01 13:30:00,1.59349,1.5935899999999998,1.5932,1.59344
2026-05-01 13:45:00,1.59344,1.59399,1.59344,1.59382
2026-05-01 14:00:00,1.59385,1.59399,1.59342,1.5939
2026-05-01 14:15:00,1.5939100000000002,1.59463,1.59382,1.5945200000000002
2026-05-01 14:30:00,1.5945399999999998,1.59464,1.5937000000000001,1.59382
2026-05-01 14:45:00,1.59382,1.5943800000000001,1.59371,1.59433
2026-05-01 15:00:00,1.59436,1.5948600000000002,1.59396,1.59463
2026-05-01 15:15:00,1.5946,1.5950600000000001,1.59415,1.59473
2026-05-01 15:30:00,1.59473,1.5951499999999998,1.5944500000000001,1.5945399999999998
2026-05-01 15:45:00,1.59451,1.59491,1.59414,1.59471
2026-05-01 16:00:00,1.59471,1.5949200000000001,1.59416,1.59424
2026-05-01 16:15:00,1.59423,1.59436,1.59325,1.59334
2026-05-01 16:30:00,1.59333,1.5939299999999998,1.5931199999999999,1.59362
2026-05-01 16:45:00,1.59363,1.5953300000000001,1.5933199999999998,1.59521
2026-05-01 17:00:00,1.5952,1.5984099999999999,1.595,1.59781
2026-05-01 17:15:00,1.5978400000000001,1.5989,1.59774,1.5981800000000002
2026-05-01 17:30:00,1.59817,1.59824,1.5973000000000002,1.59748
2026-05-01 17:45:00,1.59749,1.5976599999999999,1.5968900000000001,1.5972300000000001
2026-05-01 18:00:00,1.59722,1.59726,1.5965,1.5967500000000001
2026-05-01 18:15:00,1.59676,1.59694,1.59625,1.5965799999999999
2026-05-01 18:30:00,1.59661,1.5969799999999998,1.59634,1.5967
2026-05-01 18:45:00,1.5967,1.59715,1.59558,1.59564
2026-05-01 19:00:00,1.5956299999999999,1.59612,1.59545,1.5959699999999999
2026-05-01 19:15:00,1.59598,1.5962800000000001,1.59558,1.5957
2026-05-01 19:30:00,1.59571,1.5958299999999999,1.5951499999999998,1.5956299999999999
2026-05-01 19:45:00,1.5956299999999999,1.5956299999999999,1.59485,1.59491
2026-05-01 20:00:00,1.5949,1.59512,1.59451,1.5945200000000002
2026-05-01 20:15:00,1.59453,1.59477,1.59423,1.59476
2026-05-01 20:30:00,1.59475,1.5948,1.5937299999999999,1.5937999999999999
2026-05-01 20:45:00,1.5937999999999999,1.5944099999999999,1.59362,1.5941100000000001
2026-05-01 21:00:00,1.5941100000000001,1.59421,1.59334,1.59348
2026-05-01 21:15:00,1.59348,1.59382,1.59287,1.59317
2026-05-01 21:30:00,1.5931600000000001,1.59352,1.59268,1.5935000000000001
2026-05-01 21:45:00,1.5935000000000001,1.59363,1.59308,1.5930900000000001
2026-05-01 22:00:00,1.59311,1.59335,1.59291,1.59307
2026-05-01 22:15:00,1.59306,1.59308,1.59272,1.59274
2026-05-01 22:30:00,1.59273,1.59281,1.59246,1.59252
2026-05-01 22:45:00,1.5925099999999999,1.59287,1.59234,1.59281
2026-05-01 23:00:00,1.59279,1.5929799999999998,1.59268,1.59279
2026-05-01 23:15:00,1.59279,1.59284,1.59239,1.59241
2026-05-01 23:30:00,1.59243,1.5928900000000001,1.59231,1.59287
2026-05-01 23:45:00,1.59291,1.59291,1.59222,1.5925
2026-05-04 00:00:00,1.59537,1.59537,1.5945200000000002,1.59508
2026-05-04 00:15:00,1.595,1.5954000000000002,1.59416,1.59537
2026-05-04 00:30:00,1.5953300000000001,1.59534,1.5950600000000001,1.59512
2026-05-04 00:45:00,1.59509,1.5952,1.59365,1.59464
2026-05-04 01:00:00,1.59464,1.59464,1.59365,1.5939
2026-05-04 01:15:00,1.59392,1.59398,1.59365,1.59388
2026-05-04 01:30:00,1.59389,1.59413,1.5937999999999999,1.59405
2026-05-04 01:45:00,1.5941100000000001,1.5941100000000001,1.59376,1.59392
2026-05-04 02:00:00,1.5939100000000002,1.5939299999999998,1.59376,1.59382
2026-05-04 02:15:00,1.59383,1.59385,1.59368,1.59374
2026-05-04 02:30:00,1.59374,1.5937999999999999,1.5935700000000002,1.59361
2026-05-04 02:45:00,1.5936,1.59378,1.59321,1.59331
2026-05-04 03:00:00,1.59331,1.59331,1.59265,1.59277
2026-05-04 03:15:00,1.59279,1.59297,1.59268,1.59283
2026-05-04 03:30:00,1.5928200000000001,1.59314,1.5928200000000001,1.5929799999999998
2026-05-04 03:45:00,1.5929799999999998,1.5934599999999999,1.59292,1.59344
2026-05-04 04:00:00,1.5934300000000001,1.59369,1.59314,1.59335
2026-05-04 04:15:00,1.59335,1.5939299999999998,1.59335,1.59365
2026-05-04 04:30:00,1.59364,1.59375,1.59318,1.5936599999999999
2026-05-04 04:45:00,1.5936599999999999,1.59374,1.59327,1.5933899999999999
2026-05-04 05:00:00,1.5933899999999999,1.59388,1.59321,1.5937999999999999
2026-05-04 05:15:00,1.5937999999999999,1.5937999999999999,1.5937000000000001,1.59372
2026-05-04 05:30:00,1.59371,1.5937999999999999,1.59371,1.5937700000000001
2026-05-04 05:45:00,1.59378,1.59392,1.5937000000000001,1.5937999999999999
2026-05-04 06:00:00,1.5937999999999999,1.59399,1.59378,1.59394
2026-05-04 06:15:00,1.5939299999999998,1.59395,1.59376,1.5938400000000001
2026-05-04 06:30:00,1.59382,1.59387,1.59375,1.59378
2026-05-04 06:45:00,1.5937999999999999,1.59464,1.5937999999999999,1.5945
2026-05-04 07:00:00,1.59451,1.59455,1.59415,1.5941999999999998
2026-05-04 07:15:00,1.59419,1.59421,1.59382,1.59397
2026-05-04 07:30:00,1.59398,1.59405,1.59376,1.59378
2026-05-04 07:45:00,1.59379,1.59394,1.59378,1.59394
2026-05-04 08:00:00,1.59394,1.5941100000000001,1.5937999999999999,1.59382
2026-05-04 08:15:00,1.59382,1.5941999999999998,1.59375,1.59381
2026-05-04 08:30:00,1.5938400000000001,1.59394,1.59375,1.59387
2026-05-04 08:45:00,1.59387,1.5941800000000002,1.59382,1.5941100000000001
2026-05-04 09:00:00,1.5941,1.59491,1.5941,1.5949
2026-05-04 09:15:00,1.5949,1.5952199999999999,1.59483,1.5948799999999999
2026-05-04 09:30:00,1.5948799999999999,1.59505,1.5944099999999999,1.59448
2026-05-04 09:45:00,1.59447,1.59498,1.59389,1.59463
2026-05-04 10:00:00,1.59462,1.59478,1.5941,1.59433
2026-05-04 10:15:00,1.59433,1.5947900000000002,1.59423,1.59448
2026-05-04 10:30:00,1.59446,1.59483,1.5941999999999998,1.59422
2026-05-04 10:45:00,1.59422,1.59447,1.59401,1.59419
2026-05-04 11:00:00,1.59419,1.5941999999999998,1.5935700000000002,1.59386
2026-05-04 11:15:00,1.59385,1.59406,1.59369,1.59389
2026-05-04 11:30:00,1.5939,1.5943,1.59386,1.59422
2026-05-04 11:45:00,1.59422,1.59451,1.5937999999999999,1.5939100000000002
2026-05-04 12:00:00,1.5939100000000002,1.5941800000000002,1.5937299999999999,1.59388
2026-05-04 12:15:00,1.59388,1.59402,1.59352,1.59399
2026-05-04 12:30:00,1.59399,1.59422,1.59395,1.5941800000000002
2026-05-04 12:45:00,1.59419,1.59424,1.59388,1.59399
2026-05-04 13:00:00,1.59398,1.59401,1.59196,1.5924
2026-05-04 13:15:00,1.59241,1.59308,1.59178,1.5926900000000002
2026-05-04 13:30:00,1.5927,1.59372,1.5926900000000002,1.5930499999999999
2026-05-04 13:45:00,1.59304,1.59311,1.59211,1.59226
2026-05-04 14:00:00,1.5922800000000001,1.59253,1.5916299999999999,1.5916299999999999
2026-05-04 14:15:00,1.59166,1.59261,1.5915599999999999,1.5925099999999999
2026-05-04 14:30:00,1.59252,1.5929,1.59226,1.59253
2026-05-04 14:45:00,1.59253,1.5929799999999998,1.59215,1.59219
2026-05-04 15:00:00,1.5921699999999999,1.59327,1.59196,1.5930900000000001
2026-05-04 15:15:00,1.5931199999999999,1.59371,1.59294,1.59342
2026-05-04 15:30:00,1.59341,1.59406,1.59324,1.59395
2026-05-04 15:45:00,1.59392,1.5946500000000001,1.59383,1.5943800000000001
2026-05-04 16:00:00,1.59423,1.5945200000000002,1.59356,1.59433
2026-05-04 16:15:00,1.59432,1.59446,1.59376,1.59385
2026-05-04 16:30:00,1.59389,1.59543,1.5937999999999999,1.59511
2026-05-04 16:45:00,1.5951,1.59524,1.59412,1.5941800000000002
2026-05-04 17:00:00,1.59417,1.59442,1.5933199999999998,1.59376
2026-05-04 17:15:00,1.59376,1.5940699999999999,1.59349,1.5937999999999999
2026-05-04 17:30:00,1.5937999999999999,1.59408,1.59274,1.59274
2026-05-04 17:45:00,1.59275,1.59368,1.59263,1.59306
2026-05-04 18:00:00,1.59307,1.59419,1.59302,1.59324
2026-05-04 18:15:00,1.59325,1.59356,1.59193,1.5919699999999999
2026-05-04 18:30:00,1.5919699999999999,1.5923,1.59143,1.5923
2026-05-04 18:45:00,1.5922800000000001,1.59281,1.59172,1.5919699999999999
2026-05-04 19:00:00,1.59198,1.59231,1.59111,1.59117
2026-05-04 19:15:00,1.59116,1.59198,1.5909200000000001,1.59118
2026-05-04 19:30:00,1.59119,1.59158,1.59048,1.5905
2026-05-04 19:45:00,1.5905200000000002,1.5906500000000001,1.59036,1.59057
2026-05-04 20:00:00,1.59057,1.5912199999999999,1.5905,1.5911499999999998
2026-05-04 20:15:00,1.59114,1.5920999999999998,1.5910199999999999,1.59193
2026-05-04 20:30:00,1.59192,1.59193,1.5912600000000001,1.5914000000000001
2026-05-04 20:45:00,1.59141,1.59164,1.5913300000000001,1.59158
2026-05-04 21:00:00,1.5915599999999999,1.59158,1.59109,1.59132
2026-05-04 21:15:00,1.59132,1.59132,1.5904,1.59047
2026-05-04 21:30:00,1.59047,1.5910199999999999,1.59047,1.59097
2026-05-04 21:45:00,1.5909499999999999,1.59132,1.59074,1.59123
2026-05-04 22:00:00,1.59123,1.592,1.59118,1.59178
2026-05-04 22:15:00,1.59178,1.59238,1.59178,1.5922800000000001
2026-05-04 22:30:00,1.5922800000000001,1.59242,1.59215,1.59218
2026-05-04 22:45:00,1.59218,1.5922100000000001,1.59185,1.592
2026-05-04 23:00:00,1.592,1.5923500000000002,1.59181,1.5922100000000001
2026-05-04 23:15:00,1.5922,1.59266,1.5920800000000002,1.59214
2026-05-04 23:30:00,1.59214,1.5926,1.59214,1.59243
2026-05-04 23:45:00,1.59242,1.59341,1.59199,1.5930900000000001
2026-05-05 00:00:00,1.59193,1.5919699999999999,1.59037,1.59185
2026-05-05 00:15:00,1.59185,1.5923,1.5916700000000001,1.59207
2026-05-05 00:30:00,1.59202,1.59226,1.59196,1.5921699999999999
2026-05-05 00:45:00,1.59215,1.59219,1.59158,1.5917400000000002
2026-05-05 01:00:00,1.59168,1.59272,1.59168,1.59265
2026-05-05 01:15:00,1.59266,1.59275,1.5926,1.59265
2026-05-05 01:30:00,1.59266,1.59275,1.5925,1.59256
2026-05-05 01:45:00,1.5925500000000001,1.5927,1.59241,1.59267
2026-05-05 02:00:00,1.59268,1.59268,1.59249,1.59256
2026-05-05 02:15:00,1.59256,1.59272,1.59254,1.5926399999999998
2026-05-05 02:30:00,1.59263,1.5928,1.59253,1.5926
2026-05-05 02:45:00,1.5926,1.5926399999999998,1.5924,1.59242
2026-05-05 03:00:00,1.59241,1.59267,1.59229,1.59253
2026-05-05 03:15:00,1.59252,1.5925500000000001,1.59207,1.59225
2026-05-05 03:30:00,1.59225,1.59243,1.59212,1.5923699999999998
2026-05-05 03:45:00,1.59238,1.59249,1.59222,1.59233
2026-05-05 04:00:00,1.59236,1.59239,1.5918299999999999,1.5918299999999999
2026-05-05 04:15:00,1.59182,1.59199,1.5915300000000001,1.5917400000000002
2026-05-05 04:30:00,1.59173,1.59207,1.59169,1.59184
2026-05-05 04:45:00,1.59182,1.59199,1.59173,1.5918700000000001
2026-05-05 05:00:00,1.5918700000000001,1.5920100000000001,1.59175,1.59184
2026-05-05 05:15:00,1.5918299999999999,1.5921699999999999,1.5918,1.59214
2026-05-05 05:30:00,1.59215,1.5923699999999998,1.59207,1.59233
2026-05-05 05:45:00,1.5922800000000001,1.59229,1.59192,1.59202
2026-05-05 06:00:00,1.592,1.59204,1.5917599999999998,1.59198
2026-05-05 06:15:00,1.59198,1.5920299999999998,1.59178,1.59189
2026-05-05 06:30:00,1.59189,1.59193,1.59178,1.59185
2026-05-05 06:45:00,1.59184,1.59195,1.59175,1.59184
2026-05-05 07:00:00,1.59184,1.59192,1.59169,1.59189
2026-05-05 07:15:00,1.5918999999999999,1.59206,1.59188,1.59193
2026-05-05 07:30:00,1.59191,1.59202,1.5917,1.5917400000000002
2026-05-05 07:45:00,1.59172,1.5918,1.59127,1.5914000000000001
2026-05-05 08:00:00,1.59139,1.59169,1.59137,1.59144
2026-05-05 08:15:00,1.5914199999999998,1.5917599999999998,1.5913300000000001,1.5916299999999999
2026-05-05 08:30:00,1.59165,1.5920100000000001,1.5916000000000001,1.5919699999999999
2026-05-05 08:45:00,1.5919400000000001,1.5919699999999999,1.5914700000000002,1.5917599999999998
2026-05-05 09:00:00,1.5917599999999998,1.59204,1.5916299999999999,1.59178
2026-05-05 09:15:00,1.59178,1.5918700000000001,1.59108,1.59148
2026-05-05 09:30:00,1.59148,1.59186,1.5913,1.59154
2026-05-05 09:45:00,1.59154,1.5916000000000001,1.59119,1.59145
2026-05-05 10:00:00,1.59145,1.5920999999999998,1.5913599999999999,1.5919699999999999
2026-05-05 10:15:00,1.59195,1.59219,1.59166,1.5916700000000001
2026-05-05 10:30:00,1.59166,1.5923,1.5915,1.59157
2026-05-05 10:45:00,1.59157,1.59211,1.59157,1.59193
2026-05-05 11:00:00,1.59193,1.59219,1.5917,1.5919400000000001
2026-05-05 11:15:00,1.59196,1.59226,1.5916700000000001,1.592
2026-05-05 11:30:00,1.5920100000000001,1.59218,1.5909900000000001,1.5911
2026-05-05 11:45:00,1.5911,1.59169,1.5910199999999999,1.59162
2026-05-05 12:00:00,1.59162,1.5917,1.5911499999999998,1.5912199999999999
2026-05-05 12:15:00,1.5912199999999999,1.5915599999999999,1.5907200000000001,1.59143
2026-05-05 12:30:00,1.59144,1.59199,1.59141,1.5918700000000001
2026-05-05 12:45:00,1.59188,1.59196,1.59111,1.59117
2026-05-05 13:00:00,1.59117,1.59124,1.5907499999999999,1.5909
2026-05-05 13:15:00,1.5909,1.5912,1.5908799999999998,1.59096
2026-05-05 13:30:00,1.5909499999999999,1.59144,1.5907,1.5908799999999998
2026-05-05 13:45:00,1.5908600000000002,1.5912199999999999,1.59071,1.5911499999999998
2026-05-05 14:00:00,1.59117,1.59144,1.59067,1.59116
2026-05-05 14:15:00,1.59116,1.59146,1.59063,1.59112
2026-05-05 14:30:00,1.5911,1.59164,1.59105,1.5912899999999999
2026-05-05 14:45:00,1.59132,1.59132,1.5908099999999998,1.5912
2026-05-05 15:00:00,1.59118,1.59191,1.59078,1.5918700000000001
2026-05-05 15:15:00,1.5918700000000001,1.5928,1.5918700000000001,1.59253
2026-05-05 15:30:00,1.59252,1.59283,1.59226,1.5927099999999998
2026-05-05 15:45:00,1.5927099999999998,1.59317,1.59268,1.59274
2026-05-05 16:00:00,1.59273,1.59318,1.5925099999999999,1.59261
2026-05-05 16:15:00,1.5926,1.5927799999999999,1.59245,1.59252
2026-05-05 16:30:00,1.5925,1.59345,1.59233,1.59281
2026-05-05 16:45:00,1.5928200000000001,1.5929799999999998,1.59223,1.59223
2026-05-05 17:00:00,1.59229,1.59288,1.59214,1.5926
2026-05-05 17:15:00,1.5926399999999998,1.5929600000000002,1.59191,1.59236
2026-05-05 17:30:00,1.5923699999999998,1.5927799999999999,1.5919400000000001,1.59267
2026-05-05 17:45:00,1.59267,1.5940400000000001,1.59246,1.59397
2026-05-05 18:00:00,1.59397,1.5944099999999999,1.59349,1.59351
2026-05-05 18:15:00,1.59351,1.59374,1.59314,1.5936
2026-05-05 18:30:00,1.5935899999999998,1.59412,1.5934599999999999,1.59374
2026-05-05 18:45:00,1.59374,1.59403,1.59302,1.59314
2026-05-05 19:00:00,1.59313,1.5934300000000001,1.59294,1.59314
2026-05-05 19:15:00,1.59315,1.5934599999999999,1.59307,1.59331
2026-05-05 19:30:00,1.5933000000000002,1.59371,1.5931899999999999,1.59355
2026-05-05 19:45:00,1.59353,1.59374,1.59334,1.59338
2026-05-05 20:00:00,1.59338,1.59383,1.5933199999999998,1.59376
2026-05-05 20:15:00,1.59375,1.59395,1.59355,1.59378
2026-05-05 20:30:00,1.59378,1.59386,1.59352,1.59353
2026-05-05 20:45:00,1.59353,1.59364,1.59318,1.5931899999999999
2026-05-05 21:00:00,1.59318,1.5934,1.59308,1.5931600000000001
2026-05-05 21:15:00,1.5931600000000001,1.59341,1.59308,1.59318
2026-05-05 21:30:00,1.59318,1.59334,1.59301,1.59317
2026-05-05 21:45:00,1.5931199999999999,1.59325,1.59302,1.59311
2026-05-05 22:00:00,1.59311,1.5934300000000001,1.59303,1.59314
2026-05-05 22:15:00,1.59311,1.59315,1.5927099999999998,1.59286
2026-05-05 22:30:00,1.5928499999999999,1.59328,1.59281,1.5932
2026-05-05 22:45:00,1.5932,1.59333,1.5930499999999999,1.59328
2026-05-05 23:00:00,1.59329,1.5934300000000001,1.59311,1.59317
2026-05-05 23:15:00,1.59313,1.59313,1.5924800000000001,1.5926900000000002
2026-05-05 23:30:00,1.59268,1.59293,1.59263,1.59272
2026-05-05 23:45:00,1.59274,1.59295,1.59234,1.59238
2026-05-06 00:00:00,1.59111,1.59182,1.59105,1.5917400000000002
2026-05-06 00:15:00,1.59169,1.59212,1.59169,1.59211
2026-05-06 00:30:00,1.59206,1.59239,1.5919699999999999,1.59239
2026-05-06 00:45:00,1.59238,1.59238,1.59162,1.5920100000000001
2026-05-06 01:00:00,1.5920100000000001,1.59283,1.59162,1.59268
2026-05-06 01:15:00,1.59268,1.5927,1.5925,1.5925799999999999
2026-05-06 01:30:00,1.5926,1.59266,1.59246,1.59263
2026-05-06 01:45:00,1.59265,1.5935700000000002,1.59249,1.59302
2026-05-06 02:00:00,1.59304,1.59464,1.59294,1.5945399999999998
2026-05-06 02:15:00,1.59456,1.59457,1.59367,1.59371
2026-05-06 02:30:00,1.59371,1.59399,1.5936599999999999,1.59368
2026-05-06 02:45:00,1.59368,1.59382,1.59358,1.5937000000000001
2026-05-06 03:00:00,1.5937000000000001,1.59392,1.59333,1.59352
2026-05-06 03:15:00,1.59354,1.5939100000000002,1.59351,1.59369
2026-05-06 03:30:00,1.59369,1.59397,1.59368,1.5937700000000001
2026-05-06 03:45:00,1.59378,1.59378,1.59338,1.59356
2026-05-06 04:00:00,1.5935700000000002,1.59381,1.5934599999999999,1.59376
2026-05-06 04:15:00,1.59374,1.5941800000000002,1.59369,1.59387
2026-05-06 04:30:00,1.59388,1.59416,1.5937000000000001,1.59415
2026-05-06 04:45:00,1.59414,1.59426,1.59369,1.59376
2026-05-06 05:00:00,1.59376,1.59415,1.59376,1.5938400000000001
2026-05-06 05:15:00,1.59383,1.59409,1.59363,1.5936599999999999
2026-05-06 05:30:00,1.59368,1.59389,1.5936,1.59371
2026-05-06 05:45:00,1.5937000000000001,1.59372,1.59356,1.59369
2026-05-06 06:00:00,1.59367,1.59392,1.5936,1.59389
2026-05-06 06:15:00,1.5939,1.59405,1.59368,1.5939100000000002
2026-05-06 06:30:00,1.59392,1.5940699999999999,1.5936599999999999,1.5939100000000002
2026-05-06 06:45:00,1.59392,1.59392,1.5934,1.59362
2026-05-06 07:00:00,1.59362,1.59367,1.59337,1.59358
2026-05-06 07:15:00,1.5936,1.59457,1.59353,1.59457
2026-05-06 07:30:00,1.59456,1.5951499999999998,1.5943399999999999,1.59459
2026-05-06 07:45:00,1.5946099999999999,1.59545,1.59423,1.59466
2026-05-06 08:00:00,1.5946799999999999,1.5948600000000002,1.59426,1.5943800000000001
2026-05-06 08:15:00,1.5944,1.59467,1.59408,1.5945399999999998
2026-05-06 08:30:00,1.5945399999999998,1.59467,1.59432,1.59455
2026-05-06 08:45:00,1.5945399999999998,1.59457,1.59425,1.5943800000000001
2026-05-06 09:00:00,1.59437,1.59545,1.5943399999999999,1.59511
2026-05-06 09:15:00,1.59511,1.59527,1.5948099999999998,1.5950199999999999
2026-05-06 09:30:00,1.59501,1.5950600000000001,1.5941800000000002,1.59435
2026-05-06 09:45:00,1.5943399999999999,1.5946500000000001,1.5940400000000001,1.5941100000000001
2026-05-06 10:00:00,1.59412,1.59449,1.59376,1.59432
2026-05-06 10:15:00,1.59432,1.59467,1.59416,1.5944500000000001
2026-05-06 10:30:00,1.59446,1.59471,1.59388,1.59446
2026-05-06 10:45:00,1.59447,1.59539,1.5944,1.5952899999999999
2026-05-06 11:00:00,1.59528,1.5957,1.59507,1.59507
2026-05-06 11:15:00,1.59508,1.59544,1.59476,1.59544
2026-05-06 11:30:00,1.59544,1.5965,1.59543,1.59612
2026-05-06 11:45:00,1.59611,1.59835,1.59605,1.5978599999999998
2026-05-06 12:00:00,1.59788,1.59889,1.5974300000000001,1.5986099999999999
2026-05-06 12:15:00,1.59862,1.5994899999999999,1.59855,1.5992899999999999
2026-05-06 12:30:00,1.59928,1.60029,1.59907,1.6
2026-05-06 12:45:00,1.59998,1.60079,1.59995,1.60027
2026-05-06 13:00:00,1.6002800000000001,1.6006399999999998,1.5998999999999999,1.59995
2026-05-06 13:15:00,1.59996,1.60091,1.59992,1.6007
2026-05-06 13:30:00,1.6007,1.6019700000000001,1.60069,1.6018599999999998
2026-05-06 13:45:00,1.60185,1.60259,1.60127,1.60195
2026-05-06 14:00:00,1.60196,1.60296,1.60183,1.60259
2026-05-06 14:15:00,1.6026099999999999,1.60289,1.60187,1.60267
2026-05-06 14:30:00,1.60267,1.6028,1.6015000000000001,1.60158
2026-05-06 14:45:00,1.6015899999999998,1.60196,1.59993,1.60018
2026-05-06 15:00:00,1.6001699999999999,1.60019,1.59907,1.59938
2026-05-06 15:15:00,1.59939,1.6001699999999999,1.59878,1.59975
2026-05-06 15:30:00,1.5997599999999998,1.60072,1.5997400000000002,1.60058
2026-05-06 15:45:00,1.60057,1.60058,1.59962,1.59971
2026-05-06 16:00:00,1.5997,1.6004800000000001,1.59937,1.60019
2026-05-06 16:15:00,1.6002,1.60043,1.59894,1.59972
2026-05-06 16:30:00,1.59971,1.60053,1.59923,1.6000100000000002
2026-05-06 16:45:00,1.6000100000000002,1.60042,1.5997400000000002,1.60029
2026-05-06 17:00:00,1.60029,1.60049,1.59952,1.6003699999999998
2026-05-06 17:15:00,1.60036,1.60054,1.5997599999999998,1.5998999999999999
2026-05-06 17:30:00,1.59989,1.6014,1.59975,1.60138
2026-05-06 17:45:00,1.60137,1.6021,1.60045,1.60049
2026-05-06 18:00:00,1.6004800000000001,1.60119,1.60025,1.60081
2026-05-06 18:15:00,1.60081,1.60126,1.60033,1.60094
2026-05-06 18:30:00,1.60094,1.6014300000000001,1.60074,1.6011
2026-05-06 18:45:00,1.60113,1.60162,1.60092,1.60097
2026-05-06 19:00:00,1.60095,1.60171,1.60092,1.60151
2026-05-06 19:15:00,1.6015000000000001,1.60189,1.6013899999999999,1.60161
2026-05-06 19:30:00,1.6016,1.60168,1.60111,1.60142
2026-05-06 19:45:00,1.6013899999999999,1.6017299999999999,1.60097,1.60122
2026-05-06 20:00:00,1.6012300000000002,1.6028,1.60118,1.60263
2026-05-06 20:15:00,1.60263,1.60294,1.6023399999999999,1.60236
2026-05-06 20:30:00,1.60236,1.60248,1.6019,1.60214
2026-05-06 20:45:00,1.60215,1.6023,1.60178,1.6021999999999998
2026-05-06 21:00:00,1.60221,1.60224,1.60171,1.6017299999999999
2026-05-06 21:15:00,1.60174,1.60208,1.6017000000000001,1.60195
2026-05-06 21:30:00,1.60195,1.6024,1.6018,1.6021999999999998
2026-05-06 21:45:00,1.60221,1.6023,1.6019,1.60213
2026-05-06 22:00:00,1.6021100000000001,1.60248,1.6019,1.60229
2026-05-06 22:15:00,1.60228,1.60244,1.60203,1.60224
2026-05-06 22:30:00,1.60224,1.60226,1.60167,1.60178
2026-05-06 22:45:00,1.6017700000000001,1.60216,1.60171,1.60181
2026-05-06 23:00:00,1.60182,1.6021999999999998,1.6016599999999999,1.60175
2026-05-06 23:15:00,1.60176,1.60189,1.60121,1.6012300000000002
2026-05-06 23:30:00,1.6012300000000002,1.60128,1.60084,1.60088
2026-05-06 23:45:00,1.60086,1.60174,1.60086,1.60144
2026-05-07 00:00:00,1.60007,1.6004,1.59938,1.6004
2026-05-07 00:15:00,1.6004,1.60135,1.6003699999999998,1.6009
2026-05-07 00:30:00,1.6008900000000001,1.6015000000000001,1.6008900000000001,1.60144
2026-05-07 00:45:00,1.6014300000000001,1.60147,1.60114,1.60118
2026-05-07 01:00:00,1.60118,1.6018599999999998,1.60118,1.60168
2026-05-07 01:15:00,1.60165,1.6017700000000001,1.60158,1.60167
2026-05-07 01:30:00,1.6016599999999999,1.6017700000000001,1.6015899999999998,1.60172
2026-05-07 01:45:00,1.6017299999999999,1.60182,1.6015700000000002,1.6017700000000001
2026-05-07 02:00:00,1.6017299999999999,1.60189,1.60168,1.60178
2026-05-07 02:15:00,1.60178,1.60183,1.60161,1.60172
2026-05-07 02:30:00,1.6017299999999999,1.6018599999999998,1.60162,1.60178
2026-05-07 02:45:00,1.60175,1.6019299999999999,1.60161,1.60187
2026-05-07 03:00:00,1.60188,1.6025399999999999,1.6018,1.60249
2026-05-07 03:15:00,1.6025,1.60256,1.60219,1.6023100000000001
2026-05-07 03:30:00,1.6023100000000001,1.60256,1.60222,1.6023399999999999
2026-05-07 03:45:00,1.6023399999999999,1.6024500000000002,1.60194,1.60209
2026-05-07 04:00:00,1.6021,1.60246,1.60183,1.60235
2026-05-07 04:15:00,1.60235,1.60263,1.6023100000000001,1.6024699999999998
2026-05-07 04:30:00,1.6024699999999998,1.60298,1.6023800000000001,1.60285
2026-05-07 04:45:00,1.60287,1.60304,1.6026799999999999,1.6027900000000002
2026-05-07 05:00:00,1.60278,1.60305,1.60275,1.6029
2026-05-07 05:15:00,1.6029,1.60309,1.60285,1.60305
2026-05-07 05:30:00,1.60305,1.60344,1.60293,1.60336
2026-05-07 05:45:00,1.60336,1.6034000000000002,1.60301,1.60304
2026-05-07 06:00:00,1.60303,1.60304,1.60278,1.6028
2026-05-07 06:15:00,1.6028,1.60287,1.6025,1.60251
2026-05-07 06:30:00,1.60251,1.60259,1.6023800000000001,1.6024500000000002
2026-05-07 06:45:00,1.60244,1.6024699999999998,1.60225,1.6023100000000001
2026-05-07 07:00:00,1.6023100000000001,1.60236,1.60203,1.60208
2026-05-07 07:15:00,1.60208,1.6021999999999998,1.60199,1.60216
2026-05-07 07:30:00,1.60214,1.60222,1.6018599999999998,1.60187
2026-05-07 07:45:00,1.60188,1.60215,1.60187,1.60205
2026-05-07 08:00:00,1.60206,1.6023100000000001,1.60206,1.60222
2026-05-07 08:15:00,1.6021800000000002,1.60226,1.60201,1.60219
2026-05-07 08:30:00,1.60219,1.60239,1.60216,1.60224
2026-05-07 08:45:00,1.60223,1.6028,1.60216,1.6024699999999998
2026-05-07 09:00:00,1.6024699999999998,1.60262,1.60232,1.60253
2026-05-07 09:15:00,1.60252,1.60282,1.60244,1.60251
2026-05-07 09:30:00,1.60251,1.60282,1.60209,1.60233
2026-05-07 09:45:00,1.6023100000000001,1.6024699999999998,1.60163,1.60188
2026-05-07 10:00:00,1.6018599999999998,1.60358,1.6018599999999998,1.6032899999999999
2026-05-07 10:15:00,1.6033,1.60442,1.60282,1.60425
2026-05-07 10:30:00,1.60425,1.60439,1.60336,1.60341
2026-05-07 10:45:00,1.6034000000000002,1.60347,1.6029200000000001,1.60317
2026-05-07 11:00:00,1.60316,1.6032600000000001,1.60284,1.60296
2026-05-07 11:15:00,1.60297,1.60388,1.60278,1.60344
2026-05-07 11:30:00,1.60344,1.60388,1.60343,1.6035300000000001
2026-05-07 11:45:00,1.60352,1.6040299999999998,1.60345,1.60378
2026-05-07 12:00:00,1.6038000000000001,1.6039400000000001,1.60316,1.60334
2026-05-07 12:15:00,1.60336,1.60388,1.6033300000000001,1.60357
2026-05-07 12:30:00,1.60357,1.60413,1.6034899999999999,1.60392
2026-05-07 12:45:00,1.60393,1.60413,1.60334,1.60346
2026-05-07 13:00:00,1.60346,1.6041699999999999,1.60325,1.6041699999999999
2026-05-07 13:15:00,1.60416,1.60419,1.60355,1.60379
2026-05-07 13:30:00,1.6038000000000001,1.6038700000000001,1.60343,1.6034899999999999
2026-05-07 13:45:00,1.6035,1.60368,1.6031900000000001,1.60323
2026-05-07 14:00:00,1.60323,1.60332,1.60266,1.60269
2026-05-07 14:15:00,1.60267,1.6032199999999999,1.60263,1.60287
2026-05-07 14:30:00,1.6028799999999999,1.6038299999999999,1.60266,1.60366
2026-05-07 14:45:00,1.6036700000000002,1.6040299999999998,1.60311,1.60399
2026-05-07 15:00:00,1.60405,1.60422,1.6034199999999998,1.60411
2026-05-07 15:15:00,1.60413,1.60457,1.60392,1.6042999999999998
2026-05-07 15:30:00,1.60427,1.60488,1.60427,1.6046200000000002
2026-05-07 15:45:00,1.6046200000000002,1.60551,1.60461,1.60495
2026-05-07 16:00:00,1.6049600000000002,1.60576,1.60483,1.60524
2026-05-07 16:15:00,1.6052499999999998,1.60553,1.60508,1.6050900000000001
2026-05-07 16:30:00,1.60507,1.6051600000000001,1.60453,1.60484
2026-05-07 16:45:00,1.60484,1.60511,1.60442,1.60494
2026-05-07 17:00:00,1.60494,1.60529,1.60458,1.6046399999999998
2026-05-07 17:15:00,1.60463,1.60524,1.6044399999999999,1.6046
2026-05-07 17:30:00,1.60466,1.60472,1.60409,1.6041400000000001
2026-05-07 17:45:00,1.6041400000000001,1.60561,1.60412,1.60542
2026-05-07 18:00:00,1.6054300000000001,1.60564,1.60499,1.60504
2026-05-07 18:15:00,1.6050499999999999,1.60572,1.60429,1.60438
2026-05-07 18:30:00,1.60438,1.60495,1.6042800000000002,1.60469
2026-05-07 18:45:00,1.60469,1.6049099999999998,1.60393,1.60407
2026-05-07 19:00:00,1.60407,1.60418,1.60373,1.6038000000000001
2026-05-07 19:15:00,1.60381,1.60381,1.60289,1.60334
2026-05-07 19:30:00,1.60332,1.6035300000000001,1.6028799999999999,1.60291
2026-05-07 19:45:00,1.6029200000000001,1.60331,1.6026799999999999,1.6029200000000001
2026-05-07 20:00:00,1.60296,1.60302,1.60192,1.60253
2026-05-07 20:15:00,1.6025399999999999,1.6026,1.60121,1.60148
2026-05-07 20:30:00,1.60148,1.60176,1.60032,1.60148
2026-05-07 20:45:00,1.60145,1.60196,1.60128,1.60182
2026-05-07 21:00:00,1.60182,1.60233,1.6015700000000002,1.60174
2026-05-07 21:15:00,1.60174,1.6023100000000001,1.60162,1.6022699999999999
2026-05-07 21:30:00,1.60226,1.60253,1.60154,1.6018599999999998
2026-05-07 21:45:00,1.60188,1.6022699999999999,1.60149,1.60216
2026-05-07 22:00:00,1.6021800000000002,1.60223,1.60148,1.60162
2026-05-07 22:15:00,1.60163,1.6019,1.60066,1.60113
2026-05-07 22:30:00,1.60114,1.6021,1.6011199999999999,1.60158
2026-05-07 22:45:00,1.60158,1.60192,1.6012300000000002,1.60188
2026-05-07 23:00:00,1.6019,1.60276,1.6018400000000002,1.60224
2026-05-07 23:15:00,1.60224,1.60237,1.60189,1.60214
2026-05-07 23:30:00,1.60216,1.60216,1.60141,1.6018599999999998
2026-05-07 23:45:00,1.60187,1.6021100000000001,1.6013899999999999,1.60171
2026-05-08 00:00:00,1.60049,1.6015000000000001,1.59999,1.6015000000000001
2026-05-08 00:15:00,1.60141,1.60192,1.6011,1.6011600000000001
2026-05-08 00:30:00,1.6011600000000001,1.6018,1.60041,1.60175
2026-05-08 00:45:00,1.60175,1.60179,1.6009799999999998,1.60115
2026-05-08 01:00:00,1.60103,1.60222,1.6006399999999998,1.60201
2026-05-08 01:15:00,1.60201,1.6024500000000002,1.60192,1.60217
2026-05-08 01:30:00,1.6021800000000002,1.60233,1.60201,1.6021999999999998
2026-05-08 01:45:00,1.6021999999999998,1.6023,1.6019,1.60194
2026-05-08 02:00:00,1.60196,1.6021,1.60188,1.60192
2026-05-08 02:15:00,1.60196,1.60219,1.60188,1.6021800000000002
2026-05-08 02:30:00,1.6021800000000002,1.60226,1.6021100000000001,1.60219
2026-05-08 02:45:00,1.60221,1.60252,1.60217,1.60246
2026-05-08 03:00:00,1.6024500000000002,1.60262,1.60215,1.60224
2026-05-08 03:15:00,1.60224,1.60244,1.60208,1.60219
2026-05-08 03:30:00,1.60221,1.60225,1.60192,1.60192
2026-05-08 03:45:00,1.6019299999999999,1.6021100000000001,1.6017700000000001,1.60183
2026-05-08 04:00:00,1.60183,1.6021999999999998,1.60182,1.6019700000000001
2026-05-08 04:15:00,1.6019700000000001,1.60242,1.60187,1.60232
2026-05-08 04:30:00,1.60232,1.6023800000000001,1.6019700000000001,1.6020400000000001
2026-05-08 04:45:00,1.60205,1.6023399999999999,1.6020400000000001,1.6023100000000001
2026-05-08 05:00:00,1.6023100000000001,1.6023800000000001,1.60208,1.60213
2026-05-08 05:15:00,1.6021100000000001,1.60225,1.60201,1.6020699999999999
2026-05-08 05:30:00,1.6020699999999999,1.60217,1.60175,1.60188
2026-05-08 05:45:00,1.6018599999999998,1.6021800000000002,1.60183,1.60185
2026-05-08 06:00:00,1.60185,1.60216,1.60175,1.6021
2026-05-08 06:15:00,1.6021,1.60212,1.60188,1.60206
2026-05-08 06:30:00,1.60205,1.6023100000000001,1.60198,1.60228
2026-05-08 06:45:00,1.60229,1.60239,1.60185,1.60187
2026-05-08 07:00:00,1.60189,1.60219,1.60187,1.60199
2026-05-08 07:15:00,1.6019999999999999,1.60209,1.60181,1.60206
2026-05-08 07:30:00,1.60205,1.6024,1.60205,1.6022699999999999
2026-05-08 07:45:00,1.60229,1.60257,1.60209,1.60252
2026-05-08 08:00:00,1.60252,1.60269,1.60219,1.6023
2026-05-08 08:15:00,1.6023,1.60243,1.60224,1.60237
2026-05-08 08:30:00,1.60237,1.6025399999999999,1.60222,1.6024699999999998
2026-05-08 08:45:00,1.60246,1.60282,1.60246,1.60264
2026-05-08 09:00:00,1.60264,1.60361,1.6025800000000001,1.6030600000000002
2026-05-08 09:15:00,1.6030600000000002,1.60354,1.60287,1.60354
2026-05-08 09:30:00,1.60354,1.60365,1.60312,1.6035
2026-05-08 09:45:00,1.60351,1.6037599999999999,1.60327,1.60345
2026-05-08 10:00:00,1.60344,1.60393,1.60327,1.6036299999999999
2026-05-08 10:15:00,1.6036299999999999,1.60379,1.6032600000000001,1.60344
2026-05-08 10:30:00,1.60345,1.60372,1.6032899999999999,1.60362
2026-05-08 10:45:00,1.6036299999999999,1.60375,1.6031900000000001,1.6036299999999999
2026-05-08 11:00:00,1.60362,1.60431,1.60359,1.60418
2026-05-08 11:15:00,1.60418,1.6053600000000001,1.60406,1.6053199999999999
2026-05-08 11:30:00,1.60533,1.6059999999999999,1.60522,1.60594
2026-05-08 11:45:00,1.60594,1.6061100000000001,1.60554,1.60583
2026-05-08 12:00:00,1.6058400000000002,1.60632,1.60572,1.60598
2026-05-08 12:15:00,1.6059999999999999,1.60669,1.6059,1.60606
2026-05-08 12:30:00,1.60606,1.60633,1.6059700000000001,1.6063
2026-05-08 12:45:00,1.6063,1.6064500000000002,1.6057700000000001,1.60588
2026-05-08 13:00:00,1.60588,1.6063,1.60583,1.60602
2026-05-08 13:15:00,1.60602,1.60629,1.60591,1.60603
2026-05-08 13:30:00,1.6060400000000001,1.6063800000000001,1.6059700000000001,1.60608
2026-05-08 13:45:00,1.60609,1.6062400000000001,1.60571,1.60585
2026-05-08 14:00:00,1.60585,1.60608,1.6055700000000002,1.60574
2026-05-08 14:15:00,1.60575,1.6060699999999999,1.60565,1.6057700000000001
2026-05-08 14:30:00,1.6057700000000001,1.60591,1.60531,1.60542
2026-05-08 14:45:00,1.60541,1.6055000000000001,1.60513,1.60517
2026-05-08 15:00:00,1.60519,1.60641,1.60499,1.6063
2026-05-08 15:15:00,1.6063100000000001,1.60713,1.6063100000000001,1.60643
2026-05-08 15:30:00,1.6064500000000002,1.61175,1.60524,1.61127
2026-05-08 15:45:00,1.6112600000000001,1.61212,1.61071,1.61189
2026-05-08 16:00:00,1.61188,1.6129099999999998,1.6116700000000002,1.61269
2026-05-08 16:15:00,1.6126800000000001,1.61367,1.6125,1.6131600000000001
2026-05-08 16:30:00,1.6131799999999998,1.61439,1.61267,1.6139299999999999
2026-05-08 16:45:00,1.61394,1.61496,1.61394,1.61441
2026-05-08 17:00:00,1.61441,1.61452,1.6119400000000002,1.61229
2026-05-08 17:15:00,1.61229,1.61286,1.6119599999999998,1.61208
2026-05-08 17:30:00,1.61205,1.61288,1.6118999999999999,1.6128200000000001
2026-05-08 17:45:00,1.61281,1.6129799999999999,1.61171,1.6119599999999998
2026-05-08 18:00:00,1.6119400000000002,1.6124100000000001,1.61152,1.61164
2026-05-08 18:15:00,1.61165,1.61192,1.61125,1.61148
2026-05-08 18:30:00,1.6115,1.61179,1.61109,1.6114199999999999
2026-05-08 18:45:00,1.6114199999999999,1.61154,1.6104,1.61044
2026-05-08 19:00:00,1.61043,1.61157,1.61043,1.6114600000000001
2026-05-08 19:15:00,1.61147,1.61178,1.61144,1.6115
2026-05-08 19:30:00,1.6115,1.61152,1.61103,1.6113
2026-05-08 19:45:00,1.61131,1.61185,1.6113,1.6113499999999998
2026-05-08 20:00:00,1.61137,1.61145,1.61104,1.61121
2026-05-08 20:15:00,1.6112199999999999,1.61137,1.6109499999999999,1.61114
2026-05-08 20:30:00,1.61114,1.61136,1.61094,1.61109
2026-05-08 20:45:00,1.61111,1.61147,1.61083,1.61096
2026-05-08 21:00:00,1.61098,1.61202,1.61082,1.61177
2026-05-08 21:15:00,1.61177,1.61178,1.61143,1.61154
2026-05-08 21:30:00,1.61151,1.61165,1.6113300000000002,1.6115
2026-05-08 21:45:00,1.6115,1.6115599999999999,1.61107,1.61131
2026-05-08 22:00:00,1.61132,1.61148,1.6110600000000002,1.61129
2026-05-08 22:15:00,1.61129,1.61136,1.61113,1.61134
2026-05-08 22:30:00,1.61134,1.6114199999999999,1.61107,1.61137
2026-05-08 22:45:00,1.61137,1.61204,1.61137,1.61168
2026-05-08 23:00:00,1.6116700000000002,1.6119599999999998,1.61147,1.61186
2026-05-08 23:15:00,1.61188,1.61238,1.6115,1.61181
2026-05-08 23:30:00,1.6118299999999999,1.61205,1.6111900000000001,1.61143
2026-05-08 23:45:00,1.61138,1.61177,1.61128,1.61137
2026-05-11 00:00:00,1.60632,1.61019,1.60612,1.60985
2026-05-11 00:15:00,1.60998,1.61001,1.60684,1.60822
2026-05-11 00:30:00,1.60822,1.61012,1.60774,1.61005
2026-05-11 00:45:00,1.61006,1.61009,1.60868,1.60868
2026-05-11 01:00:00,1.60917,1.61005,1.60868,1.60992
2026-05-11 01:15:00,1.60992,1.61017,1.6095899999999999,1.61017
2026-05-11 01:30:00,1.6101999999999999,1.61035,1.61006,1.61016
2026-05-11 01:45:00,1.61017,1.6103399999999999,1.6101299999999998,1.6102699999999999
2026-05-11 02:00:00,1.61028,1.6103100000000001,1.61009,1.6101299999999998
2026-05-11 02:15:00,1.6101100000000002,1.61025,1.61008,1.61017
2026-05-11 02:30:00,1.61019,1.61044,1.6101,1.61042
2026-05-11 02:45:00,1.61043,1.61048,1.61002,1.61009
2026-05-11 03:00:00,1.61009,1.61041,1.60989,1.6104
2026-05-11 03:15:00,1.61043,1.61063,1.61017,1.61052
2026-05-11 03:30:00,1.61052,1.61059,1.61032,1.6103399999999999
2026-05-11 03:45:00,1.61035,1.6106,1.61023,1.61046
2026-05-11 04:00:00,1.6104500000000002,1.61063,1.61029,1.6105
2026-05-11 04:15:00,1.6105,1.61055,1.61016,1.61039
2026-05-11 04:30:00,1.6103800000000001,1.61042,1.61018,1.61022
2026-05-11 04:45:00,1.61022,1.61022,1.6097700000000001,1.60982
2026-05-11 05:00:00,1.60982,1.61015,1.60979,1.60999
2026-05-11 05:15:00,1.6099700000000001,1.61007,1.6098,1.60983
2026-05-11 05:30:00,1.60982,1.61003,1.60968,1.60968
2026-05-11 05:45:00,1.60968,1.6098,1.60935,1.60947
2026-05-11 06:00:00,1.60948,1.60949,1.60915,1.60922
2026-05-11 06:15:00,1.60921,1.6092499999999998,1.6089799999999999,1.6090200000000001
2026-05-11 06:30:00,1.60901,1.60922,1.60897,1.60918
2026-05-11 06:45:00,1.60918,1.60934,1.6091,1.60926
2026-05-11 07:00:00,1.60927,1.60938,1.60906,1.60918
2026-05-11 07:15:00,1.60918,1.60941,1.60918,1.6093600000000001
2026-05-11 07:30:00,1.60937,1.60946,1.6092300000000002,1.60935
2026-05-11 07:45:00,1.60934,1.60949,1.6089799999999999,1.60904
2026-05-11 08:00:00,1.60903,1.60933,1.6090200000000001,1.6091199999999999
2026-05-11 08:15:00,1.6091199999999999,1.60922,1.6089799999999999,1.6089799999999999
2026-05-11 08:30:00,1.6089799999999999,1.60911,1.6088900000000002,1.60896
2026-05-11 08:45:00,1.60895,1.60903,1.6086200000000002,1.60879
2026-05-11 09:00:00,1.6088,1.6089099999999998,1.60818,1.60831
2026-05-11 09:15:00,1.6082999999999998,1.60845,1.6080999999999999,1.60819
2026-05-11 09:30:00,1.60816,1.6087,1.6081400000000001,1.6086399999999998
2026-05-11 09:45:00,1.60867,1.60972,1.60863,1.60968
2026-05-11 10:00:00,1.60968,1.60982,1.60849,1.6085500000000001
2026-05-11 10:15:00,1.6085500000000001,1.60948,1.60842,1.6090900000000001
2026-05-11 10:30:00,1.6090900000000001,1.6090900000000001,1.60845,1.60903
2026-05-11 10:45:00,1.60904,1.60944,1.6088,1.6093899999999999
2026-05-11 11:00:00,1.6093899999999999,1.6099299999999999,1.60921,1.60991
2026-05-11 11:15:00,1.60991,1.61043,1.60991,1.61028
2026-05-11 11:30:00,1.6102699999999999,1.61044,1.6094,1.60945
2026-05-11 11:45:00,1.60944,1.60955,1.6089,1.6089799999999999
2026-05-11 12:00:00,1.6089799999999999,1.6096,1.60886,1.6095199999999998
2026-05-11 12:15:00,1.60953,1.60958,1.60906,1.60917
2026-05-11 12:30:00,1.6091600000000001,1.6093199999999999,1.60887,1.60887
2026-05-11 12:45:00,1.60888,1.60892,1.60843,1.60843
2026-05-11 13:00:00,1.6084399999999999,1.60856,1.608,1.60819
2026-05-11 13:15:00,1.60818,1.60822,1.6078999999999999,1.60808
2026-05-11 13:30:00,1.60808,1.6083699999999999,1.60793,1.60832
2026-05-11 13:45:00,1.60833,1.60853,1.6077,1.60778
2026-05-11 14:00:00,1.60777,1.60863,1.60777,1.60861
2026-05-11 14:15:00,1.6086,1.60873,1.60835,1.60852
2026-05-11 14:30:00,1.60853,1.60887,1.60831,1.60865
2026-05-11 14:45:00,1.60866,1.60913,1.60798,1.60833
2026-05-11 15:00:00,1.60836,1.6084399999999999,1.60763,1.60808
2026-05-11 15:15:00,1.60811,1.60908,1.60781,1.60908
2026-05-11 15:30:00,1.60908,1.61055,1.60908,1.60956
2026-05-11 15:45:00,1.60955,1.6096300000000001,1.60888,1.60918
2026-05-11 16:00:00,1.60917,1.6106500000000001,1.60917,1.6106
2026-05-11 16:15:00,1.61062,1.61073,1.6097299999999999,1.6103
2026-05-11 16:30:00,1.61033,1.6103399999999999,1.60972,1.61014
2026-05-11 16:45:00,1.61014,1.61022,1.6096300000000001,1.60971
2026-05-11 17:00:00,1.60969,1.61018,1.6095899999999999,1.60985
2026-05-11 17:15:00,1.6098599999999998,1.61005,1.60866,1.60874
2026-05-11 17:30:00,1.60872,1.60888,1.6084100000000001,1.6088
2026-05-11 17:45:00,1.6088,1.61008,1.60849,1.60957
2026-05-11 18:00:00,1.60954,1.61039,1.60934,1.6099999999999999
2026-05-11 18:15:00,1.6099999999999999,1.6104699999999998,1.6098,1.6101100000000002
2026-05-11 18:30:00,1.61012,1.61043,1.60968,1.60975
2026-05-11 18:45:00,1.60974,1.60995,1.6093899999999999,1.60972
2026-05-11 19:00:00,1.60972,1.61005,1.60962,1.60988
2026-05-11 19:15:00,1.60987,1.61003,1.60951,1.60953
2026-05-11 19:30:00,1.60954,1.6096300000000001,1.60881,1.6089
2026-05-11 19:45:00,1.6089,1.60892,1.60838,1.6086399999999998
2026-05-11 20:00:00,1.60863,1.60915,1.60863,1.6089099999999998
2026-05-11 20:15:00,1.60892,1.60929,1.60886,1.6090900000000001
2026-05-11 20:30:00,1.60908,1.60929,1.6089799999999999,1.60924
2026-05-11 20:45:00,1.60924,1.6095000000000002,1.60917,1.60946
2026-05-11 21:00:00,1.60946,1.60985,1.60931,1.60978
2026-05-11 21:15:00,1.6098,1.6103399999999999,1.60975,1.6102699999999999
2026-05-11 21:30:00,1.61026,1.61067,1.61017,1.61018
2026-05-11 21:45:00,1.61017,1.61023,1.60974,1.60987
2026-05-11 22:00:00,1.60985,1.61022,1.6098,1.60991
2026-05-11 22:15:00,1.60991,1.6103800000000001,1.6097700000000001,1.61015
2026-05-11 22:30:00,1.61014,1.6107,1.6101,1.61063
2026-05-11 22:45:00,1.61064,1.61084,1.6104,1.61084
2026-05-11 23:00:00,1.61083,1.6112199999999999,1.61068,1.61113
2026-05-11 23:15:00,1.61117,1.61172,1.611,1.61165
2026-05-11 23:30:00,1.6116700000000002,1.61195,1.61139,1.61145
2026-05-11 23:45:00,1.61144,1.61163,1.61124,1.61136
2026-05-12 00:00:00,1.6101100000000002,1.6112,1.6101100000000002,1.61093
2026-05-12 00:15:00,1.61093,1.61123,1.61052,1.6109900000000001
2026-05-12 00:30:00,1.61102,1.61107,1.6108099999999999,1.61094
2026-05-12 00:45:00,1.61093,1.61131,1.61068,1.61112
2026-05-12 01:00:00,1.61109,1.6117599999999999,1.61096,1.61165
2026-05-12 01:15:00,1.61166,1.61171,1.61144,1.6115300000000001
2026-05-12 01:30:00,1.61159,1.6117599999999999,1.61158,1.61163
2026-05-12 01:45:00,1.61162,1.61191,1.61161,1.61177
2026-05-12 02:00:00,1.61179,1.61186,1.61165,1.61165
2026-05-12 02:15:00,1.61165,1.6116700000000002,1.6113300000000002,1.6113300000000002
2026-05-12 02:30:00,1.61134,1.6114000000000002,1.61102,1.61112
2026-05-12 02:45:00,1.6110799999999998,1.6113300000000002,1.61093,1.61112
2026-05-12 03:00:00,1.61113,1.61113,1.6108099999999999,1.61105
2026-05-12 03:15:00,1.61104,1.61123,1.61093,1.61103
2026-05-12 03:30:00,1.61103,1.61112,1.6109200000000001,1.61097
2026-05-12 03:45:00,1.61097,1.61104,1.6104500000000002,1.61062
2026-05-12 04:00:00,1.61063,1.61082,1.61035,1.6104500000000002
2026-05-12 04:15:00,1.61046,1.61057,1.61033,1.61035
2026-05-12 04:30:00,1.6103399999999999,1.61089,1.60998,1.6099999999999999
2026-05-12 04:45:00,1.6099999999999999,1.61037,1.60994,1.6099999999999999
2026-05-12 05:00:00,1.61001,1.6103100000000001,1.60996,1.6102400000000001
2026-05-12 05:15:00,1.61025,1.6102699999999999,1.61006,1.61021
2026-05-12 05:30:00,1.6101999999999999,1.6102699999999999,1.60992,1.6100400000000001
2026-05-12 05:45:00,1.61002,1.61028,1.6099700000000001,1.61012
2026-05-12 06:00:00,1.61012,1.61015,1.6097000000000001,1.6099
2026-05-12 06:15:00,1.6099,1.60999,1.60971,1.6097700000000001
2026-05-12 06:30:00,1.60976,1.60994,1.6097299999999999,1.60987
2026-05-12 06:45:00,1.6098599999999998,1.6099299999999999,1.60964,1.60981
2026-05-12 07:00:00,1.60981,1.60996,1.60965,1.60967
2026-05-12 07:15:00,1.60969,1.6098599999999998,1.60958,1.60964
2026-05-12 07:30:00,1.6096300000000001,1.60999,1.6096300000000001,1.60999
2026-05-12 07:45:00,1.60998,1.61002,1.6097700000000001,1.6098
2026-05-12 08:00:00,1.60981,1.60982,1.60921,1.6094
2026-05-12 08:15:00,1.60941,1.60957,1.60918,1.60941
2026-05-12 08:30:00,1.60941,1.6096300000000001,1.6093,1.60962
2026-05-12 08:45:00,1.6096300000000001,1.6107,1.60957,1.60992
2026-05-12 09:00:00,1.60991,1.6102400000000001,1.6089099999999998,1.60949
2026-05-12 09:15:00,1.60949,1.60975,1.60919,1.6095000000000002
2026-05-12 09:30:00,1.60951,1.60988,1.60942,1.6097000000000001
2026-05-12 09:45:00,1.6097000000000001,1.60991,1.6088200000000001,1.60893
2026-05-12 10:00:00,1.60892,1.60907,1.60842,1.6087099999999999
2026-05-12 10:15:00,1.6087,1.60962,1.60869,1.60911
2026-05-12 10:30:00,1.6091,1.6093899999999999,1.60887,1.60913
2026-05-12 10:45:00,1.60914,1.60994,1.60895,1.60981
2026-05-12 11:00:00,1.60982,1.6099700000000001,1.60948,1.6098599999999998
2026-05-12 11:15:00,1.6098400000000002,1.61016,1.6095899999999999,1.60974
2026-05-12 11:30:00,1.6097299999999999,1.60995,1.60931,1.60972
2026-05-12 11:45:00,1.60972,1.61003,1.60945,1.60948
2026-05-12 12:00:00,1.60947,1.61003,1.6093,1.60994
2026-05-12 12:15:00,1.6099299999999999,1.61021,1.6097299999999999,1.60988
2026-05-12 12:30:00,1.60988,1.6107399999999998,1.60988,1.61007
2026-05-12 12:45:00,1.6100400000000001,1.6106500000000001,1.61003,1.6105
2026-05-12 13:00:00,1.61051,1.6107200000000002,1.61018,1.61063
2026-05-12 13:15:00,1.61064,1.61067,1.60999,1.6101299999999998
2026-05-12 13:30:00,1.61014,1.6105,1.6099700000000001,1.61014
2026-05-12 13:45:00,1.61014,1.61026,1.60949,1.6095199999999998
2026-05-12 14:00:00,1.60953,1.6101,1.60893,1.60969
2026-05-12 14:15:00,1.60971,1.60987,1.60956,1.60967
2026-05-12 14:30:00,1.60968,1.60979,1.60933,1.60954
2026-05-12 14:45:00,1.60954,1.60971,1.6089799999999999,1.60927
2026-05-12 15:00:00,1.60924,1.60934,1.6086200000000002,1.6089
2026-05-12 15:15:00,1.6089,1.6093199999999999,1.60866,1.60876
2026-05-12 15:30:00,1.60876,1.6103100000000001,1.6085,1.61022
2026-05-12 15:45:00,1.61023,1.61023,1.60942,1.60955
2026-05-12 16:00:00,1.60955,1.61016,1.6091600000000001,1.6098400000000002
2026-05-12 16:15:00,1.60985,1.6102400000000001,1.60933,1.6099
2026-05-12 16:30:00,1.60992,1.61017,1.60968,1.6099700000000001
2026-05-12 16:45:00,1.6099700000000001,1.61003,1.60822,1.60881
2026-05-12 17:00:00,1.60885,1.60893,1.60832,1.6088200000000001
2026-05-12 17:15:00,1.6088200000000001,1.6089,1.60836,1.60852
2026-05-12 17:30:00,1.6085099999999999,1.60901,1.60807,1.60843
2026-05-12 17:45:00,1.6083699999999999,1.60924,1.6080100000000002,1.60879
2026-05-12 18:00:00,1.6087799999999999,1.60919,1.60836,1.60874
2026-05-12 18:15:00,1.6087500000000001,1.60907,1.6085,1.60869
2026-05-12 18:30:00,1.60873,1.609,1.60833,1.60893
2026-05-12 18:45:00,1.60893,1.60914,1.60867,1.6089
2026-05-12 19:00:00,1.60887,1.60918,1.6088,1.6091
2026-05-12 19:15:00,1.6090900000000001,1.60958,1.6090200000000001,1.60914
2026-05-12 19:30:00,1.6091199999999999,1.60915,1.60877,1.60888
2026-05-12 19:45:00,1.60888,1.60894,1.60825,1.6082999999999998
2026-05-12 20:00:00,1.60829,1.6088,1.6080100000000002,1.6088
2026-05-12 20:15:00,1.6088,1.60886,1.60831,1.60861
2026-05-12 20:30:00,1.60861,1.60883,1.60856,1.60872
2026-05-12 20:45:00,1.6087099999999999,1.60893,1.6085099999999999,1.60876
2026-05-12 21:00:00,1.60876,1.609,1.60825,1.60847
2026-05-12 21:15:00,1.60846,1.6089099999999998,1.60833,1.6086
2026-05-12 21:30:00,1.60863,1.6087799999999999,1.60846,1.6086200000000002
2026-05-12 21:45:00,1.60863,1.60866,1.60834,1.6084399999999999
2026-05-12 22:00:00,1.60845,1.60868,1.6082100000000001,1.60831
2026-05-12 22:15:00,1.6082999999999998,1.60847,1.6080999999999999,1.60838
2026-05-12 22:30:00,1.60839,1.60858,1.60826,1.60845
2026-05-12 22:45:00,1.6084399999999999,1.6085,1.60819,1.60827
2026-05-12 23:00:00,1.6082999999999998,1.60859,1.6081699999999999,1.60827
2026-05-12 23:15:00,1.60827,1.60835,1.60807,1.60831
2026-05-12 23:30:00,1.6082999999999998,1.60832,1.60799,1.6080299999999998
2026-05-12 23:45:00,1.60802,1.60818,1.6074899999999999,1.60785
2026-05-13 00:00:00,1.60657,1.607,1.60657,1.60686
2026-05-13 00:15:00,1.6069499999999999,1.60784,1.60689,1.6072899999999999
2026-05-13 00:30:00,1.6072899999999999,1.60738,1.60711,1.60718
2026-05-13 00:45:00,1.6073499999999998,1.60791,1.60712,1.6072
2026-05-13 01:00:00,1.6072199999999999,1.6077599999999999,1.6072199999999999,1.6075599999999999
2026-05-13 01:15:00,1.60758,1.60759,1.60745,1.60748
2026-05-13 01:30:00,1.60747,1.6076700000000002,1.60744,1.60761
2026-05-13 01:45:00,1.60761,1.60778,1.60755,1.60765
2026-05-13 02:00:00,1.60766,1.60781,1.60747,1.60747
2026-05-13 02:15:00,1.6074899999999999,1.60757,1.60731,1.6074199999999998
2026-05-13 02:30:00,1.6074199999999998,1.60758,1.60739,1.6075
2026-05-13 02:45:00,1.6075,1.60758,1.6073,1.60738
2026-05-13 03:00:00,1.60738,1.60755,1.6071900000000001,1.60732
2026-05-13 03:15:00,1.60731,1.60752,1.60724,1.60739
2026-05-13 03:30:00,1.60739,1.6076000000000001,1.6072199999999999,1.60744
2026-05-13 03:45:00,1.60743,1.60759,1.6072199999999999,1.60744
2026-05-13 04:00:00,1.60746,1.60757,1.60701,1.60703
2026-05-13 04:15:00,1.60702,1.60747,1.60687,1.6072199999999999
2026-05-13 04:30:00,1.6072199999999999,1.60736,1.6067900000000002,1.6068
2026-05-13 04:45:00,1.6068,1.6070799999999998,1.60664,1.60677
2026-05-13 05:00:00,1.60677,1.60682,1.6063399999999999,1.6063399999999999
2026-05-13 05:15:00,1.6063399999999999,1.60646,1.60626,1.6063399999999999
2026-05-13 05:30:00,1.60636,1.6065,1.60626,1.60629
2026-05-13 05:45:00,1.6063,1.60659,1.60628,1.6064500000000002
2026-05-13 06:00:00,1.6064500000000002,1.60666,1.6064500000000002,1.60653
2026-05-13 06:15:00,1.60653,1.60662,1.60625,1.60646
2026-05-13 06:30:00,1.60648,1.60673,1.60641,1.60646
2026-05-13 06:45:00,1.60646,1.60655,1.60629,1.60641
2026-05-13 07:00:00,1.60642,1.6067,1.6063800000000001,1.60663
2026-05-13 07:15:00,1.60666,1.60687,1.6066500000000001,1.6067900000000002
2026-05-13 07:30:00,1.60678,1.6069499999999999,1.6066799999999999,1.60687
2026-05-13 07:45:00,1.60687,1.60702,1.60683,1.6069499999999999
2026-05-13 08:00:00,1.6069499999999999,1.6071499999999999,1.60691,1.60704
2026-05-13 08:15:00,1.60704,1.60741,1.60698,1.60727
2026-05-13 08:30:00,1.6072600000000001,1.60736,1.6070799999999998,1.6071
2026-05-13 08:45:00,1.6070799999999998,1.6071900000000001,1.60696,1.6070799999999998
2026-05-13 09:00:00,1.6070600000000002,1.6070799999999998,1.60629,1.6063399999999999
2026-05-13 09:15:00,1.60636,1.6066799999999999,1.60623,1.60637
2026-05-13 09:30:00,1.60637,1.60653,1.60614,1.60625
2026-05-13 09:45:00,1.6062400000000001,1.6063399999999999,1.60571,1.60589
2026-05-13 10:00:00,1.60589,1.6065800000000001,1.60588,1.60617
2026-05-13 10:15:00,1.60616,1.6063399999999999,1.6059299999999999,1.60596
2026-05-13 10:30:00,1.60595,1.60599,1.60535,1.60542
2026-05-13 10:45:00,1.6054300000000001,1.60572,1.60438,1.6044
2026-05-13 11:00:00,1.6044,1.6050200000000001,1.60436,1.60465
2026-05-13 11:15:00,1.60465,1.6049,1.60433,1.6043699999999999
2026-05-13 11:30:00,1.60436,1.60466,1.60392,1.6039400000000001
2026-05-13 11:45:00,1.60393,1.604,1.6030600000000002,1.60323
2026-05-13 12:00:00,1.60323,1.60372,1.60317,1.6032899999999999
2026-05-13 12:15:00,1.60327,1.60354,1.60301,1.6031
2026-05-13 12:30:00,1.60312,1.6034199999999998,1.60297,1.60332
2026-05-13 12:45:00,1.60332,1.60377,1.6032899999999999,1.60357
2026-05-13 13:00:00,1.60358,1.6036000000000001,1.60283,1.60303
2026-05-13 13:15:00,1.60303,1.60331,1.6028,1.60298
2026-05-13 13:30:00,1.60298,1.60359,1.60291,1.60352
2026-05-13 13:45:00,1.60351,1.60404,1.6034000000000002,1.60354
2026-05-13 14:00:00,1.6035300000000001,1.60413,1.60345,1.60402
2026-05-13 14:15:00,1.60402,1.60411,1.60366,1.6036700000000002
2026-05-13 14:30:00,1.6036700000000002,1.6043699999999999,1.60365,1.60436
2026-05-13 14:45:00,1.60436,1.60438,1.60382,1.6038299999999999
2026-05-13 15:00:00,1.60384,1.60411,1.60366,1.60386
2026-05-13 15:15:00,1.6038999999999999,1.6039400000000001,1.60307,1.60331
2026-05-13 15:30:00,1.6033300000000001,1.60393,1.60278,1.60296
2026-05-13 15:45:00,1.60294,1.60304,1.60212,1.60263
2026-05-13 16:00:00,1.60263,1.6032,1.60255,1.6028
2026-05-13 16:15:00,1.6028,1.60304,1.60264,1.60298
2026-05-13 16:30:00,1.60296,1.60508,1.60296,1.60504
2026-05-13 16:45:00,1.60504,1.60561,1.60481,1.60517
2026-05-13 17:00:00,1.60517,1.60544,1.6045,1.60458
2026-05-13 17:15:00,1.60459,1.6046200000000002,1.60348,1.6038999999999999
2026-05-13 17:30:00,1.6038999999999999,1.60415,1.60316,1.60355
2026-05-13 17:45:00,1.6035599999999999,1.60458,1.6035300000000001,1.60445
2026-05-13 18:00:00,1.60445,1.6047500000000001,1.6042999999999998,1.60431
2026-05-13 18:15:00,1.60432,1.60476,1.60406,1.60408
2026-05-13 18:30:00,1.60409,1.6044100000000001,1.60389,1.60418
2026-05-13 18:45:00,1.60418,1.60484,1.60411,1.60469
2026-05-13 19:00:00,1.60469,1.6047500000000001,1.6043699999999999,1.6046
2026-05-13 19:15:00,1.60459,1.6050200000000001,1.6043500000000002,1.60486
2026-05-13 19:30:00,1.60486,1.6050200000000001,1.60434,1.60443
2026-05-13 19:45:00,1.60442,1.60486,1.60436,1.60463
2026-05-13 20:00:00,1.6046399999999998,1.60484,1.6043699999999999,1.6046
2026-05-13 20:15:00,1.60463,1.6049,1.60456,1.60474
2026-05-13 20:30:00,1.60474,1.60488,1.60449,1.6045500000000001
2026-05-13 20:45:00,1.60457,1.60479,1.6044,1.60442
2026-05-13 21:00:00,1.6044100000000001,1.60477,1.6044,1.6044800000000001
2026-05-13 21:15:00,1.60446,1.60514,1.6043500000000002,1.60508
2026-05-13 21:30:00,1.60508,1.6057000000000001,1.60494,1.6055899999999999
2026-05-13 21:45:00,1.60558,1.6058599999999998,1.60544,1.60549
2026-05-13 22:00:00,1.6055000000000001,1.60562,1.60513,1.60518
2026-05-13 22:15:00,1.60519,1.6052499999999998,1.60493,1.6051
2026-05-13 22:30:00,1.6051,1.60522,1.60465,1.60467
2026-05-13 22:45:00,1.60467,1.60506,1.60463,1.60473
2026-05-13 23:00:00,1.60473,1.60518,1.60465,1.6050900000000001
2026-05-13 23:15:00,1.60511,1.60531,1.60494,1.60526
2026-05-13 23:30:00,1.6052499999999998,1.60533,1.6048900000000001,1.6050499999999999
2026-05-13 23:45:00,1.6050499999999999,1.6055199999999998,1.60503,1.6052499999999998
2026-05-14 00:00:00,1.60413,1.60507,1.60392,1.6050200000000001
2026-05-14 00:15:00,1.6050200000000001,1.60547,1.60492,1.60503
2026-05-14 00:30:00,1.60503,1.60561,1.6049799999999999,1.6053899999999999
2026-05-14 00:45:00,1.60538,1.60553,1.6049,1.60495
2026-05-14 01:00:00,1.60492,1.6057000000000001,1.60492,1.60562
2026-05-14 01:15:00,1.6056300000000001,1.6056599999999999,1.6054599999999999,1.60548
2026-05-14 01:30:00,1.60551,1.6056599999999999,1.60541,1.6056300000000001
2026-05-14 01:45:00,1.60561,1.60567,1.60547,1.60562
2026-05-14 02:00:00,1.6056300000000001,1.60569,1.60549,1.60554
2026-05-14 02:15:00,1.60553,1.6056300000000001,1.60548,1.6055199999999998
2026-05-14 02:30:00,1.60549,1.60555,1.60541,1.60551
2026-05-14 02:45:00,1.60551,1.60561,1.60545,1.60547
2026-05-14 03:00:00,1.60547,1.6058400000000002,1.60541,1.60579
2026-05-14 03:15:00,1.6058,1.6058599999999998,1.6055199999999998,1.60564
2026-05-14 03:30:00,1.6056300000000001,1.60572,1.6054599999999999,1.6056599999999999
2026-05-14 03:45:00,1.6056599999999999,1.6058599999999998,1.60564,1.60569
2026-05-14 04:00:00,1.60569,1.6057000000000001,1.6053899999999999,1.60556
2026-05-14 04:15:00,1.6055700000000002,1.6057700000000001,1.6054599999999999,1.60565
2026-05-14 04:30:00,1.60564,1.60589,1.6055199999999998,1.60582
2026-05-14 04:45:00,1.60582,1.6058400000000002,1.60549,1.60555
2026-05-14 05:00:00,1.60556,1.60564,1.60541,1.60544
2026-05-14 05:15:00,1.60542,1.60556,1.60533,1.60551
2026-05-14 05:30:00,1.6055000000000001,1.60551,1.6053899999999999,1.60542
2026-05-14 05:45:00,1.60542,1.60548,1.60517,1.60522
2026-05-14 06:00:00,1.60522,1.60526,1.6050200000000001,1.6052300000000002
2026-05-14 06:15:00,1.6052300000000002,1.60545,1.60517,1.60542
2026-05-14 06:30:00,1.60542,1.6056,1.60541,1.60556
2026-05-14 06:45:00,1.6055700000000002,1.60567,1.60537,1.6053899999999999
2026-05-14 07:00:00,1.6054,1.60564,1.6052,1.60528
2026-05-14 07:15:00,1.60527,1.6054300000000001,1.60515,1.60533
2026-05-14 07:30:00,1.60534,1.6054,1.6051,1.6052
2026-05-14 07:45:00,1.60521,1.6054300000000001,1.6052,1.6052300000000002
2026-05-14 08:00:00,1.60526,1.60537,1.60515,1.60518
2026-05-14 08:15:00,1.60518,1.60528,1.6050900000000001,1.6052300000000002
2026-05-14 08:30:00,1.60524,1.60524,1.60497,1.60508
2026-05-14 08:45:00,1.60511,1.60531,1.60477,1.6048
2026-05-14 09:00:00,1.6047799999999999,1.6050499999999999,1.6045,1.60465
2026-05-14 09:15:00,1.60465,1.6052499999999998,1.6046200000000002,1.60522
2026-05-14 09:30:00,1.60521,1.60533,1.60484,1.60528
2026-05-14 09:45:00,1.60527,1.60591,1.60527,1.60558
2026-05-14 10:00:00,1.6055700000000002,1.60575,1.60508,1.6052
2026-05-14 10:15:00,1.60518,1.6052,1.6048499999999999,1.60515
2026-05-14 10:30:00,1.60514,1.6057299999999999,1.60514,1.6055899999999999
2026-05-14 10:45:00,1.6055899999999999,1.6058400000000002,1.60535,1.60551
2026-05-14 11:00:00,1.6054599999999999,1.6055000000000001,1.60449,1.60461
2026-05-14 11:15:00,1.60461,1.60526,1.6046,1.60513
2026-05-14 11:30:00,1.60514,1.6053600000000001,1.60486,1.6049600000000002
2026-05-14 11:45:00,1.6049600000000002,1.6050499999999999,1.60477,1.60486
2026-05-14 12:00:00,1.60488,1.6050200000000001,1.60466,1.60495
2026-05-14 12:15:00,1.6049600000000002,1.6051600000000001,1.60473,1.60476
2026-05-14 12:30:00,1.6047500000000001,1.60488,1.6045099999999999,1.60465
2026-05-14 12:45:00,1.60467,1.60503,1.6046,1.60469
2026-05-14 13:00:00,1.6047,1.6055000000000001,1.6045099999999999,1.60531
2026-05-14 13:15:00,1.6053199999999999,1.6056599999999999,1.6052499999999998,1.6055899999999999
2026-05-14 13:30:00,1.60558,1.6056599999999999,1.60527,1.60544
2026-05-14 13:45:00,1.6054599999999999,1.60601,1.6053199999999999,1.6059
2026-05-14 14:00:00,1.60589,1.60603,1.6055899999999999,1.60594
2026-05-14 14:15:00,1.60594,1.60595,1.60548,1.60576
2026-05-14 14:30:00,1.6057700000000001,1.6058400000000002,1.60511,1.60529
2026-05-14 14:45:00,1.6053,1.6056599999999999,1.6051600000000001,1.60519
2026-05-14 15:00:00,1.6052,1.6060699999999999,1.6051600000000001,1.60602
2026-05-14 15:15:00,1.60601,1.60653,1.60575,1.60636
2026-05-14 15:30:00,1.60637,1.6063800000000001,1.60514,1.6053199999999999
2026-05-14 15:45:00,1.6053199999999999,1.6057700000000001,1.60521,1.60522
2026-05-14 16:00:00,1.60521,1.60548,1.6047799999999999,1.60511
2026-05-14 16:15:00,1.6051199999999999,1.60514,1.60442,1.60472
2026-05-14 16:30:00,1.60474,1.60474,1.60371,1.6042800000000002
2026-05-14 16:45:00,1.6042800000000002,1.60479,1.60384,1.6044800000000001
2026-05-14 17:00:00,1.6044800000000001,1.6044800000000001,1.6038000000000001,1.6039400000000001
2026-05-14 17:15:00,1.6039400000000001,1.60483,1.60392,1.60473
2026-05-14 17:30:00,1.60474,1.605,1.60452,1.6049099999999998
2026-05-14 17:45:00,1.60492,1.60548,1.60317,1.6033
2026-05-14 18:00:00,1.6032899999999999,1.604,1.6030600000000002,1.60327
2026-05-14 18:15:00,1.6032899999999999,1.6033300000000001,1.6027200000000001,1.60318
2026-05-14 18:30:00,1.6031900000000001,1.60328,1.60217,1.60223
2026-05-14 18:45:00,1.60223,1.6026799999999999,1.60221,1.60255
2026-05-14 19:00:00,1.60255,1.6028099999999998,1.60203,1.6023
2026-05-14 19:15:00,1.60232,1.60311,1.60221,1.6025
2026-05-14 19:30:00,1.60251,1.60255,1.60202,1.6021
2026-05-14 19:45:00,1.60209,1.60251,1.60178,1.60205
2026-05-14 20:00:00,1.6020400000000001,1.60237,1.6019999999999999,1.60225
2026-05-14 20:15:00,1.6022699999999999,1.6029,1.6021999999999998,1.60289
2026-05-14 20:30:00,1.6028799999999999,1.60294,1.6025,1.6025800000000001
2026-05-14 20:45:00,1.60257,1.60259,1.60219,1.60255
2026-05-14 21:00:00,1.60255,1.60296,1.60252,1.60256
2026-05-14 21:15:00,1.6025800000000001,1.6026799999999999,1.60222,1.6022699999999999
2026-05-14 21:30:00,1.6022699999999999,1.60262,1.60224,1.6023800000000001
2026-05-14 21:45:00,1.60237,1.6025399999999999,1.6019999999999999,1.60243
2026-05-14 22:00:00,1.60242,1.60269,1.60239,1.60242
2026-05-14 22:15:00,1.60242,1.6025,1.6021999999999998,1.60225
2026-05-14 22:30:00,1.60225,1.6023100000000001,1.60188,1.60196
2026-05-14 22:45:00,1.60195,1.60202,1.6014,1.60155
2026-05-14 23:00:00,1.60155,1.6017000000000001,1.60104,1.6012499999999998
2026-05-14 23:15:00,1.60126,1.60133,1.6006200000000002,1.60068
2026-05-14 23:30:00,1.6007,1.60106,1.60058,1.60094
2026-05-14 23:45:00,1.60097,1.60097,1.60036,1.60063
2026-05-15 00:00:00,1.60036,1.60087,1.6000999999999999,1.6003500000000002
2026-05-15 00:15:00,1.6003500000000002,1.6011600000000001,1.6003500000000002,1.6011600000000001
2026-05-15 00:30:00,1.60107,1.60163,1.60091,1.60103
2026-05-15 00:45:00,1.60106,1.6011,1.6005,1.60076
2026-05-15 01:00:00,1.60069,1.60097,1.60052,1.6006399999999998
2026-05-15 01:15:00,1.6006399999999998,1.6008200000000001,1.6005,1.60074
2026-05-15 01:30:00,1.6007500000000001,1.60081,1.60056,1.60076
2026-05-15 01:45:00,1.60076,1.60086,1.60065,1.60067
2026-05-15 02:00:00,1.60068,1.6007799999999999,1.60032,1.60032
2026-05-15 02:15:00,1.60031,1.60047,1.60027,1.6003500000000002
2026-05-15 02:30:00,1.6003500000000002,1.6006,1.60022,1.60054
2026-05-15 02:45:00,1.60053,1.6007099999999999,1.6004399999999999,1.60052
2026-05-15 03:00:00,1.6005,1.6007,1.60009,1.60054
2026-05-15 03:15:00,1.60056,1.60093,1.6005099999999999,1.60057
2026-05-15 03:30:00,1.60056,1.6007099999999999,1.60013,1.60065
2026-05-15 03:45:00,1.6006399999999998,1.60104,1.60056,1.60093
2026-05-15 04:00:00,1.60092,1.60111,1.60086,1.601
2026-05-15 04:15:00,1.601,1.60106,1.60063,1.60069
2026-05-15 04:30:00,1.60069,1.6009600000000002,1.6004800000000001,1.6007099999999999
2026-05-15 04:45:00,1.60072,1.60076,1.60045,1.60047
2026-05-15 05:00:00,1.6004800000000001,1.60067,1.60038,1.60049
2026-05-15 05:15:00,1.60049,1.60094,1.60045,1.6007799999999999
2026-05-15 05:30:00,1.60077,1.60102,1.60068,1.6009799999999998
2026-05-15 05:45:00,1.60101,1.6013899999999999,1.60093,1.6009799999999998
2026-05-15 06:00:00,1.60101,1.60117,1.60093,1.6009799999999998
2026-05-15 06:15:00,1.6009799999999998,1.601,1.60084,1.60095
2026-05-15 06:30:00,1.6009600000000002,1.60103,1.60073,1.60092
2026-05-15 06:45:00,1.60093,1.60106,1.6008,1.60101
2026-05-15 07:00:00,1.601,1.60114,1.60095,1.60108
2026-05-15 07:15:00,1.60107,1.60118,1.60102,1.6011199999999999
2026-05-15 07:30:00,1.60111,1.6013,1.601,1.60122
2026-05-15 07:45:00,1.6012,1.60126,1.6009600000000002,1.6010499999999999
2026-05-15 08:00:00,1.60104,1.6019299999999999,1.60094,1.60185
2026-05-15 08:15:00,1.60187,1.60196,1.60147,1.6016599999999999
2026-05-15 08:30:00,1.60165,1.60167,1.60079,1.6009
2026-05-15 08:45:00,1.6009,1.60091,1.59985,1.5998700000000001
2026-05-15 09:00:00,1.59988,1.60025,1.5994000000000002,1.5996899999999998
2026-05-15 09:15:00,1.59968,1.59989,1.5995,1.59957
2026-05-15 09:30:00,1.5995599999999999,1.6002100000000001,1.59941,1.59958
2026-05-15 09:45:00,1.59958,1.6002100000000001,1.5995,1.60007
2026-05-15 10:00:00,1.60006,1.60099,1.5998299999999999,1.5998700000000001
2026-05-15 10:15:00,1.59986,1.60068,1.59977,1.59989
2026-05-15 10:30:00,1.59989,1.60042,1.59952,1.59973
2026-05-15 10:45:00,1.59973,1.60034,1.5996299999999999,1.59972
2026-05-15 11:00:00,1.59975,1.60019,1.59961,1.59986
2026-05-15 11:15:00,1.5998700000000001,1.59998,1.59923,1.59935
2026-05-15 11:30:00,1.59936,1.59952,1.59882,1.59951
2026-05-15 11:45:00,1.59951,1.59954,1.59897,1.5992899999999999
2026-05-15 12:00:00,1.59927,1.59947,1.59822,1.59822
2026-05-15 12:15:00,1.59822,1.59921,1.59815,1.5987
2026-05-15 12:30:00,1.59871,1.59937,1.5986099999999999,1.59905
2026-05-15 12:45:00,1.59905,1.59947,1.5989200000000001,1.59927
2026-05-15 13:00:00,1.59928,1.59944,1.5989900000000001,1.5992899999999999
2026-05-15 13:15:00,1.59931,1.5997,1.59921,1.59943
2026-05-15 13:30:00,1.59944,1.6002399999999999,1.59928,1.60015
2026-05-15 13:45:00,1.60015,1.6012300000000002,1.60009,1.60091
2026-05-15 14:00:00,1.60091,1.60095,1.59999,1.60059
2026-05-15 14:15:00,1.60059,1.6007500000000001,1.60002,1.60023
2026-05-15 14:30:00,1.60022,1.6002999999999998,1.59973,1.59984
2026-05-15 14:45:00,1.59986,1.5998700000000001,1.5993300000000001,1.59958
2026-05-15 15:00:00,1.59957,1.59986,1.59905,1.5992600000000001
2026-05-15 15:15:00,1.59925,1.59992,1.59911,1.59989
2026-05-15 15:30:00,1.59988,1.6000299999999998,1.5986799999999999,1.5987
2026-05-15 15:45:00,1.5987,1.59941,1.59859,1.5990600000000001
2026-05-15 16:00:00,1.59905,1.59951,1.59898,1.59937
2026-05-15 16:15:00,1.59937,1.59998,1.59921,1.59997
2026-05-15 16:30:00,1.59997,1.6005500000000001,1.59989,1.60013
2026-05-15 16:45:00,1.60012,1.60013,1.59901,1.5991900000000001
2026-05-15 17:00:00,1.59916,1.60016,1.5991499999999998,1.5997599999999998
2026-05-15 17:15:00,1.59975,1.6007,1.59971,1.6004
2026-05-15 17:30:00,1.6004,1.6005500000000001,1.59909,1.59935
2026-05-15 17:45:00,1.59935,1.60047,1.5992899999999999,1.60018
2026-05-15 18:00:00,1.6001699999999999,1.60034,1.5995599999999999,1.59979
2026-05-15 18:15:00,1.59979,1.59996,1.59927,1.59955
2026-05-15 18:30:00,1.59955,1.5996000000000001,1.59886,1.59907
2026-05-15 18:45:00,1.59905,1.59918,1.59857,1.59877
2026-05-15 19:00:00,1.59877,1.59884,1.59821,1.59833
2026-05-15 19:15:00,1.5983100000000001,1.59842,1.5979999999999999,1.59816
2026-05-15 19:30:00,1.59815,1.59835,1.5973899999999999,1.59744
2026-05-15 19:45:00,1.59745,1.59754,1.5972,1.59737
2026-05-15 20:00:00,1.59738,1.59772,1.59718,1.59751
2026-05-15 20:15:00,1.5975000000000001,1.59822,1.59749,1.59805
2026-05-15 20:30:00,1.59803,1.59816,1.5977299999999999,1.59805
2026-05-15 20:45:00,1.59805,1.5981999999999998,1.59765,1.5977000000000001
2026-05-15 21:00:00,1.59768,1.5984,1.59751,1.59826
2026-05-15 21:15:00,1.59825,1.59867,1.59812,1.5983399999999999
2026-05-15 21:30:00,1.59835,1.59837,1.59798,1.59828
2026-05-15 21:45:00,1.59828,1.59855,1.59813,1.59835
2026-05-15 22:00:00,1.59837,1.59855,1.59823,1.59824
2026-05-15 22:15:00,1.59824,1.5984,1.59805,1.59819
2026-05-15 22:30:00,1.5981999999999998,1.5986,1.59816,1.5983100000000001
2026-05-15 22:45:00,1.59832,1.59882,1.59808,1.59837
2026-05-15 23:00:00,1.59837,1.59884,1.59816,1.59884
2026-05-15 23:15:00,1.59884,1.5988799999999999,1.5984500000000001,1.59848
2026-05-15 23:30:00,1.5985,1.5991499999999998,1.59849,1.59904
2026-05-15 23:45:00,1.5990600000000001,1.5990600000000001,1.59788,1.59803
2026-05-18 00:00:00,1.5947900000000002,1.59674,1.5947900000000002,1.59673
2026-05-18 00:15:00,1.5965500000000001,1.59742,1.5965500000000001,1.59726
2026-05-18 00:30:00,1.5971899999999999,1.59774,1.59707,1.5975700000000002
2026-05-18 00:45:00,1.5974599999999999,1.59787,1.5974599999999999,1.59752
2026-05-18 01:00:00,1.59754,1.5981999999999998,1.5974599999999999,1.5980699999999999
2026-05-18 01:15:00,1.5980699999999999,1.59817,1.59783,1.59801
2026-05-18 01:30:00,1.5981,1.59833,1.5979700000000001,1.59833
2026-05-18 01:45:00,1.59833,1.5984500000000001,1.59824,1.59842
2026-05-18 02:00:00,1.59843,1.5984699999999998,1.5979,1.5980400000000001
2026-05-18 02:15:00,1.59803,1.5981800000000002,1.5979700000000001,1.59814
2026-05-18 02:30:00,1.59813,1.5982699999999999,1.59794,1.59805
2026-05-18 02:45:00,1.59803,1.5983100000000001,1.5979299999999999,1.59825
2026-05-18 03:00:00,1.59824,1.59866,1.5981,1.5984099999999999
2026-05-18 03:15:00,1.5984,1.59851,1.59812,1.59828
2026-05-18 03:30:00,1.5982699999999999,1.59833,1.59776,1.59779
2026-05-18 03:45:00,1.5977700000000001,1.59792,1.59745,1.59778
2026-05-18 04:00:00,1.59779,1.59788,1.5974,1.5974300000000001
2026-05-18 04:15:00,1.5974300000000001,1.5977700000000001,1.5973600000000001,1.59765
2026-05-18 04:30:00,1.59765,1.59809,1.59763,1.5979700000000001
2026-05-18 04:45:00,1.59798,1.5982699999999999,1.5978599999999998,1.59789
2026-05-18 05:00:00,1.59788,1.59819,1.59782,1.59806
2026-05-18 05:15:00,1.59805,1.59814,1.5979,1.59798
2026-05-18 05:30:00,1.59795,1.59808,1.59789,1.5979700000000001
2026-05-18 05:45:00,1.5979700000000001,1.59809,1.59789,1.59801
2026-05-18 06:00:00,1.59801,1.5981100000000001,1.59788,1.59802
2026-05-18 06:15:00,1.59803,1.59828,1.59792,1.5981
2026-05-18 06:30:00,1.59809,1.59819,1.59796,1.59803
2026-05-18 06:45:00,1.5980400000000001,1.59829,1.59792,1.5981999999999998
2026-05-18 07:00:00,1.5981999999999998,1.5986099999999999,1.5981999999999998,1.59851
2026-05-18 07:15:00,1.59853,1.59857,1.59816,1.59824
2026-05-18 07:30:00,1.59823,1.59835,1.59815,1.59816
2026-05-18 07:45:00,1.59816,1.59824,1.5980400000000001,1.59819
2026-05-18 08:00:00,1.59821,1.5983,1.59796,1.59798
2026-05-18 08:15:00,1.59799,1.59805,1.59771,1.5977999999999999
2026-05-18 08:30:00,1.59781,1.59826,1.59774,1.59802
2026-05-18 08:45:00,1.59802,1.5984099999999999,1.5979299999999999,1.5984099999999999
2026-05-18 09:00:00,1.59839,1.59893,1.5983,1.5989200000000001
2026-05-18 09:15:00,1.59891,1.59916,1.59866,1.59884
2026-05-18 09:30:00,1.59885,1.59936,1.5987900000000002,1.5993300000000001
2026-05-18 09:45:00,1.59932,1.5994199999999998,1.59876,1.59911
2026-05-18 10:00:00,1.5991,1.59938,1.59883,1.59893
2026-05-18 10:15:00,1.59893,1.59947,1.5989,1.5989499999999999
2026-05-18 10:30:00,1.59896,1.5993,1.5987900000000002,1.59904
2026-05-18 10:45:00,1.5990600000000001,1.59927,1.5987900000000002,1.59882
2026-05-18 11:00:00,1.5988099999999998,1.59894,1.59846,1.5988
2026-05-18 11:15:00,1.59878,1.59886,1.59836,1.59885
2026-05-18 11:30:00,1.5988799999999999,1.59946,1.59875,1.59901
2026-05-18 11:45:00,1.59901,1.59977,1.59894,1.59914
2026-05-18 12:00:00,1.5991499999999998,1.59936,1.5990199999999999,1.5992600000000001
2026-05-18 12:15:00,1.59925,1.5994899999999999,1.59917,1.59947
2026-05-18 12:30:00,1.59945,1.5996700000000001,1.59924,1.59927
2026-05-18 12:45:00,1.5992600000000001,1.59927,1.5989,1.59904
2026-05-18 13:00:00,1.59903,1.5991900000000001,1.59869,1.5989
2026-05-18 13:15:00,1.5989,1.5989,1.59867,1.59884
2026-05-18 13:30:00,1.59886,1.59889,1.59848,1.5988099999999998
2026-05-18 13:45:00,1.5988,1.59882,1.59799,1.5981
2026-05-18 14:00:00,1.5981100000000001,1.59901,1.5979999999999999,1.59897
2026-05-18 14:15:00,1.59896,1.5994899999999999,1.59886,1.59936
2026-05-18 14:30:00,1.59935,1.60092,1.5993300000000001,1.60069
2026-05-18 14:45:00,1.60072,1.60072,1.6,1.6002999999999998
2026-05-18 15:00:00,1.60032,1.60066,1.60008,1.60043
2026-05-18 15:15:00,1.60041,1.60045,1.5997599999999998,1.6001400000000001
2026-05-18 15:30:00,1.60013,1.60091,1.60004,1.60042
2026-05-18 15:45:00,1.60043,1.60091,1.60019,1.60074
2026-05-18 16:00:00,1.60073,1.6007500000000001,1.60018,1.60049
2026-05-18 16:15:00,1.6005,1.6005099999999999,1.6000100000000002,1.6002999999999998
2026-05-18 16:30:00,1.6002999999999998,1.60059,1.60007,1.6002999999999998
2026-05-18 16:45:00,1.60029,1.6019700000000001,1.60029,1.60137
2026-05-18 17:00:00,1.60137,1.6015000000000001,1.60076,1.60122
2026-05-18 17:15:00,1.60121,1.60151,1.59996,1.59998
2026-05-18 17:30:00,1.59997,1.60053,1.59964,1.6002
2026-05-18 17:45:00,1.6002100000000001,1.60046,1.59962,1.5997400000000002
2026-05-18 18:00:00,1.59973,1.60022,1.59939,1.6000999999999999
2026-05-18 18:15:00,1.60012,1.60034,1.59981,1.60012
2026-05-18 18:30:00,1.6000999999999999,1.60097,1.6000100000000002,1.60083
2026-05-18 18:45:00,1.60084,1.6014,1.60074,1.60081
2026-05-18 19:00:00,1.60081,1.60115,1.60041,1.60115
2026-05-18 19:15:00,1.60114,1.60148,1.60102,1.60135
2026-05-18 19:30:00,1.60135,1.60153,1.6007500000000001,1.60081
2026-05-18 19:45:00,1.6008,1.60138,1.6007500000000001,1.601
2026-05-18 20:00:00,1.60101,1.6012,1.6006200000000002,1.60073
2026-05-18 20:15:00,1.60074,1.60108,1.60066,1.6009600000000002
2026-05-18 20:30:00,1.6009600000000002,1.6011,1.6007099999999999,1.601
2026-05-18 20:45:00,1.601,1.60104,1.60034,1.6003500000000002
2026-05-18 21:00:00,1.60036,1.60049,1.60018,1.60036
2026-05-18 21:15:00,1.6003500000000002,1.60047,1.59965,1.59985
2026-05-18 21:30:00,1.59988,1.60008,1.5994899999999999,1.5996700000000001
2026-05-18 21:45:00,1.59966,1.59979,1.5989200000000001,1.5989900000000001
2026-05-18 22:00:00,1.599,1.60104,1.5989900000000001,1.60039
2026-05-18 22:15:00,1.60041,1.60088,1.60019,1.60046
2026-05-18 22:30:00,1.6004800000000001,1.60093,1.6004399999999999,1.60072
2026-05-18 22:45:00,1.6007099999999999,1.6011600000000001,1.60065,1.60067
2026-05-18 23:00:00,1.60066,1.60135,1.60066,1.60134
2026-05-18 23:15:00,1.60134,1.60172,1.60133,1.60147
2026-05-18 23:30:00,1.60148,1.60156,1.60118,1.60144
2026-05-18 23:45:00,1.6014300000000001,1.60149,1.60121,1.60126
2026-05-19 00:00:00,1.6004399999999999,1.60047,1.59964,1.5998299999999999
2026-05-19 00:15:00,1.59995,1.60067,1.59995,1.60056
2026-05-19 00:30:00,1.60067,1.60153,1.60049,1.60141
2026-05-19 00:45:00,1.60141,1.6021100000000001,1.60137,1.6016
2026-05-19 01:00:00,1.6016599999999999,1.60189,1.60129,1.6017000000000001
2026-05-19 01:15:00,1.60167,1.60174,1.60138,1.60144
2026-05-19 01:30:00,1.6014300000000001,1.60168,1.6014300000000001,1.6015000000000001
2026-05-19 01:45:00,1.60149,1.60164,1.6014,1.6014300000000001
2026-05-19 02:00:00,1.60141,1.60149,1.60128,1.6013
2026-05-19 02:15:00,1.6013,1.60147,1.60128,1.60145
2026-05-19 02:30:00,1.60145,1.60148,1.60118,1.60131
2026-05-19 02:45:00,1.60131,1.60133,1.6011199999999999,1.60118
2026-05-19 03:00:00,1.60117,1.60117,1.6007500000000001,1.60106
2026-05-19 03:15:00,1.60107,1.6011199999999999,1.60084,1.6008499999999999
2026-05-19 03:30:00,1.60087,1.60093,1.60065,1.60074
2026-05-19 03:45:00,1.60074,1.60087,1.60068,1.6008
2026-05-19 04:00:00,1.6008,1.60102,1.60069,1.60091
2026-05-19 04:15:00,1.6009,1.60114,1.60087,1.60113
2026-05-19 04:30:00,1.6011199999999999,1.60155,1.60097,1.6015000000000001
2026-05-19 04:45:00,1.60151,1.60151,1.6011,1.60111
2026-05-19 05:00:00,1.60113,1.60114,1.6006399999999998,1.60094
2026-05-19 05:15:00,1.60094,1.6011,1.60086,1.6009799999999998
2026-05-19 05:30:00,1.60097,1.6011199999999999,1.60069,1.60077
2026-05-19 05:45:00,1.6007799999999999,1.60088,1.60041,1.60047
2026-05-19 06:00:00,1.60046,1.6004800000000001,1.60011,1.6001699999999999
2026-05-19 06:15:00,1.6001699999999999,1.6005099999999999,1.60012,1.60042
2026-05-19 06:30:00,1.60043,1.60047,1.60031,1.60039
2026-05-19 06:45:00,1.6004,1.60045,1.60019,1.6002
2026-05-19 07:00:00,1.6002,1.60046,1.6001699999999999,1.60042
2026-05-19 07:15:00,1.60042,1.60054,1.60034,1.60045
2026-05-19 07:30:00,1.6004399999999999,1.60057,1.60029,1.60029
2026-05-19 07:45:00,1.60032,1.60039,1.6000999999999999,1.6002100000000001
2026-05-19 08:00:00,1.60022,1.60036,1.60006,1.6002399999999999
2026-05-19 08:15:00,1.60025,1.60033,1.59992,1.60007
2026-05-19 08:30:00,1.60006,1.6003500000000002,1.59998,1.6002100000000001
2026-05-19 08:45:00,1.60023,1.60057,1.6001400000000001,1.60029
2026-05-19 09:00:00,1.6002999999999998,1.6002999999999998,1.5997,1.5999400000000001
2026-05-19 09:15:00,1.5999400000000001,1.6006200000000002,1.59992,1.60043
2026-05-19 09:30:00,1.6004399999999999,1.6004800000000001,1.59985,1.59996
2026-05-19 09:45:00,1.59993,1.6,1.59946,1.59959
2026-05-19 10:00:00,1.59958,1.59964,1.59893,1.59938
2026-05-19 10:15:00,1.59939,1.59939,1.59856,1.59873
2026-05-19 10:30:00,1.5987200000000001,1.5992,1.59869,1.59898
2026-05-19 10:45:00,1.5989900000000001,1.5997,1.59896,1.59965
2026-05-19 11:00:00,1.59965,1.59995,1.59877,1.59898
2026-05-19 11:15:00,1.5989900000000001,1.59992,1.59898,1.59982
2026-05-19 11:30:00,1.59982,1.60007,1.5991300000000002,1.59941
2026-05-19 11:45:00,1.59939,1.59944,1.59873,1.59932
2026-05-19 12:00:00,1.59934,1.59934,1.5987,1.5988099999999998
2026-05-19 12:15:00,1.5988099999999998,1.59923,1.5986,1.59901
2026-05-19 12:30:00,1.5990199999999999,1.59921,1.59871,1.5991300000000002
2026-05-19 12:45:00,1.5991300000000002,1.59941,1.59889,1.59921
2026-05-19 13:00:00,1.59921,1.6000999999999999,1.59894,1.6000299999999998
2026-05-19 13:15:00,1.60002,1.6002399999999999,1.59986,1.6000999999999999
2026-05-19 13:30:00,1.6000999999999999,1.6002100000000001,1.59897,1.5991300000000002
2026-05-19 13:45:00,1.59912,1.59964,1.5990799999999998,1.59938
2026-05-19 14:00:00,1.59939,1.59944,1.59819,1.59822
2026-05-19 14:15:00,1.59821,1.59823,1.59711,1.5972
2026-05-19 14:30:00,1.5971899999999999,1.59763,1.59714,1.59728
2026-05-19 14:45:00,1.5973000000000002,1.59763,1.59721,1.59748
2026-05-19 15:00:00,1.59748,1.59878,1.59715,1.59871
2026-05-19 15:15:00,1.5987200000000001,1.5987200000000001,1.59798,1.5979999999999999
2026-05-19 15:30:00,1.59798,1.60069,1.59783,1.59996
2026-05-19 15:45:00,1.59997,1.6003699999999998,1.59875,1.5989900000000001
2026-05-19 16:00:00,1.59898,1.59936,1.59842,1.59871
2026-05-19 16:15:00,1.59871,1.5987900000000002,1.59707,1.59722
2026-05-19 16:30:00,1.59724,1.59812,1.59703,1.5977299999999999
2026-05-19 16:45:00,1.59775,1.59866,1.59741,1.5985399999999998
2026-05-19 17:00:00,1.59853,1.59863,1.59727,1.5973600000000001
2026-05-19 17:15:00,1.59735,1.5973899999999999,1.5965,1.59694
2026-05-19 17:30:00,1.59695,1.5970900000000001,1.59623,1.5966399999999998
2026-05-19 17:45:00,1.5966399999999998,1.59722,1.59636,1.5966900000000002
2026-05-19 18:00:00,1.5966900000000002,1.59703,1.5961699999999999,1.5963699999999998
2026-05-19 18:15:00,1.5963699999999998,1.59649,1.59565,1.5959400000000001
2026-05-19 18:30:00,1.59591,1.59647,1.59588,1.59598
2026-05-19 18:45:00,1.59599,1.5963,1.59578,1.5958700000000001
2026-05-19 19:00:00,1.5958700000000001,1.59619,1.59528,1.59577
2026-05-19 19:15:00,1.59579,1.5958,1.59527,1.5957599999999998
2026-05-19 19:30:00,1.5957400000000002,1.5959400000000001,1.59539,1.59579
2026-05-19 19:45:00,1.59578,1.59611,1.5956299999999999,1.59581
2026-05-19 20:00:00,1.59581,1.59667,1.59578,1.59666
2026-05-19 20:15:00,1.59667,1.59676,1.59631,1.59638
2026-05-19 20:30:00,1.59638,1.59656,1.59616,1.59653
2026-05-19 20:45:00,1.59653,1.59668,1.59623,1.59661
2026-05-19 21:00:00,1.59661,1.59687,1.59633,1.5964800000000001
2026-05-19 21:15:00,1.5964800000000001,1.5967099999999999,1.5960999999999999,1.59613
2026-05-19 21:30:00,1.59611,1.59625,1.59569,1.59606
2026-05-19 21:45:00,1.59606,1.5960800000000002,1.59525,1.5952899999999999
2026-05-19 22:00:00,1.5953,1.59551,1.59525,1.5954000000000002
2026-05-19 22:15:00,1.59539,1.5956000000000001,1.59535,1.5955
2026-05-19 22:30:00,1.59551,1.59585,1.59525,1.5953300000000001
2026-05-19 22:45:00,1.59531,1.59592,1.59521,1.59577
2026-05-19 23:00:00,1.59578,1.59595,1.59537,1.5955300000000001
2026-05-19 23:15:00,1.59554,1.5957599999999998,1.5955,1.59571
2026-05-19 23:30:00,1.59573,1.5959699999999999,1.59548,1.59548
2026-05-19 23:45:00,1.5954700000000002,1.59559,1.5949200000000001,1.595
2026-05-20 00:00:00,1.5943,1.59457,1.5940699999999999,1.5945
2026-05-20 00:15:00,1.5945399999999998,1.59521,1.5945399999999998,1.59521
2026-05-20 00:30:00,1.59521,1.59536,1.5951,1.59517
2026-05-20 00:45:00,1.59518,1.59525,1.595,1.5951
2026-05-20 01:00:00,1.59512,1.59534,1.59508,1.59528
2026-05-20 01:15:00,1.59528,1.59544,1.59523,1.59537
2026-05-20 01:30:00,1.59536,1.5954700000000002,1.59525,1.59535
2026-05-20 01:45:00,1.59536,1.5954700000000002,1.59532,1.59543
2026-05-20 02:00:00,1.59546,1.59551,1.5953300000000001,1.59551
2026-05-20 02:15:00,1.5955,1.5956299999999999,1.5955,1.59561
2026-05-20 02:30:00,1.5956000000000001,1.59585,1.59555,1.59571
2026-05-20 02:45:00,1.5957,1.59598,1.59565,1.5957599999999998
2026-05-20 03:00:00,1.5957599999999998,1.59629,1.59571,1.59623
2026-05-20 03:15:00,1.59622,1.5966200000000002,1.5962,1.59659
2026-05-20 03:30:00,1.59659,1.59663,1.5958700000000001,1.59599
2026-05-20 03:45:00,1.59599,1.5963,1.59586,1.59604
2026-05-20 04:00:00,1.59605,1.59616,1.5958,1.59588
2026-05-20 04:15:00,1.5958700000000001,1.59593,1.59537,1.5954000000000002
2026-05-20 04:30:00,1.5954000000000002,1.59551,1.59508,1.59517
2026-05-20 04:45:00,1.59518,1.5956299999999999,1.5949900000000001,1.5952
2026-05-20 05:00:00,1.5952,1.5954199999999998,1.5951499999999998,1.59539
2026-05-20 05:15:00,1.5954000000000002,1.59565,1.5952600000000001,1.5953300000000001
2026-05-20 05:30:00,1.59534,1.59538,1.59501,1.59527
2026-05-20 05:45:00,1.59525,1.59548,1.59519,1.5952899999999999
2026-05-20 06:00:00,1.59528,1.59537,1.59511,1.5953
2026-05-20 06:15:00,1.5952899999999999,1.59568,1.59525,1.59558
2026-05-20 06:30:00,1.59557,1.59599,1.5955300000000001,1.59595
2026-05-20 06:45:00,1.59595,1.59606,1.59573,1.59584
2026-05-20 07:00:00,1.59585,1.59623,1.59579,1.59612
2026-05-20 07:15:00,1.59612,1.59625,1.59599,1.5961699999999999
2026-05-20 07:30:00,1.59616,1.5961699999999999,1.59562,1.59572
2026-05-20 07:45:00,1.59572,1.59586,1.59561,1.59564
2026-05-20 08:00:00,1.5956299999999999,1.59589,1.59561,1.59573
2026-05-20 08:15:00,1.59573,1.59593,1.59537,1.59539
2026-05-20 08:30:00,1.59538,1.59566,1.5951499999999998,1.5952600000000001
2026-05-20 08:45:00,1.59527,1.59536,1.5949499999999999,1.59524
2026-05-20 09:00:00,1.59524,1.59605,1.59512,1.59598
2026-05-20 09:15:00,1.59598,1.59663,1.59598,1.59647
2026-05-20 09:30:00,1.5965,1.5965,1.5959400000000001,1.59612
2026-05-20 09:45:00,1.59612,1.5962399999999999,1.59586,1.5962
2026-05-20 10:00:00,1.5962100000000001,1.5968499999999999,1.59599,1.5965099999999999
2026-05-20 10:15:00,1.5965099999999999,1.59659,1.59586,1.5965099999999999
2026-05-20 10:30:00,1.5965099999999999,1.5967099999999999,1.5962399999999999,1.5964800000000001
2026-05-20 10:45:00,1.59647,1.59672,1.5963,1.59659
2026-05-20 11:00:00,1.5965799999999999,1.5966399999999998,1.5953300000000001,1.59536
2026-05-20 11:15:00,1.59537,1.59555,1.59498,1.5954899999999999
2026-05-20 11:30:00,1.5955300000000001,1.5960299999999998,1.59551,1.59595
2026-05-20 11:45:00,1.59593,1.59632,1.59575,1.59623
2026-05-20 12:00:00,1.5962,1.5966399999999998,1.59607,1.59652
2026-05-20 12:15:00,1.59654,1.59676,1.5962,1.59649
2026-05-20 12:30:00,1.59649,1.59676,1.59639,1.59659
2026-05-20 12:45:00,1.59659,1.59686,1.59647,1.5965
2026-05-20 13:00:00,1.5965099999999999,1.59695,1.59645,1.5969
2026-05-20 13:15:00,1.5968900000000001,1.5970499999999999,1.5966900000000002,1.5967500000000001
2026-05-20 13:30:00,1.5967500000000001,1.5973600000000001,1.5966399999999998,1.5972
2026-05-20 13:45:00,1.5971899999999999,1.5975700000000002,1.59714,1.5972300000000001
2026-05-20 14:00:00,1.59724,1.59724,1.59638,1.5966
2026-05-20 14:15:00,1.5966,1.5966399999999998,1.59613,1.59629
2026-05-20 14:30:00,1.5962800000000001,1.5963,1.59582,1.59595
2026-05-20 14:45:00,1.59595,1.59612,1.59548,1.59548
2026-05-20 15:00:00,1.5955,1.59605,1.5954199999999998,1.59588
2026-05-20 15:15:00,1.5958999999999999,1.5967500000000001,1.59543,1.5966399999999998
2026-05-20 15:30:00,1.59666,1.59676,1.59586,1.59588
2026-05-20 15:45:00,1.59588,1.59633,1.5955599999999999,1.59566
2026-05-20 16:00:00,1.5956299999999999,1.5957,1.59525,1.59554
2026-05-20 16:15:00,1.5955599999999999,1.59565,1.59474,1.59474
2026-05-20 16:30:00,1.59478,1.59534,1.5947,1.59532
2026-05-20 16:45:00,1.5953300000000001,1.59638,1.59523,1.59632
2026-05-20 17:00:00,1.59633,1.59649,1.59516,1.59619
2026-05-20 17:15:00,1.5962,1.5987200000000001,1.59604,1.59742
2026-05-20 17:30:00,1.59744,1.59828,1.59694,1.59734
2026-05-20 17:45:00,1.59735,1.59785,1.5962800000000001,1.59636
2026-05-20 18:00:00,1.59636,1.59735,1.59634,1.59729
2026-05-20 18:15:00,1.59729,1.59924,1.5971199999999999,1.59761
2026-05-20 18:30:00,1.59762,1.59826,1.59731,1.59735
2026-05-20 18:45:00,1.59734,1.5982699999999999,1.59673,1.59727
2026-05-20 19:00:00,1.59727,1.59808,1.5972,1.59775
2026-05-20 19:15:00,1.59775,1.5978599999999998,1.5970499999999999,1.5973000000000002
2026-05-20 19:30:00,1.5973199999999999,1.59767,1.5968900000000001,1.59764
2026-05-20 19:45:00,1.59762,1.59829,1.59749,1.5981800000000002
2026-05-20 20:00:00,1.5981800000000002,1.5984,1.5977999999999999,1.59839
2026-05-20 20:15:00,1.59836,1.59873,1.5980699999999999,1.5984
2026-05-20 20:30:00,1.5984,1.59856,1.59799,1.5981
2026-05-20 20:45:00,1.5981,1.59849,1.59782,1.5979100000000002
2026-05-20 21:00:00,1.59794,1.5981800000000002,1.59767,1.59817
2026-05-20 21:15:00,1.59816,1.5984099999999999,1.59785,1.5981999999999998
2026-05-20 21:30:00,1.5981999999999998,1.59891,1.5981999999999998,1.5985200000000002
2026-05-20 21:45:00,1.59853,1.59916,1.59848,1.5989900000000001
2026-05-20 22:00:00,1.599,1.59921,1.59867,1.59873
2026-05-20 22:15:00,1.59874,1.5989900000000001,1.5987,1.59898
2026-05-20 22:30:00,1.59898,1.59904,1.59853,1.5986
2026-05-20 22:45:00,1.59859,1.59877,1.59787,1.5979700000000001
2026-05-20 23:00:00,1.59798,1.5981999999999998,1.59778,1.59814
2026-05-20 23:15:00,1.59813,1.5982699999999999,1.5977999999999999,1.59795
2026-05-20 23:30:00,1.59794,1.59796,1.59745,1.59763
2026-05-20 23:45:00,1.59762,1.59794,1.59745,1.59767
2026-05-21 00:00:00,1.59612,1.59668,1.59573,1.59668
2026-05-21 00:15:00,1.59679,1.5972,1.59659,1.59702
2026-05-21 00:30:00,1.59692,1.59741,1.59679,1.59733
2026-05-21 00:45:00,1.5973199999999999,1.59741,1.5968499999999999,1.5968900000000001
2026-05-21 01:00:00,1.5969799999999998,1.59805,1.5968900000000001,1.59799
2026-05-21 01:15:00,1.59798,1.59806,1.5977700000000001,1.5977999999999999
2026-05-21 01:30:00,1.5977999999999999,1.5979299999999999,1.59776,1.5979100000000002
2026-05-21 01:45:00,1.5979299999999999,1.59796,1.5978599999999998,1.5979
2026-05-21 02:00:00,1.5979100000000002,1.5979999999999999,1.59788,1.59796
2026-05-21 02:15:00,1.59796,1.59796,1.5977700000000001,1.59792
2026-05-21 02:30:00,1.59789,1.5979299999999999,1.59774,1.59783
2026-05-21 02:45:00,1.59782,1.59808,1.59781,1.5979700000000001
2026-05-21 03:00:00,1.59798,1.59817,1.59783,1.59813
2026-05-21 03:15:00,1.59812,1.59828,1.59783,1.59826
2026-05-21 03:30:00,1.5982699999999999,1.59846,1.5981999999999998,1.5984099999999999
2026-05-21 03:45:00,1.5984,1.59866,1.59837,1.5986
2026-05-21 04:00:00,1.59859,1.59918,1.59859,1.5989900000000001
2026-05-21 04:15:00,1.59904,1.5992,1.59894,1.59903
2026-05-21 04:30:00,1.59903,1.59946,1.5989200000000001,1.59927
2026-05-21 04:45:00,1.59928,1.59943,1.5989200000000001,1.5991900000000001
2026-05-21 05:00:00,1.59918,1.59941,1.59914,1.59917
2026-05-21 05:15:00,1.59917,1.5992199999999999,1.59891,1.5990199999999999
2026-05-21 05:30:00,1.5990199999999999,1.5990799999999998,1.59874,1.59886
2026-05-21 05:45:00,1.59887,1.59903,1.59873,1.59887
2026-05-21 06:00:00,1.59886,1.59907,1.59886,1.5989499999999999
2026-05-21 06:15:00,1.5989499999999999,1.5992199999999999,1.59891,1.59903
2026-05-21 06:30:00,1.59903,1.59921,1.59896,1.59914
2026-05-21 06:45:00,1.5991300000000002,1.59917,1.59891,1.5989499999999999
2026-05-21 07:00:00,1.59894,1.5991900000000001,1.5989,1.5991499999999998
2026-05-21 07:15:00,1.59916,1.5991900000000001,1.59891,1.599
2026-05-21 07:30:00,1.5989900000000001,1.5990799999999998,1.59893,1.59905
2026-05-21 07:45:00,1.59905,1.59938,1.5989900000000001,1.5992899999999999
2026-05-21 08:00:00,1.59927,1.59935,1.59914,1.5992899999999999
2026-05-21 08:15:00,1.59927,1.59943,1.59917,1.59924
2026-05-21 08:30:00,1.59924,1.59947,1.5991499999999998,1.59937
2026-05-21 08:45:00,1.59935,1.59941,1.5991499999999998,1.59932
2026-05-21 09:00:00,1.59931,1.59997,1.5992199999999999,1.59972
2026-05-21 09:15:00,1.59972,1.59972,1.59896,1.59938
2026-05-21 09:30:00,1.59937,1.59947,1.59862,1.59863
2026-05-21 09:45:00,1.59864,1.59923,1.59862,1.59917
2026-05-21 10:00:00,1.5991499999999998,1.5992,1.59874,1.5989900000000001
2026-05-21 10:15:00,1.5989900000000001,1.5989900000000001,1.59645,1.59687
2026-05-21 10:30:00,1.59688,1.5979700000000001,1.59688,1.59787
2026-05-21 10:45:00,1.59787,1.59869,1.5977999999999999,1.5985200000000002
2026-05-21 11:00:00,1.5985200000000002,1.6005099999999999,1.59839,1.60034
2026-05-21 11:15:00,1.6003500000000002,1.60127,1.6001400000000001,1.60084
2026-05-21 11:30:00,1.60084,1.60084,1.59993,1.6000100000000002
2026-05-21 11:45:00,1.6000100000000002,1.60053,1.5998,1.60008
2026-05-21 12:00:00,1.60009,1.6007799999999999,1.59989,1.6005500000000001
2026-05-21 12:15:00,1.60054,1.60091,1.60041,1.60077
2026-05-21 12:30:00,1.6007500000000001,1.60101,1.6002800000000001,1.60036
2026-05-21 12:45:00,1.60038,1.60077,1.60034,1.60049
2026-05-21 13:00:00,1.60049,1.6008,1.5999400000000001,1.60008
2026-05-21 13:15:00,1.60008,1.60015,1.5983399999999999,1.5988
2026-05-21 13:30:00,1.5988,1.59882,1.59691,1.59772
2026-05-21 13:45:00,1.59771,1.5977999999999999,1.5973000000000002,1.5975700000000002
2026-05-21 14:00:00,1.59753,1.5979999999999999,1.5974599999999999,1.5977000000000001
2026-05-21 14:15:00,1.59768,1.5983,1.5975700000000002,1.59821
2026-05-21 14:30:00,1.59821,1.59824,1.5973000000000002,1.59731
2026-05-21 14:45:00,1.5973000000000002,1.59756,1.59633,1.59683
2026-05-21 15:00:00,1.59684,1.5975000000000001,1.59663,1.5968
2026-05-21 15:15:00,1.59681,1.5969600000000002,1.59634,1.59661
2026-05-21 15:30:00,1.5966,1.59783,1.5965799999999999,1.59782
2026-05-21 15:45:00,1.59781,1.59798,1.59721,1.59729
2026-05-21 16:00:00,1.59728,1.59815,1.59718,1.59813
2026-05-21 16:15:00,1.59813,1.59817,1.5971,1.59753
2026-05-21 16:30:00,1.59754,1.5976,1.59591,1.59618
2026-05-21 16:45:00,1.59626,1.59878,1.59615,1.59805
2026-05-21 17:00:00,1.59806,1.59883,1.5979,1.5987
2026-05-21 17:15:00,1.59869,1.59883,1.59772,1.5981
2026-05-21 17:30:00,1.59808,1.5991499999999998,1.59808,1.5991300000000002
2026-05-21 17:45:00,1.59914,1.59936,1.5979100000000002,1.59833
2026-05-21 18:00:00,1.59833,1.5985200000000002,1.59724,1.5975000000000001
2026-05-21 18:15:00,1.5975000000000001,1.59809,1.5969,1.59697
2026-05-21 18:30:00,1.5969600000000002,1.59751,1.5968900000000001,1.5969600000000002
2026-05-21 18:45:00,1.5969600000000002,1.59774,1.59691,1.59764
2026-05-21 19:00:00,1.59764,1.59798,1.59749,1.59785
2026-05-21 19:15:00,1.5978599999999998,1.5983399999999999,1.59779,1.5983100000000001
2026-05-21 19:30:00,1.59832,1.59877,1.59809,1.59873
2026-05-21 19:45:00,1.59874,1.59884,1.5979999999999999,1.5982699999999999
2026-05-21 20:00:00,1.5982699999999999,1.59905,1.59808,1.59901
2026-05-21 20:15:00,1.599,1.60053,1.599,1.60038
2026-05-21 20:30:00,1.60038,1.60126,1.60005,1.60113
2026-05-21 20:45:00,1.6011199999999999,1.60201,1.6009799999999998,1.60137
2026-05-21 21:00:00,1.6013600000000001,1.60155,1.60057,1.6009
2026-05-21 21:15:00,1.6009,1.6009600000000002,1.60046,1.60054
2026-05-21 21:30:00,1.60054,1.6011199999999999,1.6003500000000002,1.6008900000000001
2026-05-21 21:45:00,1.60088,1.60114,1.59966,1.6000999999999999
2026-05-21 22:00:00,1.60008,1.60038,1.59996,1.60032
2026-05-21 22:15:00,1.60033,1.6011199999999999,1.60032,1.60097
2026-05-21 22:30:00,1.6009799999999998,1.60128,1.6007,1.6007099999999999
2026-05-21 22:45:00,1.6007,1.6013600000000001,1.60045,1.60106
2026-05-21 23:00:00,1.6011,1.60126,1.6005099999999999,1.60059
2026-05-21 23:15:00,1.60058,1.60061,1.60015,1.6004399999999999
2026-05-21 23:30:00,1.60045,1.60053,1.60019,1.60045
2026-05-21 23:45:00,1.60046,1.60073,1.6001400000000001,1.60018
2026-05-22 00:00:00,1.5997,1.60073,1.5997,1.60073
2026-05-22 00:15:00,1.60069,1.6008499999999999,1.6006,1.60067
2026-05-22 00:30:00,1.60067,1.60072,1.6000299999999998,1.6002399999999999
2026-05-22 00:45:00,1.60025,1.60031,1.6000100000000002,1.6000100000000002
2026-05-22 01:00:00,1.6000999999999999,1.60054,1.5998299999999999,1.60041
2026-05-22 01:15:00,1.60041,1.60043,1.60029,1.6003699999999998
2026-05-22 01:30:00,1.60038,1.6004399999999999,1.60025,1.60041
2026-05-22 01:45:00,1.60042,1.6006399999999998,1.60039,1.60039
2026-05-22 02:00:00,1.60041,1.6006200000000002,1.60041,1.60056
2026-05-22 02:15:00,1.60056,1.60059,1.6004,1.6004800000000001
2026-05-22 02:30:00,1.6004800000000001,1.60061,1.6004,1.60056
2026-05-22 02:45:00,1.60056,1.60067,1.60047,1.60054
2026-05-22 03:00:00,1.60053,1.60138,1.6005099999999999,1.6010900000000001
2026-05-22 03:15:00,1.6011,1.60119,1.60092,1.60094
2026-05-22 03:30:00,1.60093,1.60115,1.60087,1.60108
2026-05-22 03:45:00,1.6011,1.6011600000000001,1.60083,1.60091
2026-05-22 04:00:00,1.6008900000000001,1.6013899999999999,1.60081,1.60117
2026-05-22 04:15:00,1.60118,1.6012300000000002,1.6009799999999998,1.60101
2026-05-22 04:30:00,1.60101,1.60106,1.6008,1.60103
2026-05-22 04:45:00,1.60101,1.60111,1.60087,1.60092
2026-05-22 05:00:00,1.60093,1.6011,1.60088,1.60107
2026-05-22 05:15:00,1.6010900000000001,1.60114,1.6009600000000002,1.6009799999999998
2026-05-22 05:30:00,1.6009799999999998,1.60131,1.60097,1.60124
2026-05-22 05:45:00,1.60122,1.60127,1.601,1.60111
2026-05-22 06:00:00,1.6011,1.60124,1.60094,1.60104
2026-05-22 06:15:00,1.6010499999999999,1.60122,1.60097,1.6009799999999998
2026-05-22 06:30:00,1.60097,1.60122,1.60095,1.6012
2026-05-22 06:45:00,1.60121,1.60152,1.60118,1.60149
2026-05-22 07:00:00,1.6015000000000001,1.60165,1.60141,1.60155
2026-05-22 07:15:00,1.60155,1.60155,1.60121,1.6013
2026-05-22 07:30:00,1.60128,1.60161,1.60124,1.60156
2026-05-22 07:45:00,1.60155,1.60169,1.60149,1.60165
2026-05-22 08:00:00,1.60163,1.60178,1.6015700000000002,1.60158
2026-05-22 08:15:00,1.60158,1.6017700000000001,1.60156,1.60162
2026-05-22 08:30:00,1.60162,1.6018599999999998,1.60158,1.6018599999999998
2026-05-22 08:45:00,1.6018599999999998,1.6019299999999999,1.60103,1.6012499999999998
2026-05-22 09:00:00,1.60124,1.6019299999999999,1.60108,1.60178
2026-05-22 09:15:00,1.60179,1.60182,1.6014300000000001,1.60151
2026-05-22 09:30:00,1.6015000000000001,1.60152,1.60093,1.60133
2026-05-22 09:45:00,1.60133,1.6014599999999999,1.60076,1.601
2026-05-22 10:00:00,1.601,1.60103,1.60039,1.6004
2026-05-22 10:15:00,1.6004,1.60108,1.6004,1.60104
2026-05-22 10:30:00,1.60103,1.60111,1.60063,1.6007
2026-05-22 10:45:00,1.6007099999999999,1.60095,1.6005500000000001,1.60086
2026-05-22 11:00:00,1.60086,1.60111,1.6004800000000001,1.60059
2026-05-22 11:15:00,1.60059,1.60119,1.6003699999999998,1.6007099999999999
2026-05-22 11:30:00,1.6007,1.60074,1.60006,1.60027
2026-05-22 11:45:00,1.6002800000000001,1.60047,1.59989,1.60011
2026-05-22 12:00:00,1.60011,1.60033,1.59958,1.59964
2026-05-22 12:15:00,1.59965,1.59993,1.5995,1.59966
2026-05-22 12:30:00,1.59966,1.60043,1.59959,1.60036
2026-05-22 12:45:00,1.6003699999999998,1.60069,1.60019,1.6004
2026-05-22 13:00:00,1.60041,1.60094,1.60033,1.60036
2026-05-22 13:15:00,1.60034,1.60076,1.60034,1.6004
2026-05-22 13:30:00,1.60039,1.60057,1.6002100000000001,1.6004
2026-05-22 13:45:00,1.60038,1.60053,1.59989,1.6001699999999999
2026-05-22 14:00:00,1.60019,1.60022,1.5998299999999999,1.60006
2026-05-22 14:15:00,1.60006,1.60012,1.5995599999999999,1.59958
2026-05-22 14:30:00,1.59958,1.6005,1.5995599999999999,1.60046
2026-05-22 14:45:00,1.60045,1.6007099999999999,1.60002,1.60043
2026-05-22 15:00:00,1.60042,1.60145,1.6002,1.60137
2026-05-22 15:15:00,1.60138,1.60176,1.60103,1.6013600000000001
2026-05-22 15:30:00,1.60135,1.60137,1.60077,1.60121
2026-05-22 15:45:00,1.60119,1.60188,1.6011600000000001,1.60182
2026-05-22 16:00:00,1.60181,1.60256,1.6009799999999998,1.60191
2026-05-22 16:15:00,1.60192,1.60241,1.6018,1.6023
2026-05-22 16:30:00,1.6023100000000001,1.60249,1.60138,1.60144
2026-05-22 16:45:00,1.60142,1.60152,1.60079,1.60104
2026-05-22 17:00:00,1.60104,1.60115,1.60008,1.6003500000000002
2026-05-22 17:15:00,1.6003500000000002,1.6016599999999999,1.60029,1.60162
2026-05-22 17:30:00,1.60162,1.60267,1.60152,1.60255
2026-05-22 17:45:00,1.60256,1.60294,1.60216,1.60274
2026-05-22 18:00:00,1.60273,1.60336,1.60251,1.6032
2026-05-22 18:15:00,1.60321,1.60344,1.6027,1.6031900000000001
2026-05-22 18:30:00,1.60321,1.60325,1.6023800000000001,1.60321
2026-05-22 18:45:00,1.60321,1.60359,1.60297,1.60331
2026-05-22 19:00:00,1.60332,1.60379,1.6030600000000002,1.60351
2026-05-22 19:15:00,1.6035,1.60377,1.6030799999999998,1.6037599999999999
2026-05-22 19:30:00,1.6037400000000002,1.60385,1.60307,1.6032
2026-05-22 19:45:00,1.6031900000000001,1.60341,1.60307,1.6032899999999999
2026-05-22 20:00:00,1.6032899999999999,1.60385,1.60328,1.60371
2026-05-22 20:15:00,1.60371,1.60399,1.60293,1.6039400000000001
2026-05-22 20:30:00,1.6039400000000001,1.6044800000000001,1.6037599999999999,1.60412
2026-05-22 20:45:00,1.60413,1.60419,1.60379,1.6038999999999999
2026-05-22 21:00:00,1.6038999999999999,1.6040999999999999,1.6029900000000001,1.6031499999999999
2026-05-22 21:15:00,1.6031499999999999,1.60343,1.60307,1.6031
2026-05-22 21:30:00,1.60309,1.60347,1.60293,1.60325
2026-05-22 21:45:00,1.60325,1.6035599999999999,1.60312,1.60348
2026-05-22 22:00:00,1.60348,1.60372,1.60307,1.60311
2026-05-22 22:15:00,1.6031300000000002,1.60331,1.60274,1.60276
2026-05-22 22:30:00,1.60276,1.60297,1.6025800000000001,1.6029499999999999
2026-05-22 22:45:00,1.6029499999999999,1.60332,1.6029499999999999,1.6033
2026-05-22 23:00:00,1.6033,1.6034000000000002,1.60283,1.60303
2026-05-22 23:15:00,1.60303,1.60317,1.60298,1.60309
2026-05-22 23:30:00,1.60309,1.6031300000000002,1.6027200000000001,1.60298
2026-05-22 23:45:00,1.6029900000000001,1.6036899999999998,1.60269,1.60305
2026-05-25 00:00:00,1.60649,1.60649,1.60495,1.60526
2026-05-25 00:15:00,1.60517,1.60656,1.60476,1.6063399999999999
2026-05-25 00:30:00,1.60636,1.60677,1.6056599999999999,1.60648
2026-05-25 00:45:00,1.60648,1.6068799999999999,1.60596,1.60642
2026-05-25 01:00:00,1.60636,1.607,1.6051,1.60637
2026-05-25 01:15:00,1.60639,1.60669,1.60608,1.6066099999999999
2026-05-25 01:30:00,1.6066099999999999,1.6068500000000001,1.6063800000000001,1.6067900000000002
2026-05-25 01:45:00,1.6068,1.60702,1.6066500000000001,1.6069
2026-05-25 02:00:00,1.60691,1.6070799999999998,1.60682,1.6068799999999999
2026-05-25 02:15:00,1.60687,1.60694,1.6067900000000002,1.60686
2026-05-25 02:30:00,1.60686,1.6072199999999999,1.6067900000000002,1.60714
2026-05-25 02:45:00,1.60713,1.6072199999999999,1.60677,1.6068
2026-05-25 03:00:00,1.6068,1.60693,1.6065399999999999,1.60671
2026-05-25 03:15:00,1.60669,1.6072600000000001,1.60667,1.6071900000000001
2026-05-25 03:30:00,1.60718,1.60732,1.6068799999999999,1.60697
2026-05-25 03:45:00,1.60697,1.60781,1.6061,1.60623
2026-05-25 04:00:00,1.60623,1.6066099999999999,1.6061100000000001,1.60649
2026-05-25 04:15:00,1.6065,1.60675,1.60633,1.60663
2026-05-25 04:30:00,1.6066099999999999,1.60664,1.60598,1.60599
2026-05-25 04:45:00,1.60601,1.60623,1.60592,1.60605
2026-05-25 05:00:00,1.60605,1.6061999999999999,1.6059700000000001,1.60602
2026-05-25 05:15:00,1.60602,1.60632,1.6059299999999999,1.6062699999999999
2026-05-25 05:30:00,1.60625,1.60629,1.60603,1.6061299999999998
2026-05-25 05:45:00,1.60614,1.60623,1.60592,1.6059700000000001
2026-05-25 06:00:00,1.60598,1.60619,1.60594,1.60612
2026-05-25 06:15:00,1.60612,1.60651,1.6060400000000001,1.60646
2026-05-25 06:30:00,1.60644,1.60691,1.60644,1.6068099999999998
2026-05-25 06:45:00,1.60678,1.60701,1.6067399999999998,1.60689
2026-05-25 07:00:00,1.6069,1.60696,1.6066799999999999,1.6069200000000001
2026-05-25 07:15:00,1.6069200000000001,1.607,1.60682,1.60693
2026-05-25 07:30:00,1.60694,1.60717,1.6068500000000001,1.60716
2026-05-25 07:45:00,1.60716,1.6074899999999999,1.60711,1.60723
2026-05-25 08:00:00,1.60725,1.60747,1.6070799999999998,1.6073300000000001
2026-05-25 08:15:00,1.60734,1.60752,1.6072199999999999,1.60752
2026-05-25 08:30:00,1.6074899999999999,1.60778,1.60724,1.60739
2026-05-25 08:45:00,1.6074000000000002,1.6076000000000001,1.60725,1.6072899999999999
2026-05-25 09:00:00,1.60728,1.6078000000000001,1.60718,1.60779
2026-05-25 09:15:00,1.60779,1.6078000000000001,1.6072899999999999,1.60739
2026-05-25 09:30:00,1.60741,1.60763,1.6072899999999999,1.6075300000000001
2026-05-25 09:45:00,1.60752,1.60791,1.60737,1.60754
2026-05-25 10:00:00,1.6075599999999999,1.60793,1.6073499999999998,1.6074000000000002
2026-05-25 10:15:00,1.60738,1.60759,1.607,1.60737
2026-05-25 10:30:00,1.60737,1.60782,1.60724,1.60764
2026-05-25 10:45:00,1.60762,1.6077599999999999,1.60736,1.6077
2026-05-25 11:00:00,1.6077,1.60822,1.6073300000000001,1.60799
2026-05-25 11:15:00,1.60797,1.6082,1.60782,1.60819
2026-05-25 11:30:00,1.6082,1.6085,1.60811,1.60838
2026-05-25 11:45:00,1.6083699999999999,1.60849,1.60811,1.60823
2026-05-25 12:00:00,1.60824,1.60842,1.60795,1.60813
2026-05-25 12:15:00,1.6081400000000001,1.6084800000000001,1.60798,1.60825
2026-05-25 12:30:00,1.60825,1.6083699999999999,1.60809,1.60822
2026-05-25 12:45:00,1.60823,1.60824,1.60792,1.60813
2026-05-25 13:00:00,1.60813,1.6084100000000001,1.6080100000000002,1.6082800000000002
2026-05-25 13:15:00,1.60829,1.60852,1.6082,1.6082
2026-05-25 13:30:00,1.6082,1.60845,1.60819,1.60843
2026-05-25 13:45:00,1.6084399999999999,1.6084800000000001,1.60823,1.60832
2026-05-25 14:00:00,1.60833,1.6085500000000001,1.60826,1.6085
2026-05-25 14:15:00,1.60849,1.60853,1.60819,1.6082999999999998
2026-05-25 14:30:00,1.60829,1.60858,1.60823,1.6084800000000001
2026-05-25 14:45:00,1.60849,1.60866,1.6080100000000002,1.60812
2026-05-25 15:00:00,1.60813,1.6084800000000001,1.60806,1.60845
2026-05-25 15:15:00,1.60845,1.60859,1.60808,1.60818
2026-05-25 15:30:00,1.6081699999999999,1.60863,1.60816,1.60856
2026-05-25 15:45:00,1.60856,1.60866,1.608,1.6082
2026-05-25 16:00:00,1.60818,1.60839,1.60773,1.60784
2026-05-25 16:15:00,1.60785,1.60789,1.60714,1.60716
2026-05-25 16:30:00,1.60716,1.6075599999999999,1.60716,1.60734
2026-05-25 16:45:00,1.6073300000000001,1.6077599999999999,1.6070799999999998,1.60714
2026-05-25 17:00:00,1.60714,1.60725,1.6066799999999999,1.6067399999999998
2026-05-25 17:15:00,1.60675,1.60704,1.60673,1.60696
2026-05-25 17:30:00,1.6069499999999999,1.60709,1.60673,1.60675
2026-05-25 17:45:00,1.6067399999999998,1.6071499999999999,1.60637,1.60663
2026-05-25 18:00:00,1.60663,1.60705,1.60635,1.6067900000000002
2026-05-25 18:15:00,1.6067900000000002,1.60727,1.60667,1.60717
2026-05-25 18:30:00,1.60716,1.60718,1.60652,1.6065399999999999
2026-05-25 18:45:00,1.6065399999999999,1.6065800000000001,1.6061,1.6061999999999999
2026-05-25 19:00:00,1.6061999999999999,1.60643,1.6059700000000001,1.60602
2026-05-25 19:15:00,1.60602,1.60623,1.6058599999999998,1.6059299999999999
2026-05-25 19:30:00,1.60592,1.6063800000000001,1.60591,1.6063
2026-05-25 19:45:00,1.6063100000000001,1.60677,1.60628,1.6067399999999998
2026-05-25 20:00:00,1.6067200000000001,1.6069200000000001,1.6066500000000001,1.60691
2026-05-25 20:15:00,1.6069,1.60723,1.60689,1.60702
2026-05-25 20:30:00,1.60702,1.60712,1.60675,1.6070600000000002
2026-05-25 20:45:00,1.60705,1.60716,1.60686,1.6070799999999998
2026-05-25 21:00:00,1.6070799999999998,1.60712,1.60678,1.60696
2026-05-25 21:15:00,1.60697,1.60711,1.60693,1.60694
2026-05-25 21:30:00,1.6069499999999999,1.60713,1.60691,1.60711
2026-05-25 21:45:00,1.6071,1.60728,1.6069200000000001,1.60723
2026-05-25 22:00:00,1.60721,1.60724,1.6069900000000001,1.60704
2026-05-25 22:15:00,1.60704,1.6071499999999999,1.60702,1.6071
2026-05-25 22:30:00,1.60711,1.60711,1.60671,1.6068099999999998
2026-05-25 22:45:00,1.6068500000000001,1.60687,1.6064699999999998,1.60652
2026-05-25 23:00:00,1.60652,1.60667,1.60648,1.6066099999999999
2026-05-25 23:15:00,1.6066,1.60689,1.6065800000000001,1.60689
2026-05-25 23:30:00,1.6069,1.60691,1.60657,1.60682
2026-05-25 23:45:00,1.6068099999999998,1.60697,1.60673,1.6068500000000001
2026-05-26 00:00:00,1.6059299999999999,1.60595,1.60549,1.60574
2026-05-26 00:15:00,1.60574,1.60614,1.60568,1.60614
2026-05-26 00:30:00,1.6061100000000001,1.6066799999999999,1.60594,1.60633
2026-05-26 00:45:00,1.6063,1.60652,1.60578,1.6062699999999999
2026-05-26 01:00:00,1.6063800000000001,1.60691,1.60626,1.60675
2026-05-26 01:15:00,1.60676,1.6069,1.60667,1.60669
2026-05-26 01:30:00,1.60671,1.60686,1.6065800000000001,1.60684
2026-05-26 01:45:00,1.60683,1.6068799999999999,1.6067,1.60673
2026-05-26 02:00:00,1.60673,1.6069,1.60673,1.60687
2026-05-26 02:15:00,1.60686,1.60697,1.60673,1.60678
2026-05-26 02:30:00,1.60677,1.6068099999999998,1.60656,1.60662
2026-05-26 02:45:00,1.60662,1.60683,1.60636,1.60639
2026-05-26 03:00:00,1.6064,1.6068,1.60632,1.60662
2026-05-26 03:15:00,1.6066099999999999,1.60667,1.60637,1.6065
2026-05-26 03:30:00,1.6065,1.6065399999999999,1.6063,1.60646
2026-05-26 03:45:00,1.60648,1.6066099999999999,1.60639,1.60651
2026-05-26 04:00:00,1.60651,1.60664,1.60616,1.6065800000000001
2026-05-26 04:15:00,1.60657,1.6066099999999999,1.60633,1.60641
2026-05-26 04:30:00,1.6064,1.60648,1.60598,1.6060400000000001
2026-05-26 04:45:00,1.6060400000000001,1.60635,1.60599,1.60635
2026-05-26 05:00:00,1.6063399999999999,1.60642,1.60617,1.60619
2026-05-26 05:15:00,1.60621,1.60633,1.60615,1.6062400000000001
2026-05-26 05:30:00,1.60625,1.60644,1.6062400000000001,1.60626
2026-05-26 05:45:00,1.6062699999999999,1.60659,1.60623,1.60649
2026-05-26 06:00:00,1.6065,1.60657,1.60637,1.60649
2026-05-26 06:15:00,1.60649,1.60667,1.60644,1.60644
2026-05-26 06:30:00,1.60644,1.60652,1.60641,1.6064699999999998
2026-05-26 06:45:00,1.6064699999999998,1.60656,1.6064,1.60646
2026-05-26 07:00:00,1.6064500000000002,1.60648,1.60637,1.60642
2026-05-26 07:15:00,1.60643,1.6064500000000002,1.6061999999999999,1.6062400000000001
2026-05-26 07:30:00,1.6062400000000001,1.6064,1.60623,1.6063800000000001
2026-05-26 07:45:00,1.60637,1.6064,1.6061,1.60612
2026-05-26 08:00:00,1.6061299999999998,1.6063,1.60608,1.6062400000000001
2026-05-26 08:15:00,1.6062400000000001,1.60636,1.60612,1.6062699999999999
2026-05-26 08:30:00,1.60623,1.60646,1.60616,1.60636
2026-05-26 08:45:00,1.60636,1.60637,1.60617,1.6062400000000001
2026-05-26 09:00:00,1.60623,1.60637,1.6061299999999998,1.60633
2026-05-26 09:15:00,1.60632,1.6067200000000001,1.6061800000000002,1.60644
2026-05-26 09:30:00,1.60644,1.6068,1.60643,1.6067200000000001
2026-05-26 09:45:00,1.6067200000000001,1.6071,1.60652,1.60693
2026-05-26 10:00:00,1.60693,1.60714,1.60576,1.60598
2026-05-26 10:15:00,1.6059700000000001,1.60663,1.60596,1.6065800000000001
2026-05-26 10:30:00,1.6065800000000001,1.60702,1.60598,1.6061999999999999
2026-05-26 10:45:00,1.6061999999999999,1.6067399999999998,1.60614,1.60639
2026-05-26 11:00:00,1.6064,1.60663,1.6060699999999999,1.60639
2026-05-26 11:15:00,1.6063800000000001,1.60656,1.6061299999999998,1.6061800000000002
2026-05-26 11:30:00,1.60617,1.60644,1.60589,1.60592
2026-05-26 11:45:00,1.60591,1.60667,1.60591,1.6061299999999998
2026-05-26 12:00:00,1.6061100000000001,1.60646,1.60585,1.60636
2026-05-26 12:15:00,1.60636,1.60683,1.60622,1.6068099999999998
2026-05-26 12:30:00,1.6068099999999998,1.60717,1.60659,1.60663
2026-05-26 12:45:00,1.60664,1.60684,1.60639,1.6065800000000001
2026-05-26 13:00:00,1.60659,1.6069,1.60653,1.60677
2026-05-26 13:15:00,1.60678,1.607,1.6066099999999999,1.60698
2026-05-26 13:30:00,1.60698,1.6072199999999999,1.60651,1.60675
2026-05-26 13:45:00,1.6067399999999998,1.60683,1.60643,1.6065
2026-05-26 14:00:00,1.60651,1.60713,1.6063800000000001,1.6069900000000001
2026-05-26 14:15:00,1.607,1.60718,1.6068099999999998,1.60684
2026-05-26 14:30:00,1.60686,1.6071,1.60643,1.6068500000000001
2026-05-26 14:45:00,1.60686,1.60703,1.60659,1.6069499999999999
2026-05-26 15:00:00,1.60696,1.6072199999999999,1.60664,1.6069
2026-05-26 15:15:00,1.60686,1.60757,1.60677,1.60755
2026-05-26 15:30:00,1.60755,1.60793,1.6073499999999998,1.6077599999999999
2026-05-26 15:45:00,1.6077599999999999,1.60789,1.60718,1.60723
2026-05-26 16:00:00,1.60723,1.60732,1.6067200000000001,1.60694
2026-05-26 16:15:00,1.60694,1.6073300000000001,1.60635,1.60636
2026-05-26 16:30:00,1.60636,1.6067,1.60541,1.6055899999999999
2026-05-26 16:45:00,1.6056,1.6058599999999998,1.60434,1.6049799999999999
2026-05-26 17:00:00,1.6049799999999999,1.60507,1.60407,1.60426
2026-05-26 17:15:00,1.60426,1.6046399999999998,1.60395,1.6046200000000002
2026-05-26 17:30:00,1.6046,1.6051199999999999,1.60449,1.6046200000000002
2026-05-26 17:45:00,1.6046200000000002,1.60549,1.6044,1.60495
2026-05-26 18:00:00,1.60494,1.60535,1.6047099999999999,1.6050499999999999
2026-05-26 18:15:00,1.60504,1.60517,1.60467,1.60479
2026-05-26 18:30:00,1.6047799999999999,1.6049099999999998,1.60406,1.6042
2026-05-26 18:45:00,1.60419,1.6043500000000002,1.6038999999999999,1.6039400000000001
2026-05-26 19:00:00,1.60395,1.60477,1.60389,1.60459
2026-05-26 19:15:00,1.60459,1.60533,1.60447,1.6053
2026-05-26 19:30:00,1.6053,1.6058,1.6049099999999998,1.60494
2026-05-26 19:45:00,1.60494,1.6055000000000001,1.60456,1.6054599999999999
2026-05-26 20:00:00,1.6054599999999999,1.60562,1.6052499999999998,1.60548
2026-05-26 20:15:00,1.60547,1.60564,1.60526,1.60541
2026-05-26 20:30:00,1.6054300000000001,1.60598,1.60542,1.60578
2026-05-26 20:45:00,1.6057700000000001,1.60619,1.60568,1.60614
2026-05-26 21:00:00,1.60617,1.60621,1.60576,1.6060699999999999
2026-05-26 21:15:00,1.60608,1.6065,1.60594,1.60622
2026-05-26 21:30:00,1.60623,1.60655,1.60619,1.60649
2026-05-26 21:45:00,1.60648,1.6065399999999999,1.60614,1.6063100000000001
2026-05-26 22:00:00,1.6063,1.60663,1.60621,1.6065800000000001
2026-05-26 22:15:00,1.60659,1.60664,1.60643,1.60652
2026-05-26 22:30:00,1.60652,1.60682,1.60652,1.60678
2026-05-26 22:45:00,1.60677,1.60703,1.60625,1.60632
2026-05-26 23:00:00,1.60633,1.6065800000000001,1.60621,1.60652
2026-05-26 23:15:00,1.60651,1.60667,1.60639,1.60641
2026-05-26 23:30:00,1.60641,1.6066099999999999,1.60625,1.6063100000000001
2026-05-26 23:45:00,1.6063,1.6067200000000001,1.60629,1.60632
2026-05-27 00:00:00,1.60488,1.6056300000000001,1.60488,1.6056300000000001
2026-05-27 00:15:00,1.60549,1.60609,1.60549,1.60605
2026-05-27 00:30:00,1.60599,1.60632,1.6056599999999999,1.60585
2026-05-27 00:45:00,1.6058599999999998,1.6059700000000001,1.60541,1.6055899999999999
2026-05-27 01:00:00,1.6055899999999999,1.6065,1.6055899999999999,1.60632
2026-05-27 01:15:00,1.6063399999999999,1.6067399999999998,1.60626,1.6067
2026-05-27 01:30:00,1.60669,1.60671,1.6066,1.60666
2026-05-27 01:45:00,1.6066799999999999,1.60675,1.60642,1.6064699999999998
2026-05-27 02:00:00,1.6064500000000002,1.60671,1.60642,1.60643
2026-05-27 02:15:00,1.60644,1.60673,1.60643,1.60669
2026-05-27 02:30:00,1.60669,1.6067900000000002,1.6066,1.60667
2026-05-27 02:45:00,1.6067200000000001,1.6069,1.60666,1.6067200000000001
2026-05-27 03:00:00,1.6067200000000001,1.60718,1.60664,1.60709
2026-05-27 03:15:00,1.6070799999999998,1.60711,1.6067900000000002,1.60684
2026-05-27 03:30:00,1.6068500000000001,1.60686,1.60655,1.60664
2026-05-27 03:45:00,1.60662,1.60694,1.60662,1.60683
2026-05-27 04:00:00,1.60683,1.6072,1.6067,1.60712
2026-05-27 04:15:00,1.60712,1.6071900000000001,1.6069900000000001,1.6070600000000002
2026-05-27 04:30:00,1.60707,1.6073,1.60694,1.60698
2026-05-27 04:45:00,1.6069900000000001,1.60703,1.6069,1.6069900000000001
2026-05-27 05:00:00,1.607,1.6071900000000001,1.60684,1.60691
2026-05-27 05:15:00,1.60689,1.6070600000000002,1.6068,1.60682
2026-05-27 05:30:00,1.6068099999999998,1.60698,1.6067,1.6067399999999998
2026-05-27 05:45:00,1.60677,1.6073499999999998,1.6067200000000001,1.6073300000000001
2026-05-27 06:00:00,1.6073300000000001,1.60761,1.60717,1.60734
2026-05-27 06:15:00,1.60734,1.60745,1.6072600000000001,1.6074199999999998
2026-05-27 06:30:00,1.6074199999999998,1.60746,1.6072199999999999,1.60741
2026-05-27 06:45:00,1.60741,1.60748,1.60724,1.60746
2026-05-27 07:00:00,1.60745,1.60757,1.60737,1.6074899999999999
2026-05-27 07:15:00,1.6075,1.60764,1.60746,1.60751
2026-05-27 07:30:00,1.6075,1.6077,1.60748,1.6077
2026-05-27 07:45:00,1.6076899999999998,1.60771,1.60741,1.6074899999999999
2026-05-27 08:00:00,1.6075,1.60774,1.60748,1.6076700000000002
2026-05-27 08:15:00,1.60768,1.60797,1.60763,1.60788
2026-05-27 08:30:00,1.60788,1.60795,1.60757,1.60784
2026-05-27 08:45:00,1.60784,1.60812,1.60766,1.60784
2026-05-27 09:00:00,1.6078299999999999,1.6083699999999999,1.60759,1.60804
2026-05-27 09:15:00,1.6080299999999998,1.60822,1.60779,1.60798
2026-05-27 09:30:00,1.60799,1.6089099999999998,1.60782,1.60888
2026-05-27 09:45:00,1.60887,1.60931,1.60883,1.6092300000000002
2026-05-27 10:00:00,1.60924,1.60948,1.6090200000000001,1.6091600000000001
2026-05-27 10:15:00,1.60913,1.6097000000000001,1.6090900000000001,1.60967
2026-05-27 10:30:00,1.60968,1.6100400000000001,1.60955,1.60989
2026-05-27 10:45:00,1.60991,1.6099299999999999,1.60931,1.60954
2026-05-27 11:00:00,1.60954,1.60992,1.60931,1.60965
2026-05-27 11:15:00,1.6096599999999999,1.61018,1.60956,1.61009
2026-05-27 11:30:00,1.6101,1.61026,1.60942,1.61021
2026-05-27 11:45:00,1.6102400000000001,1.6103399999999999,1.6099299999999999,1.61022
2026-05-27 12:00:00,1.61023,1.61028,1.60976,1.6098599999999998
2026-05-27 12:15:00,1.60987,1.61008,1.60953,1.60971
2026-05-27 12:30:00,1.6097000000000001,1.60981,1.60945,1.60956
2026-05-27 12:45:00,1.60957,1.61014,1.6093199999999999,1.60968
2026-05-27 13:00:00,1.60969,1.60996,1.60947,1.60982
2026-05-27 13:15:00,1.60981,1.60991,1.6092499999999998,1.6093
2026-05-27 13:30:00,1.60928,1.61006,1.6092300000000002,1.60999
2026-05-27 13:45:00,1.61001,1.61033,1.60987,1.6102699999999999
2026-05-27 14:00:00,1.61026,1.6103399999999999,1.60988,1.61023
2026-05-27 14:15:00,1.61023,1.6105399999999999,1.61002,1.61042
2026-05-27 14:30:00,1.6104,1.6105399999999999,1.61007,1.61018
2026-05-27 14:45:00,1.61019,1.6102699999999999,1.60941,1.60979
2026-05-27 15:00:00,1.60978,1.61017,1.6096,1.6099299999999999
2026-05-27 15:15:00,1.60994,1.61226,1.60967,1.61147
2026-05-27 15:30:00,1.61147,1.61179,1.61094,1.61096
2026-05-27 15:45:00,1.61097,1.61128,1.60983,1.61003
2026-05-27 16:00:00,1.6100400000000001,1.6104699999999998,1.60978,1.6104699999999998
2026-05-27 16:15:00,1.6104699999999998,1.6109900000000001,1.60994,1.61044
2026-05-27 16:30:00,1.6104500000000002,1.61076,1.6101299999999998,1.61055
2026-05-27 16:45:00,1.6105399999999999,1.6109,1.60931,1.60955
2026-05-27 17:00:00,1.60958,1.61076,1.6094300000000001,1.61069
2026-05-27 17:15:00,1.61069,1.6107900000000002,1.61009,1.61063
2026-05-27 17:30:00,1.6106500000000001,1.6110600000000002,1.6099299999999999,1.6102699999999999
2026-05-27 17:45:00,1.61028,1.61091,1.60999,1.60999
2026-05-27 18:00:00,1.60996,1.61032,1.609,1.60948
2026-05-27 18:15:00,1.60949,1.6096,1.60879,1.6093199999999999
2026-05-27 18:30:00,1.6093199999999999,1.60968,1.60854,1.6086
2026-05-27 18:45:00,1.60861,1.60895,1.6082800000000002,1.6084100000000001
2026-05-27 19:00:00,1.60842,1.6086399999999998,1.608,1.60822
2026-05-27 19:15:00,1.60823,1.6082800000000002,1.60771,1.60788
2026-05-27 19:30:00,1.6078700000000001,1.60861,1.60782,1.6084399999999999
2026-05-27 19:45:00,1.60845,1.60854,1.60812,1.60822
2026-05-27 20:00:00,1.60823,1.6086,1.6077,1.6078000000000001
2026-05-27 20:15:00,1.60779,1.60791,1.6074000000000002,1.6076700000000002
2026-05-27 20:30:00,1.6076700000000002,1.60774,1.60718,1.6076700000000002
2026-05-27 20:45:00,1.6076700000000002,1.6081699999999999,1.60766,1.60808
2026-05-27 21:00:00,1.60806,1.60823,1.60789,1.60811
2026-05-27 21:15:00,1.60812,1.60831,1.60793,1.60819
2026-05-27 21:30:00,1.60823,1.60873,1.60805,1.60866
2026-05-27 21:45:00,1.60863,1.60888,1.60853,1.60883
2026-05-27 22:00:00,1.60885,1.60896,1.60819,1.60839
2026-05-27 22:15:00,1.60838,1.6087099999999999,1.60838,1.60858
2026-05-27 22:30:00,1.60857,1.60879,1.60847,1.6086
2026-05-27 22:45:00,1.6086,1.6088,1.6082100000000001,1.6084399999999999
2026-05-27 23:00:00,1.6084399999999999,1.6087,1.6082800000000002,1.60849
2026-05-27 23:15:00,1.6085,1.60868,1.60838,1.6086399999999998
2026-05-27 23:30:00,1.60863,1.6092499999999998,1.6085500000000001,1.60924
2026-05-27 23:45:00,1.6092300000000002,1.60929,1.6087500000000001,1.60887
2026-05-28 00:00:00,1.60797,1.6089,1.6078700000000001,1.60881
2026-05-28 00:15:00,1.60887,1.6088900000000002,1.60846,1.60861
2026-05-28 00:30:00,1.60861,1.6091,1.60859,1.6089
2026-05-28 00:45:00,1.60883,1.60926,1.60829,1.60894
2026-05-28 01:00:00,1.60897,1.60906,1.60874,1.6089799999999999
2026-05-28 01:15:00,1.6089799999999999,1.60903,1.60886,1.60888
2026-05-28 01:30:00,1.60887,1.60904,1.6087500000000001,1.60876
2026-05-28 01:45:00,1.60877,1.60881,1.60859,1.60867
2026-05-28 02:00:00,1.60865,1.6089099999999998,1.60865,1.6088900000000002
2026-05-28 02:15:00,1.6089,1.60897,1.6084399999999999,1.60846
2026-05-28 02:30:00,1.60846,1.60863,1.6083699999999999,1.60856
2026-05-28 02:45:00,1.6085500000000001,1.6086,1.60799,1.6082
2026-05-28 03:00:00,1.6082,1.60904,1.6080999999999999,1.60903
2026-05-28 03:15:00,1.60904,1.60917,1.60884,1.60911
2026-05-28 03:30:00,1.60911,1.60918,1.6087,1.60886
2026-05-28 03:45:00,1.60886,1.6091,1.60861,1.60899
2026-05-28 04:00:00,1.6089799999999999,1.60904,1.60873,1.60896
2026-05-28 04:15:00,1.60895,1.6090200000000001,1.6087799999999999,1.6088900000000002
2026-05-28 04:30:00,1.6089,1.6090200000000001,1.60865,1.60868
2026-05-28 04:45:00,1.60868,1.60872,1.60797,1.60826
2026-05-28 05:00:00,1.60826,1.60856,1.60809,1.60852
2026-05-28 05:15:00,1.6085099999999999,1.60869,1.60842,1.60857
2026-05-28 05:30:00,1.60857,1.60876,1.6085099999999999,1.60857
2026-05-28 05:45:00,1.60857,1.60858,1.60826,1.6084100000000001
2026-05-28 06:00:00,1.60842,1.60842,1.60759,1.6076000000000001
2026-05-28 06:15:00,1.6076000000000001,1.60777,1.60736,1.60738
2026-05-28 06:30:00,1.60736,1.60797,1.60698,1.6074899999999999
2026-05-28 06:45:00,1.6074899999999999,1.60752,1.60677,1.60682
2026-05-28 07:00:00,1.6068,1.60702,1.60669,1.60701
2026-05-28 07:15:00,1.60701,1.60705,1.60657,1.60659
2026-05-28 07:30:00,1.6066,1.60663,1.6063399999999999,1.6066099999999999
2026-05-28 07:45:00,1.60662,1.60669,1.6064500000000002,1.6065800000000001
2026-05-28 08:00:00,1.6065800000000001,1.60691,1.6064500000000002,1.6065399999999999
2026-05-28 08:15:00,1.60655,1.60701,1.6064500000000002,1.60691
2026-05-28 08:30:00,1.60689,1.60728,1.6068500000000001,1.6072600000000001
2026-05-28 08:45:00,1.60727,1.60737,1.60718,1.60723
2026-05-28 09:00:00,1.60724,1.60761,1.60697,1.60754
2026-05-28 09:15:00,1.6075300000000001,1.60799,1.6075300000000001,1.6077599999999999
2026-05-28 09:30:00,1.6077599999999999,1.60812,1.60758,1.60779
2026-05-28 09:45:00,1.6078000000000001,1.6081699999999999,1.60765,1.60802
2026-05-28 10:00:00,1.60804,1.6084100000000001,1.6080100000000002,1.60836
2026-05-28 10:15:00,1.60834,1.6085099999999999,1.60788,1.6085
2026-05-28 10:30:00,1.6085,1.60877,1.60842,1.60863
2026-05-28 10:45:00,1.60863,1.60865,1.60827,1.60859
2026-05-28 11:00:00,1.60859,1.6089,1.60833,1.60852
2026-05-28 11:15:00,1.6085,1.6091,1.6082999999999998,1.60888
2026-05-28 11:30:00,1.6088900000000002,1.60938,1.60883,1.60928
2026-05-28 11:45:00,1.60924,1.6099,1.60908,1.60974
2026-05-28 12:00:00,1.60974,1.60995,1.60957,1.6099299999999999
2026-05-28 12:15:00,1.60992,1.60998,1.6095199999999998,1.6097000000000001
2026-05-28 12:30:00,1.60971,1.61007,1.60933,1.61007
2026-05-28 12:45:00,1.61006,1.61055,1.6099999999999999,1.61006
2026-05-28 13:00:00,1.61005,1.61042,1.60982,1.6101100000000002
2026-05-28 13:15:00,1.61012,1.61032,1.6097000000000001,1.61021
2026-05-28 13:30:00,1.61021,1.61022,1.60946,1.6095000000000002
2026-05-28 13:45:00,1.60951,1.6097299999999999,1.60849,1.60849
2026-05-28 14:00:00,1.6085099999999999,1.6088900000000002,1.60832,1.6085500000000001
2026-05-28 14:15:00,1.6085500000000001,1.60886,1.60804,1.60818
2026-05-28 14:30:00,1.60816,1.60838,1.60798,1.60831
2026-05-28 14:45:00,1.60831,1.6094300000000001,1.60822,1.6087099999999999
2026-05-28 15:00:00,1.6087099999999999,1.60935,1.6086399999999998,1.60911
2026-05-28 15:15:00,1.6091199999999999,1.6096599999999999,1.6089,1.60941
2026-05-28 15:30:00,1.60937,1.61067,1.6092499999999998,1.60992
2026-05-28 15:45:00,1.61018,1.61084,1.6101299999999998,1.6107399999999998
2026-05-28 16:00:00,1.6105800000000001,1.61113,1.6103800000000001,1.61042
2026-05-28 16:15:00,1.61043,1.61134,1.61042,1.61063
2026-05-28 16:30:00,1.6106099999999999,1.61077,1.61017,1.61029
2026-05-28 16:45:00,1.6102699999999999,1.61083,1.60975,1.61036
2026-05-28 17:00:00,1.61037,1.6116899999999998,1.60968,1.61132
2026-05-28 17:15:00,1.61131,1.61229,1.61067,1.6111
2026-05-28 17:30:00,1.6111,1.61125,1.6097299999999999,1.60996
2026-05-28 17:45:00,1.6099700000000001,1.61037,1.60888,1.6093
2026-05-28 18:00:00,1.6093199999999999,1.60953,1.60807,1.60816
2026-05-28 18:15:00,1.60816,1.60866,1.60798,1.60853
2026-05-28 18:30:00,1.60853,1.60894,1.60809,1.60826
2026-05-28 18:45:00,1.60824,1.6083699999999999,1.60714,1.6071499999999999
2026-05-28 19:00:00,1.60716,1.6076000000000001,1.60693,1.60757
2026-05-28 19:15:00,1.60759,1.60836,1.60746,1.6078299999999999
2026-05-28 19:30:00,1.6078299999999999,1.6080299999999998,1.60745,1.60772
2026-05-28 19:45:00,1.60774,1.6079400000000001,1.60734,1.60747
2026-05-28 20:00:00,1.60748,1.60751,1.60614,1.60636
2026-05-28 20:15:00,1.60637,1.60693,1.60614,1.60617
2026-05-28 20:30:00,1.60617,1.6067900000000002,1.60609,1.60637
2026-05-28 20:45:00,1.60636,1.60652,1.60605,1.6063
2026-05-28 21:00:00,1.6063100000000001,1.60633,1.60562,1.6057299999999999
2026-05-28 21:15:00,1.60572,1.6061100000000001,1.60544,1.6058
2026-05-28 21:30:00,1.60582,1.6058400000000002,1.60522,1.6053
2026-05-28 21:45:00,1.60531,1.6054300000000001,1.6051,1.60529
2026-05-28 22:00:00,1.60526,1.6054599999999999,1.6049799999999999,1.60503
2026-05-28 22:15:00,1.60503,1.60506,1.60484,1.60488
2026-05-28 22:30:00,1.6048900000000001,1.6049799999999999,1.6046,1.60493
2026-05-28 22:45:00,1.60495,1.60526,1.6047500000000001,1.60519
2026-05-28 23:00:00,1.60518,1.60529,1.6048900000000001,1.6050499999999999
2026-05-28 23:15:00,1.6050499999999999,1.60526,1.60494,1.6051600000000001
2026-05-28 23:30:00,1.60517,1.60568,1.60511,1.6053
2026-05-28 23:45:00,1.6053,1.60567,1.6051600000000001,1.6053899999999999
2026-05-29 00:00:00,1.6049799999999999,1.6054,1.6042999999999998,1.6053199999999999
2026-05-29 00:15:00,1.60492,1.6055899999999999,1.60492,1.6052499999999998
2026-05-29 00:30:00,1.6052499999999998,1.60549,1.60494,1.6054300000000001
2026-05-29 00:45:00,1.60538,1.6061999999999999,1.60522,1.60572
2026-05-29 01:00:00,1.60578,1.60622,1.60567,1.6060400000000001
2026-05-29 01:15:00,1.6060400000000001,1.6060400000000001,1.60582,1.60589
2026-05-29 01:30:00,1.6059,1.60592,1.60576,1.6057700000000001
2026-05-29 01:45:00,1.6057700000000001,1.60587,1.6057000000000001,1.60576
2026-05-29 02:00:00,1.6057700000000001,1.60606,1.6057299999999999,1.6057700000000001
2026-05-29 02:15:00,1.60579,1.6058599999999998,1.60575,1.60585
2026-05-29 02:30:00,1.60585,1.60588,1.60571,1.60585
2026-05-29 02:45:00,1.60587,1.60609,1.60585,1.60602
2026-05-29 03:00:00,1.60598,1.6061299999999998,1.60576,1.6059299999999999
2026-05-29 03:15:00,1.6059299999999999,1.60616,1.60582,1.60587
2026-05-29 03:30:00,1.6058599999999998,1.60589,1.6055700000000002,1.60567
2026-05-29 03:45:00,1.6056599999999999,1.60589,1.60551,1.6056300000000001
2026-05-29 04:00:00,1.6056300000000001,1.60612,1.6055700000000002,1.60601
2026-05-29 04:15:00,1.60601,1.60615,1.6058400000000002,1.60588
2026-05-29 04:30:00,1.60588,1.60591,1.60529,1.6054
2026-05-29 04:45:00,1.6054,1.60544,1.60499,1.6051600000000001
2026-05-29 05:00:00,1.60513,1.60521,1.60477,1.60517
2026-05-29 05:15:00,1.60518,1.60529,1.60506,1.60521
2026-05-29 05:30:00,1.6052,1.6056,1.6051199999999999,1.60556
2026-05-29 05:45:00,1.60556,1.60558,1.6052,1.60526
2026-05-29 06:00:00,1.60524,1.60533,1.60499,1.60506
2026-05-29 06:15:00,1.60504,1.60511,1.6049,1.6050499999999999
2026-05-29 06:30:00,1.60506,1.60506,1.6047099999999999,1.60494
2026-05-29 06:45:00,1.60494,1.6049600000000002,1.60454,1.60466
2026-05-29 07:00:00,1.60465,1.60479,1.6046,1.6046
2026-05-29 07:15:00,1.6046,1.6046399999999998,1.60445,1.6045
2026-05-29 07:30:00,1.60449,1.60469,1.6043500000000002,1.6046399999999998
2026-05-29 07:45:00,1.6046200000000002,1.6049099999999998,1.60452,1.60487
2026-05-29 08:00:00,1.60488,1.6051,1.6048,1.6050200000000001
2026-05-29 08:15:00,1.605,1.60515,1.6048900000000001,1.6049600000000002
2026-05-29 08:30:00,1.60495,1.60499,1.60467,1.60472
2026-05-29 08:45:00,1.6047500000000001,1.60515,1.6046399999999998,1.60507
2026-05-29 09:00:00,1.60506,1.6057299999999999,1.60506,1.60555
2026-05-29 09:15:00,1.60554,1.6061999999999999,1.60551,1.60616
2026-05-29 09:30:00,1.60616,1.6071,1.6061,1.6070799999999998
2026-05-29 09:45:00,1.60709,1.60744,1.6068,1.60736
2026-05-29 10:00:00,1.60734,1.60763,1.60711,1.6073300000000001
2026-05-29 10:15:00,1.60732,1.60734,1.60649,1.6067900000000002
2026-05-29 10:30:00,1.6067900000000002,1.60682,1.6062400000000001,1.6067200000000001
2026-05-29 10:45:00,1.60671,1.60693,1.60622,1.60662
2026-05-29 11:00:00,1.60652,1.60677,1.60602,1.60629
2026-05-29 11:15:00,1.6063100000000001,1.60649,1.60605,1.60642
2026-05-29 11:30:00,1.6064,1.6064699999999998,1.6056599999999999,1.60608
2026-05-29 11:45:00,1.6060699999999999,1.60608,1.60501,1.60527
2026-05-29 12:00:00,1.60527,1.6063,1.60503,1.60626
2026-05-29 12:15:00,1.60626,1.6069200000000001,1.6061,1.60673
2026-05-29 12:30:00,1.60675,1.60686,1.60626,1.60673
2026-05-29 12:45:00,1.60671,1.60752,1.60669,1.6074199999999998
2026-05-29 13:00:00,1.6074000000000002,1.6080999999999999,1.607,1.60774
2026-05-29 13:15:00,1.60775,1.60781,1.6071,1.6073
2026-05-29 13:30:00,1.60732,1.60775,1.6071900000000001,1.60772
2026-05-29 13:45:00,1.60773,1.60789,1.6075,1.6076700000000002
2026-05-29 14:00:00,1.60762,1.60808,1.60762,1.60802
2026-05-29 14:15:00,1.6080100000000002,1.60833,1.6074899999999999,1.6081699999999999
2026-05-29 14:30:00,1.60815,1.6081699999999999,1.60748,1.60781
2026-05-29 14:45:00,1.60782,1.60788,1.6069,1.60736
2026-05-29 15:00:00,1.6073499999999998,1.60774,1.6072,1.6073
2026-05-29 15:15:00,1.6073,1.60815,1.60725,1.6078999999999999
2026-05-29 15:30:00,1.60792,1.60988,1.6078999999999999,1.6098599999999998
2026-05-29 15:45:00,1.6098599999999998,1.61029,1.60958,1.60961
2026-05-29 16:00:00,1.60961,1.60974,1.6090499999999999,1.60927
2026-05-29 16:15:00,1.60926,1.60937,1.60835,1.60868
2026-05-29 16:30:00,1.60868,1.60901,1.60784,1.6087500000000001
2026-05-29 16:45:00,1.60874,1.60929,1.6084,1.6087500000000001
2026-05-29 17:00:00,1.6087500000000001,1.6093899999999999,1.6075599999999999,1.60781
2026-05-29 17:15:00,1.6078000000000001,1.60809,1.60712,1.60755
2026-05-29 17:30:00,1.60755,1.60827,1.60657,1.60734
2026-05-29 17:45:00,1.6073499999999998,1.6091,1.6069,1.60739
2026-05-29 18:00:00,1.6074000000000002,1.6096599999999999,1.6071,1.60938
2026-05-29 18:15:00,1.6094,1.61006,1.60928,1.6093600000000001
2026-05-29 18:30:00,1.60938,1.61017,1.60868,1.60914
