datetime,open,high,low,close
2026-04-30 18:30:00,0.97796,0.97819,0.97771,0.97808
2026-04-30 18:45:00,0.97809,0.9781,0.97725,0.97755
2026-04-30 19:00:00,0.97755,0.97825,0.97739,0.9774
2026-04-30 19:15:00,0.9774,0.97745,0.977,0.97707
2026-04-30 19:30:00,0.97708,0.97757,0.97677,0.9774
2026-04-30 19:45:00,0.9774,0.97768,0.97726,0.97756
2026-04-30 20:00:00,0.97756,0.97789,0.97739,0.9776
2026-04-30 20:15:00,0.97758,0.97781,0.97739,0.97781
2026-04-30 20:30:00,0.97783,0.97827,0.97772,0.9781
2026-04-30 20:45:00,0.97811,0.97824,0.97771,0.97772
2026-04-30 21:00:00,0.97773,0.97817,0.97773,0.97799
2026-04-30 21:15:00,0.97799,0.97818,0.97775,0.97775
2026-04-30 21:30:00,0.97776,0.97799,0.97771,0.97797
2026-04-30 21:45:00,0.97798,0.97822,0.9778,0.97785
2026-04-30 22:00:00,0.97785,0.97827,0.97778,0.97822
2026-04-30 22:15:00,0.97824,0.97838,0.97793,0.97802
2026-04-30 22:30:00,0.97801,0.97817,0.97786,0.97795
2026-04-30 22:45:00,0.97796,0.97804,0.97752,0.97753
2026-04-30 23:00:00,0.97753,0.97791,0.97746,0.97758
2026-04-30 23:15:00,0.97759,0.97793,0.9775,0.97781
2026-04-30 23:30:00,0.97778,0.9782,0.97768,0.97786
2026-04-30 23:45:00,0.97788,0.97804,0.97772,0.97787
2026-05-01 00:00:00,0.9777,0.9777,0.97682,0.97762
2026-05-01 00:15:00,0.97746,0.97772,0.97729,0.97729
2026-05-01 00:30:00,0.97727,0.97746,0.97727,0.97733
2026-05-01 00:45:00,0.97739,0.97796,0.97733,0.97789
2026-05-01 01:00:00,0.97792,0.97819,0.97752,0.97804
2026-05-01 01:15:00,0.97804,0.97814,0.97803,0.97812
2026-05-01 01:30:00,0.97813,0.97817,0.97766,0.9778
2026-05-01 01:45:00,0.97781,0.97788,0.97762,0.97771
2026-05-01 02:00:00,0.97773,0.97793,0.97772,0.9779
2026-05-01 02:15:00,0.97789,0.97792,0.97775,0.97784
2026-05-01 02:30:00,0.97785,0.97816,0.97784,0.97804
2026-05-01 02:45:00,0.978,0.97824,0.97775,0.97779
2026-05-01 03:00:00,0.9778,0.97807,0.97721,0.97739
2026-05-01 03:15:00,0.97739,0.97757,0.97724,0.97742
2026-05-01 03:30:00,0.97741,0.97746,0.97701,0.9774
2026-05-01 03:45:00,0.97741,0.9778,0.9772,0.97779
2026-05-01 04:00:00,0.9778,0.97786,0.97726,0.97753
2026-05-01 04:15:00,0.97754,0.97757,0.97713,0.97732
2026-05-01 04:30:00,0.97731,0.97768,0.97731,0.97751
2026-05-01 04:45:00,0.97751,0.97785,0.97742,0.9777
2026-05-01 05:00:00,0.97768,0.97792,0.97749,0.97767
2026-05-01 05:15:00,0.97768,0.97777,0.97743,0.97753
2026-05-01 05:30:00,0.97754,0.9776,0.97712,0.97727
2026-05-01 05:45:00,0.97726,0.97737,0.97699,0.97734
2026-05-01 06:00:00,0.97736,0.97741,0.97715,0.97724
2026-05-01 06:15:00,0.97724,0.97763,0.97717,0.97756
2026-05-01 06:30:00,0.97758,0.97763,0.97714,0.97718
2026-05-01 06:45:00,0.97718,0.97723,0.97696,0.97714
2026-05-01 07:00:00,0.97715,0.9772,0.97672,0.97681
2026-05-01 07:15:00,0.97681,0.97693,0.97675,0.97678
2026-05-01 07:30:00,0.97678,0.97708,0.97675,0.9769
2026-05-01 07:45:00,0.9769,0.97705,0.97686,0.97698
2026-05-01 08:00:00,0.97696,0.97712,0.97686,0.97708
2026-05-01 08:15:00,0.97709,0.97715,0.9767,0.97715
2026-05-01 08:30:00,0.97714,0.97734,0.97706,0.97731
2026-05-01 08:45:00,0.97731,0.97731,0.9767,0.97672
2026-05-01 09:00:00,0.97672,0.97705,0.97664,0.97693
2026-05-01 09:15:00,0.97694,0.97704,0.97674,0.97683
2026-05-01 09:30:00,0.97684,0.97688,0.97618,0.97652
2026-05-01 09:45:00,0.97653,0.97726,0.97652,0.97696
2026-05-01 10:00:00,0.97698,0.97768,0.97691,0.97765
2026-05-01 10:15:00,0.97764,0.9779,0.97751,0.97787
2026-05-01 10:30:00,0.97786,0.97786,0.97725,0.9774
2026-05-01 10:45:00,0.97739,0.97767,0.97689,0.97696
2026-05-01 11:00:00,0.97695,0.97722,0.97659,0.9766
2026-05-01 11:15:00,0.97661,0.97708,0.9766,0.97689
2026-05-01 11:30:00,0.9769,0.97699,0.97655,0.97676
2026-05-01 11:45:00,0.97676,0.97684,0.97643,0.97651
2026-05-01 12:00:00,0.97652,0.97664,0.9761,0.97612
2026-05-01 12:15:00,0.97611,0.97626,0.97591,0.97598
2026-05-01 12:30:00,0.97598,0.97623,0.97591,0.9762
2026-05-01 12:45:00,0.9762,0.97624,0.97547,0.97565
2026-05-01 13:00:00,0.97565,0.97593,0.97559,0.97573
2026-05-01 13:15:00,0.97574,0.97595,0.9756,0.97575
2026-05-01 13:30:00,0.97575,0.97587,0.97552,0.97576
2026-05-01 13:45:00,0.97575,0.97595,0.97563,0.97572
2026-05-01 14:00:00,0.97573,0.97603,0.97554,0.97586
2026-05-01 14:15:00,0.97585,0.97646,0.97576,0.97637
2026-05-01 14:30:00,0.97636,0.97652,0.97612,0.97617
2026-05-01 14:45:00,0.97618,0.97643,0.97603,0.97637
2026-05-01 15:00:00,0.97637,0.97718,0.97616,0.97677
2026-05-01 15:15:00,0.97675,0.97685,0.97643,0.97675
2026-05-01 15:30:00,0.97674,0.9768,0.97636,0.97663
2026-05-01 15:45:00,0.97662,0.97704,0.97648,0.97687
2026-05-01 16:00:00,0.97689,0.97724,0.97678,0.97682
2026-05-01 16:15:00,0.9768,0.97694,0.97654,0.97669
2026-05-01 16:30:00,0.9767,0.97721,0.97648,0.97713
2026-05-01 16:45:00,0.97715,0.97833,0.97687,0.97821
2026-05-01 17:00:00,0.97822,0.98041,0.97813,0.97995
2026-05-01 17:15:00,0.97997,0.98061,0.97982,0.98008
2026-05-01 17:30:00,0.98006,0.98009,0.97906,0.97965
2026-05-01 17:45:00,0.97963,0.97977,0.97922,0.97951
2026-05-01 18:00:00,0.97953,0.97975,0.97898,0.97963
2026-05-01 18:15:00,0.97963,0.97996,0.97957,0.97995
2026-05-01 18:30:00,0.97994,0.98023,0.97962,0.97996
2026-05-01 18:45:00,0.97996,0.98026,0.97938,0.97969
2026-05-01 19:00:00,0.97968,0.98017,0.97965,0.9801
2026-05-01 19:15:00,0.9801,0.98036,0.97974,0.97999
2026-05-01 19:30:00,0.98,0.98025,0.9797,0.98002
2026-05-01 19:45:00,0.98002,0.98004,0.97963,0.97981
2026-05-01 20:00:00,0.97981,0.98008,0.97976,0.97998
2026-05-01 20:15:00,0.97998,0.9802,0.97953,0.97991
2026-05-01 20:30:00,0.97989,0.97994,0.97934,0.97941
2026-05-01 20:45:00,0.97941,0.97983,0.97928,0.97961
2026-05-01 21:00:00,0.9796,0.9797,0.97899,0.97903
2026-05-01 21:15:00,0.97904,0.97937,0.97891,0.97925
2026-05-01 21:30:00,0.97926,0.97934,0.97886,0.9793
2026-05-01 21:45:00,0.97929,0.97965,0.97912,0.97935
2026-05-01 22:00:00,0.97934,0.97949,0.97925,0.97934
2026-05-01 22:15:00,0.97933,0.97956,0.97925,0.97943
2026-05-01 22:30:00,0.97943,0.97944,0.97918,0.97921
2026-05-01 22:45:00,0.97919,0.97932,0.97905,0.97921
2026-05-01 23:00:00,0.97921,0.97929,0.97903,0.97909
2026-05-01 23:15:00,0.97909,0.97915,0.97886,0.97893
2026-05-01 23:30:00,0.97893,0.97911,0.97856,0.97889
2026-05-01 23:45:00,0.97893,0.97907,0.9782,0.97862
2026-05-04 00:00:00,0.97908,0.97915,0.9779,0.97867
2026-05-04 00:15:00,0.97867,0.98006,0.97801,0.98002
2026-05-04 00:30:00,0.98002,0.98041,0.98001,0.98019
2026-05-04 00:45:00,0.98019,0.98075,0.97983,0.98072
2026-05-04 01:00:00,0.98063,0.98073,0.97972,0.98024
2026-05-04 01:15:00,0.98026,0.98028,0.97989,0.97996
2026-05-04 01:30:00,0.97996,0.98019,0.97952,0.97998
2026-05-04 01:45:00,0.98,0.98012,0.97995,0.98003
2026-05-04 02:00:00,0.98004,0.98005,0.97989,0.97993
2026-05-04 02:15:00,0.97992,0.97997,0.97963,0.97997
2026-05-04 02:30:00,0.97998,0.97999,0.97964,0.97988
2026-05-04 02:45:00,0.97987,0.97995,0.97953,0.97972
2026-05-04 03:00:00,0.97972,0.97976,0.97901,0.97967
2026-05-04 03:15:00,0.97967,0.97972,0.97913,0.97919
2026-05-04 03:30:00,0.9792,0.97971,0.97917,0.97943
2026-05-04 03:45:00,0.97943,0.97976,0.97929,0.97969
2026-05-04 04:00:00,0.97968,0.97972,0.97888,0.97924
2026-05-04 04:15:00,0.97925,0.97974,0.97894,0.979
2026-05-04 04:30:00,0.97899,0.97967,0.97896,0.97948
2026-05-04 04:45:00,0.97949,0.97975,0.97932,0.97973
2026-05-04 05:00:00,0.97973,0.97978,0.97932,0.97973
2026-05-04 05:15:00,0.97972,0.97973,0.97898,0.97905
2026-05-04 05:30:00,0.97905,0.97935,0.97901,0.97934
2026-05-04 05:45:00,0.97934,0.9798,0.97933,0.97971
2026-05-04 06:00:00,0.97972,0.97979,0.97949,0.97975
2026-05-04 06:15:00,0.97974,0.97976,0.97953,0.97967
2026-05-04 06:30:00,0.97967,0.97973,0.97937,0.97968
2026-05-04 06:45:00,0.97969,0.98038,0.97965,0.97998
2026-05-04 07:00:00,0.97999,0.98007,0.97976,0.97976
2026-05-04 07:15:00,0.97976,0.97993,0.97951,0.97972
2026-05-04 07:30:00,0.97973,0.97975,0.97951,0.97968
2026-05-04 07:45:00,0.97968,0.9797,0.97936,0.9795
2026-05-04 08:00:00,0.9795,0.97971,0.97935,0.97946
2026-05-04 08:15:00,0.97945,0.97975,0.9791,0.97912
2026-05-04 08:30:00,0.97913,0.97931,0.97891,0.97925
2026-05-04 08:45:00,0.97925,0.9795,0.97911,0.97946
2026-05-04 09:00:00,0.97946,0.97976,0.97922,0.97976
2026-05-04 09:15:00,0.97976,0.97982,0.97964,0.97971
2026-05-04 09:30:00,0.97971,0.97976,0.97863,0.97867
2026-05-04 09:45:00,0.97866,0.97873,0.97819,0.97863
2026-05-04 10:00:00,0.97862,0.97871,0.97804,0.97818
2026-05-04 10:15:00,0.97817,0.97873,0.97815,0.97828
2026-05-04 10:30:00,0.97827,0.97842,0.97798,0.97813
2026-05-04 10:45:00,0.97813,0.97864,0.97811,0.97834
2026-05-04 11:00:00,0.97833,0.97844,0.97788,0.97818
2026-05-04 11:15:00,0.97817,0.97858,0.97789,0.97857
2026-05-04 11:30:00,0.97856,0.97914,0.97847,0.97887
2026-05-04 11:45:00,0.97888,0.9789,0.97847,0.97853
2026-05-04 12:00:00,0.97853,0.97884,0.97845,0.97869
2026-05-04 12:15:00,0.97871,0.97911,0.97861,0.97908
2026-05-04 12:30:00,0.97907,0.9792,0.97901,0.97918
2026-05-04 12:45:00,0.97918,0.97927,0.97896,0.97902
2026-05-04 13:00:00,0.97902,0.97904,0.97601,0.9764
2026-05-04 13:15:00,0.97642,0.97763,0.97612,0.97731
2026-05-04 13:30:00,0.97732,0.97826,0.97715,0.97774
2026-05-04 13:45:00,0.97773,0.97784,0.97719,0.97736
2026-05-04 14:00:00,0.97739,0.9777,0.97672,0.97699
2026-05-04 14:15:00,0.97699,0.97743,0.97698,0.97731
2026-05-04 14:30:00,0.9773,0.9775,0.9769,0.97722
2026-05-04 14:45:00,0.97721,0.97751,0.97707,0.97743
2026-05-04 15:00:00,0.97743,0.97812,0.97738,0.97797
2026-05-04 15:15:00,0.97794,0.9785,0.97782,0.97844
2026-05-04 15:30:00,0.97843,0.97881,0.97813,0.97878
2026-05-04 15:45:00,0.97878,0.97914,0.97857,0.97868
2026-05-04 16:00:00,0.9787,0.97939,0.97743,0.97848
2026-05-04 16:15:00,0.97848,0.9786,0.978,0.97814
2026-05-04 16:30:00,0.97815,0.97888,0.97799,0.97862
2026-05-04 16:45:00,0.97862,0.97882,0.97779,0.9779
2026-05-04 17:00:00,0.97789,0.97817,0.97748,0.97805
2026-05-04 17:15:00,0.97805,0.97839,0.97777,0.9779
2026-05-04 17:30:00,0.9779,0.97834,0.97744,0.97745
2026-05-04 17:45:00,0.97746,0.97827,0.9774,0.97758
2026-05-04 18:00:00,0.9776,0.97807,0.97716,0.97725
2026-05-04 18:15:00,0.97725,0.97753,0.97567,0.97628
2026-05-04 18:30:00,0.9763,0.9763,0.97518,0.97558
2026-05-04 18:45:00,0.97557,0.97584,0.97498,0.97521
2026-05-04 19:00:00,0.97521,0.97552,0.9741,0.9742
2026-05-04 19:15:00,0.97419,0.97545,0.97394,0.97487
2026-05-04 19:30:00,0.97487,0.9751,0.97456,0.9748
2026-05-04 19:45:00,0.97479,0.97497,0.97448,0.97451
2026-05-04 20:00:00,0.97454,0.97575,0.97448,0.97568
2026-05-04 20:15:00,0.97567,0.97627,0.97551,0.97617
2026-05-04 20:30:00,0.97616,0.97617,0.97544,0.97568
2026-05-04 20:45:00,0.97568,0.97584,0.97554,0.97577
2026-05-04 21:00:00,0.97575,0.97593,0.9756,0.97566
2026-05-04 21:15:00,0.97568,0.97568,0.97501,0.97524
2026-05-04 21:30:00,0.97527,0.97552,0.9752,0.9754
2026-05-04 21:45:00,0.97539,0.9757,0.97515,0.97569
2026-05-04 22:00:00,0.97569,0.9762,0.97549,0.97598
2026-05-04 22:15:00,0.97599,0.97628,0.97576,0.97602
2026-05-04 22:30:00,0.97602,0.97627,0.97601,0.9761
2026-05-04 22:45:00,0.97609,0.97628,0.97588,0.97623
2026-05-04 23:00:00,0.97622,0.97629,0.97604,0.97618
2026-05-04 23:15:00,0.97615,0.97637,0.97592,0.97593
2026-05-04 23:30:00,0.97595,0.97617,0.97593,0.97607
2026-05-04 23:45:00,0.97607,0.97641,0.97585,0.97632
2026-05-05 00:00:00,0.97632,0.97637,0.97511,0.97617
2026-05-05 00:15:00,0.97595,0.97617,0.9759,0.97607
2026-05-05 00:30:00,0.97607,0.97612,0.97607,0.97607
2026-05-05 00:45:00,0.97607,0.97608,0.97597,0.97607
2026-05-05 01:00:00,0.97607,0.97641,0.97605,0.97638
2026-05-05 01:15:00,0.97638,0.97646,0.97631,0.9764
2026-05-05 01:30:00,0.97641,0.97652,0.97636,0.97644
2026-05-05 01:45:00,0.97645,0.97649,0.97627,0.97648
2026-05-05 02:00:00,0.97649,0.97649,0.97632,0.97633
2026-05-05 02:15:00,0.97638,0.97644,0.97633,0.97642
2026-05-05 02:30:00,0.97642,0.97649,0.97634,0.97638
2026-05-05 02:45:00,0.97639,0.97648,0.97614,0.97617
2026-05-05 03:00:00,0.97617,0.97665,0.97616,0.97634
2026-05-05 03:15:00,0.97633,0.97633,0.97538,0.97553
2026-05-05 03:30:00,0.97553,0.97561,0.97531,0.97554
2026-05-05 03:45:00,0.97555,0.97591,0.97551,0.97556
2026-05-05 04:00:00,0.97556,0.97561,0.9751,0.97531
2026-05-05 04:15:00,0.97529,0.9754,0.97466,0.97497
2026-05-05 04:30:00,0.97498,0.97516,0.97471,0.97478
2026-05-05 04:45:00,0.97478,0.97501,0.97471,0.97486
2026-05-05 05:00:00,0.97484,0.97555,0.97478,0.97555
2026-05-05 05:15:00,0.97554,0.97575,0.97547,0.9755
2026-05-05 05:30:00,0.97551,0.97576,0.97538,0.97548
2026-05-05 05:45:00,0.97546,0.97563,0.97519,0.97529
2026-05-05 06:00:00,0.97526,0.97536,0.97507,0.97533
2026-05-05 06:15:00,0.97531,0.97539,0.97496,0.97503
2026-05-05 06:30:00,0.97504,0.97504,0.97464,0.97487
2026-05-05 06:45:00,0.97488,0.97495,0.97448,0.97453
2026-05-05 07:00:00,0.97453,0.97487,0.97443,0.97473
2026-05-05 07:15:00,0.97474,0.97527,0.97462,0.9751
2026-05-05 07:30:00,0.97502,0.9767,0.97441,0.97595
2026-05-05 07:45:00,0.97596,0.97596,0.97455,0.97457
2026-05-05 08:00:00,0.97456,0.97485,0.97406,0.97407
2026-05-05 08:15:00,0.97406,0.97416,0.97345,0.97358
2026-05-05 08:30:00,0.97359,0.97379,0.97229,0.97249
2026-05-05 08:45:00,0.9725,0.97332,0.97228,0.97269
2026-05-05 09:00:00,0.9727,0.97361,0.97261,0.97307
2026-05-05 09:15:00,0.97308,0.97319,0.97255,0.97315
2026-05-05 09:30:00,0.97315,0.97347,0.97287,0.97305
2026-05-05 09:45:00,0.97308,0.97308,0.97279,0.97285
2026-05-05 10:00:00,0.97286,0.97365,0.97268,0.97363
2026-05-05 10:15:00,0.97363,0.9738,0.97348,0.97355
2026-05-05 10:30:00,0.97358,0.97448,0.97355,0.97409
2026-05-05 10:45:00,0.97414,0.97451,0.97398,0.97404
2026-05-05 11:00:00,0.97403,0.97482,0.97402,0.9747
2026-05-05 11:15:00,0.9747,0.97524,0.97456,0.97485
2026-05-05 11:30:00,0.97486,0.97488,0.9743,0.97445
2026-05-05 11:45:00,0.97444,0.97493,0.97428,0.9746
2026-05-05 12:00:00,0.97462,0.97483,0.97425,0.97442
2026-05-05 12:15:00,0.97442,0.97464,0.9742,0.97445
2026-05-05 12:30:00,0.97446,0.97503,0.97444,0.9748
2026-05-05 12:45:00,0.97481,0.97514,0.97478,0.97505
2026-05-05 13:00:00,0.97504,0.9752,0.97486,0.97513
2026-05-05 13:15:00,0.97514,0.97548,0.97508,0.97539
2026-05-05 13:30:00,0.97539,0.97597,0.97537,0.97547
2026-05-05 13:45:00,0.97545,0.97568,0.97522,0.97567
2026-05-05 14:00:00,0.97568,0.97585,0.9752,0.97577
2026-05-05 14:15:00,0.97578,0.97623,0.97543,0.97609
2026-05-05 14:30:00,0.97608,0.97637,0.97601,0.97628
2026-05-05 14:45:00,0.97627,0.97645,0.97618,0.97629
2026-05-05 15:00:00,0.97629,0.97675,0.97578,0.9767
2026-05-05 15:15:00,0.97671,0.97803,0.97666,0.97777
2026-05-05 15:30:00,0.97779,0.97784,0.97718,0.97722
2026-05-05 15:45:00,0.97722,0.97764,0.97719,0.97741
2026-05-05 16:00:00,0.9774,0.97803,0.9774,0.97763
2026-05-05 16:15:00,0.97762,0.97785,0.97729,0.97738
2026-05-05 16:30:00,0.97737,0.97786,0.97713,0.97754
2026-05-05 16:45:00,0.97754,0.97781,0.97732,0.97732
2026-05-05 17:00:00,0.9773,0.97815,0.9771,0.97726
2026-05-05 17:15:00,0.97727,0.97815,0.97696,0.9777
2026-05-05 17:30:00,0.9777,0.97822,0.97755,0.97812
2026-05-05 17:45:00,0.97811,0.97888,0.97778,0.97885
2026-05-05 18:00:00,0.97884,0.97932,0.97871,0.97909
2026-05-05 18:15:00,0.9791,0.97923,0.97886,0.97898
2026-05-05 18:30:00,0.97899,0.97952,0.97889,0.97928
2026-05-05 18:45:00,0.97928,0.97942,0.97899,0.97907
2026-05-05 19:00:00,0.97907,0.9791,0.97878,0.97893
2026-05-05 19:15:00,0.97893,0.97918,0.97891,0.97915
2026-05-05 19:30:00,0.97915,0.97919,0.97896,0.97903
2026-05-05 19:45:00,0.97902,0.97919,0.97875,0.97884
2026-05-05 20:00:00,0.97884,0.97911,0.97883,0.97907
2026-05-05 20:15:00,0.97907,0.97922,0.97885,0.97907
2026-05-05 20:30:00,0.97908,0.97928,0.97894,0.97894
2026-05-05 20:45:00,0.97892,0.97899,0.97877,0.97883
2026-05-05 21:00:00,0.97884,0.97915,0.97877,0.97892
2026-05-05 21:15:00,0.97893,0.97903,0.97889,0.97895
2026-05-05 21:30:00,0.97895,0.97903,0.97882,0.97885
2026-05-05 21:45:00,0.97882,0.9789,0.97858,0.97871
2026-05-05 22:00:00,0.97872,0.97889,0.97868,0.9787
2026-05-05 22:15:00,0.97868,0.97872,0.97846,0.97851
2026-05-05 22:30:00,0.97853,0.97867,0.97841,0.97852
2026-05-05 22:45:00,0.97852,0.97858,0.97824,0.97854
2026-05-05 23:00:00,0.97854,0.97865,0.9784,0.97845
2026-05-05 23:15:00,0.97844,0.97844,0.9782,0.97837
2026-05-05 23:30:00,0.97836,0.97848,0.97832,0.97833
2026-05-05 23:45:00,0.97833,0.97837,0.97808,0.9782
2026-05-06 00:00:00,0.97782,0.97787,0.97627,0.97725
2026-05-06 00:15:00,0.97717,0.97757,0.97709,0.97745
2026-05-06 00:30:00,0.9776,0.97795,0.97747,0.97773
2026-05-06 00:45:00,0.97773,0.97817,0.97727,0.97811
2026-05-06 01:00:00,0.97811,0.97837,0.97772,0.97824
2026-05-06 01:15:00,0.97824,0.97829,0.97815,0.97825
2026-05-06 01:30:00,0.97825,0.97839,0.97822,0.97833
2026-05-06 01:45:00,0.97835,0.97994,0.97826,0.97936
2026-05-06 02:00:00,0.97935,0.98012,0.97923,0.97996
2026-05-06 02:15:00,0.97997,0.98008,0.97955,0.97979
2026-05-06 02:30:00,0.97978,0.98009,0.97968,0.97992
2026-05-06 02:45:00,0.97992,0.98007,0.97983,0.9799
2026-05-06 03:00:00,0.97991,0.9807,0.97986,0.98027
2026-05-06 03:15:00,0.98028,0.98111,0.98019,0.98079
2026-05-06 03:30:00,0.98079,0.98178,0.98061,0.98174
2026-05-06 03:45:00,0.98173,0.9822,0.98149,0.98216
2026-05-06 04:00:00,0.98217,0.98239,0.98203,0.98213
2026-05-06 04:15:00,0.98213,0.98322,0.98207,0.98273
2026-05-06 04:30:00,0.98272,0.98294,0.98201,0.98289
2026-05-06 04:45:00,0.98292,0.98351,0.98281,0.98292
2026-05-06 05:00:00,0.98292,0.98318,0.98278,0.98308
2026-05-06 05:15:00,0.98307,0.98361,0.98302,0.98338
2026-05-06 05:30:00,0.98338,0.98379,0.98329,0.98343
2026-05-06 05:45:00,0.98342,0.98389,0.98334,0.98389
2026-05-06 06:00:00,0.98388,0.98471,0.98386,0.9842
2026-05-06 06:15:00,0.98421,0.98437,0.98407,0.98412
2026-05-06 06:30:00,0.98411,0.98434,0.98388,0.98429
2026-05-06 06:45:00,0.98429,0.98429,0.98352,0.98357
2026-05-06 07:00:00,0.98357,0.98414,0.98344,0.98412
2026-05-06 07:15:00,0.98413,0.98451,0.98378,0.98449
2026-05-06 07:30:00,0.9845,0.98518,0.98436,0.98464
2026-05-06 07:45:00,0.98462,0.9851,0.98422,0.98424
2026-05-06 08:00:00,0.98423,0.98481,0.98414,0.98474
2026-05-06 08:15:00,0.98474,0.98474,0.98436,0.98465
2026-05-06 08:30:00,0.98466,0.98479,0.98445,0.98475
2026-05-06 08:45:00,0.98477,0.98513,0.98474,0.98491
2026-05-06 09:00:00,0.9849,0.9852,0.98452,0.98513
2026-05-06 09:15:00,0.98513,0.98537,0.98498,0.98525
2026-05-06 09:30:00,0.98524,0.9853,0.98438,0.98453
2026-05-06 09:45:00,0.98452,0.98487,0.98447,0.98482
2026-05-06 10:00:00,0.98483,0.98494,0.98365,0.98371
2026-05-06 10:15:00,0.98371,0.98402,0.98331,0.9838
2026-05-06 10:30:00,0.98381,0.98397,0.9834,0.98392
2026-05-06 10:45:00,0.98393,0.98432,0.98378,0.98426
2026-05-06 11:00:00,0.98427,0.98451,0.98336,0.98352
2026-05-06 11:15:00,0.98349,0.98428,0.98328,0.98412
2026-05-06 11:30:00,0.98411,0.98512,0.98408,0.98499
2026-05-06 11:45:00,0.98499,0.98683,0.9848,0.98626
2026-05-06 12:00:00,0.98627,0.9865,0.98549,0.98584
2026-05-06 12:15:00,0.98585,0.98685,0.98582,0.98634
2026-05-06 12:30:00,0.98634,0.98704,0.98619,0.98664
2026-05-06 12:45:00,0.98664,0.98699,0.98646,0.98687
2026-05-06 13:00:00,0.98688,0.98717,0.98586,0.98596
2026-05-06 13:15:00,0.98594,0.98679,0.9859,0.98658
2026-05-06 13:30:00,0.98657,0.98813,0.98654,0.98795
2026-05-06 13:45:00,0.98794,0.98867,0.98742,0.98766
2026-05-06 14:00:00,0.98767,0.98778,0.98712,0.98728
2026-05-06 14:15:00,0.98729,0.9876,0.98685,0.9874
2026-05-06 14:30:00,0.9874,0.9877,0.98603,0.98611
2026-05-06 14:45:00,0.98616,0.98689,0.98542,0.98572
2026-05-06 15:00:00,0.98573,0.98573,0.9845,0.9845
2026-05-06 15:15:00,0.98449,0.98589,0.98401,0.98565
2026-05-06 15:30:00,0.98565,0.98585,0.98529,0.98579
2026-05-06 15:45:00,0.98578,0.98579,0.98504,0.98507
2026-05-06 16:00:00,0.98507,0.98556,0.98427,0.98523
2026-05-06 16:15:00,0.98523,0.98552,0.9842,0.98469
2026-05-06 16:30:00,0.98469,0.98538,0.98434,0.9852
2026-05-06 16:45:00,0.98519,0.98545,0.98469,0.98516
2026-05-06 17:00:00,0.98516,0.98561,0.98456,0.98552
2026-05-06 17:15:00,0.98553,0.9856,0.98486,0.98494
2026-05-06 17:30:00,0.98495,0.98662,0.98487,0.98659
2026-05-06 17:45:00,0.9866,0.98671,0.98567,0.98572
2026-05-06 18:00:00,0.98572,0.98617,0.98525,0.98557
2026-05-06 18:15:00,0.98556,0.986,0.98532,0.9856
2026-05-06 18:30:00,0.98561,0.98583,0.98514,0.98539
2026-05-06 18:45:00,0.98543,0.98578,0.98536,0.98539
2026-05-06 19:00:00,0.98538,0.98574,0.98529,0.98557
2026-05-06 19:15:00,0.98556,0.98579,0.9854,0.9855
2026-05-06 19:30:00,0.9855,0.98565,0.98531,0.98547
2026-05-06 19:45:00,0.98547,0.98556,0.98497,0.9853
2026-05-06 20:00:00,0.9853,0.98628,0.98524,0.98621
2026-05-06 20:15:00,0.98621,0.98638,0.98612,0.98618
2026-05-06 20:30:00,0.98619,0.98629,0.98591,0.98613
2026-05-06 20:45:00,0.98612,0.98632,0.98595,0.98629
2026-05-06 21:00:00,0.98628,0.98656,0.98623,0.98623
2026-05-06 21:15:00,0.98623,0.98661,0.98623,0.98655
2026-05-06 21:30:00,0.98655,0.98681,0.98647,0.98672
2026-05-06 21:45:00,0.98671,0.98695,0.98659,0.98681
2026-05-06 22:00:00,0.98682,0.98719,0.98674,0.98706
2026-05-06 22:15:00,0.98707,0.98709,0.98677,0.98686
2026-05-06 22:30:00,0.98685,0.98686,0.9866,0.98662
2026-05-06 22:45:00,0.98661,0.98703,0.98655,0.98689
2026-05-06 23:00:00,0.98688,0.98699,0.98655,0.98672
2026-05-06 23:15:00,0.98673,0.98676,0.98635,0.98646
2026-05-06 23:30:00,0.98645,0.98647,0.98618,0.98622
2026-05-06 23:45:00,0.98621,0.98668,0.98616,0.98655
2026-05-07 00:00:00,0.98614,0.98614,0.98552,0.98562
2026-05-07 00:15:00,0.98557,0.98592,0.98552,0.98592
2026-05-07 00:30:00,0.98592,0.98658,0.98551,0.98657
2026-05-07 00:45:00,0.9865,0.98657,0.98608,0.98652
2026-05-07 01:00:00,0.98657,0.9867,0.98633,0.98664
2026-05-07 01:15:00,0.98664,0.98672,0.98658,0.98666
2026-05-07 01:30:00,0.98665,0.98665,0.98631,0.98647
2026-05-07 01:45:00,0.98647,0.98661,0.98644,0.98661
2026-05-07 02:00:00,0.98659,0.9867,0.98649,0.98666
2026-05-07 02:15:00,0.98666,0.98668,0.98651,0.98653
2026-05-07 02:30:00,0.98653,0.98666,0.98646,0.98666
2026-05-07 02:45:00,0.98668,0.98681,0.98646,0.98652
2026-05-07 03:00:00,0.98651,0.98706,0.98625,0.98705
2026-05-07 03:15:00,0.98707,0.98711,0.98669,0.98694
2026-05-07 03:30:00,0.98693,0.98698,0.98658,0.98668
2026-05-07 03:45:00,0.98668,0.9867,0.98642,0.98666
2026-05-07 04:00:00,0.98666,0.98703,0.98626,0.9868
2026-05-07 04:15:00,0.98673,0.98724,0.98671,0.98709
2026-05-07 04:30:00,0.98708,0.98747,0.98678,0.98743
2026-05-07 04:45:00,0.98742,0.98789,0.98742,0.98751
2026-05-07 05:00:00,0.9875,0.98775,0.98741,0.98744
2026-05-07 05:15:00,0.98745,0.98747,0.98719,0.98741
2026-05-07 05:30:00,0.98739,0.98797,0.98739,0.98795
2026-05-07 05:45:00,0.98795,0.98798,0.98758,0.98759
2026-05-07 06:00:00,0.98758,0.98759,0.98717,0.98731
2026-05-07 06:15:00,0.98732,0.98761,0.98729,0.9874
2026-05-07 06:30:00,0.9874,0.98786,0.9873,0.98771
2026-05-07 06:45:00,0.98774,0.98778,0.98751,0.98764
2026-05-07 07:00:00,0.98764,0.98804,0.98744,0.98765
2026-05-07 07:15:00,0.98765,0.9881,0.98762,0.98805
2026-05-07 07:30:00,0.98806,0.98828,0.98784,0.98817
2026-05-07 07:45:00,0.98817,0.98818,0.98774,0.98807
2026-05-07 08:00:00,0.98807,0.98827,0.98795,0.9882
2026-05-07 08:15:00,0.98819,0.98826,0.98799,0.98808
2026-05-07 08:30:00,0.98807,0.98854,0.98804,0.98842
2026-05-07 08:45:00,0.98842,0.98846,0.98813,0.98813
2026-05-07 09:00:00,0.98813,0.98817,0.98778,0.9879
2026-05-07 09:15:00,0.9879,0.98825,0.98779,0.98784
2026-05-07 09:30:00,0.98786,0.98913,0.98771,0.98897
2026-05-07 09:45:00,0.98896,0.98904,0.98849,0.98862
2026-05-07 10:00:00,0.98861,0.98973,0.98846,0.98963
2026-05-07 10:15:00,0.98963,0.98966,0.98908,0.98945
2026-05-07 10:30:00,0.98945,0.98951,0.98891,0.98923
2026-05-07 10:45:00,0.98924,0.98943,0.9888,0.98937
2026-05-07 11:00:00,0.98939,0.9896,0.98919,0.98945
2026-05-07 11:15:00,0.98944,0.98961,0.98892,0.98924
2026-05-07 11:30:00,0.98924,0.98934,0.98885,0.9889
2026-05-07 11:45:00,0.98889,0.98939,0.98877,0.98893
2026-05-07 12:00:00,0.98894,0.98895,0.98855,0.98861
2026-05-07 12:15:00,0.98863,0.9888,0.9884,0.98842
2026-05-07 12:30:00,0.98841,0.98904,0.98838,0.98895
2026-05-07 12:45:00,0.98896,0.98909,0.98847,0.98903
2026-05-07 13:00:00,0.98903,0.98934,0.98894,0.98932
2026-05-07 13:15:00,0.9893,0.98938,0.98889,0.98898
2026-05-07 13:30:00,0.98898,0.98918,0.98863,0.98892
2026-05-07 13:45:00,0.98895,0.98899,0.98854,0.98857
2026-05-07 14:00:00,0.98864,0.98864,0.98834,0.98837
2026-05-07 14:15:00,0.98836,0.98862,0.98808,0.98854
2026-05-07 14:30:00,0.98854,0.98904,0.98848,0.98894
2026-05-07 14:45:00,0.98893,0.98924,0.98877,0.98915
2026-05-07 15:00:00,0.98916,0.98918,0.98879,0.98893
2026-05-07 15:15:00,0.98893,0.98922,0.98827,0.98868
2026-05-07 15:30:00,0.98861,0.98889,0.98844,0.98863
2026-05-07 15:45:00,0.98864,0.98905,0.98851,0.98871
2026-05-07 16:00:00,0.98871,0.98873,0.98814,0.98835
2026-05-07 16:15:00,0.98835,0.989,0.98831,0.98864
2026-05-07 16:30:00,0.98864,0.98865,0.98803,0.98805
2026-05-07 16:45:00,0.98806,0.98858,0.9877,0.98849
2026-05-07 17:00:00,0.9885,0.98863,0.98808,0.98857
2026-05-07 17:15:00,0.98857,0.98898,0.98823,0.98876
2026-05-07 17:30:00,0.98876,0.98883,0.98841,0.98847
2026-05-07 17:45:00,0.98846,0.98948,0.98819,0.98947
2026-05-07 18:00:00,0.98946,0.9895,0.98889,0.98894
2026-05-07 18:15:00,0.98893,0.98907,0.98778,0.98802
2026-05-07 18:30:00,0.98804,0.98842,0.98787,0.988
2026-05-07 18:45:00,0.988,0.98802,0.98707,0.98717
2026-05-07 19:00:00,0.98717,0.98738,0.98677,0.98694
2026-05-07 19:15:00,0.98693,0.98715,0.98636,0.98701
2026-05-07 19:30:00,0.98701,0.98709,0.98639,0.9865
2026-05-07 19:45:00,0.98652,0.98691,0.98643,0.98658
2026-05-07 20:00:00,0.98658,0.98666,0.98621,0.9863
2026-05-07 20:15:00,0.9863,0.98683,0.98518,0.98553
2026-05-07 20:30:00,0.98554,0.98599,0.9852,0.9857
2026-05-07 20:45:00,0.98568,0.98635,0.98549,0.98632
2026-05-07 21:00:00,0.98632,0.98662,0.9859,0.9862
2026-05-07 21:15:00,0.98621,0.98629,0.98592,0.98608
2026-05-07 21:30:00,0.98607,0.98631,0.98522,0.98561
2026-05-07 21:45:00,0.98558,0.98585,0.98496,0.98581
2026-05-07 22:00:00,0.98582,0.98584,0.98527,0.98551
2026-05-07 22:15:00,0.98551,0.98563,0.98446,0.98494
2026-05-07 22:30:00,0.98496,0.98569,0.98491,0.98538
2026-05-07 22:45:00,0.98537,0.9857,0.98483,0.98494
2026-05-07 23:00:00,0.98493,0.98633,0.98489,0.98556
2026-05-07 23:15:00,0.98557,0.98567,0.98541,0.98544
2026-05-07 23:30:00,0.98544,0.98545,0.98399,0.98483
2026-05-07 23:45:00,0.98482,0.98494,0.98418,0.98448
2026-05-08 00:00:00,0.98395,0.98467,0.98324,0.98382
2026-05-08 00:15:00,0.98382,0.98389,0.98325,0.98336
2026-05-08 00:30:00,0.98336,0.98419,0.98325,0.98391
2026-05-08 00:45:00,0.98391,0.98451,0.98371,0.98398
2026-05-08 01:00:00,0.98401,0.98433,0.98361,0.98418
2026-05-08 01:15:00,0.98416,0.98463,0.98412,0.98443
2026-05-08 01:30:00,0.98444,0.98464,0.98428,0.98443
2026-05-08 01:45:00,0.98443,0.98447,0.98409,0.98411
2026-05-08 02:00:00,0.98411,0.98449,0.9841,0.98437
2026-05-08 02:15:00,0.98439,0.98453,0.98429,0.98445
2026-05-08 02:30:00,0.98444,0.98461,0.98413,0.98427
2026-05-08 02:45:00,0.98429,0.98477,0.98428,0.98469
2026-05-08 03:00:00,0.9847,0.98495,0.98451,0.98463
2026-05-08 03:15:00,0.98463,0.98463,0.98368,0.98405
2026-05-08 03:30:00,0.98404,0.98445,0.98399,0.98421
2026-05-08 03:45:00,0.98422,0.98459,0.98398,0.98447
2026-05-08 04:00:00,0.98447,0.9851,0.98443,0.98497
2026-05-08 04:15:00,0.98497,0.98527,0.98482,0.98497
2026-05-08 04:30:00,0.98499,0.98518,0.98465,0.98469
2026-05-08 04:45:00,0.9847,0.98488,0.98448,0.98472
2026-05-08 05:00:00,0.98472,0.98503,0.98453,0.9849
2026-05-08 05:15:00,0.9849,0.9852,0.98453,0.98486
2026-05-08 05:30:00,0.98486,0.98494,0.98421,0.98475
2026-05-08 05:45:00,0.98476,0.9853,0.98475,0.98487
2026-05-08 06:00:00,0.98488,0.98532,0.98478,0.98531
2026-05-08 06:15:00,0.98532,0.98564,0.98511,0.98557
2026-05-08 06:30:00,0.98557,0.98606,0.98556,0.98592
2026-05-08 06:45:00,0.98594,0.98604,0.98544,0.98544
2026-05-08 07:00:00,0.98544,0.98572,0.98536,0.98544
2026-05-08 07:15:00,0.98542,0.98565,0.98531,0.98544
2026-05-08 07:30:00,0.98545,0.98561,0.98539,0.98554
2026-05-08 07:45:00,0.98554,0.98621,0.98547,0.98599
2026-05-08 08:00:00,0.98599,0.98609,0.9856,0.98588
2026-05-08 08:15:00,0.98587,0.98629,0.98587,0.98628
2026-05-08 08:30:00,0.98627,0.9865,0.98605,0.98622
2026-05-08 08:45:00,0.98623,0.98647,0.9861,0.98631
2026-05-08 09:00:00,0.98633,0.98671,0.98611,0.98633
2026-05-08 09:15:00,0.98633,0.98685,0.98631,0.98684
2026-05-08 09:30:00,0.98685,0.987,0.98654,0.98688
2026-05-08 09:45:00,0.98687,0.98689,0.98658,0.98662
2026-05-08 10:00:00,0.98661,0.98667,0.98631,0.98631
2026-05-08 10:15:00,0.98631,0.98642,0.98599,0.98622
2026-05-08 10:30:00,0.98624,0.98656,0.98612,0.98623
2026-05-08 10:45:00,0.98624,0.98655,0.98619,0.98648
2026-05-08 11:00:00,0.98651,0.98688,0.98636,0.98667
2026-05-08 11:15:00,0.98666,0.98744,0.98661,0.98731
2026-05-08 11:30:00,0.98731,0.98767,0.98717,0.98746
2026-05-08 11:45:00,0.98746,0.98776,0.98726,0.98753
2026-05-08 12:00:00,0.98755,0.98783,0.98731,0.98769
2026-05-08 12:15:00,0.98768,0.98814,0.98766,0.98776
2026-05-08 12:30:00,0.98776,0.98794,0.9874,0.98758
2026-05-08 12:45:00,0.98757,0.98766,0.98673,0.98705
2026-05-08 13:00:00,0.98705,0.98744,0.987,0.98743
2026-05-08 13:15:00,0.98745,0.98784,0.98731,0.98768
2026-05-08 13:30:00,0.98769,0.9882,0.98766,0.98813
2026-05-08 13:45:00,0.98813,0.98813,0.98743,0.98781
2026-05-08 14:00:00,0.98781,0.98831,0.98762,0.98769
2026-05-08 14:15:00,0.98768,0.98788,0.98729,0.98741
2026-05-08 14:30:00,0.98741,0.98755,0.98701,0.98702
2026-05-08 14:45:00,0.98701,0.98732,0.98686,0.98719
2026-05-08 15:00:00,0.98719,0.98794,0.98706,0.98775
2026-05-08 15:15:00,0.98777,0.98817,0.98767,0.98776
2026-05-08 15:30:00,0.98775,0.9919,0.98734,0.99132
2026-05-08 15:45:00,0.9913,0.99151,0.99072,0.99092
2026-05-08 16:00:00,0.99092,0.99165,0.9903,0.99117
2026-05-08 16:15:00,0.99117,0.99233,0.99094,0.99194
2026-05-08 16:30:00,0.99195,0.9927,0.99146,0.99245
2026-05-08 16:45:00,0.99245,0.99306,0.99243,0.99273
2026-05-08 17:00:00,0.99274,0.9929,0.99142,0.99182
2026-05-08 17:15:00,0.99181,0.99214,0.99158,0.9916
2026-05-08 17:30:00,0.99161,0.99226,0.99156,0.99216
2026-05-08 17:45:00,0.99215,0.99233,0.99132,0.99166
2026-05-08 18:00:00,0.99166,0.99196,0.99129,0.99139
2026-05-08 18:15:00,0.9914,0.99155,0.99097,0.99153
2026-05-08 18:30:00,0.99155,0.99156,0.99094,0.99094
2026-05-08 18:45:00,0.99095,0.9913,0.99057,0.9906
2026-05-08 19:00:00,0.9906,0.99119,0.9906,0.99106
2026-05-08 19:15:00,0.99104,0.99143,0.99104,0.9914
2026-05-08 19:30:00,0.99137,0.99143,0.99098,0.99116
2026-05-08 19:45:00,0.99116,0.99146,0.99112,0.99113
2026-05-08 20:00:00,0.99114,0.99124,0.99095,0.99113
2026-05-08 20:15:00,0.99113,0.99133,0.99098,0.99125
2026-05-08 20:30:00,0.99126,0.99136,0.99106,0.99113
2026-05-08 20:45:00,0.99113,0.99137,0.99109,0.99111
2026-05-08 21:00:00,0.9911,0.9916,0.99094,0.99149
2026-05-08 21:15:00,0.9915,0.99151,0.99117,0.99124
2026-05-08 21:30:00,0.99122,0.9913,0.99111,0.9912
2026-05-08 21:45:00,0.99119,0.99124,0.99063,0.99073
2026-05-08 22:00:00,0.99073,0.99096,0.99073,0.99095
2026-05-08 22:15:00,0.99094,0.99099,0.99084,0.9909
2026-05-08 22:30:00,0.99089,0.9912,0.99082,0.99114
2026-05-08 22:45:00,0.99115,0.9915,0.99114,0.99137
2026-05-08 23:00:00,0.99136,0.99143,0.99111,0.99129
2026-05-08 23:15:00,0.9913,0.99156,0.99116,0.99127
2026-05-08 23:30:00,0.99128,0.9914,0.99073,0.99089
2026-05-08 23:45:00,0.99088,0.99121,0.99079,0.99091
2026-05-11 00:00:00,0.98714,0.98793,0.98638,0.98793
2026-05-11 00:15:00,0.98784,0.98827,0.98747,0.98799
2026-05-11 00:30:00,0.98809,0.98832,0.98794,0.98813
2026-05-11 00:45:00,0.98813,0.98827,0.9874,0.98749
2026-05-11 01:00:00,0.98743,0.98965,0.98743,0.98954
2026-05-11 01:15:00,0.98955,0.99011,0.98921,0.99005
2026-05-11 01:30:00,0.99004,0.99025,0.98988,0.99
2026-05-11 01:45:00,0.99,0.99023,0.98992,0.99015
2026-05-11 02:00:00,0.99016,0.99026,0.98994,0.99005
2026-05-11 02:15:00,0.99004,0.99045,0.99002,0.99025
2026-05-11 02:30:00,0.99024,0.99034,0.99003,0.99016
2026-05-11 02:45:00,0.99016,0.99029,0.98968,0.98985
2026-05-11 03:00:00,0.98983,0.99007,0.98968,0.98986
2026-05-11 03:15:00,0.9899,0.99035,0.98969,0.99027
2026-05-11 03:30:00,0.99027,0.99053,0.99015,0.99029
2026-05-11 03:45:00,0.99031,0.99056,0.98984,0.99034
2026-05-11 04:00:00,0.99033,0.99048,0.98978,0.99002
2026-05-11 04:15:00,0.99003,0.99033,0.98996,0.99009
2026-05-11 04:30:00,0.99009,0.99011,0.98941,0.98953
2026-05-11 04:45:00,0.98954,0.98995,0.98945,0.98994
2026-05-11 05:00:00,0.98995,0.99022,0.9899,0.99006
2026-05-11 05:15:00,0.99005,0.99019,0.98988,0.99014
2026-05-11 05:30:00,0.99011,0.99029,0.98978,0.98981
2026-05-11 05:45:00,0.9898,0.9898,0.98947,0.98954
2026-05-11 06:00:00,0.98955,0.98962,0.9893,0.98961
2026-05-11 06:15:00,0.98961,0.98969,0.98944,0.98966
2026-05-11 06:30:00,0.98965,0.98973,0.9895,0.98973
2026-05-11 06:45:00,0.98972,0.98976,0.9895,0.98952
2026-05-11 07:00:00,0.98951,0.9896,0.98934,0.98942
2026-05-11 07:15:00,0.98943,0.98952,0.98919,0.98935
2026-05-11 07:30:00,0.98935,0.98953,0.98934,0.98949
2026-05-11 07:45:00,0.98949,0.98966,0.98943,0.98964
2026-05-11 08:00:00,0.98965,0.98994,0.98959,0.98991
2026-05-11 08:15:00,0.98991,0.99004,0.98983,0.98997
2026-05-11 08:30:00,0.98996,0.99007,0.98957,0.98959
2026-05-11 08:45:00,0.9896,0.98994,0.98952,0.98983
2026-05-11 09:00:00,0.98983,0.9903,0.98964,0.99009
2026-05-11 09:15:00,0.99008,0.9901,0.98956,0.98981
2026-05-11 09:30:00,0.98982,0.99022,0.98969,0.99017
2026-05-11 09:45:00,0.99015,0.99065,0.99001,0.99051
2026-05-11 10:00:00,0.9905,0.99058,0.98957,0.98968
2026-05-11 10:15:00,0.98968,0.98997,0.98962,0.98964
2026-05-11 10:30:00,0.98964,0.98968,0.98915,0.98953
2026-05-11 10:45:00,0.98953,0.98989,0.98924,0.98984
2026-05-11 11:00:00,0.98984,0.9902,0.98981,0.99008
2026-05-11 11:15:00,0.99009,0.99056,0.99006,0.99007
2026-05-11 11:30:00,0.99006,0.99026,0.98973,0.98977
2026-05-11 11:45:00,0.98977,0.98986,0.98928,0.98935
2026-05-11 12:00:00,0.98934,0.98983,0.9893,0.9896
2026-05-11 12:15:00,0.98961,0.98973,0.98942,0.98945
2026-05-11 12:30:00,0.98945,0.98969,0.98935,0.98961
2026-05-11 12:45:00,0.9896,0.98964,0.98912,0.98912
2026-05-11 13:00:00,0.98911,0.98924,0.98893,0.98911
2026-05-11 13:15:00,0.9891,0.9893,0.989,0.98924
2026-05-11 13:30:00,0.98925,0.9896,0.98889,0.98938
2026-05-11 13:45:00,0.98938,0.98969,0.98929,0.9894
2026-05-11 14:00:00,0.98941,0.99,0.9894,0.98992
2026-05-11 14:15:00,0.98993,0.99002,0.98972,0.98997
2026-05-11 14:30:00,0.99,0.99024,0.9899,0.99008
2026-05-11 14:45:00,0.99008,0.9901,0.9896,0.98989
2026-05-11 15:00:00,0.98991,0.99004,0.98928,0.98956
2026-05-11 15:15:00,0.98956,0.99015,0.98934,0.99014
2026-05-11 15:30:00,0.99015,0.99089,0.99002,0.99022
2026-05-11 15:45:00,0.99021,0.9903,0.98966,0.9899
2026-05-11 16:00:00,0.9899,0.9909,0.9899,0.99088
2026-05-11 16:15:00,0.99089,0.99104,0.99057,0.99089
2026-05-11 16:30:00,0.99096,0.99127,0.99069,0.99118
2026-05-11 16:45:00,0.99116,0.99125,0.99073,0.9908
2026-05-11 17:00:00,0.99081,0.99115,0.99064,0.99089
2026-05-11 17:15:00,0.99089,0.99111,0.99046,0.99051
2026-05-11 17:30:00,0.99052,0.99078,0.98991,0.99074
2026-05-11 17:45:00,0.99073,0.99157,0.99048,0.99143
2026-05-11 18:00:00,0.99143,0.99173,0.99127,0.99136
2026-05-11 18:15:00,0.99138,0.99197,0.99126,0.9919
2026-05-11 18:30:00,0.9919,0.99212,0.99161,0.99169
2026-05-11 18:45:00,0.99168,0.99194,0.99153,0.99173
2026-05-11 19:00:00,0.99173,0.99193,0.99161,0.99187
2026-05-11 19:15:00,0.99187,0.99189,0.99136,0.99145
2026-05-11 19:30:00,0.99146,0.99149,0.99038,0.99057
2026-05-11 19:45:00,0.99057,0.99079,0.99046,0.99066
2026-05-11 20:00:00,0.99065,0.99084,0.99045,0.99066
2026-05-11 20:15:00,0.99066,0.991,0.99059,0.99086
2026-05-11 20:30:00,0.99086,0.99119,0.99082,0.99113
2026-05-11 20:45:00,0.99115,0.99121,0.99094,0.99102
2026-05-11 21:00:00,0.99102,0.99139,0.99102,0.9913
2026-05-11 21:15:00,0.99131,0.99162,0.99126,0.99155
2026-05-11 21:30:00,0.99155,0.99176,0.99137,0.99137
2026-05-11 21:45:00,0.99137,0.99139,0.99104,0.99105
2026-05-11 22:00:00,0.99103,0.99126,0.99099,0.99103
2026-05-11 22:15:00,0.99102,0.99114,0.9909,0.99104
2026-05-11 22:30:00,0.99105,0.99131,0.99097,0.99127
2026-05-11 22:45:00,0.99125,0.99146,0.9911,0.99145
2026-05-11 23:00:00,0.99145,0.99153,0.99102,0.99143
2026-05-11 23:15:00,0.99144,0.99166,0.99138,0.99165
2026-05-11 23:30:00,0.99165,0.99179,0.99155,0.99164
2026-05-11 23:45:00,0.99163,0.99164,0.99132,0.99143
2026-05-12 00:00:00,0.99111,0.99111,0.99062,0.99072
2026-05-12 00:15:00,0.99072,0.99108,0.99052,0.99067
2026-05-12 00:30:00,0.99068,0.99075,0.99067,0.99072
2026-05-12 00:45:00,0.99073,0.99147,0.99071,0.99116
2026-05-12 01:00:00,0.99112,0.99153,0.99103,0.99145
2026-05-12 01:15:00,0.99145,0.99149,0.99131,0.99131
2026-05-12 01:30:00,0.99138,0.9915,0.99136,0.99143
2026-05-12 01:45:00,0.99144,0.99161,0.99142,0.99149
2026-05-12 02:00:00,0.9915,0.99166,0.99143,0.99165
2026-05-12 02:15:00,0.99165,0.99167,0.99138,0.9914
2026-05-12 02:30:00,0.99144,0.99149,0.99133,0.99138
2026-05-12 02:45:00,0.99136,0.99143,0.99102,0.99112
2026-05-12 03:00:00,0.99112,0.99113,0.99064,0.99071
2026-05-12 03:15:00,0.99071,0.99089,0.99028,0.99041
2026-05-12 03:30:00,0.99041,0.99058,0.99024,0.99034
2026-05-12 03:45:00,0.99036,0.9907,0.99005,0.99028
2026-05-12 04:00:00,0.99028,0.99064,0.99014,0.99043
2026-05-12 04:15:00,0.99043,0.99043,0.98974,0.98991
2026-05-12 04:30:00,0.9899,0.99043,0.98897,0.98962
2026-05-12 04:45:00,0.98965,0.99005,0.98961,0.98992
2026-05-12 05:00:00,0.98992,0.99035,0.98982,0.99029
2026-05-12 05:15:00,0.99029,0.9903,0.98978,0.98994
2026-05-12 05:30:00,0.98994,0.99007,0.98975,0.99005
2026-05-12 05:45:00,0.99005,0.99053,0.99005,0.99038
2026-05-12 06:00:00,0.99038,0.99046,0.99,0.99021
2026-05-12 06:15:00,0.99019,0.9902,0.98976,0.98989
2026-05-12 06:30:00,0.9899,0.9901,0.9898,0.99005
2026-05-12 06:45:00,0.99004,0.99014,0.98981,0.98988
2026-05-12 07:00:00,0.98988,0.99027,0.98985,0.99011
2026-05-12 07:15:00,0.99011,0.99047,0.9901,0.9904
2026-05-12 07:30:00,0.99039,0.99058,0.99037,0.99046
2026-05-12 07:45:00,0.99045,0.9905,0.9901,0.9902
2026-05-12 08:00:00,0.99019,0.99037,0.98964,0.9897
2026-05-12 08:15:00,0.98971,0.9899,0.98944,0.98979
2026-05-12 08:30:00,0.98979,0.9899,0.98953,0.98975
2026-05-12 08:45:00,0.98974,0.99021,0.98956,0.98957
2026-05-12 09:00:00,0.98956,0.98961,0.98866,0.98896
2026-05-12 09:15:00,0.98896,0.98919,0.98831,0.9884
2026-05-12 09:30:00,0.9884,0.98857,0.98801,0.98811
2026-05-12 09:45:00,0.98812,0.98845,0.98741,0.98755
2026-05-12 10:00:00,0.98755,0.98841,0.98738,0.98829
2026-05-12 10:15:00,0.9883,0.98869,0.98821,0.98867
2026-05-12 10:30:00,0.98868,0.98905,0.98846,0.98875
2026-05-12 10:45:00,0.98875,0.98917,0.98856,0.98897
2026-05-12 11:00:00,0.98897,0.98917,0.98866,0.98908
2026-05-12 11:15:00,0.98907,0.98957,0.98904,0.98939
2026-05-12 11:30:00,0.98941,0.98948,0.98899,0.98925
2026-05-12 11:45:00,0.98924,0.98976,0.98903,0.98908
2026-05-12 12:00:00,0.98908,0.98927,0.98864,0.98927
2026-05-12 12:15:00,0.98926,0.98953,0.98914,0.98939
2026-05-12 12:30:00,0.9894,0.99025,0.98921,0.98993
2026-05-12 12:45:00,0.98992,0.99042,0.98992,0.99028
2026-05-12 13:00:00,0.99027,0.9907,0.99005,0.9907
2026-05-12 13:15:00,0.9907,0.99071,0.99017,0.99043
2026-05-12 13:30:00,0.99044,0.99057,0.99023,0.99035
2026-05-12 13:45:00,0.99034,0.99057,0.9902,0.99038
2026-05-12 14:00:00,0.9904,0.99087,0.98997,0.99056
2026-05-12 14:15:00,0.99054,0.99062,0.99031,0.99054
2026-05-12 14:30:00,0.99054,0.9908,0.99043,0.99065
2026-05-12 14:45:00,0.99066,0.99076,0.99039,0.99052
2026-05-12 15:00:00,0.99052,0.99056,0.98977,0.99003
2026-05-12 15:15:00,0.99004,0.99013,0.98943,0.98971
2026-05-12 15:30:00,0.9897,0.99067,0.98939,0.99061
2026-05-12 15:45:00,0.9906,0.99108,0.99036,0.99067
2026-05-12 16:00:00,0.99066,0.99092,0.99011,0.99075
2026-05-12 16:15:00,0.99074,0.99123,0.9905,0.99088
2026-05-12 16:30:00,0.99087,0.99123,0.99045,0.99102
2026-05-12 16:45:00,0.99103,0.99122,0.9894,0.98992
2026-05-12 17:00:00,0.98993,0.9912,0.98971,0.99115
2026-05-12 17:15:00,0.99116,0.99127,0.99049,0.99054
2026-05-12 17:30:00,0.99053,0.99121,0.99006,0.99082
2026-05-12 17:45:00,0.9908,0.99148,0.99049,0.99109
2026-05-12 18:00:00,0.9911,0.99148,0.99074,0.99082
2026-05-12 18:15:00,0.9908,0.99106,0.99009,0.99038
2026-05-12 18:30:00,0.99041,0.99093,0.99032,0.99089
2026-05-12 18:45:00,0.9909,0.99101,0.99034,0.9904
2026-05-12 19:00:00,0.99039,0.99055,0.99021,0.99044
2026-05-12 19:15:00,0.99042,0.99064,0.99017,0.99022
2026-05-12 19:30:00,0.99023,0.99024,0.9898,0.98988
2026-05-12 19:45:00,0.98989,0.98995,0.98941,0.98944
2026-05-12 20:00:00,0.98944,0.9902,0.98944,0.99016
2026-05-12 20:15:00,0.99017,0.99052,0.99007,0.9904
2026-05-12 20:30:00,0.9904,0.99054,0.99029,0.99046
2026-05-12 20:45:00,0.99046,0.99071,0.9903,0.99067
2026-05-12 21:00:00,0.99066,0.99083,0.99045,0.99075
2026-05-12 21:15:00,0.99073,0.99136,0.99063,0.9911
2026-05-12 21:30:00,0.99108,0.99141,0.99106,0.99132
2026-05-12 21:45:00,0.99132,0.99146,0.99115,0.99117
2026-05-12 22:00:00,0.99117,0.99147,0.99109,0.99139
2026-05-12 22:15:00,0.99139,0.99147,0.99108,0.99127
2026-05-12 22:30:00,0.99128,0.99165,0.99127,0.99159
2026-05-12 22:45:00,0.99157,0.99169,0.9914,0.9916
2026-05-12 23:00:00,0.9916,0.99172,0.99141,0.9916
2026-05-12 23:15:00,0.99159,0.99174,0.99151,0.99162
2026-05-12 23:30:00,0.99159,0.99164,0.99149,0.99162
2026-05-12 23:45:00,0.99161,0.99165,0.99129,0.99154
2026-05-13 00:00:00,0.99125,0.99157,0.99102,0.99149
2026-05-13 00:15:00,0.9916,0.99164,0.99108,0.99156
2026-05-13 00:30:00,0.99153,0.99153,0.99106,0.99106
2026-05-13 00:45:00,0.99112,0.99156,0.99106,0.99128
2026-05-13 01:00:00,0.99123,0.99177,0.99123,0.99161
2026-05-13 01:15:00,0.99161,0.99162,0.99151,0.99155
2026-05-13 01:30:00,0.99156,0.99177,0.99155,0.99166
2026-05-13 01:45:00,0.99167,0.9917,0.99145,0.99147
2026-05-13 02:00:00,0.99147,0.99156,0.99133,0.99134
2026-05-13 02:15:00,0.99134,0.99157,0.9913,0.99149
2026-05-13 02:30:00,0.99149,0.99162,0.99131,0.99137
2026-05-13 02:45:00,0.99137,0.99162,0.99124,0.99129
2026-05-13 03:00:00,0.99128,0.99159,0.99102,0.9911
2026-05-13 03:15:00,0.9911,0.99132,0.99103,0.99112
2026-05-13 03:30:00,0.99112,0.99125,0.99093,0.99104
2026-05-13 03:45:00,0.99102,0.99104,0.99076,0.99098
2026-05-13 04:00:00,0.99099,0.99117,0.9907,0.99075
2026-05-13 04:15:00,0.99076,0.99106,0.99039,0.99091
2026-05-13 04:30:00,0.99091,0.9914,0.99084,0.99125
2026-05-13 04:45:00,0.99125,0.99196,0.99116,0.99152
2026-05-13 05:00:00,0.9915,0.99154,0.99122,0.99125
2026-05-13 05:15:00,0.99126,0.99138,0.99108,0.99118
2026-05-13 05:30:00,0.99119,0.9913,0.99095,0.99101
2026-05-13 05:45:00,0.99102,0.99108,0.99072,0.99074
2026-05-13 06:00:00,0.99073,0.99079,0.99017,0.9905
2026-05-13 06:15:00,0.9905,0.99055,0.99019,0.99027
2026-05-13 06:30:00,0.99027,0.99083,0.99026,0.99075
2026-05-13 06:45:00,0.99074,0.99083,0.99045,0.99047
2026-05-13 07:00:00,0.99046,0.99065,0.99041,0.99043
2026-05-13 07:15:00,0.99043,0.99078,0.99041,0.99058
2026-05-13 07:30:00,0.99056,0.99077,0.99035,0.99053
2026-05-13 07:45:00,0.99052,0.99083,0.99044,0.99073
2026-05-13 08:00:00,0.99074,0.99103,0.99068,0.99091
2026-05-13 08:15:00,0.99089,0.99133,0.99077,0.99126
2026-05-13 08:30:00,0.99128,0.99147,0.9911,0.99127
2026-05-13 08:45:00,0.99129,0.99163,0.99127,0.99154
2026-05-13 09:00:00,0.99155,0.99186,0.99136,0.99154
2026-05-13 09:15:00,0.99154,0.99165,0.99105,0.99135
2026-05-13 09:30:00,0.99135,0.99174,0.99125,0.99155
2026-05-13 09:45:00,0.99154,0.99155,0.99111,0.99147
2026-05-13 10:00:00,0.99147,0.99223,0.99144,0.99209
2026-05-13 10:15:00,0.99209,0.99222,0.99193,0.99208
2026-05-13 10:30:00,0.99207,0.99213,0.99161,0.99179
2026-05-13 10:45:00,0.9918,0.99194,0.99131,0.99138
2026-05-13 11:00:00,0.99139,0.99216,0.99128,0.99192
2026-05-13 11:15:00,0.99191,0.99215,0.99184,0.99213
2026-05-13 11:30:00,0.99213,0.99217,0.99174,0.99181
2026-05-13 11:45:00,0.9918,0.99231,0.9916,0.99196
2026-05-13 12:00:00,0.99196,0.99226,0.99186,0.99199
2026-05-13 12:15:00,0.99198,0.99202,0.99169,0.9917
2026-05-13 12:30:00,0.99169,0.99199,0.99163,0.99185
2026-05-13 12:45:00,0.99185,0.99249,0.99185,0.99243
2026-05-13 13:00:00,0.99244,0.99251,0.99188,0.99209
2026-05-13 13:15:00,0.9921,0.99237,0.99185,0.99193
2026-05-13 13:30:00,0.99193,0.99227,0.99177,0.99226
2026-05-13 13:45:00,0.99227,0.99249,0.99218,0.99226
2026-05-13 14:00:00,0.99226,0.99254,0.99223,0.9925
2026-05-13 14:15:00,0.9925,0.99252,0.99223,0.99247
2026-05-13 14:30:00,0.99248,0.993,0.99243,0.99297
2026-05-13 14:45:00,0.99298,0.99304,0.9927,0.99279
2026-05-13 15:00:00,0.99278,0.99298,0.99255,0.99269
2026-05-13 15:15:00,0.99268,0.99284,0.99199,0.99216
2026-05-13 15:30:00,0.99217,0.99257,0.9915,0.9922
2026-05-13 15:45:00,0.99221,0.99221,0.99159,0.99179
2026-05-13 16:00:00,0.99182,0.99244,0.99182,0.9924
2026-05-13 16:15:00,0.99241,0.99257,0.99221,0.99235
2026-05-13 16:30:00,0.99235,0.99339,0.99223,0.99323
2026-05-13 16:45:00,0.99324,0.99355,0.99265,0.99333
2026-05-13 17:00:00,0.99333,0.99366,0.99329,0.99363
2026-05-13 17:15:00,0.99361,0.99368,0.99309,0.99356
2026-05-13 17:30:00,0.99356,0.99406,0.99355,0.99383
2026-05-13 17:45:00,0.99382,0.99456,0.99367,0.99455
2026-05-13 18:00:00,0.99454,0.99474,0.99412,0.99445
2026-05-13 18:15:00,0.99445,0.9953,0.99444,0.99514
2026-05-13 18:30:00,0.99513,0.99577,0.99506,0.99549
2026-05-13 18:45:00,0.99549,0.99552,0.995,0.99506
2026-05-13 19:00:00,0.99506,0.99549,0.99501,0.99522
2026-05-13 19:15:00,0.99522,0.99558,0.99507,0.99526
2026-05-13 19:30:00,0.99526,0.99539,0.99503,0.99506
2026-05-13 19:45:00,0.99506,0.99525,0.99491,0.995
2026-05-13 20:00:00,0.99499,0.99519,0.99474,0.99514
2026-05-13 20:15:00,0.99515,0.99543,0.99513,0.99525
2026-05-13 20:30:00,0.99525,0.99532,0.99515,0.99528
2026-05-13 20:45:00,0.99528,0.99531,0.99469,0.99471
2026-05-13 21:00:00,0.99471,0.9953,0.99458,0.99513
2026-05-13 21:15:00,0.99512,0.99531,0.99497,0.99509
2026-05-13 21:30:00,0.9951,0.99537,0.99501,0.99502
2026-05-13 21:45:00,0.99503,0.99538,0.99476,0.99518
2026-05-13 22:00:00,0.99519,0.9953,0.99495,0.99496
2026-05-13 22:15:00,0.99498,0.99503,0.99454,0.99457
2026-05-13 22:30:00,0.99457,0.99458,0.99421,0.99427
2026-05-13 22:45:00,0.99426,0.9944,0.99393,0.99398
2026-05-13 23:00:00,0.99397,0.99433,0.99381,0.99427
2026-05-13 23:15:00,0.99428,0.99465,0.99427,0.99449
2026-05-13 23:30:00,0.99451,0.99468,0.99441,0.99466
2026-05-13 23:45:00,0.99467,0.99484,0.99458,0.99467
2026-05-14 00:00:00,0.99467,0.99477,0.99399,0.99457
2026-05-14 00:15:00,0.99457,0.99462,0.99452,0.99457
2026-05-14 00:30:00,0.99457,0.99469,0.99437,0.99437
2026-05-14 00:45:00,0.99432,0.99447,0.99407,0.99417
2026-05-14 01:00:00,0.99417,0.99463,0.99417,0.99454
2026-05-14 01:15:00,0.99455,0.99473,0.99448,0.99467
2026-05-14 01:30:00,0.99468,0.99474,0.99451,0.99466
2026-05-14 01:45:00,0.99466,0.99474,0.9946,0.99469
2026-05-14 02:00:00,0.99468,0.99479,0.99438,0.99453
2026-05-14 02:15:00,0.99454,0.99454,0.99436,0.99451
2026-05-14 02:30:00,0.99451,0.99451,0.99384,0.99388
2026-05-14 02:45:00,0.99389,0.99405,0.99374,0.99398
2026-05-14 03:00:00,0.99397,0.99406,0.99345,0.99403
2026-05-14 03:15:00,0.99403,0.9944,0.99382,0.99409
2026-05-14 03:30:00,0.99407,0.99423,0.99372,0.99377
2026-05-14 03:45:00,0.99376,0.99387,0.99336,0.99363
2026-05-14 04:00:00,0.99361,0.99368,0.99308,0.99319
2026-05-14 04:15:00,0.99318,0.99353,0.99311,0.99343
2026-05-14 04:30:00,0.99342,0.99358,0.99326,0.99345
2026-05-14 04:45:00,0.99345,0.99349,0.99301,0.99307
2026-05-14 05:00:00,0.99307,0.99352,0.99282,0.99328
2026-05-14 05:15:00,0.99328,0.99355,0.99308,0.99354
2026-05-14 05:30:00,0.99354,0.99389,0.99353,0.99373
2026-05-14 05:45:00,0.99371,0.99391,0.9933,0.99385
2026-05-14 06:00:00,0.99385,0.99389,0.99349,0.99356
2026-05-14 06:15:00,0.99355,0.99402,0.99331,0.9939
2026-05-14 06:30:00,0.9939,0.99409,0.99367,0.99373
2026-05-14 06:45:00,0.99373,0.99412,0.9937,0.99384
2026-05-14 07:00:00,0.99385,0.99413,0.99371,0.99402
2026-05-14 07:15:00,0.994,0.99434,0.99387,0.99423
2026-05-14 07:30:00,0.99424,0.99449,0.99421,0.99441
2026-05-14 07:45:00,0.99443,0.9946,0.99426,0.99429
2026-05-14 08:00:00,0.9943,0.99438,0.99394,0.9942
2026-05-14 08:15:00,0.99421,0.99443,0.99415,0.99432
2026-05-14 08:30:00,0.99434,0.99456,0.99406,0.99456
2026-05-14 08:45:00,0.99456,0.99505,0.99412,0.99425
2026-05-14 09:00:00,0.99423,0.99502,0.99423,0.99467
2026-05-14 09:15:00,0.99466,0.99497,0.99442,0.99492
2026-05-14 09:30:00,0.99493,0.99502,0.99469,0.99479
2026-05-14 09:45:00,0.99479,0.99521,0.99469,0.9948
2026-05-14 10:00:00,0.99479,0.99486,0.99396,0.9942
2026-05-14 10:15:00,0.99421,0.99457,0.99403,0.99452
2026-05-14 10:30:00,0.99453,0.99492,0.9943,0.99466
2026-05-14 10:45:00,0.99466,0.99474,0.99291,0.9931
2026-05-14 11:00:00,0.99308,0.99381,0.99291,0.99379
2026-05-14 11:15:00,0.99379,0.99398,0.99351,0.99389
2026-05-14 11:30:00,0.99389,0.99397,0.99341,0.99349
2026-05-14 11:45:00,0.9935,0.99385,0.99344,0.99376
2026-05-14 12:00:00,0.99377,0.9939,0.99353,0.99369
2026-05-14 12:15:00,0.99369,0.99369,0.99326,0.99336
2026-05-14 12:30:00,0.99337,0.99343,0.9926,0.99307
2026-05-14 12:45:00,0.99308,0.99346,0.99306,0.99313
2026-05-14 13:00:00,0.99311,0.99365,0.99311,0.99331
2026-05-14 13:15:00,0.99331,0.99365,0.99304,0.99342
2026-05-14 13:30:00,0.99342,0.99345,0.99271,0.99276
2026-05-14 13:45:00,0.99275,0.99342,0.99275,0.99331
2026-05-14 14:00:00,0.9933,0.99355,0.9929,0.99355
2026-05-14 14:15:00,0.99355,0.99362,0.99318,0.99325
2026-05-14 14:30:00,0.99325,0.9934,0.9931,0.9932
2026-05-14 14:45:00,0.99321,0.9936,0.9931,0.99311
2026-05-14 15:00:00,0.99309,0.99356,0.99283,0.9935
2026-05-14 15:15:00,0.9935,0.99401,0.9934,0.9936
2026-05-14 15:30:00,0.99362,0.99362,0.99303,0.99309
2026-05-14 15:45:00,0.99309,0.99325,0.99276,0.99276
2026-05-14 16:00:00,0.99275,0.99288,0.99224,0.99237
2026-05-14 16:15:00,0.99238,0.99238,0.99146,0.99158
2026-05-14 16:30:00,0.99158,0.99158,0.99081,0.99122
2026-05-14 16:45:00,0.99122,0.99171,0.99099,0.99099
2026-05-14 17:00:00,0.99098,0.99122,0.99074,0.99119
2026-05-14 17:15:00,0.99119,0.99184,0.99113,0.99183
2026-05-14 17:30:00,0.99184,0.99201,0.99168,0.99178
2026-05-14 17:45:00,0.99176,0.99224,0.99143,0.99224
2026-05-14 18:00:00,0.99222,0.99234,0.99181,0.99204
2026-05-14 18:15:00,0.99204,0.99219,0.99173,0.99183
2026-05-14 18:30:00,0.99183,0.99191,0.99112,0.99122
2026-05-14 18:45:00,0.99121,0.99147,0.99111,0.99132
2026-05-14 19:00:00,0.99132,0.99141,0.99083,0.99086
2026-05-14 19:15:00,0.99086,0.99151,0.99077,0.99083
2026-05-14 19:30:00,0.99083,0.9909,0.99052,0.99056
2026-05-14 19:45:00,0.99056,0.99081,0.99043,0.9907
2026-05-14 20:00:00,0.9907,0.99117,0.9907,0.99094
2026-05-14 20:15:00,0.99092,0.99117,0.99082,0.99115
2026-05-14 20:30:00,0.99115,0.99143,0.99107,0.99133
2026-05-14 20:45:00,0.99134,0.99139,0.99104,0.99118
2026-05-14 21:00:00,0.99116,0.99129,0.99081,0.99126
2026-05-14 21:15:00,0.99127,0.99137,0.99098,0.99106
2026-05-14 21:30:00,0.99106,0.99138,0.99103,0.99124
2026-05-14 21:45:00,0.99126,0.99134,0.99105,0.99132
2026-05-14 22:00:00,0.99135,0.9915,0.99129,0.99134
2026-05-14 22:15:00,0.99134,0.9914,0.99119,0.99119
2026-05-14 22:30:00,0.99117,0.99124,0.99086,0.99096
2026-05-14 22:45:00,0.99095,0.99095,0.9905,0.99068
2026-05-14 23:00:00,0.99068,0.99084,0.99057,0.99068
2026-05-14 23:15:00,0.99068,0.99074,0.99039,0.99041
2026-05-14 23:30:00,0.99042,0.99061,0.9903,0.99048
2026-05-14 23:45:00,0.99049,0.99049,0.99017,0.99032
2026-05-15 00:00:00,0.99017,0.99083,0.98995,0.99047
2026-05-15 00:15:00,0.99055,0.99061,0.99047,0.99057
2026-05-15 00:30:00,0.99052,0.99082,0.99029,0.99039
2026-05-15 00:45:00,0.99042,0.99062,0.99034,0.99062
2026-05-15 01:00:00,0.99082,0.99082,0.99032,0.99044
2026-05-15 01:15:00,0.99044,0.99051,0.99023,0.99045
2026-05-15 01:30:00,0.99046,0.99058,0.99039,0.99053
2026-05-15 01:45:00,0.99053,0.99076,0.99048,0.99064
2026-05-15 02:00:00,0.99066,0.9907,0.99039,0.9906
2026-05-15 02:15:00,0.99059,0.99084,0.99047,0.99083
2026-05-15 02:30:00,0.99082,0.99087,0.99063,0.99082
2026-05-15 02:45:00,0.9908,0.99096,0.98999,0.99004
2026-05-15 03:00:00,0.99004,0.99067,0.9899,0.9904
2026-05-15 03:15:00,0.99039,0.99075,0.99032,0.99035
2026-05-15 03:30:00,0.99036,0.99036,0.98934,0.98968
2026-05-15 03:45:00,0.98969,0.98998,0.98919,0.98974
2026-05-15 04:00:00,0.98974,0.98993,0.98946,0.98963
2026-05-15 04:15:00,0.98963,0.98965,0.9886,0.98861
2026-05-15 04:30:00,0.98862,0.98908,0.98837,0.98886
2026-05-15 04:45:00,0.98886,0.98887,0.98763,0.98767
2026-05-15 05:00:00,0.98767,0.9878,0.98735,0.98766
2026-05-15 05:15:00,0.98765,0.98791,0.9875,0.9877
2026-05-15 05:30:00,0.9877,0.98813,0.98764,0.9881
2026-05-15 05:45:00,0.98811,0.98902,0.98807,0.9882
2026-05-15 06:00:00,0.98818,0.98852,0.98808,0.98823
2026-05-15 06:15:00,0.98823,0.98835,0.98791,0.98802
2026-05-15 06:30:00,0.98801,0.9884,0.98782,0.98824
2026-05-15 06:45:00,0.98824,0.9884,0.98803,0.98838
2026-05-15 07:00:00,0.98838,0.98843,0.98797,0.98837
2026-05-15 07:15:00,0.98837,0.98842,0.988,0.98802
2026-05-15 07:30:00,0.98803,0.98828,0.98777,0.98784
2026-05-15 07:45:00,0.98784,0.98786,0.9871,0.98716
2026-05-15 08:00:00,0.98715,0.98717,0.98591,0.98608
2026-05-15 08:15:00,0.98608,0.98645,0.98598,0.98628
2026-05-15 08:30:00,0.98628,0.98633,0.98568,0.98569
2026-05-15 08:45:00,0.9857,0.9857,0.9843,0.98453
2026-05-15 09:00:00,0.98453,0.98481,0.98394,0.98421
2026-05-15 09:15:00,0.98424,0.9845,0.98402,0.98434
2026-05-15 09:30:00,0.98434,0.98528,0.98427,0.9849
2026-05-15 09:45:00,0.9849,0.98514,0.98414,0.98466
2026-05-15 10:00:00,0.98466,0.98575,0.98445,0.98527
2026-05-15 10:15:00,0.98527,0.98601,0.98505,0.98566
2026-05-15 10:30:00,0.98567,0.98574,0.98527,0.98566
2026-05-15 10:45:00,0.98565,0.98576,0.98523,0.98526
2026-05-15 11:00:00,0.98536,0.9854,0.98471,0.9849
2026-05-15 11:15:00,0.98489,0.985,0.98433,0.98435
2026-05-15 11:30:00,0.98436,0.9844,0.98382,0.98432
2026-05-15 11:45:00,0.98435,0.98442,0.98367,0.9839
2026-05-15 12:00:00,0.98391,0.98394,0.98271,0.9828
2026-05-15 12:15:00,0.98279,0.98279,0.98216,0.98263
2026-05-15 12:30:00,0.98263,0.98302,0.98253,0.98288
2026-05-15 12:45:00,0.98286,0.98308,0.98248,0.98299
2026-05-15 13:00:00,0.983,0.98383,0.98275,0.98377
2026-05-15 13:15:00,0.98375,0.98423,0.98349,0.98366
2026-05-15 13:30:00,0.98366,0.98485,0.98364,0.98482
2026-05-15 13:45:00,0.98483,0.98615,0.98477,0.98566
2026-05-15 14:00:00,0.98565,0.98579,0.98462,0.98472
2026-05-15 14:15:00,0.98473,0.98486,0.98423,0.98423
2026-05-15 14:30:00,0.98423,0.98436,0.98349,0.9835
2026-05-15 14:45:00,0.98349,0.98389,0.9834,0.98357
2026-05-15 15:00:00,0.98357,0.98375,0.98313,0.9832
2026-05-15 15:15:00,0.98317,0.98393,0.98315,0.98378
2026-05-15 15:30:00,0.98378,0.98386,0.98286,0.98286
2026-05-15 15:45:00,0.98285,0.9839,0.98279,0.98381
2026-05-15 16:00:00,0.9838,0.98398,0.98353,0.98379
2026-05-15 16:15:00,0.98378,0.98448,0.98361,0.98442
2026-05-15 16:30:00,0.9844,0.98454,0.9834,0.9836
2026-05-15 16:45:00,0.98362,0.98401,0.98327,0.98333
2026-05-15 17:00:00,0.98332,0.98464,0.98319,0.98455
2026-05-15 17:15:00,0.98454,0.98568,0.98448,0.98512
2026-05-15 17:30:00,0.98512,0.98551,0.98451,0.98474
2026-05-15 17:45:00,0.98474,0.98488,0.9841,0.98439
2026-05-15 18:00:00,0.98441,0.98467,0.98395,0.98418
2026-05-15 18:15:00,0.98418,0.98424,0.98357,0.98402
2026-05-15 18:30:00,0.98401,0.98422,0.98314,0.98335
2026-05-15 18:45:00,0.98333,0.98345,0.98302,0.98326
2026-05-15 19:00:00,0.98326,0.98339,0.98302,0.98322
2026-05-15 19:15:00,0.98323,0.98336,0.9831,0.98327
2026-05-15 19:30:00,0.98329,0.98339,0.98304,0.98312
2026-05-15 19:45:00,0.98313,0.98323,0.98276,0.98294
2026-05-15 20:00:00,0.98294,0.98326,0.98286,0.98322
2026-05-15 20:15:00,0.98322,0.98385,0.98312,0.98363
2026-05-15 20:30:00,0.98363,0.98385,0.98338,0.98358
2026-05-15 20:45:00,0.98358,0.98384,0.98355,0.98367
2026-05-15 21:00:00,0.98368,0.98415,0.98368,0.98405
2026-05-15 21:15:00,0.98405,0.98416,0.98358,0.98387
2026-05-15 21:30:00,0.98388,0.98392,0.98337,0.9839
2026-05-15 21:45:00,0.9839,0.98391,0.98353,0.98374
2026-05-15 22:00:00,0.98378,0.98379,0.98327,0.98329
2026-05-15 22:15:00,0.9833,0.98353,0.98319,0.9834
2026-05-15 22:30:00,0.98339,0.98368,0.98335,0.9834
2026-05-15 22:45:00,0.9834,0.98368,0.98316,0.98332
2026-05-15 23:00:00,0.98333,0.98343,0.98306,0.98339
2026-05-15 23:15:00,0.98341,0.98343,0.98288,0.98297
2026-05-15 23:30:00,0.98297,0.9831,0.98267,0.98304
2026-05-15 23:45:00,0.98303,0.98311,0.98232,0.98246
2026-05-18 00:00:00,0.98241,0.98253,0.98142,0.98209
2026-05-18 00:15:00,0.98209,0.98317,0.98209,0.98315
2026-05-18 00:30:00,0.98315,0.98345,0.9829,0.9829
2026-05-18 00:45:00,0.98296,0.983,0.98263,0.98271
2026-05-18 01:00:00,0.98252,0.98354,0.98252,0.98332
2026-05-18 01:15:00,0.98335,0.98337,0.98295,0.98319
2026-05-18 01:30:00,0.98319,0.98361,0.98319,0.98351
2026-05-18 01:45:00,0.98351,0.98355,0.98318,0.98327
2026-05-18 02:00:00,0.98326,0.98342,0.98289,0.98299
2026-05-18 02:15:00,0.98299,0.983,0.98222,0.98225
2026-05-18 02:30:00,0.98224,0.98244,0.98153,0.9818
2026-05-18 02:45:00,0.98181,0.98182,0.98088,0.98117
2026-05-18 03:00:00,0.98116,0.9814,0.98025,0.98046
2026-05-18 03:15:00,0.98045,0.98083,0.98013,0.98031
2026-05-18 03:30:00,0.98031,0.98045,0.97991,0.97994
2026-05-18 03:45:00,0.97991,0.98041,0.97969,0.98034
2026-05-18 04:00:00,0.98034,0.98052,0.97988,0.9799
2026-05-18 04:15:00,0.97989,0.9804,0.97974,0.98019
2026-05-18 04:30:00,0.98022,0.98066,0.98005,0.98018
2026-05-18 04:45:00,0.98018,0.98107,0.97994,0.98044
2026-05-18 05:00:00,0.9804,0.9808,0.98013,0.98071
2026-05-18 05:15:00,0.98069,0.98097,0.98041,0.98046
2026-05-18 05:30:00,0.98046,0.98097,0.98036,0.98062
2026-05-18 05:45:00,0.98061,0.98071,0.97999,0.98021
2026-05-18 06:00:00,0.98021,0.98059,0.98017,0.98022
2026-05-18 06:15:00,0.98023,0.98057,0.97998,0.98053
2026-05-18 06:30:00,0.98053,0.98097,0.98018,0.98096
2026-05-18 06:45:00,0.98095,0.98112,0.98064,0.98109
2026-05-18 07:00:00,0.98108,0.98143,0.98093,0.98126
2026-05-18 07:15:00,0.98125,0.98144,0.98078,0.98088
2026-05-18 07:30:00,0.98087,0.98117,0.98079,0.98106
2026-05-18 07:45:00,0.98104,0.98126,0.98071,0.98079
2026-05-18 08:00:00,0.98079,0.98099,0.98053,0.98062
2026-05-18 08:15:00,0.98061,0.98096,0.98024,0.98094
2026-05-18 08:30:00,0.98093,0.98121,0.98074,0.98076
2026-05-18 08:45:00,0.98076,0.98089,0.98061,0.98072
2026-05-18 09:00:00,0.98071,0.9813,0.98063,0.98121
2026-05-18 09:15:00,0.98122,0.98189,0.98109,0.98145
2026-05-18 09:30:00,0.98143,0.9819,0.9814,0.98176
2026-05-18 09:45:00,0.98176,0.98249,0.98166,0.98247
2026-05-18 10:00:00,0.98248,0.98261,0.98212,0.98227
2026-05-18 10:15:00,0.98226,0.9831,0.98207,0.98289
2026-05-18 10:30:00,0.98286,0.98347,0.98269,0.98272
2026-05-18 10:45:00,0.98271,0.98325,0.98243,0.98302
2026-05-18 11:00:00,0.98302,0.98335,0.9825,0.98262
2026-05-18 11:15:00,0.98264,0.98332,0.98243,0.98332
2026-05-18 11:30:00,0.98332,0.98401,0.98316,0.98322
2026-05-18 11:45:00,0.98325,0.98398,0.98321,0.9833
2026-05-18 12:00:00,0.98329,0.98347,0.98299,0.9834
2026-05-18 12:15:00,0.98339,0.98402,0.98336,0.98388
2026-05-18 12:30:00,0.98388,0.98389,0.98353,0.98354
2026-05-18 12:45:00,0.98355,0.98367,0.98328,0.9834
2026-05-18 13:00:00,0.9834,0.98351,0.98283,0.98313
2026-05-18 13:15:00,0.98314,0.98322,0.98289,0.98299
2026-05-18 13:30:00,0.98299,0.98318,0.98272,0.98305
2026-05-18 13:45:00,0.98305,0.98315,0.98244,0.98255
2026-05-18 14:00:00,0.98256,0.983,0.98233,0.98297
2026-05-18 14:15:00,0.98296,0.98341,0.98284,0.98328
2026-05-18 14:30:00,0.98327,0.98501,0.98324,0.98458
2026-05-18 14:45:00,0.9846,0.98461,0.98382,0.98422
2026-05-18 15:00:00,0.98423,0.98471,0.98409,0.98441
2026-05-18 15:15:00,0.98442,0.98458,0.98415,0.98447
2026-05-18 15:30:00,0.98447,0.98575,0.98435,0.98573
2026-05-18 15:45:00,0.98573,0.98657,0.98569,0.98621
2026-05-18 16:00:00,0.9862,0.98629,0.98554,0.98577
2026-05-18 16:15:00,0.98576,0.98576,0.98531,0.98559
2026-05-18 16:30:00,0.98561,0.98589,0.98485,0.98516
2026-05-18 16:45:00,0.98515,0.98641,0.98509,0.98591
2026-05-18 17:00:00,0.98588,0.98588,0.98476,0.9849
2026-05-18 17:15:00,0.9849,0.9854,0.98416,0.98425
2026-05-18 17:30:00,0.98426,0.98453,0.98343,0.98388
2026-05-18 17:45:00,0.98394,0.98422,0.9836,0.98368
2026-05-18 18:00:00,0.98368,0.98379,0.98285,0.98336
2026-05-18 18:15:00,0.98335,0.98345,0.98295,0.983
2026-05-18 18:30:00,0.98299,0.98368,0.9828,0.98342
2026-05-18 18:45:00,0.9834,0.98408,0.98337,0.98381
2026-05-18 19:00:00,0.9838,0.98409,0.98358,0.98409
2026-05-18 19:15:00,0.98409,0.98442,0.98344,0.98356
2026-05-18 19:30:00,0.98356,0.98409,0.98335,0.98369
2026-05-18 19:45:00,0.98368,0.98442,0.98366,0.9841
2026-05-18 20:00:00,0.98407,0.98439,0.98381,0.98414
2026-05-18 20:15:00,0.98413,0.98446,0.98407,0.98425
2026-05-18 20:30:00,0.98425,0.98427,0.98392,0.98412
2026-05-18 20:45:00,0.98413,0.98433,0.98403,0.98412
2026-05-18 21:00:00,0.98413,0.98416,0.98369,0.9837
2026-05-18 21:15:00,0.98371,0.98371,0.98278,0.98333
2026-05-18 21:30:00,0.98334,0.98351,0.98308,0.98321
2026-05-18 21:45:00,0.98322,0.98327,0.98285,0.98292
2026-05-18 22:00:00,0.98291,0.98543,0.98279,0.98434
2026-05-18 22:15:00,0.98434,0.98471,0.98406,0.98432
2026-05-18 22:30:00,0.98434,0.98515,0.98425,0.98502
2026-05-18 22:45:00,0.985,0.98551,0.98471,0.98478
2026-05-18 23:00:00,0.98478,0.98505,0.98461,0.98496
2026-05-18 23:15:00,0.98495,0.98511,0.98491,0.98498
2026-05-18 23:30:00,0.98498,0.98504,0.98475,0.98498
2026-05-18 23:45:00,0.98498,0.98502,0.98477,0.98478
2026-05-19 00:00:00,0.98472,0.98472,0.98307,0.98327
2026-05-19 00:15:00,0.98322,0.98485,0.98322,0.98442
2026-05-19 00:30:00,0.98447,0.98494,0.98447,0.98487
2026-05-19 00:45:00,0.98487,0.98493,0.98482,0.98482
2026-05-19 01:00:00,0.98492,0.98531,0.98487,0.98509
2026-05-19 01:15:00,0.98508,0.98514,0.98492,0.98499
2026-05-19 01:30:00,0.985,0.98516,0.98492,0.98505
2026-05-19 01:45:00,0.98505,0.98536,0.98503,0.98528
2026-05-19 02:00:00,0.98528,0.98541,0.98526,0.98537
2026-05-19 02:15:00,0.98536,0.98585,0.98533,0.98543
2026-05-19 02:30:00,0.98543,0.98555,0.9853,0.98538
2026-05-19 02:45:00,0.98537,0.98537,0.98504,0.98508
2026-05-19 03:00:00,0.98508,0.98526,0.98433,0.98454
2026-05-19 03:15:00,0.98457,0.98485,0.98417,0.98439
2026-05-19 03:30:00,0.9844,0.98447,0.98349,0.98364
2026-05-19 03:45:00,0.98365,0.98372,0.98298,0.98306
2026-05-19 04:00:00,0.98304,0.98316,0.98261,0.98308
2026-05-19 04:15:00,0.9831,0.98324,0.98254,0.98281
2026-05-19 04:30:00,0.98282,0.98294,0.98165,0.98289
2026-05-19 04:45:00,0.98291,0.983,0.98228,0.98232
2026-05-19 05:00:00,0.9823,0.98234,0.98144,0.9816
2026-05-19 05:15:00,0.9816,0.98218,0.98124,0.98183
2026-05-19 05:30:00,0.98183,0.98214,0.98165,0.98201
2026-05-19 05:45:00,0.98201,0.98206,0.98151,0.98167
2026-05-19 06:00:00,0.98167,0.98169,0.98111,0.98143
2026-05-19 06:15:00,0.98144,0.98189,0.9814,0.98161
2026-05-19 06:30:00,0.9816,0.98196,0.98153,0.98154
2026-05-19 06:45:00,0.98153,0.98159,0.98099,0.98106
2026-05-19 07:00:00,0.98106,0.98127,0.98094,0.98107
2026-05-19 07:15:00,0.98108,0.98112,0.98065,0.98079
2026-05-19 07:30:00,0.98081,0.98104,0.98045,0.98046
2026-05-19 07:45:00,0.98047,0.98073,0.98018,0.98038
2026-05-19 08:00:00,0.98039,0.98077,0.98028,0.98067
2026-05-19 08:15:00,0.98067,0.98067,0.97997,0.98018
2026-05-19 08:30:00,0.98017,0.98021,0.97978,0.97998
2026-05-19 08:45:00,0.97997,0.98066,0.97983,0.98038
2026-05-19 09:00:00,0.98042,0.98074,0.9801,0.98035
2026-05-19 09:15:00,0.98037,0.98064,0.97999,0.98052
2026-05-19 09:30:00,0.98052,0.98073,0.98025,0.98061
2026-05-19 09:45:00,0.9806,0.98076,0.98039,0.98065
2026-05-19 10:00:00,0.98067,0.98071,0.98014,0.98053
2026-05-19 10:15:00,0.98054,0.98076,0.98028,0.98054
2026-05-19 10:30:00,0.98054,0.98084,0.98032,0.98034
2026-05-19 10:45:00,0.98034,0.98085,0.97959,0.97964
2026-05-19 11:00:00,0.97964,0.97976,0.97838,0.97878
2026-05-19 11:15:00,0.97879,0.97945,0.97877,0.97917
2026-05-19 11:30:00,0.97919,0.97947,0.97904,0.97924
2026-05-19 11:45:00,0.97924,0.97951,0.97904,0.97933
2026-05-19 12:00:00,0.97933,0.97937,0.979,0.97917
2026-05-19 12:15:00,0.97916,0.97921,0.97859,0.97909
2026-05-19 12:30:00,0.9791,0.97919,0.97846,0.9789
2026-05-19 12:45:00,0.9789,0.97936,0.97876,0.97929
2026-05-19 13:00:00,0.97927,0.97971,0.97913,0.9797
2026-05-19 13:15:00,0.97971,0.98004,0.97956,0.97988
2026-05-19 13:30:00,0.97987,0.98027,0.97894,0.97903
2026-05-19 13:45:00,0.97903,0.97957,0.97901,0.97934
2026-05-19 14:00:00,0.97935,0.97959,0.97885,0.97889
2026-05-19 14:15:00,0.97889,0.97899,0.97831,0.97853
2026-05-19 14:30:00,0.97853,0.97889,0.97848,0.97862
2026-05-19 14:45:00,0.97862,0.97894,0.97842,0.97869
2026-05-19 15:00:00,0.97869,0.97936,0.97828,0.9792
2026-05-19 15:15:00,0.97919,0.97944,0.97888,0.97915
2026-05-19 15:30:00,0.97912,0.98067,0.97902,0.9801
2026-05-19 15:45:00,0.9801,0.98031,0.97923,0.97927
2026-05-19 16:00:00,0.97928,0.97946,0.97836,0.97895
2026-05-19 16:15:00,0.97894,0.979,0.97746,0.97758
2026-05-19 16:30:00,0.97759,0.9785,0.97753,0.97791
2026-05-19 16:45:00,0.9779,0.97887,0.97737,0.97854
2026-05-19 17:00:00,0.97858,0.97861,0.9769,0.97695
2026-05-19 17:15:00,0.97695,0.97695,0.9754,0.97585
2026-05-19 17:30:00,0.97584,0.97619,0.97503,0.97518
2026-05-19 17:45:00,0.97518,0.97578,0.97459,0.97556
2026-05-19 18:00:00,0.97556,0.97595,0.97517,0.9755
2026-05-19 18:15:00,0.97551,0.9757,0.97536,0.9756
2026-05-19 18:30:00,0.97558,0.97682,0.97551,0.97655
2026-05-19 18:45:00,0.97655,0.97681,0.9764,0.97657
2026-05-19 19:00:00,0.97657,0.97674,0.97626,0.97654
2026-05-19 19:15:00,0.97654,0.97723,0.97642,0.97716
2026-05-19 19:30:00,0.97715,0.97779,0.97707,0.97761
2026-05-19 19:45:00,0.97761,0.97788,0.97758,0.97766
2026-05-19 20:00:00,0.97766,0.97846,0.97765,0.97843
2026-05-19 20:15:00,0.97844,0.97853,0.97808,0.97814
2026-05-19 20:30:00,0.97813,0.97821,0.97781,0.97799
2026-05-19 20:45:00,0.97799,0.97814,0.9777,0.97805
2026-05-19 21:00:00,0.97806,0.97819,0.97788,0.97796
2026-05-19 21:15:00,0.97795,0.97806,0.97757,0.97759
2026-05-19 21:30:00,0.97759,0.97774,0.97736,0.97771
2026-05-19 21:45:00,0.97771,0.97771,0.97694,0.97701
2026-05-19 22:00:00,0.97702,0.97755,0.97699,0.97748
2026-05-19 22:15:00,0.97748,0.97753,0.977,0.9772
2026-05-19 22:30:00,0.9772,0.9775,0.97718,0.97727
2026-05-19 22:45:00,0.97726,0.97748,0.97715,0.9774
2026-05-19 23:00:00,0.97739,0.9775,0.97716,0.97725
2026-05-19 23:15:00,0.97724,0.97726,0.97698,0.97711
2026-05-19 23:30:00,0.97714,0.9774,0.97704,0.9771
2026-05-19 23:45:00,0.97707,0.9771,0.97664,0.97665
2026-05-20 00:00:00,0.97669,0.97674,0.97664,0.97669
2026-05-20 00:15:00,0.97669,0.97671,0.97654,0.97671
2026-05-20 00:30:00,0.97674,0.97705,0.97669,0.97669
2026-05-20 00:45:00,0.97669,0.97687,0.97664,0.97672
2026-05-20 01:00:00,0.97679,0.9769,0.97658,0.97679
2026-05-20 01:15:00,0.97675,0.97692,0.97673,0.97688
2026-05-20 01:30:00,0.97689,0.97689,0.97649,0.9767
2026-05-20 01:45:00,0.9767,0.97684,0.97663,0.9768
2026-05-20 02:00:00,0.9768,0.97693,0.9768,0.97686
2026-05-20 02:15:00,0.97685,0.97698,0.97685,0.97695
2026-05-20 02:30:00,0.97695,0.97742,0.97692,0.97701
2026-05-20 02:45:00,0.97703,0.97713,0.97668,0.9767
2026-05-20 03:00:00,0.97668,0.97671,0.97608,0.97616
2026-05-20 03:15:00,0.97616,0.97686,0.97605,0.97666
2026-05-20 03:30:00,0.97666,0.97697,0.97644,0.97658
2026-05-20 03:45:00,0.97658,0.97679,0.9757,0.9757
2026-05-20 04:00:00,0.97571,0.97665,0.9757,0.97632
2026-05-20 04:15:00,0.97632,0.97638,0.97525,0.9753
2026-05-20 04:30:00,0.9753,0.97592,0.97514,0.9759
2026-05-20 04:45:00,0.9759,0.97692,0.97569,0.9768
2026-05-20 05:00:00,0.97678,0.97712,0.97649,0.97696
2026-05-20 05:15:00,0.97695,0.97736,0.9767,0.97675
2026-05-20 05:30:00,0.97673,0.97678,0.97563,0.97631
2026-05-20 05:45:00,0.97631,0.97659,0.97597,0.97602
2026-05-20 06:00:00,0.97601,0.97635,0.97583,0.9761
2026-05-20 06:15:00,0.9761,0.97688,0.97609,0.9768
2026-05-20 06:30:00,0.9768,0.97724,0.97661,0.97704
2026-05-20 06:45:00,0.97704,0.97718,0.97694,0.97698
2026-05-20 07:00:00,0.977,0.9777,0.97697,0.97766
2026-05-20 07:15:00,0.97767,0.9777,0.97716,0.97735
2026-05-20 07:30:00,0.97735,0.97735,0.97661,0.97696
2026-05-20 07:45:00,0.97696,0.97711,0.9767,0.97683
2026-05-20 08:00:00,0.97683,0.97744,0.97681,0.97705
2026-05-20 08:15:00,0.97703,0.97719,0.97662,0.97672
2026-05-20 08:30:00,0.97672,0.9773,0.97672,0.97697
2026-05-20 08:45:00,0.97695,0.97716,0.97653,0.97707
2026-05-20 09:00:00,0.97705,0.9776,0.97698,0.97759
2026-05-20 09:15:00,0.97762,0.97848,0.97762,0.97791
2026-05-20 09:30:00,0.97793,0.97793,0.97755,0.97758
2026-05-20 09:45:00,0.97758,0.97801,0.97748,0.97795
2026-05-20 10:00:00,0.97796,0.97901,0.97773,0.97853
2026-05-20 10:15:00,0.97853,0.97866,0.97811,0.97859
2026-05-20 10:30:00,0.97859,0.97875,0.97835,0.97865
2026-05-20 10:45:00,0.97865,0.979,0.97854,0.97875
2026-05-20 11:00:00,0.97875,0.97911,0.97826,0.97862
2026-05-20 11:15:00,0.97861,0.97892,0.97824,0.97892
2026-05-20 11:30:00,0.97895,0.9795,0.97885,0.97933
2026-05-20 11:45:00,0.97932,0.97959,0.97921,0.97938
2026-05-20 12:00:00,0.97938,0.97975,0.97928,0.97934
2026-05-20 12:15:00,0.97934,0.97966,0.97912,0.97961
2026-05-20 12:30:00,0.9796,0.97987,0.97956,0.97959
2026-05-20 12:45:00,0.97961,0.98005,0.97955,0.97988
2026-05-20 13:00:00,0.97988,0.98053,0.97987,0.98049
2026-05-20 13:15:00,0.98049,0.98062,0.9804,0.98056
2026-05-20 13:30:00,0.98057,0.98118,0.98053,0.98091
2026-05-20 13:45:00,0.98091,0.98103,0.98073,0.98095
2026-05-20 14:00:00,0.98095,0.98095,0.98056,0.98069
2026-05-20 14:15:00,0.98069,0.98107,0.9806,0.98101
2026-05-20 14:30:00,0.98102,0.98126,0.98085,0.981
2026-05-20 14:45:00,0.981,0.98101,0.98023,0.98027
2026-05-20 15:00:00,0.9803,0.98091,0.98018,0.98087
2026-05-20 15:15:00,0.98086,0.98128,0.98049,0.98125
2026-05-20 15:30:00,0.98126,0.9815,0.98081,0.98082
2026-05-20 15:45:00,0.98081,0.98108,0.98027,0.98038
2026-05-20 16:00:00,0.98037,0.98055,0.97976,0.98023
2026-05-20 16:15:00,0.98024,0.98028,0.97964,0.97966
2026-05-20 16:30:00,0.97965,0.98051,0.97957,0.98047
2026-05-20 16:45:00,0.98047,0.98112,0.9804,0.98073
2026-05-20 17:00:00,0.98072,0.98109,0.98001,0.98076
2026-05-20 17:15:00,0.98076,0.98304,0.98076,0.98223
2026-05-20 17:30:00,0.98225,0.983,0.98222,0.98278
2026-05-20 17:45:00,0.98281,0.98324,0.98236,0.98286
2026-05-20 18:00:00,0.98287,0.98339,0.98261,0.98313
2026-05-20 18:15:00,0.98312,0.98539,0.983,0.9833
2026-05-20 18:30:00,0.98329,0.9842,0.98326,0.98367
2026-05-20 18:45:00,0.98367,0.9841,0.98278,0.98298
2026-05-20 19:00:00,0.98297,0.98382,0.98293,0.98361
2026-05-20 19:15:00,0.98362,0.98374,0.98269,0.98294
2026-05-20 19:30:00,0.98296,0.98332,0.98246,0.9833
2026-05-20 19:45:00,0.98331,0.98367,0.98294,0.98353
2026-05-20 20:00:00,0.98353,0.98402,0.98326,0.98383
2026-05-20 20:15:00,0.98382,0.98399,0.98351,0.98392
2026-05-20 20:30:00,0.98392,0.98404,0.98343,0.98366
2026-05-20 20:45:00,0.98365,0.98393,0.98352,0.98358
2026-05-20 21:00:00,0.98357,0.98383,0.98336,0.98373
2026-05-20 21:15:00,0.98374,0.98397,0.98351,0.98376
2026-05-20 21:30:00,0.98379,0.98421,0.98358,0.98359
2026-05-20 21:45:00,0.98359,0.98427,0.98357,0.98402
2026-05-20 22:00:00,0.98401,0.98439,0.98389,0.98398
2026-05-20 22:15:00,0.98399,0.98426,0.98396,0.98421
2026-05-20 22:30:00,0.9842,0.98426,0.98385,0.98393
2026-05-20 22:45:00,0.98392,0.984,0.98362,0.98382
2026-05-20 23:00:00,0.98383,0.98383,0.98344,0.98354
2026-05-20 23:15:00,0.98354,0.98354,0.98323,0.98342
2026-05-20 23:30:00,0.98341,0.98343,0.98298,0.98317
2026-05-20 23:45:00,0.98317,0.98321,0.983,0.98302
2026-05-21 00:00:00,0.98227,0.98247,0.98135,0.98227
2026-05-21 00:15:00,0.98222,0.98247,0.98217,0.98247
2026-05-21 00:30:00,0.98247,0.98304,0.98247,0.98304
2026-05-21 00:45:00,0.98301,0.98322,0.98263,0.98293
2026-05-21 01:00:00,0.98302,0.98308,0.98268,0.98285
2026-05-21 01:15:00,0.98285,0.98291,0.98273,0.9829
2026-05-21 01:30:00,0.98289,0.98304,0.98284,0.98299
2026-05-21 01:45:00,0.98299,0.98302,0.98288,0.98301
2026-05-21 02:00:00,0.98301,0.98302,0.98276,0.98288
2026-05-21 02:15:00,0.98287,0.98293,0.98278,0.98292
2026-05-21 02:30:00,0.98292,0.98294,0.9828,0.98287
2026-05-21 02:45:00,0.98287,0.98305,0.98267,0.98275
2026-05-21 03:00:00,0.98275,0.9828,0.9824,0.98259
2026-05-21 03:15:00,0.98259,0.98282,0.98225,0.98266
2026-05-21 03:30:00,0.98266,0.98268,0.98238,0.98248
2026-05-21 03:45:00,0.98248,0.98273,0.98235,0.98264
2026-05-21 04:00:00,0.98264,0.98343,0.98257,0.98333
2026-05-21 04:15:00,0.98335,0.98362,0.98297,0.98314
2026-05-21 04:30:00,0.98315,0.98315,0.98041,0.98105
2026-05-21 04:45:00,0.98104,0.98104,0.97822,0.97925
2026-05-21 05:00:00,0.97925,0.97998,0.97877,0.9792
2026-05-21 05:15:00,0.97919,0.97951,0.97833,0.97833
2026-05-21 05:30:00,0.97833,0.97873,0.97777,0.9781
2026-05-21 05:45:00,0.97808,0.97837,0.97719,0.97814
2026-05-21 06:00:00,0.97814,0.97915,0.97807,0.97892
2026-05-21 06:15:00,0.97892,0.9793,0.97867,0.97913
2026-05-21 06:30:00,0.97915,0.97952,0.97898,0.9795
2026-05-21 06:45:00,0.9795,0.97975,0.9794,0.97965
2026-05-21 07:00:00,0.97964,0.98021,0.97961,0.9802
2026-05-21 07:15:00,0.98018,0.9806,0.98005,0.98059
2026-05-21 07:30:00,0.98059,0.98068,0.98024,0.98053
2026-05-21 07:45:00,0.98055,0.98104,0.98052,0.98072
2026-05-21 08:00:00,0.98073,0.98091,0.98018,0.98046
2026-05-21 08:15:00,0.98046,0.98059,0.97993,0.97999
2026-05-21 08:30:00,0.97999,0.98018,0.97963,0.98009
2026-05-21 08:45:00,0.98009,0.98054,0.97947,0.98039
2026-05-21 09:00:00,0.98038,0.98083,0.98026,0.98053
2026-05-21 09:15:00,0.98053,0.98062,0.97982,0.98017
2026-05-21 09:30:00,0.98016,0.98031,0.97832,0.9785
2026-05-21 09:45:00,0.97849,0.97896,0.97833,0.9789
2026-05-21 10:00:00,0.9789,0.97953,0.97883,0.97938
2026-05-21 10:15:00,0.97936,0.97936,0.97868,0.97894
2026-05-21 10:30:00,0.97896,0.97977,0.97891,0.9797
2026-05-21 10:45:00,0.97969,0.98065,0.97967,0.98032
2026-05-21 11:00:00,0.9803,0.98185,0.98015,0.9818
2026-05-21 11:15:00,0.9818,0.98246,0.98111,0.98219
2026-05-21 11:30:00,0.98217,0.98221,0.98166,0.9818
2026-05-21 11:45:00,0.98183,0.98234,0.98168,0.98171
2026-05-21 12:00:00,0.98168,0.98272,0.98166,0.98265
2026-05-21 12:15:00,0.98264,0.98297,0.98247,0.98276
2026-05-21 12:30:00,0.98275,0.98291,0.98195,0.98203
2026-05-21 12:45:00,0.98204,0.98232,0.98196,0.98221
2026-05-21 13:00:00,0.98222,0.98262,0.98217,0.98233
2026-05-21 13:15:00,0.98232,0.98259,0.98064,0.9809
2026-05-21 13:30:00,0.9809,0.98117,0.97998,0.9807
2026-05-21 13:45:00,0.9807,0.98089,0.9803,0.98058
2026-05-21 14:00:00,0.98056,0.98134,0.98053,0.98127
2026-05-21 14:15:00,0.98125,0.98208,0.98116,0.9819
2026-05-21 14:30:00,0.98189,0.98195,0.98114,0.98135
2026-05-21 14:45:00,0.98137,0.98157,0.98062,0.98096
2026-05-21 15:00:00,0.98098,0.98157,0.98091,0.98125
2026-05-21 15:15:00,0.98126,0.98129,0.98073,0.98102
2026-05-21 15:30:00,0.981,0.98198,0.98097,0.98165
2026-05-21 15:45:00,0.98165,0.98183,0.98124,0.98134
2026-05-21 16:00:00,0.98133,0.98198,0.98118,0.98163
2026-05-21 16:15:00,0.98163,0.98184,0.98129,0.98184
2026-05-21 16:30:00,0.98186,0.9819,0.98102,0.98108
2026-05-21 16:45:00,0.98109,0.98319,0.98107,0.9828
2026-05-21 17:00:00,0.98282,0.98298,0.98236,0.98284
2026-05-21 17:15:00,0.98286,0.98298,0.98226,0.98283
2026-05-21 17:30:00,0.98284,0.98362,0.98283,0.98355
2026-05-21 17:45:00,0.98357,0.98396,0.98309,0.98385
2026-05-21 18:00:00,0.98386,0.98391,0.98236,0.98299
2026-05-21 18:15:00,0.98298,0.98332,0.98261,0.98264
2026-05-21 18:30:00,0.98263,0.98326,0.98249,0.98292
2026-05-21 18:45:00,0.98293,0.98336,0.98286,0.98333
2026-05-21 19:00:00,0.98335,0.98407,0.98332,0.98389
2026-05-21 19:15:00,0.98389,0.98403,0.98367,0.98392
2026-05-21 19:30:00,0.98391,0.98393,0.98363,0.98387
2026-05-21 19:45:00,0.98388,0.98391,0.98352,0.98373
2026-05-21 20:00:00,0.98374,0.98473,0.98357,0.98464
2026-05-21 20:15:00,0.98464,0.98622,0.98463,0.98615
2026-05-21 20:30:00,0.98615,0.98713,0.98584,0.98705
2026-05-21 20:45:00,0.98705,0.98735,0.9866,0.98672
2026-05-21 21:00:00,0.9867,0.98691,0.98574,0.98583
2026-05-21 21:15:00,0.98585,0.98609,0.98568,0.98586
2026-05-21 21:30:00,0.98585,0.98626,0.98566,0.98605
2026-05-21 21:45:00,0.98605,0.98611,0.98444,0.9849
2026-05-21 22:00:00,0.9849,0.9853,0.98475,0.9852
2026-05-21 22:15:00,0.9852,0.98575,0.9852,0.98566
2026-05-21 22:30:00,0.98567,0.98601,0.98549,0.98554
2026-05-21 22:45:00,0.98553,0.98594,0.98507,0.98566
2026-05-21 23:00:00,0.98567,0.98582,0.98507,0.98521
2026-05-21 23:15:00,0.98521,0.98521,0.98493,0.98501
2026-05-21 23:30:00,0.98501,0.98517,0.98495,0.98502
2026-05-21 23:45:00,0.98502,0.98522,0.9847,0.98475
2026-05-22 00:00:00,0.98467,0.98492,0.98427,0.98463
2026-05-22 00:15:00,0.98463,0.98496,0.9846,0.98492
2026-05-22 00:30:00,0.98493,0.98515,0.98452,0.98453
2026-05-22 00:45:00,0.98462,0.98477,0.98452,0.98452
2026-05-22 01:00:00,0.98482,0.98523,0.98467,0.98523
2026-05-22 01:15:00,0.98522,0.98526,0.98508,0.98514
2026-05-22 01:30:00,0.98513,0.98525,0.98495,0.98518
2026-05-22 01:45:00,0.98519,0.98529,0.98511,0.98512
2026-05-22 02:00:00,0.98511,0.98518,0.98504,0.9851
2026-05-22 02:15:00,0.9851,0.98511,0.98471,0.98508
2026-05-22 02:30:00,0.98508,0.98511,0.9848,0.9848
2026-05-22 02:45:00,0.98479,0.98497,0.98451,0.98472
2026-05-22 03:00:00,0.98471,0.9852,0.98446,0.98473
2026-05-22 03:15:00,0.98476,0.985,0.98448,0.98492
2026-05-22 03:30:00,0.98493,0.985,0.98457,0.98498
2026-05-22 03:45:00,0.98497,0.98504,0.98427,0.98431
2026-05-22 04:00:00,0.98429,0.98432,0.98376,0.98417
2026-05-22 04:15:00,0.98417,0.9845,0.9838,0.98444
2026-05-22 04:30:00,0.98442,0.98446,0.98395,0.98415
2026-05-22 04:45:00,0.98416,0.98471,0.98409,0.98411
2026-05-22 05:00:00,0.98412,0.98458,0.9841,0.98456
2026-05-22 05:15:00,0.98456,0.98466,0.98439,0.98452
2026-05-22 05:30:00,0.98452,0.9849,0.98437,0.9848
2026-05-22 05:45:00,0.98481,0.98481,0.9842,0.98445
2026-05-22 06:00:00,0.98446,0.98454,0.98395,0.98398
2026-05-22 06:15:00,0.98398,0.98415,0.98394,0.98412
2026-05-22 06:30:00,0.98414,0.98436,0.98413,0.98422
2026-05-22 06:45:00,0.9842,0.98474,0.98412,0.98469
2026-05-22 07:00:00,0.98468,0.98484,0.98451,0.98476
2026-05-22 07:15:00,0.98479,0.98479,0.98455,0.98459
2026-05-22 07:30:00,0.9846,0.98462,0.98438,0.98459
2026-05-22 07:45:00,0.98459,0.98463,0.98447,0.9846
2026-05-22 08:00:00,0.9846,0.98493,0.98455,0.98479
2026-05-22 08:15:00,0.98479,0.98488,0.98472,0.98485
2026-05-22 08:30:00,0.98486,0.98505,0.9848,0.98498
2026-05-22 08:45:00,0.98498,0.98529,0.98437,0.98449
2026-05-22 09:00:00,0.98447,0.98485,0.98444,0.98453
2026-05-22 09:15:00,0.98453,0.98453,0.98372,0.98418
2026-05-22 09:30:00,0.98418,0.98428,0.98385,0.98401
2026-05-22 09:45:00,0.98401,0.98413,0.98383,0.98404
2026-05-22 10:00:00,0.98405,0.98408,0.9832,0.98331
2026-05-22 10:15:00,0.98332,0.98401,0.98329,0.98365
2026-05-22 10:30:00,0.98366,0.98379,0.9834,0.98365
2026-05-22 10:45:00,0.98366,0.98387,0.9833,0.98385
2026-05-22 11:00:00,0.98384,0.98387,0.98349,0.98359
2026-05-22 11:15:00,0.98359,0.98477,0.98359,0.98392
2026-05-22 11:30:00,0.98391,0.98412,0.98322,0.98359
2026-05-22 11:45:00,0.98359,0.98379,0.98327,0.98332
2026-05-22 12:00:00,0.98333,0.98346,0.98278,0.983
2026-05-22 12:15:00,0.98299,0.98309,0.98265,0.98301
2026-05-22 12:30:00,0.98301,0.98344,0.98282,0.98326
2026-05-22 12:45:00,0.98326,0.98354,0.9831,0.98319
2026-05-22 13:00:00,0.98319,0.98371,0.98313,0.98329
2026-05-22 13:15:00,0.98328,0.98368,0.98327,0.98333
2026-05-22 13:30:00,0.98334,0.98345,0.9828,0.98324
2026-05-22 13:45:00,0.98323,0.98329,0.983,0.98309
2026-05-22 14:00:00,0.98311,0.98324,0.98258,0.98264
2026-05-22 14:15:00,0.98263,0.9829,0.98252,0.98273
2026-05-22 14:30:00,0.98272,0.98292,0.9824,0.9827
2026-05-22 14:45:00,0.9827,0.98309,0.98268,0.98283
2026-05-22 15:00:00,0.98284,0.98427,0.98266,0.98384
2026-05-22 15:15:00,0.98383,0.98435,0.9833,0.98357
2026-05-22 15:30:00,0.9836,0.98365,0.98305,0.98336
2026-05-22 15:45:00,0.98337,0.98447,0.98336,0.98444
2026-05-22 16:00:00,0.98442,0.98517,0.98413,0.9848
2026-05-22 16:15:00,0.98481,0.98494,0.98404,0.98432
2026-05-22 16:30:00,0.98431,0.98452,0.98362,0.9838
2026-05-22 16:45:00,0.98379,0.98392,0.98306,0.98367
2026-05-22 17:00:00,0.98367,0.98369,0.98257,0.98299
2026-05-22 17:15:00,0.98299,0.98365,0.98291,0.98365
2026-05-22 17:30:00,0.98364,0.98427,0.98353,0.98422
2026-05-22 17:45:00,0.9842,0.98504,0.98398,0.98488
2026-05-22 18:00:00,0.98488,0.98529,0.98459,0.98504
2026-05-22 18:15:00,0.98505,0.98523,0.98479,0.98511
2026-05-22 18:30:00,0.98511,0.98562,0.9849,0.98552
2026-05-22 18:45:00,0.98553,0.98571,0.98526,0.98537
2026-05-22 19:00:00,0.98536,0.98565,0.98519,0.98536
2026-05-22 19:15:00,0.98534,0.98571,0.9851,0.98569
2026-05-22 19:30:00,0.9857,0.98581,0.98522,0.98523
2026-05-22 19:45:00,0.98523,0.98541,0.98511,0.98522
2026-05-22 20:00:00,0.98526,0.98578,0.98524,0.98566
2026-05-22 20:15:00,0.98567,0.98595,0.98503,0.98588
2026-05-22 20:30:00,0.98589,0.9863,0.98571,0.98591
2026-05-22 20:45:00,0.98592,0.98604,0.98577,0.98579
2026-05-22 21:00:00,0.9858,0.98588,0.9853,0.98548
2026-05-22 21:15:00,0.98549,0.98569,0.9854,0.98542
2026-05-22 21:30:00,0.98541,0.9857,0.98525,0.98556
2026-05-22 21:45:00,0.98556,0.98571,0.98544,0.9857
2026-05-22 22:00:00,0.9857,0.98576,0.98523,0.98532
2026-05-22 22:15:00,0.98533,0.98548,0.98493,0.98496
2026-05-22 22:30:00,0.98497,0.98506,0.9848,0.98502
2026-05-22 22:45:00,0.98504,0.98532,0.98495,0.98524
2026-05-22 23:00:00,0.98525,0.98529,0.98495,0.98513
2026-05-22 23:15:00,0.98512,0.98515,0.98491,0.98491
2026-05-22 23:30:00,0.98491,0.98512,0.98458,0.98503
2026-05-22 23:45:00,0.98503,0.98535,0.98475,0.98487
2026-05-25 00:00:00,0.98757,0.9878,0.98697,0.98728
2026-05-25 00:15:00,0.98727,0.98808,0.9869,0.98807
2026-05-25 00:30:00,0.98808,0.98817,0.98768,0.98793
2026-05-25 00:45:00,0.98793,0.98827,0.98759,0.9882
2026-05-25 01:00:00,0.98822,0.98887,0.98747,0.98809
2026-05-25 01:15:00,0.98813,0.98824,0.98748,0.98757
2026-05-25 01:30:00,0.98757,0.98764,0.98738,0.98755
2026-05-25 01:45:00,0.98755,0.98801,0.98751,0.9879
2026-05-25 02:00:00,0.98794,0.98823,0.98793,0.98794
2026-05-25 02:15:00,0.98793,0.98802,0.98779,0.98791
2026-05-25 02:30:00,0.98791,0.9884,0.98784,0.98833
2026-05-25 02:45:00,0.98833,0.98836,0.98772,0.98779
2026-05-25 03:00:00,0.98776,0.98815,0.98755,0.98803
2026-05-25 03:15:00,0.98802,0.98865,0.98797,0.98864
2026-05-25 03:30:00,0.98866,0.98876,0.98819,0.98827
2026-05-25 03:45:00,0.98828,0.98896,0.988,0.9881
2026-05-25 04:00:00,0.98811,0.98897,0.9881,0.98889
2026-05-25 04:15:00,0.98889,0.98949,0.98865,0.98947
2026-05-25 04:30:00,0.98948,0.98948,0.98864,0.98905
2026-05-25 04:45:00,0.98906,0.98908,0.98868,0.98881
2026-05-25 05:00:00,0.98882,0.98928,0.9888,0.98901
2026-05-25 05:15:00,0.98902,0.98944,0.98885,0.98926
2026-05-25 05:30:00,0.98927,0.98934,0.98887,0.9891
2026-05-25 05:45:00,0.9891,0.98912,0.98855,0.98865
2026-05-25 06:00:00,0.98866,0.98886,0.98848,0.98864
2026-05-25 06:15:00,0.98864,0.98887,0.98852,0.9888
2026-05-25 06:30:00,0.98879,0.989,0.98874,0.98886
2026-05-25 06:45:00,0.98886,0.98895,0.9887,0.98882
2026-05-25 07:00:00,0.9888,0.98907,0.98877,0.9889
2026-05-25 07:15:00,0.98891,0.98931,0.98888,0.9893
2026-05-25 07:30:00,0.9893,0.98965,0.98921,0.98964
2026-05-25 07:45:00,0.98965,0.98995,0.98965,0.98968
2026-05-25 08:00:00,0.98969,0.98992,0.98963,0.98988
2026-05-25 08:15:00,0.98987,0.98994,0.9896,0.98964
2026-05-25 08:30:00,0.98964,0.99004,0.98949,0.98981
2026-05-25 08:45:00,0.9898,0.98989,0.98941,0.98948
2026-05-25 09:00:00,0.98946,0.99009,0.98934,0.99003
2026-05-25 09:15:00,0.99004,0.99005,0.98949,0.98958
2026-05-25 09:30:00,0.98958,0.98976,0.98943,0.98945
2026-05-25 09:45:00,0.98944,0.98982,0.98938,0.98957
2026-05-25 10:00:00,0.98957,0.98967,0.98909,0.98918
2026-05-25 10:15:00,0.98917,0.9892,0.98829,0.98887
2026-05-25 10:30:00,0.9889,0.98959,0.98886,0.98915
2026-05-25 10:45:00,0.98915,0.98925,0.98899,0.98921
2026-05-25 11:00:00,0.98921,0.98953,0.98905,0.98933
2026-05-25 11:15:00,0.98933,0.98954,0.98923,0.98948
2026-05-25 11:30:00,0.98949,0.98999,0.98945,0.98987
2026-05-25 11:45:00,0.98987,0.99003,0.98964,0.98986
2026-05-25 12:00:00,0.98986,0.99011,0.98984,0.98998
2026-05-25 12:15:00,0.98999,0.99007,0.98987,0.98988
2026-05-25 12:30:00,0.98987,0.99019,0.98987,0.99017
2026-05-25 12:45:00,0.99017,0.99017,0.98995,0.99
2026-05-25 13:00:00,0.99001,0.99029,0.99001,0.99017
2026-05-25 13:15:00,0.99018,0.99035,0.99002,0.99005
2026-05-25 13:30:00,0.99004,0.9901,0.98981,0.99007
2026-05-25 13:45:00,0.9901,0.99011,0.98987,0.98994
2026-05-25 14:00:00,0.98995,0.99019,0.98986,0.99011
2026-05-25 14:15:00,0.99011,0.99014,0.98988,0.99
2026-05-25 14:30:00,0.99,0.99062,0.99,0.99053
2026-05-25 14:45:00,0.99052,0.99065,0.99011,0.99017
2026-05-25 15:00:00,0.99016,0.99045,0.99005,0.99037
2026-05-25 15:15:00,0.99037,0.99051,0.99024,0.99033
2026-05-25 15:30:00,0.99033,0.9905,0.9902,0.9905
2026-05-25 15:45:00,0.9905,0.99057,0.98971,0.98985
2026-05-25 16:00:00,0.98984,0.99021,0.98974,0.98994
2026-05-25 16:15:00,0.98995,0.99,0.98972,0.98978
2026-05-25 16:30:00,0.98979,0.99006,0.98977,0.98993
2026-05-25 16:45:00,0.98994,0.99012,0.98967,0.98988
2026-05-25 17:00:00,0.98989,0.99009,0.98972,0.98975
2026-05-25 17:15:00,0.98975,0.99,0.98975,0.98996
2026-05-25 17:30:00,0.98996,0.99,0.98978,0.98991
2026-05-25 17:45:00,0.98989,0.99066,0.98983,0.99061
2026-05-25 18:00:00,0.99059,0.99082,0.99003,0.9904
2026-05-25 18:15:00,0.9904,0.99051,0.99022,0.9904
2026-05-25 18:30:00,0.99039,0.9904,0.98992,0.98995
2026-05-25 18:45:00,0.98994,0.99006,0.98952,0.98959
2026-05-25 19:00:00,0.98958,0.98969,0.98938,0.98957
2026-05-25 19:15:00,0.98956,0.98974,0.98943,0.98952
2026-05-25 19:30:00,0.98953,0.98983,0.98948,0.98982
2026-05-25 19:45:00,0.98982,0.99014,0.98981,0.99008
2026-05-25 20:00:00,0.99009,0.99015,0.98999,0.99009
2026-05-25 20:15:00,0.9901,0.99048,0.99009,0.99043
2026-05-25 20:30:00,0.99043,0.99049,0.99024,0.99043
2026-05-25 20:45:00,0.99041,0.99043,0.99029,0.9904
2026-05-25 21:00:00,0.9904,0.9904,0.99025,0.99033
2026-05-25 21:15:00,0.99035,0.99042,0.99025,0.99026
2026-05-25 21:30:00,0.99027,0.99036,0.99026,0.99035
2026-05-25 21:45:00,0.99035,0.99045,0.99028,0.99043
2026-05-25 22:00:00,0.99042,0.99045,0.99034,0.9904
2026-05-25 22:15:00,0.9904,0.99047,0.99039,0.99046
2026-05-25 22:30:00,0.99046,0.99047,0.99021,0.9903
2026-05-25 22:45:00,0.99031,0.99033,0.99017,0.99017
2026-05-25 23:00:00,0.99018,0.99029,0.99014,0.99023
2026-05-25 23:15:00,0.99023,0.99035,0.9902,0.99034
2026-05-25 23:30:00,0.99034,0.99037,0.99008,0.99019
2026-05-25 23:45:00,0.99019,0.9903,0.99017,0.99023
2026-05-26 00:00:00,0.98962,0.98962,0.98917,0.98947
2026-05-26 00:15:00,0.98915,0.98957,0.98915,0.98947
2026-05-26 00:30:00,0.98948,0.98978,0.98912,0.98945
2026-05-26 00:45:00,0.98941,0.98992,0.98927,0.98975
2026-05-26 01:00:00,0.98977,0.99018,0.98977,0.99012
2026-05-26 01:15:00,0.99013,0.99023,0.98999,0.99009
2026-05-26 01:30:00,0.99009,0.99015,0.98996,0.99009
2026-05-26 01:45:00,0.99008,0.99024,0.99008,0.99013
2026-05-26 02:00:00,0.99013,0.99039,0.99013,0.99021
2026-05-26 02:15:00,0.9902,0.99035,0.99014,0.99015
2026-05-26 02:30:00,0.99014,0.99015,0.9898,0.98991
2026-05-26 02:45:00,0.98991,0.99011,0.98954,0.98957
2026-05-26 03:00:00,0.98958,0.98979,0.98935,0.98959
2026-05-26 03:15:00,0.9896,0.98967,0.98917,0.98963
2026-05-26 03:30:00,0.98963,0.9898,0.98944,0.98961
2026-05-26 03:45:00,0.9896,0.98975,0.98932,0.98972
2026-05-26 04:00:00,0.98972,0.9898,0.98905,0.98947
2026-05-26 04:15:00,0.98947,0.98965,0.98901,0.98953
2026-05-26 04:30:00,0.98954,0.98966,0.98892,0.98912
2026-05-26 04:45:00,0.98912,0.98957,0.98904,0.98931
2026-05-26 05:00:00,0.9893,0.98952,0.98916,0.98918
2026-05-26 05:15:00,0.98919,0.98949,0.98917,0.98942
2026-05-26 05:30:00,0.98944,0.98953,0.98908,0.9891
2026-05-26 05:45:00,0.98908,0.98962,0.98907,0.98948
2026-05-26 06:00:00,0.98949,0.98999,0.98945,0.98978
2026-05-26 06:15:00,0.98977,0.99024,0.98971,0.98996
2026-05-26 06:30:00,0.98997,0.99015,0.98987,0.9901
2026-05-26 06:45:00,0.99008,0.99014,0.98996,0.99001
2026-05-26 07:00:00,0.99002,0.99011,0.98963,0.99004
2026-05-26 07:15:00,0.99003,0.99003,0.98975,0.98978
2026-05-26 07:30:00,0.98978,0.98978,0.98906,0.98917
2026-05-26 07:45:00,0.98916,0.98927,0.98895,0.98896
2026-05-26 08:00:00,0.98895,0.98898,0.98845,0.98875
2026-05-26 08:15:00,0.98872,0.98898,0.98872,0.98895
2026-05-26 08:30:00,0.98894,0.98912,0.98889,0.98901
2026-05-26 08:45:00,0.98901,0.98907,0.98885,0.98896
2026-05-26 09:00:00,0.98897,0.98933,0.98888,0.98931
2026-05-26 09:15:00,0.98931,0.98994,0.9891,0.9894
2026-05-26 09:30:00,0.98939,0.98977,0.98924,0.9897
2026-05-26 09:45:00,0.98972,0.98988,0.98949,0.98956
2026-05-26 10:00:00,0.98958,0.98965,0.98844,0.98914
2026-05-26 10:15:00,0.98914,0.98914,0.98859,0.98869
2026-05-26 10:30:00,0.9887,0.98912,0.98818,0.9883
2026-05-26 10:45:00,0.9883,0.98893,0.98817,0.98886
2026-05-26 11:00:00,0.98887,0.98903,0.98848,0.98878
2026-05-26 11:15:00,0.98878,0.989,0.98865,0.98884
2026-05-26 11:30:00,0.98883,0.98897,0.98859,0.9886
2026-05-26 11:45:00,0.9886,0.98887,0.98839,0.98875
2026-05-26 12:00:00,0.98878,0.98878,0.98824,0.98842
2026-05-26 12:15:00,0.98841,0.98877,0.98833,0.98874
2026-05-26 12:30:00,0.98874,0.98895,0.9884,0.98843
2026-05-26 12:45:00,0.98844,0.98874,0.98841,0.98855
2026-05-26 13:00:00,0.98855,0.98868,0.9883,0.98855
2026-05-26 13:15:00,0.98856,0.98902,0.98849,0.98886
2026-05-26 13:30:00,0.98888,0.9892,0.98879,0.98908
2026-05-26 13:45:00,0.98908,0.9891,0.98881,0.98881
2026-05-26 14:00:00,0.98881,0.98933,0.98874,0.98924
2026-05-26 14:15:00,0.98924,0.98947,0.98917,0.98938
2026-05-26 14:30:00,0.98938,0.98955,0.98869,0.98924
2026-05-26 14:45:00,0.98926,0.9896,0.98907,0.98949
2026-05-26 15:00:00,0.98948,0.98982,0.98929,0.98957
2026-05-26 15:15:00,0.98957,0.99028,0.98954,0.99023
2026-05-26 15:30:00,0.99023,0.99061,0.99004,0.99045
2026-05-26 15:45:00,0.99045,0.99063,0.9903,0.99042
2026-05-26 16:00:00,0.99041,0.99072,0.99032,0.99059
2026-05-26 16:15:00,0.99058,0.99115,0.99047,0.99066
2026-05-26 16:30:00,0.99065,0.99094,0.99001,0.99024
2026-05-26 16:45:00,0.99025,0.99069,0.98921,0.98968
2026-05-26 17:00:00,0.98966,0.99006,0.98943,0.98966
2026-05-26 17:15:00,0.98964,0.98988,0.9893,0.98945
2026-05-26 17:30:00,0.9894,0.98988,0.98915,0.98945
2026-05-26 17:45:00,0.98945,0.98978,0.98916,0.9896
2026-05-26 18:00:00,0.98958,0.9898,0.98931,0.98971
2026-05-26 18:15:00,0.9897,0.98976,0.98895,0.98897
2026-05-26 18:30:00,0.98897,0.98919,0.98851,0.9886
2026-05-26 18:45:00,0.98861,0.98868,0.98832,0.98842
2026-05-26 19:00:00,0.98843,0.98893,0.98839,0.98877
2026-05-26 19:15:00,0.98877,0.98925,0.98873,0.9892
2026-05-26 19:30:00,0.9892,0.98947,0.98886,0.98889
2026-05-26 19:45:00,0.98888,0.9893,0.98862,0.98929
2026-05-26 20:00:00,0.98931,0.98946,0.98914,0.98919
2026-05-26 20:15:00,0.98919,0.98943,0.98912,0.98932
2026-05-26 20:30:00,0.98934,0.98963,0.98927,0.98943
2026-05-26 20:45:00,0.98942,0.98973,0.98938,0.98964
2026-05-26 21:00:00,0.98965,0.98987,0.98943,0.98982
2026-05-26 21:15:00,0.98983,0.9901,0.9897,0.98999
2026-05-26 21:30:00,0.99,0.99028,0.99,0.99011
2026-05-26 21:45:00,0.99011,0.99026,0.99,0.99005
2026-05-26 22:00:00,0.99006,0.99021,0.98993,0.99011
2026-05-26 22:15:00,0.99009,0.99023,0.99003,0.99013
2026-05-26 22:30:00,0.99013,0.9904,0.99013,0.9904
2026-05-26 22:45:00,0.99039,0.99049,0.98988,0.98996
2026-05-26 23:00:00,0.98996,0.99018,0.98985,0.98997
2026-05-26 23:15:00,0.98999,0.9901,0.98992,0.99003
2026-05-26 23:30:00,0.99004,0.99009,0.98987,0.98989
2026-05-26 23:45:00,0.9899,0.98998,0.98973,0.98976
2026-05-27 00:00:00,0.98957,0.99002,0.98942,0.98972
2026-05-27 00:15:00,0.98967,0.98997,0.98947,0.98972
2026-05-27 00:30:00,0.98982,0.98982,0.98962,0.98962
2026-05-27 00:45:00,0.98952,0.98967,0.98952,0.98952
2026-05-27 01:00:00,0.98952,0.98989,0.98952,0.98975
2026-05-27 01:15:00,0.98976,0.98993,0.98974,0.98991
2026-05-27 01:30:00,0.98988,0.99,0.98984,0.98988
2026-05-27 01:45:00,0.9899,0.98991,0.98972,0.98976
2026-05-27 02:00:00,0.98976,0.98994,0.98974,0.98976
2026-05-27 02:15:00,0.98976,0.98998,0.98972,0.98994
2026-05-27 02:30:00,0.98993,0.99023,0.98992,0.99019
2026-05-27 02:45:00,0.99018,0.99038,0.99005,0.99009
2026-05-27 03:00:00,0.99008,0.99031,0.98992,0.9902
2026-05-27 03:15:00,0.99019,0.99053,0.99005,0.99049
2026-05-27 03:30:00,0.99049,0.9908,0.99043,0.99077
2026-05-27 03:45:00,0.99077,0.99105,0.99052,0.99069
2026-05-27 04:00:00,0.99069,0.99112,0.9906,0.99099
2026-05-27 04:15:00,0.99099,0.9912,0.99086,0.99105
2026-05-27 04:30:00,0.99107,0.99107,0.98841,0.98919
2026-05-27 04:45:00,0.98919,0.98919,0.98797,0.98844
2026-05-27 05:00:00,0.98846,0.98928,0.98819,0.98901
2026-05-27 05:15:00,0.989,0.98906,0.98837,0.98845
2026-05-27 05:30:00,0.98846,0.98886,0.98841,0.98866
2026-05-27 05:45:00,0.98866,0.98944,0.98863,0.98909
2026-05-27 06:00:00,0.98909,0.98966,0.98897,0.98912
2026-05-27 06:15:00,0.98912,0.98924,0.98876,0.98904
2026-05-27 06:30:00,0.98904,0.98917,0.98861,0.98866
2026-05-27 06:45:00,0.98867,0.98894,0.98851,0.98885
2026-05-27 07:00:00,0.98885,0.98916,0.98854,0.98915
2026-05-27 07:15:00,0.98914,0.98923,0.98877,0.98879
2026-05-27 07:30:00,0.98876,0.98918,0.98869,0.98918
2026-05-27 07:45:00,0.98918,0.98923,0.98875,0.98881
2026-05-27 08:00:00,0.9888,0.98901,0.98859,0.98894
2026-05-27 08:15:00,0.98893,0.98896,0.98864,0.98891
2026-05-27 08:30:00,0.98891,0.989,0.9882,0.98856
2026-05-27 08:45:00,0.98855,0.98869,0.98829,0.9883
2026-05-27 09:00:00,0.98829,0.98863,0.988,0.98801
2026-05-27 09:15:00,0.98802,0.98816,0.98735,0.98763
2026-05-27 09:30:00,0.98762,0.98816,0.98752,0.98811
2026-05-27 09:45:00,0.9881,0.98814,0.98744,0.98749
2026-05-27 10:00:00,0.9875,0.9879,0.98733,0.98753
2026-05-27 10:15:00,0.98753,0.98801,0.98724,0.98758
2026-05-27 10:30:00,0.98757,0.98769,0.98693,0.98711
2026-05-27 10:45:00,0.98712,0.98735,0.98667,0.987
2026-05-27 11:00:00,0.98699,0.98739,0.98654,0.98662
2026-05-27 11:15:00,0.98663,0.98698,0.98652,0.9868
2026-05-27 11:30:00,0.9868,0.98716,0.98665,0.98713
2026-05-27 11:45:00,0.98715,0.9876,0.98704,0.98751
2026-05-27 12:00:00,0.98751,0.98758,0.98725,0.98737
2026-05-27 12:15:00,0.98737,0.98782,0.98737,0.98753
2026-05-27 12:30:00,0.98752,0.9877,0.98728,0.98733
2026-05-27 12:45:00,0.98733,0.98767,0.98699,0.98728
2026-05-27 13:00:00,0.98728,0.98765,0.98725,0.98755
2026-05-27 13:15:00,0.98756,0.98764,0.98719,0.98724
2026-05-27 13:30:00,0.98724,0.98768,0.98718,0.98744
2026-05-27 13:45:00,0.98744,0.98753,0.9867,0.98696
2026-05-27 14:00:00,0.98697,0.98719,0.98656,0.98687
2026-05-27 14:15:00,0.98686,0.98694,0.98663,0.9867
2026-05-27 14:30:00,0.98669,0.98696,0.98638,0.98683
2026-05-27 14:45:00,0.9868,0.98681,0.9864,0.98659
2026-05-27 15:00:00,0.98659,0.98661,0.98578,0.98578
2026-05-27 15:15:00,0.98581,0.98812,0.98558,0.9879
2026-05-27 15:30:00,0.9879,0.9882,0.98672,0.98689
2026-05-27 15:45:00,0.98687,0.98689,0.98625,0.98642
2026-05-27 16:00:00,0.98642,0.98703,0.98635,0.98671
2026-05-27 16:15:00,0.98671,0.98709,0.9864,0.98661
2026-05-27 16:30:00,0.98662,0.98706,0.98632,0.9869
2026-05-27 16:45:00,0.98688,0.9872,0.98648,0.98685
2026-05-27 17:00:00,0.98686,0.98703,0.9866,0.98693
2026-05-27 17:15:00,0.98692,0.98726,0.98649,0.98667
2026-05-27 17:30:00,0.98666,0.98687,0.98579,0.98641
2026-05-27 17:45:00,0.98641,0.98709,0.98638,0.98702
2026-05-27 18:00:00,0.98701,0.98735,0.98679,0.98721
2026-05-27 18:15:00,0.98722,0.98733,0.98686,0.98727
2026-05-27 18:30:00,0.98728,0.98756,0.98658,0.98661
2026-05-27 18:45:00,0.9866,0.98693,0.98642,0.9868
2026-05-27 19:00:00,0.9868,0.98707,0.98659,0.98684
2026-05-27 19:15:00,0.98684,0.98701,0.98676,0.9869
2026-05-27 19:30:00,0.9869,0.9873,0.98679,0.98724
2026-05-27 19:45:00,0.98725,0.98738,0.98693,0.98702
2026-05-27 20:00:00,0.98705,0.98715,0.98654,0.9867
2026-05-27 20:15:00,0.98669,0.98681,0.98645,0.98658
2026-05-27 20:30:00,0.98656,0.98671,0.98648,0.98662
2026-05-27 20:45:00,0.98661,0.98699,0.9866,0.98681
2026-05-27 21:00:00,0.9868,0.987,0.98673,0.98693
2026-05-27 21:15:00,0.98692,0.9873,0.98685,0.98729
2026-05-27 21:30:00,0.98731,0.98747,0.98704,0.98743
2026-05-27 21:45:00,0.98741,0.98765,0.98737,0.9876
2026-05-27 22:00:00,0.98761,0.98777,0.98748,0.9876
2026-05-27 22:15:00,0.98759,0.98769,0.9874,0.98748
2026-05-27 22:30:00,0.98749,0.98782,0.98743,0.98776
2026-05-27 22:45:00,0.98775,0.98787,0.98767,0.98779
2026-05-27 23:00:00,0.98779,0.988,0.98764,0.98793
2026-05-27 23:15:00,0.98793,0.98802,0.98782,0.988
2026-05-27 23:30:00,0.98798,0.98832,0.98796,0.9883
2026-05-27 23:45:00,0.98833,0.98835,0.98816,0.98832
2026-05-28 00:00:00,0.98772,0.98792,0.98647,0.98792
2026-05-28 00:15:00,0.987,0.98792,0.987,0.98782
2026-05-28 00:30:00,0.98782,0.98804,0.98767,0.98782
2026-05-28 00:45:00,0.98782,0.98792,0.9872,0.98781
2026-05-28 01:00:00,0.98768,0.98827,0.98768,0.98813
2026-05-28 01:15:00,0.98813,0.98822,0.98808,0.98812
2026-05-28 01:30:00,0.9881,0.98821,0.98805,0.98814
2026-05-28 01:45:00,0.98815,0.98827,0.98809,0.98819
2026-05-28 02:00:00,0.98819,0.98836,0.98816,0.98835
2026-05-28 02:15:00,0.98833,0.98852,0.98796,0.98808
2026-05-28 02:30:00,0.98808,0.98819,0.98768,0.98779
2026-05-28 02:45:00,0.98779,0.98783,0.9873,0.98737
2026-05-28 03:00:00,0.98736,0.9876,0.98701,0.9874
2026-05-28 03:15:00,0.9874,0.98777,0.98732,0.9876
2026-05-28 03:30:00,0.9876,0.9876,0.98693,0.9871
2026-05-28 03:45:00,0.98709,0.98749,0.98701,0.98741
2026-05-28 04:00:00,0.9874,0.98768,0.98721,0.9873
2026-05-28 04:15:00,0.9873,0.98734,0.98667,0.98677
2026-05-28 04:30:00,0.98675,0.98679,0.98602,0.98628
2026-05-28 04:45:00,0.98628,0.98643,0.98581,0.98614
2026-05-28 05:00:00,0.98615,0.98669,0.98599,0.98666
2026-05-28 05:15:00,0.98666,0.98681,0.9865,0.98676
2026-05-28 05:30:00,0.98675,0.98694,0.9865,0.9866
2026-05-28 05:45:00,0.98657,0.9868,0.98628,0.98676
2026-05-28 06:00:00,0.98675,0.98715,0.98585,0.98597
2026-05-28 06:15:00,0.98597,0.98602,0.98531,0.98544
2026-05-28 06:30:00,0.98543,0.98558,0.98488,0.98498
2026-05-28 06:45:00,0.98497,0.98513,0.98448,0.98481
2026-05-28 07:00:00,0.98481,0.98502,0.98425,0.98488
2026-05-28 07:15:00,0.98489,0.98498,0.98421,0.98434
2026-05-28 07:30:00,0.98435,0.98452,0.98409,0.98443
2026-05-28 07:45:00,0.98443,0.98471,0.98428,0.98462
2026-05-28 08:00:00,0.98462,0.98511,0.98429,0.98503
2026-05-28 08:15:00,0.98501,0.98595,0.98486,0.98588
2026-05-28 08:30:00,0.98588,0.98631,0.98577,0.98581
2026-05-28 08:45:00,0.98582,0.98647,0.98582,0.98607
2026-05-28 09:00:00,0.98608,0.98661,0.98595,0.9865
2026-05-28 09:15:00,0.98651,0.98704,0.98641,0.98656
2026-05-28 09:30:00,0.98657,0.98676,0.98634,0.98649
2026-05-28 09:45:00,0.98649,0.98661,0.98612,0.98615
2026-05-28 10:00:00,0.98618,0.98654,0.98618,0.98647
2026-05-28 10:15:00,0.98646,0.98675,0.98621,0.98643
2026-05-28 10:30:00,0.98644,0.9867,0.98619,0.98636
2026-05-28 10:45:00,0.98635,0.98662,0.98619,0.98657
2026-05-28 11:00:00,0.98659,0.98679,0.98622,0.98633
2026-05-28 11:15:00,0.98632,0.98655,0.98599,0.98609
2026-05-28 11:30:00,0.9861,0.98645,0.98608,0.98622
2026-05-28 11:45:00,0.98621,0.98649,0.98614,0.98633
2026-05-28 12:00:00,0.98632,0.98675,0.98625,0.98675
2026-05-28 12:15:00,0.98674,0.98699,0.98666,0.9869
2026-05-28 12:30:00,0.98691,0.987,0.98658,0.98692
2026-05-28 12:45:00,0.98693,0.98739,0.98686,0.98715
2026-05-28 13:00:00,0.98715,0.98749,0.98702,0.98731
2026-05-28 13:15:00,0.98732,0.98744,0.98699,0.98714
2026-05-28 13:30:00,0.98713,0.98714,0.9863,0.98634
2026-05-28 13:45:00,0.98635,0.98663,0.98573,0.98585
2026-05-28 14:00:00,0.98587,0.98625,0.98583,0.98599
2026-05-28 14:15:00,0.98598,0.98623,0.98563,0.98577
2026-05-28 14:30:00,0.98575,0.98594,0.98569,0.98581
2026-05-28 14:45:00,0.98582,0.98585,0.98559,0.98568
2026-05-28 15:00:00,0.98569,0.98618,0.98566,0.98617
2026-05-28 15:15:00,0.98614,0.98617,0.98576,0.98584
2026-05-28 15:30:00,0.98583,0.987,0.98581,0.98665
2026-05-28 15:45:00,0.98678,0.98719,0.98678,0.98702
2026-05-28 16:00:00,0.98712,0.98767,0.98656,0.98661
2026-05-28 16:15:00,0.98662,0.98734,0.98662,0.9869
2026-05-28 16:30:00,0.9869,0.98703,0.98633,0.98634
2026-05-28 16:45:00,0.98635,0.98698,0.98628,0.98685
2026-05-28 17:00:00,0.98685,0.9893,0.98669,0.98897
2026-05-28 17:15:00,0.98895,0.98913,0.98802,0.98896
2026-05-28 17:30:00,0.98896,0.98899,0.98753,0.98824
2026-05-28 17:45:00,0.98825,0.98854,0.98728,0.98764
2026-05-28 18:00:00,0.98765,0.98838,0.98762,0.98791
2026-05-28 18:15:00,0.98791,0.98822,0.98777,0.98815
2026-05-28 18:30:00,0.98813,0.98848,0.98786,0.98822
2026-05-28 18:45:00,0.98822,0.98828,0.98755,0.98762
2026-05-28 19:00:00,0.98761,0.98825,0.98754,0.98824
2026-05-28 19:15:00,0.98824,0.98883,0.98808,0.98864
2026-05-28 19:30:00,0.98864,0.98867,0.98817,0.98838
2026-05-28 19:45:00,0.98839,0.98858,0.98823,0.98846
2026-05-28 20:00:00,0.98847,0.98852,0.98757,0.98763
2026-05-28 20:15:00,0.98763,0.988,0.98756,0.98763
2026-05-28 20:30:00,0.98764,0.98811,0.98756,0.98785
2026-05-28 20:45:00,0.98786,0.98798,0.9876,0.98768
2026-05-28 21:00:00,0.98768,0.98774,0.98729,0.98734
2026-05-28 21:15:00,0.98732,0.98767,0.98713,0.98729
2026-05-28 21:30:00,0.9873,0.98731,0.98686,0.98702
2026-05-28 21:45:00,0.98702,0.98729,0.98694,0.98717
2026-05-28 22:00:00,0.98714,0.98731,0.9869,0.98694
2026-05-28 22:15:00,0.98696,0.98706,0.98688,0.98703
2026-05-28 22:30:00,0.98704,0.98715,0.98692,0.98704
2026-05-28 22:45:00,0.98703,0.98712,0.98685,0.98697
2026-05-28 23:00:00,0.98696,0.98712,0.98687,0.98708
2026-05-28 23:15:00,0.98708,0.98714,0.98693,0.98705
2026-05-28 23:30:00,0.98707,0.9873,0.98703,0.98711
2026-05-28 23:45:00,0.98709,0.98722,0.98693,0.98707
2026-05-29 00:00:00,0.98727,0.98732,0.98587,0.98652
2026-05-29 00:15:00,0.98579,0.98662,0.98579,0.98652
2026-05-29 00:30:00,0.98657,0.98682,0.98647,0.98679
2026-05-29 00:45:00,0.98672,0.98731,0.98641,0.98731
2026-05-29 01:00:00,0.98732,0.9876,0.98714,0.98739
2026-05-29 01:15:00,0.98737,0.98738,0.98726,0.98731
2026-05-29 01:30:00,0.98732,0.98737,0.98719,0.98723
2026-05-29 01:45:00,0.98723,0.98733,0.98718,0.98722
2026-05-29 02:00:00,0.98724,0.98745,0.98711,0.98731
2026-05-29 02:15:00,0.9873,0.98734,0.98712,0.98719
2026-05-29 02:30:00,0.98719,0.98745,0.98706,0.98726
2026-05-29 02:45:00,0.98725,0.98732,0.98703,0.98725
2026-05-29 03:00:00,0.98724,0.98742,0.98698,0.98719
2026-05-29 03:15:00,0.98719,0.98765,0.98712,0.9873
2026-05-29 03:30:00,0.98729,0.98729,0.98657,0.98673
2026-05-29 03:45:00,0.98672,0.98696,0.98665,0.98693
2026-05-29 04:00:00,0.98693,0.98717,0.98645,0.98705
2026-05-29 04:15:00,0.98706,0.98729,0.98701,0.98702
2026-05-29 04:30:00,0.98701,0.98728,0.98687,0.9872
2026-05-29 04:45:00,0.9872,0.98728,0.98685,0.98707
2026-05-29 05:00:00,0.98706,0.98707,0.98662,0.98674
2026-05-29 05:15:00,0.98673,0.98676,0.9863,0.98636
2026-05-29 05:30:00,0.98636,0.9871,0.98634,0.98701
2026-05-29 05:45:00,0.987,0.98728,0.98654,0.98663
2026-05-29 06:00:00,0.98664,0.9867,0.98639,0.98656
2026-05-29 06:15:00,0.98655,0.98677,0.98648,0.98658
2026-05-29 06:30:00,0.98659,0.9868,0.98653,0.98671
2026-05-29 06:45:00,0.98672,0.98672,0.9864,0.98652
2026-05-29 07:00:00,0.98654,0.98687,0.9865,0.9867
2026-05-29 07:15:00,0.98669,0.98706,0.98665,0.98696
2026-05-29 07:30:00,0.98697,0.9874,0.98691,0.98737
2026-05-29 07:45:00,0.98737,0.98774,0.9873,0.98773
2026-05-29 08:00:00,0.98773,0.98799,0.98768,0.9878
2026-05-29 08:15:00,0.9878,0.98789,0.98766,0.98781
2026-05-29 08:30:00,0.98781,0.98803,0.9875,0.98751
2026-05-29 08:45:00,0.9875,0.98767,0.98745,0.98757
2026-05-29 09:00:00,0.98757,0.98805,0.98755,0.98778
2026-05-29 09:15:00,0.98779,0.98782,0.9873,0.9876
2026-05-29 09:30:00,0.9876,0.98795,0.98727,0.98756
2026-05-29 09:45:00,0.98756,0.98787,0.98729,0.98768
2026-05-29 10:00:00,0.98768,0.98806,0.98753,0.98805
2026-05-29 10:15:00,0.98805,0.98842,0.9878,0.9879
2026-05-29 10:30:00,0.98791,0.98803,0.98711,0.9878
2026-05-29 10:45:00,0.98778,0.98833,0.98759,0.9882
2026-05-29 11:00:00,0.98819,0.98826,0.9876,0.98767
2026-05-29 11:15:00,0.9877,0.98789,0.98752,0.98761
2026-05-29 11:30:00,0.98763,0.98764,0.987,0.98724
2026-05-29 11:45:00,0.98724,0.98747,0.98693,0.98744
2026-05-29 12:00:00,0.98742,0.98772,0.98716,0.98769
2026-05-29 12:15:00,0.98769,0.98819,0.9876,0.98791
2026-05-29 12:30:00,0.9879,0.98798,0.98739,0.98765
2026-05-29 12:45:00,0.98764,0.98803,0.98759,0.98795
2026-05-29 13:00:00,0.98796,0.98814,0.98774,0.98803
2026-05-29 13:15:00,0.98802,0.98812,0.98773,0.98784
2026-05-29 13:30:00,0.98785,0.9881,0.98773,0.9881
2026-05-29 13:45:00,0.9881,0.98841,0.98799,0.98831
2026-05-29 14:00:00,0.9883,0.98889,0.98827,0.98884
2026-05-29 14:15:00,0.98883,0.98908,0.98866,0.98903
2026-05-29 14:30:00,0.98903,0.98934,0.9888,0.98923
2026-05-29 14:45:00,0.98922,0.98952,0.98879,0.98941
2026-05-29 15:00:00,0.98941,0.99041,0.98929,0.99008
2026-05-29 15:15:00,0.99008,0.99053,0.98999,0.99039
2026-05-29 15:30:00,0.99038,0.99164,0.99038,0.99163
2026-05-29 15:45:00,0.99163,0.99218,0.99163,0.99195
2026-05-29 16:00:00,0.99196,0.99216,0.99175,0.99186
2026-05-29 16:15:00,0.99185,0.99193,0.99146,0.99192
2026-05-29 16:30:00,0.99191,0.99252,0.99167,0.99241
2026-05-29 16:45:00,0.99242,0.99308,0.99236,0.99278
2026-05-29 17:00:00,0.99278,0.99316,0.99182,0.99196
2026-05-29 17:15:00,0.99194,0.99205,0.99125,0.99141
2026-05-29 17:30:00,0.99142,0.99165,0.99045,0.99116
2026-05-29 17:45:00,0.99116,0.9915,0.99049,0.99099
2026-05-29 18:00:00,0.99098,0.99263,0.99073,0.99209
2026-05-29 18:15:00,0.9921,0.99214,0.99105,0.99134
2026-05-29 18:30:00,0.99136,0.99147,0.99068,0.99094
