datetime,open,high,low,close
2026-04-30 18:30:00,1.06184,1.06231,1.06127,1.06163
2026-04-30 18:45:00,1.06164,1.06259,1.06162,1.06243
2026-04-30 19:00:00,1.06244,1.06291,1.06211,1.06263
2026-04-30 19:15:00,1.06262,1.06274,1.0622,1.06245
2026-04-30 19:30:00,1.06246,1.06272,1.06236,1.06252
2026-04-30 19:45:00,1.06251,1.06275,1.06226,1.06245
2026-04-30 20:00:00,1.06247,1.06289,1.06223,1.06229
2026-04-30 20:15:00,1.06228,1.0626,1.06199,1.06206
2026-04-30 20:30:00,1.06206,1.06254,1.06195,1.06245
2026-04-30 20:45:00,1.06246,1.06276,1.06232,1.06245
2026-04-30 21:00:00,1.06246,1.06301,1.06245,1.06295
2026-04-30 21:15:00,1.06295,1.06297,1.06237,1.06252
2026-04-30 21:30:00,1.0625,1.06282,1.06243,1.06263
2026-04-30 21:45:00,1.06263,1.06283,1.06248,1.06267
2026-04-30 22:00:00,1.06265,1.06267,1.06243,1.06258
2026-04-30 22:15:00,1.06257,1.06319,1.06254,1.06309
2026-04-30 22:30:00,1.06308,1.06321,1.06296,1.06313
2026-04-30 22:45:00,1.06315,1.06324,1.06299,1.06302
2026-04-30 23:00:00,1.06302,1.06308,1.06281,1.06305
2026-04-30 23:15:00,1.06304,1.06309,1.06273,1.06302
2026-04-30 23:30:00,1.06302,1.0631599999999999,1.06288,1.06299
2026-04-30 23:45:00,1.06298,1.06325,1.06267,1.06274
2026-05-01 00:00:00,1.06092,1.06219,1.06092,1.06219
2026-05-01 00:15:00,1.06187,1.06226,1.06168,1.06183
2026-05-01 00:30:00,1.06197,1.0625,1.06173,1.06184
2026-05-01 00:45:00,1.06194,1.0624,1.06179,1.06196
2026-05-01 01:00:00,1.06196,1.06341,1.06196,1.06331
2026-05-01 01:15:00,1.06331,1.06333,1.0631599999999999,1.0632
2026-05-01 01:30:00,1.06321,1.06323,1.06305,1.06308
2026-05-01 01:45:00,1.06307,1.06309,1.06287,1.06288
2026-05-01 02:00:00,1.06289,1.06308,1.06287,1.06301
2026-05-01 02:15:00,1.06301,1.06303,1.06289,1.06296
2026-05-01 02:30:00,1.06297,1.06309,1.06294,1.0630600000000001
2026-05-01 02:45:00,1.0630600000000001,1.06324,1.06305,1.06311
2026-05-01 03:00:00,1.06312,1.06328,1.06283,1.06292
2026-05-01 03:15:00,1.06293,1.06311,1.0629,1.06304
2026-05-01 03:30:00,1.06305,1.06322,1.06289,1.06299
2026-05-01 03:45:00,1.06298,1.06326,1.06285,1.06314
2026-05-01 04:00:00,1.06313,1.06341,1.0631,1.06333
2026-05-01 04:15:00,1.06334,1.0634,1.06315,1.06318
2026-05-01 04:30:00,1.06318,1.06324,1.06301,1.06323
2026-05-01 04:45:00,1.06322,1.06338,1.06315,1.06326
2026-05-01 05:00:00,1.06325,1.06329,1.06304,1.06311
2026-05-01 05:15:00,1.06312,1.06324,1.06304,1.06318
2026-05-01 05:30:00,1.06318,1.06332,1.0630600000000001,1.0631
2026-05-01 05:45:00,1.06309,1.06319,1.06301,1.06308
2026-05-01 06:00:00,1.0631,1.0633,1.06304,1.06323
2026-05-01 06:15:00,1.06325,1.06337,1.06312,1.06327
2026-05-01 06:30:00,1.06327,1.06339,1.06286,1.06297
2026-05-01 06:45:00,1.06298,1.06302,1.06283,1.06296
2026-05-01 07:00:00,1.06296,1.06309,1.06295,1.06303
2026-05-01 07:15:00,1.06302,1.06321,1.06298,1.06311
2026-05-01 07:30:00,1.06312,1.06323,1.06308,1.06321
2026-05-01 07:45:00,1.06321,1.06349,1.06318,1.06341
2026-05-01 08:00:00,1.06341,1.06361,1.06338,1.06347
2026-05-01 08:15:00,1.06347,1.06363,1.06333,1.06357
2026-05-01 08:30:00,1.06358,1.06358,1.06337,1.06347
2026-05-01 08:45:00,1.06347,1.06369,1.06338,1.06343
2026-05-01 09:00:00,1.06342,1.06376,1.0633,1.06352
2026-05-01 09:15:00,1.06352,1.064,1.06348,1.06391
2026-05-01 09:30:00,1.06392,1.06417,1.06382,1.06392
2026-05-01 09:45:00,1.06393,1.064,1.06168,1.06271
2026-05-01 10:00:00,1.06272,1.06362,1.06271,1.06351
2026-05-01 10:15:00,1.06351,1.06369,1.06274,1.06293
2026-05-01 10:30:00,1.06294,1.06336,1.06265,1.06327
2026-05-01 10:45:00,1.0633,1.0636700000000001,1.06322,1.06348
2026-05-01 11:00:00,1.06349,1.06361,1.06326,1.0635
2026-05-01 11:15:00,1.0635,1.06352,1.06242,1.0625499999999999
2026-05-01 11:30:00,1.06256,1.06326,1.06241,1.06301
2026-05-01 11:45:00,1.06301,1.06344,1.0625,1.06253
2026-05-01 12:00:00,1.06254,1.0630600000000001,1.06241,1.06287
2026-05-01 12:15:00,1.06286,1.06299,1.06249,1.06265
2026-05-01 12:30:00,1.06265,1.06289,1.0625,1.06261
2026-05-01 12:45:00,1.06261,1.06279,1.06187,1.06216
2026-05-01 13:00:00,1.06216,1.06269,1.06215,1.06259
2026-05-01 13:15:00,1.0626,1.06273,1.06232,1.06249
2026-05-01 13:30:00,1.06248,1.06269,1.06233,1.06252
2026-05-01 13:45:00,1.06253,1.06259,1.06206,1.06218
2026-05-01 14:00:00,1.06218,1.06267,1.06215,1.06262
2026-05-01 14:15:00,1.06261,1.06268,1.06211,1.06233
2026-05-01 14:30:00,1.06233,1.06268,1.06229,1.06266
2026-05-01 14:45:00,1.06265,1.06296,1.06232,1.0629
2026-05-01 15:00:00,1.06291,1.06333,1.06276,1.06297
2026-05-01 15:15:00,1.06298,1.06308,1.0624,1.06295
2026-05-01 15:30:00,1.06295,1.0632,1.06288,1.06309
2026-05-01 15:45:00,1.06309,1.06343,1.06308,1.06325
2026-05-01 16:00:00,1.06326,1.06378,1.06317,1.06375
2026-05-01 16:15:00,1.06375,1.06376,1.06332,1.06353
2026-05-01 16:30:00,1.06353,1.06359,1.06318,1.06321
2026-05-01 16:45:00,1.06324,1.064,1.06322,1.06334
2026-05-01 17:00:00,1.06334,1.06344,1.06219,1.06239
2026-05-01 17:15:00,1.06239,1.06274,1.06202,1.06223
2026-05-01 17:30:00,1.06224,1.06243,1.062,1.06237
2026-05-01 17:45:00,1.06238,1.06244,1.06064,1.06088
2026-05-01 18:00:00,1.06088,1.06165,1.06086,1.06148
2026-05-01 18:15:00,1.06149,1.06173,1.06122,1.06169
2026-05-01 18:30:00,1.0617,1.06188,1.06137,1.06142
2026-05-01 18:45:00,1.06142,1.06194,1.06124,1.06156
2026-05-01 19:00:00,1.06156,1.06174,1.0613,1.06144
2026-05-01 19:15:00,1.06144,1.0616,1.06112,1.06125
2026-05-01 19:30:00,1.06125,1.06139,1.06103,1.06121
2026-05-01 19:45:00,1.06122,1.0614,1.06109,1.06134
2026-05-01 20:00:00,1.06132,1.06137,1.0611,1.06116
2026-05-01 20:15:00,1.06115,1.06137,1.06106,1.06127
2026-05-01 20:30:00,1.06128,1.06144,1.06118,1.0613
2026-05-01 20:45:00,1.0613,1.06141,1.06118,1.06132
2026-05-01 21:00:00,1.06133,1.06133,1.06092,1.06108
2026-05-01 21:15:00,1.06108,1.06111,1.06071,1.06076
2026-05-01 21:30:00,1.06075,1.06105,1.06072,1.06095
2026-05-01 21:45:00,1.06096,1.06099,1.06074,1.06089
2026-05-01 22:00:00,1.06089,1.06107,1.06083,1.06102
2026-05-01 22:15:00,1.06102,1.06111,1.06097,1.0611
2026-05-01 22:30:00,1.06111,1.06118,1.06104,1.06118
2026-05-01 22:45:00,1.06117,1.0612,1.06086,1.06087
2026-05-01 23:00:00,1.06086,1.06087,1.06073,1.06078
2026-05-01 23:15:00,1.06078,1.06088,1.06068,1.06082
2026-05-01 23:30:00,1.06082,1.06088,1.06061,1.06066
2026-05-01 23:45:00,1.06064,1.06121,1.06064,1.0609
2026-05-04 00:00:00,1.05816,1.05995,1.05811,1.05811
2026-05-04 00:15:00,1.05815,1.05815,1.05757,1.05763
2026-05-04 00:30:00,1.05763,1.05964,1.05763,1.05964
2026-05-04 00:45:00,1.05964,1.06092,1.05957,1.06085
2026-05-04 01:00:00,1.06085,1.06192,1.06059,1.06111
2026-05-04 01:15:00,1.06113,1.06133,1.06098,1.06103
2026-05-04 01:30:00,1.06105,1.06112,1.06082,1.06094
2026-05-04 01:45:00,1.06091,1.06104,1.06086,1.06099
2026-05-04 02:00:00,1.06101,1.06115,1.06101,1.0611
2026-05-04 02:15:00,1.0611,1.0611,1.06085,1.06094
2026-05-04 02:30:00,1.06094,1.061,1.06087,1.06095
2026-05-04 02:45:00,1.06096,1.06108,1.06081,1.06104
2026-05-04 03:00:00,1.06102,1.06117,1.06087,1.06105
2026-05-04 03:15:00,1.06105,1.06125,1.06099,1.06117
2026-05-04 03:30:00,1.06116,1.06135,1.06103,1.06133
2026-05-04 03:45:00,1.06132,1.06154,1.06101,1.06101
2026-05-04 04:00:00,1.06102,1.0614,1.06098,1.06126
2026-05-04 04:15:00,1.06126,1.06138,1.06093,1.06137
2026-05-04 04:30:00,1.06137,1.06158,1.06125,1.06126
2026-05-04 04:45:00,1.06126,1.06137,1.06116,1.06123
2026-05-04 05:00:00,1.06124,1.06145,1.06119,1.06138
2026-05-04 05:15:00,1.0614,1.06142,1.06104,1.06112
2026-05-04 05:30:00,1.06111,1.06127,1.06094,1.06116
2026-05-04 05:45:00,1.06115,1.06129,1.06095,1.06097
2026-05-04 06:00:00,1.06096,1.06124,1.06094,1.06111
2026-05-04 06:15:00,1.06112,1.06118,1.06104,1.06116
2026-05-04 06:30:00,1.06115,1.0613,1.06113,1.06121
2026-05-04 06:45:00,1.06119,1.06128,1.06077,1.06099
2026-05-04 07:00:00,1.061,1.06107,1.06086,1.0609
2026-05-04 07:15:00,1.06091,1.06107,1.06084,1.06098
2026-05-04 07:30:00,1.06097,1.06116,1.06085,1.06114
2026-05-04 07:45:00,1.06113,1.06122,1.06108,1.06112
2026-05-04 08:00:00,1.06113,1.06118,1.06096,1.06108
2026-05-04 08:15:00,1.06109,1.06131,1.06102,1.06124
2026-05-04 08:30:00,1.06123,1.06134,1.06108,1.06129
2026-05-04 08:45:00,1.06128,1.06135,1.06116,1.06128
2026-05-04 09:00:00,1.06128,1.06142,1.06104,1.06139
2026-05-04 09:15:00,1.06139,1.06149,1.06111,1.06148
2026-05-04 09:30:00,1.06149,1.06151,1.06105,1.06111
2026-05-04 09:45:00,1.0611,1.06121,1.06082,1.06105
2026-05-04 10:00:00,1.06104,1.06123,1.06088,1.06106
2026-05-04 10:15:00,1.06106,1.06156,1.061,1.06154
2026-05-04 10:30:00,1.06153,1.06191,1.06125,1.06186
2026-05-04 10:45:00,1.06187,1.06213,1.06148,1.06192
2026-05-04 11:00:00,1.06193,1.0623,1.06189,1.0621
2026-05-04 11:15:00,1.0621,1.0622,1.06185,1.06212
2026-05-04 11:30:00,1.06212,1.06224,1.0614,1.06157
2026-05-04 11:45:00,1.06157,1.06171,1.06096,1.06112
2026-05-04 12:00:00,1.06115,1.06159,1.06096,1.06128
2026-05-04 12:15:00,1.06129,1.06147,1.06103,1.06138
2026-05-04 12:30:00,1.06136,1.06166,1.06122,1.06152
2026-05-04 12:45:00,1.06152,1.06193,1.06143,1.06176
2026-05-04 13:00:00,1.06178,1.06198,1.06076,1.06117
2026-05-04 13:15:00,1.06116,1.06162,1.06102,1.06152
2026-05-04 13:30:00,1.06153,1.06186,1.06104,1.06153
2026-05-04 13:45:00,1.06152,1.06171,1.06143,1.06163
2026-05-04 14:00:00,1.06166,1.0619,1.06147,1.06169
2026-05-04 14:15:00,1.06165,1.06176,1.06124,1.06169
2026-05-04 14:30:00,1.06169,1.06197,1.06152,1.06197
2026-05-04 14:45:00,1.06197,1.06211,1.06177,1.062
2026-05-04 15:00:00,1.06199,1.06236,1.06182,1.06221
2026-05-04 15:15:00,1.0622,1.06239,1.06212,1.06221
2026-05-04 15:30:00,1.06222,1.06226,1.06177,1.0619
2026-05-04 15:45:00,1.06191,1.06208,1.06176,1.06179
2026-05-04 16:00:00,1.0618,1.06192,1.06108,1.06162
2026-05-04 16:15:00,1.06161,1.06162,1.06065,1.06076
2026-05-04 16:30:00,1.06076,1.06156,1.06071,1.06124
2026-05-04 16:45:00,1.06124,1.06155,1.06117,1.0612
2026-05-04 17:00:00,1.0612,1.06146,1.06105,1.06125
2026-05-04 17:15:00,1.06125,1.06143,1.06113,1.06132
2026-05-04 17:30:00,1.06131,1.06178,1.06125,1.06156
2026-05-04 17:45:00,1.06157,1.06161,1.06063,1.06068
2026-05-04 18:00:00,1.06068,1.06075,1.06021,1.06036
2026-05-04 18:15:00,1.06036,1.06038,1.05991,1.06014
2026-05-04 18:30:00,1.06014,1.06039,1.05983,1.06003
2026-05-04 18:45:00,1.06003,1.06041,1.05998,1.06035
2026-05-04 19:00:00,1.06036,1.06038,1.05956,1.05983
2026-05-04 19:15:00,1.05983,1.06069,1.0597,1.06061
2026-05-04 19:30:00,1.06061,1.061,1.06061,1.0608
2026-05-04 19:45:00,1.06081,1.06106,1.06069,1.06079
2026-05-04 20:00:00,1.0608,1.06132,1.06077,1.06118
2026-05-04 20:15:00,1.06118,1.06125,1.06063,1.06065
2026-05-04 20:30:00,1.06065,1.06073,1.06042,1.06045
2026-05-04 20:45:00,1.0605,1.06055,1.06039,1.06043
2026-05-04 21:00:00,1.06044,1.06045,1.06018,1.06035
2026-05-04 21:15:00,1.06035,1.06039,1.06017,1.06035
2026-05-04 21:30:00,1.06033,1.06044,1.06019,1.06039
2026-05-04 21:45:00,1.06039,1.06047,1.0601099999999999,1.06033
2026-05-04 22:00:00,1.06033,1.06061,1.06017,1.06057
2026-05-04 22:15:00,1.06058,1.06059,1.06043,1.06057
2026-05-04 22:30:00,1.06058,1.06073,1.06052,1.0607
2026-05-04 22:45:00,1.06071,1.06092,1.06069,1.06082
2026-05-04 23:00:00,1.06083,1.06095,1.06078,1.06082
2026-05-04 23:15:00,1.06083,1.06101,1.06081,1.06094
2026-05-04 23:30:00,1.06093,1.06097,1.0608,1.06092
2026-05-04 23:45:00,1.0609,1.0609,1.06046,1.0605
2026-05-05 00:00:00,1.05951,1.06015,1.0588899999999999,1.06015
2026-05-05 00:15:00,1.06015,1.06015,1.05964,1.05987
2026-05-05 00:30:00,1.05987,1.06051,1.05987,1.06018
2026-05-05 00:45:00,1.06006,1.06082,1.05993,1.06039
2026-05-05 01:00:00,1.06039,1.06082,1.06008,1.06066
2026-05-05 01:15:00,1.06066,1.06072,1.06054,1.06055
2026-05-05 01:30:00,1.06055,1.06068,1.06052,1.06068
2026-05-05 01:45:00,1.06068,1.06081,1.06063,1.06068
2026-05-05 02:00:00,1.06069,1.06083,1.06068,1.06076
2026-05-05 02:15:00,1.06077,1.0608,1.06074,1.06076
2026-05-05 02:30:00,1.06077,1.06089,1.06076,1.06086
2026-05-05 02:45:00,1.06085,1.06091,1.0608,1.06087
2026-05-05 03:00:00,1.06086,1.06108,1.06074,1.06098
2026-05-05 03:15:00,1.06098,1.06105,1.06083,1.06089
2026-05-05 03:30:00,1.06087,1.06103,1.06083,1.06084
2026-05-05 03:45:00,1.06084,1.06089,1.06073,1.06086
2026-05-05 04:00:00,1.06086,1.06089,1.06057,1.06059
2026-05-05 04:15:00,1.06061,1.06069,1.06054,1.06058
2026-05-05 04:30:00,1.06059,1.06065,1.06038,1.06051
2026-05-05 04:45:00,1.06051,1.06078,1.0605,1.06057
2026-05-05 05:00:00,1.06057,1.06077,1.06053,1.06064
2026-05-05 05:15:00,1.06066,1.06068,1.06053,1.0606
2026-05-05 05:30:00,1.0606,1.06069,1.06057,1.0606
2026-05-05 05:45:00,1.0606,1.06072,1.06059,1.06066
2026-05-05 06:00:00,1.06066,1.06069,1.06055,1.06063
2026-05-05 06:15:00,1.06062,1.06065,1.06037,1.06038
2026-05-05 06:30:00,1.06037,1.06046,1.06034,1.06038
2026-05-05 06:45:00,1.06039,1.06039,1.06029,1.06032
2026-05-05 07:00:00,1.06031,1.06049,1.0603,1.06043
2026-05-05 07:15:00,1.06044,1.06049,1.06032,1.06042
2026-05-05 07:30:00,1.06041,1.06073,1.0604,1.06059
2026-05-05 07:45:00,1.06058,1.06067,1.06051,1.06058
2026-05-05 08:00:00,1.06058,1.06067,1.0605,1.06057
2026-05-05 08:15:00,1.06058,1.0606,1.06041,1.06049
2026-05-05 08:30:00,1.06048,1.06054,1.06026,1.06037
2026-05-05 08:45:00,1.06036,1.06049,1.06021,1.0603
2026-05-05 09:00:00,1.06031,1.06083,1.0602,1.06064
2026-05-05 09:15:00,1.06063,1.06076,1.06017,1.06025
2026-05-05 09:30:00,1.06034,1.06146,1.06034,1.06118
2026-05-05 09:45:00,1.06121,1.0614,1.06111,1.06112
2026-05-05 10:00:00,1.06115,1.06167,1.06093,1.06102
2026-05-05 10:15:00,1.06103,1.06121,1.06087,1.06112
2026-05-05 10:30:00,1.06113,1.06121,1.06078,1.0608
2026-05-05 10:45:00,1.06081,1.06094,1.06058,1.06073
2026-05-05 11:00:00,1.06071,1.06075,1.06033,1.06064
2026-05-05 11:15:00,1.06064,1.06107,1.06035,1.0609
2026-05-05 11:30:00,1.06092,1.06113,1.06042,1.06064
2026-05-05 11:45:00,1.06063,1.06115,1.06047,1.06097
2026-05-05 12:00:00,1.06096,1.06125,1.06081,1.06103
2026-05-05 12:15:00,1.06104,1.06118,1.06075,1.06092
2026-05-05 12:30:00,1.06093,1.06126,1.06075,1.06123
2026-05-05 12:45:00,1.06122,1.06127,1.0606,1.0606
2026-05-05 13:00:00,1.06059,1.06064,1.06032,1.06045
2026-05-05 13:15:00,1.06046,1.06082,1.06039,1.06062
2026-05-05 13:30:00,1.06062,1.06074,1.06025,1.06059
2026-05-05 13:45:00,1.06059,1.06095,1.06059,1.06084
2026-05-05 14:00:00,1.06085,1.06119,1.06076,1.06115
2026-05-05 14:15:00,1.06115,1.06128,1.06082,1.06118
2026-05-05 14:30:00,1.06118,1.06131,1.06095,1.06104
2026-05-05 14:45:00,1.06104,1.06141,1.06095,1.06116
2026-05-05 15:00:00,1.06116,1.06143,1.06099,1.06142
2026-05-05 15:15:00,1.06142,1.06142,1.06097,1.06114
2026-05-05 15:30:00,1.06115,1.06149,1.06098,1.06116
2026-05-05 15:45:00,1.06115,1.06138,1.0611,1.06137
2026-05-05 16:00:00,1.06139,1.06152,1.06088,1.06107
2026-05-05 16:15:00,1.06107,1.0614,1.06092,1.06124
2026-05-05 16:30:00,1.06125,1.06167,1.0612,1.06148
2026-05-05 16:45:00,1.06149,1.06169,1.06131,1.06131
2026-05-05 17:00:00,1.06131,1.06186,1.06122,1.06171
2026-05-05 17:15:00,1.0617,1.06193,1.06113,1.06116
2026-05-05 17:30:00,1.06117,1.06137,1.06091,1.06116
2026-05-05 17:45:00,1.06115,1.06125,1.0602800000000001,1.06034
2026-05-05 18:00:00,1.06033,1.06087,1.06005,1.06081
2026-05-05 18:15:00,1.0608,1.06081,1.06046,1.06068
2026-05-05 18:30:00,1.0607,1.06087,1.06049,1.06081
2026-05-05 18:45:00,1.0608,1.06196,1.06079,1.06175
2026-05-05 19:00:00,1.06174,1.06191,1.06145,1.06161
2026-05-05 19:15:00,1.06162,1.0618,1.06139,1.06154
2026-05-05 19:30:00,1.06153,1.06168,1.06113,1.06116
2026-05-05 19:45:00,1.06117,1.06139,1.06111,1.06128
2026-05-05 20:00:00,1.06129,1.06135,1.06094,1.06099
2026-05-05 20:15:00,1.06099,1.061,1.0606,1.0607
2026-05-05 20:30:00,1.0607,1.06074,1.06043,1.06052
2026-05-05 20:45:00,1.06052,1.06086,1.06044,1.06069
2026-05-05 21:00:00,1.06068,1.06078,1.06056,1.06069
2026-05-05 21:15:00,1.06068,1.06075,1.06052,1.06055
2026-05-05 21:30:00,1.06055,1.06071,1.06036,1.06059
2026-05-05 21:45:00,1.06058,1.06076,1.06041,1.06049
2026-05-05 22:00:00,1.06051,1.0606,1.06039,1.06047
2026-05-05 22:15:00,1.06048,1.06072,1.06047,1.0605
2026-05-05 22:30:00,1.06051,1.06058,1.06046,1.06049
2026-05-05 22:45:00,1.06049,1.06058,1.06042,1.06053
2026-05-05 23:00:00,1.06054,1.06064,1.06023,1.06023
2026-05-05 23:15:00,1.06024,1.06027,1.06015,1.0602
2026-05-05 23:30:00,1.06018,1.06038,1.06016,1.06037
2026-05-05 23:45:00,1.06037,1.06037,1.06,1.06002
2026-05-06 00:00:00,1.05892,1.0597,1.05857,1.05912
2026-05-06 00:15:00,1.05912,1.06037,1.05898,1.06021
2026-05-06 00:30:00,1.06021,1.06038,1.05957,1.05987
2026-05-06 00:45:00,1.05981,1.06075,1.05981,1.06021
2026-05-06 01:00:00,1.06021,1.06062,1.05981,1.06055
2026-05-06 01:15:00,1.06056,1.06062,1.06042,1.06044
2026-05-06 01:30:00,1.06043,1.06046,1.06026,1.06037
2026-05-06 01:45:00,1.06036,1.06061,1.06009,1.06039
2026-05-06 02:00:00,1.06038,1.06049,1.06021,1.06037
2026-05-06 02:15:00,1.06036,1.06048,1.06021,1.06046
2026-05-06 02:30:00,1.06046,1.06048,1.06032,1.06042
2026-05-06 02:45:00,1.06045,1.0605,1.06018,1.06021
2026-05-06 03:00:00,1.06022,1.06063,1.0602,1.06058
2026-05-06 03:15:00,1.06057,1.06082,1.06057,1.0607
2026-05-06 03:30:00,1.06071,1.06085,1.06053,1.06073
2026-05-06 03:45:00,1.06072,1.06078,1.06053,1.06058
2026-05-06 04:00:00,1.06059,1.06078,1.06053,1.0606
2026-05-06 04:15:00,1.0606,1.06084,1.06052,1.0606
2026-05-06 04:30:00,1.06059,1.06071,1.06048,1.06063
2026-05-06 04:45:00,1.06063,1.06071,1.06048,1.06064
2026-05-06 05:00:00,1.06065,1.06079,1.06048,1.06056
2026-05-06 05:15:00,1.06056,1.06071,1.06053,1.06066
2026-05-06 05:30:00,1.06065,1.06081,1.06054,1.06064
2026-05-06 05:45:00,1.06064,1.06074,1.06062,1.06071
2026-05-06 06:00:00,1.0607,1.06074,1.06035,1.0604
2026-05-06 06:15:00,1.06042,1.06053,1.0602800000000001,1.06031
2026-05-06 06:30:00,1.06031,1.0604,1.06021,1.06034
2026-05-06 06:45:00,1.06035,1.0604,1.06017,1.06021
2026-05-06 07:00:00,1.06021,1.0602800000000001,1.06016,1.06022
2026-05-06 07:15:00,1.06021,1.06022,1.05995,1.06007
2026-05-06 07:30:00,1.06006,1.06046,1.05937,1.05943
2026-05-06 07:45:00,1.05943,1.05964,1.05883,1.05937
2026-05-06 08:00:00,1.05937,1.05977,1.05929,1.05974
2026-05-06 08:15:00,1.05973,1.06003,1.05973,1.05997
2026-05-06 08:30:00,1.05997,1.06008,1.05981,1.05982
2026-05-06 08:45:00,1.05983,1.05992,1.05968,1.05986
2026-05-06 09:00:00,1.05987,1.06004,1.05962,1.05995
2026-05-06 09:15:00,1.05995,1.06022,1.05994,1.06015
2026-05-06 09:30:00,1.06016,1.06061,1.06005,1.06044
2026-05-06 09:45:00,1.06044,1.06074,1.06022,1.06058
2026-05-06 10:00:00,1.0606,1.06147,1.0606,1.06131
2026-05-06 10:15:00,1.06131,1.06195,1.0609,1.06176
2026-05-06 10:30:00,1.06177,1.06239,1.06177,1.06201
2026-05-06 10:45:00,1.06202,1.06203,1.06014,1.06039
2026-05-06 11:00:00,1.06041,1.06159,1.06037,1.06122
2026-05-06 11:15:00,1.06123,1.06151,1.06092,1.06125
2026-05-06 11:30:00,1.06124,1.062,1.06119,1.06148
2026-05-06 11:45:00,1.0615,1.0616,1.06052,1.06123
2026-05-06 12:00:00,1.06122,1.06205,1.06075,1.06199
2026-05-06 12:15:00,1.062,1.06227,1.06179,1.06218
2026-05-06 12:30:00,1.06219,1.06226,1.0615,1.06185
2026-05-06 12:45:00,1.06184,1.06194,1.06118,1.06125
2026-05-06 13:00:00,1.06125,1.06129,1.06069,1.06086
2026-05-06 13:15:00,1.06087,1.06117,1.06063,1.06085
2026-05-06 13:30:00,1.06086,1.06086,1.06043,1.06058
2026-05-06 13:45:00,1.06058,1.06061,1.05984,1.06035
2026-05-06 14:00:00,1.06035,1.06085,1.06005,1.06072
2026-05-06 14:15:00,1.06072,1.06116,1.06055,1.06094
2026-05-06 14:30:00,1.06095,1.06102,1.06053,1.06071
2026-05-06 14:45:00,1.06072,1.06085,1.06037,1.06057
2026-05-06 15:00:00,1.06057,1.06112,1.06053,1.06083
2026-05-06 15:15:00,1.06084,1.06144,1.06058,1.06081
2026-05-06 15:30:00,1.06082,1.06083,1.06044,1.06051
2026-05-06 15:45:00,1.06052,1.06091,1.06049,1.06076
2026-05-06 16:00:00,1.06074,1.06104,1.06059,1.06099
2026-05-06 16:15:00,1.06098,1.06105,1.0608,1.06093
2026-05-06 16:30:00,1.06093,1.06119,1.0608,1.06109
2026-05-06 16:45:00,1.06108,1.06122,1.06095,1.06117
2026-05-06 17:00:00,1.06118,1.06164,1.06109,1.0612
2026-05-06 17:15:00,1.06121,1.06128,1.06071,1.06084
2026-05-06 17:30:00,1.06083,1.06099,1.06049,1.06057
2026-05-06 17:45:00,1.06057,1.06078,1.0598,1.05981
2026-05-06 18:00:00,1.05982,1.05997,1.05938,1.0596
2026-05-06 18:15:00,1.05961,1.05983,1.05953,1.0596700000000001
2026-05-06 18:30:00,1.0596700000000001,1.05988,1.05953,1.05974
2026-05-06 18:45:00,1.05975,1.05984,1.059,1.05957
2026-05-06 19:00:00,1.05958,1.05968,1.05919,1.05961
2026-05-06 19:15:00,1.0596,1.05972,1.05935,1.05949
2026-05-06 19:30:00,1.05948,1.0594999999999999,1.05924,1.05938
2026-05-06 19:45:00,1.05938,1.05938,1.05888,1.05917
2026-05-06 20:00:00,1.05916,1.05938,1.05905,1.05919
2026-05-06 20:15:00,1.05918,1.05921,1.05898,1.059
2026-05-06 20:30:00,1.05899,1.05908,1.05872,1.05878
2026-05-06 20:45:00,1.05879,1.05926,1.05864,1.0591
2026-05-06 21:00:00,1.05909,1.05912,1.0587,1.05888
2026-05-06 21:15:00,1.0588899999999999,1.05891,1.05875,1.05883
2026-05-06 21:30:00,1.05882,1.05887,1.05847,1.05849
2026-05-06 21:45:00,1.05849,1.0585,1.05831,1.0584
2026-05-06 22:00:00,1.0584,1.05848,1.05816,1.05846
2026-05-06 22:15:00,1.05847,1.05867,1.05843,1.05859
2026-05-06 22:30:00,1.05858,1.0586,1.0584,1.05848
2026-05-06 22:45:00,1.05849,1.05855,1.05829,1.05846
2026-05-06 23:00:00,1.05847,1.0585,1.05827,1.05843
2026-05-06 23:15:00,1.05844,1.05861,1.05841,1.05859
2026-05-06 23:30:00,1.05859,1.05875,1.05858,1.05859
2026-05-06 23:45:00,1.05859,1.05867,1.05834,1.0585
2026-05-07 00:00:00,1.05662,1.05786,1.05662,1.05779
2026-05-07 00:15:00,1.05793,1.05822,1.0574,1.05782
2026-05-07 00:30:00,1.05782,1.05802,1.05782,1.05794
2026-05-07 00:45:00,1.05794,1.05822,1.0578400000000001,1.05799
2026-05-07 01:00:00,1.05794,1.05836,1.0577,1.05832
2026-05-07 01:15:00,1.05836,1.05838,1.05819,1.05829
2026-05-07 01:30:00,1.05829,1.05835,1.05822,1.05831
2026-05-07 01:45:00,1.05831,1.05848,1.05824,1.05843
2026-05-07 02:00:00,1.05843,1.05859,1.0584,1.05858
2026-05-07 02:15:00,1.05859,1.0586,1.05847,1.05848
2026-05-07 02:30:00,1.05847,1.05862,1.05847,1.05859
2026-05-07 02:45:00,1.05859,1.05866,1.05849,1.05858
2026-05-07 03:00:00,1.05858,1.0588899999999999,1.05856,1.05873
2026-05-07 03:15:00,1.05874,1.05897,1.0587,1.05891
2026-05-07 03:30:00,1.05892,1.05917,1.05878,1.05901
2026-05-07 03:45:00,1.05902,1.05907,1.05887,1.05888
2026-05-07 04:00:00,1.0589,1.0591,1.05878,1.0588899999999999
2026-05-07 04:15:00,1.0588899999999999,1.05896,1.05876,1.05888
2026-05-07 04:30:00,1.05888,1.0589,1.05846,1.05853
2026-05-07 04:45:00,1.05853,1.05883,1.05844,1.05873
2026-05-07 05:00:00,1.05873,1.05915,1.05872,1.0591
2026-05-07 05:15:00,1.0591,1.05932,1.05904,1.05926
2026-05-07 05:30:00,1.05927,1.05935,1.0591,1.05919
2026-05-07 05:45:00,1.0592,1.05944,1.05912,1.05922
2026-05-07 06:00:00,1.05921,1.05933,1.05907,1.05927
2026-05-07 06:15:00,1.05926,1.05931,1.05915,1.05917
2026-05-07 06:30:00,1.05917,1.05927,1.05908,1.05922
2026-05-07 06:45:00,1.05922,1.05927,1.05907,1.05911
2026-05-07 07:00:00,1.05912,1.05928,1.05911,1.0592
2026-05-07 07:15:00,1.0592,1.05935,1.05916,1.05921
2026-05-07 07:30:00,1.05921,1.05923,1.05911,1.05913
2026-05-07 07:45:00,1.05913,1.0593,1.0591,1.05922
2026-05-07 08:00:00,1.05922,1.05934,1.05912,1.0593
2026-05-07 08:15:00,1.05931,1.05935,1.05907,1.05909
2026-05-07 08:30:00,1.0591,1.05918,1.05893,1.059
2026-05-07 08:45:00,1.05901,1.05929,1.05893,1.05903
2026-05-07 09:00:00,1.05904,1.05904,1.05877,1.05899
2026-05-07 09:15:00,1.05899,1.05924,1.05893,1.05914
2026-05-07 09:30:00,1.05915,1.05925,1.05879,1.05886
2026-05-07 09:45:00,1.05884,1.0593,1.05867,1.0587
2026-05-07 10:00:00,1.05868,1.05926,1.05855,1.05917
2026-05-07 10:15:00,1.05918,1.05948,1.05911,1.05945
2026-05-07 10:30:00,1.05945,1.05947,1.05872,1.05913
2026-05-07 10:45:00,1.05914,1.05952,1.05907,1.05917
2026-05-07 11:00:00,1.05917,1.05958,1.05909,1.05931
2026-05-07 11:15:00,1.0593,1.05933,1.05879,1.05884
2026-05-07 11:30:00,1.05885,1.05923,1.05869,1.05917
2026-05-07 11:45:00,1.05916,1.05941,1.05905,1.05919
2026-05-07 12:00:00,1.05922,1.0594,1.05891,1.05929
2026-05-07 12:15:00,1.05926,1.05936,1.05917,1.05925
2026-05-07 12:30:00,1.05925,1.05926,1.05875,1.05883
2026-05-07 12:45:00,1.05885,1.05897,1.05874,1.05881
2026-05-07 13:00:00,1.05879,1.05911,1.05875,1.05902
2026-05-07 13:15:00,1.05902,1.05949,1.05899,1.05932
2026-05-07 13:30:00,1.05934,1.05956,1.05904,1.05932
2026-05-07 13:45:00,1.05932,1.05976,1.0592,1.05948
2026-05-07 14:00:00,1.05947,1.05959,1.05879,1.05895
2026-05-07 14:15:00,1.05895,1.05898,1.05865,1.05882
2026-05-07 14:30:00,1.05882,1.05947,1.05877,1.0591
2026-05-07 14:45:00,1.05911,1.05952,1.0591,1.05934
2026-05-07 15:00:00,1.05934,1.05986,1.05926,1.05934
2026-05-07 15:15:00,1.05932,1.05956,1.05904,1.05905
2026-05-07 15:30:00,1.05907,1.05952,1.05904,1.05932
2026-05-07 15:45:00,1.05932,1.05955,1.05867,1.05893
2026-05-07 16:00:00,1.05893,1.05902,1.05866,1.05884
2026-05-07 16:15:00,1.05884,1.0588899999999999,1.05833,1.0584500000000001
2026-05-07 16:30:00,1.05847,1.059,1.05839,1.05885
2026-05-07 16:45:00,1.05884,1.05899,1.0583,1.05835
2026-05-07 17:00:00,1.05834,1.05879,1.05831,1.0587
2026-05-07 17:15:00,1.05869,1.05894,1.05836,1.05866
2026-05-07 17:30:00,1.05865,1.05894,1.05843,1.05864
2026-05-07 17:45:00,1.05863,1.0588899999999999,1.05818,1.05863
2026-05-07 18:00:00,1.05861,1.059,1.05849,1.05898
2026-05-07 18:15:00,1.05899,1.05931,1.0588,1.05896
2026-05-07 18:30:00,1.05898,1.05904,1.0585,1.05876
2026-05-07 18:45:00,1.05875,1.05884,1.05822,1.05833
2026-05-07 19:00:00,1.05833,1.0584,1.05806,1.0583
2026-05-07 19:15:00,1.0583,1.0583,1.0578,1.05802
2026-05-07 19:30:00,1.05803,1.05814,1.05781,1.05792
2026-05-07 19:45:00,1.05791,1.05804,1.05759,1.05802
2026-05-07 20:00:00,1.05801,1.05812,1.05777,1.05797
2026-05-07 20:15:00,1.05798,1.05805,1.05777,1.05799
2026-05-07 20:30:00,1.05799,1.0582,1.0578400000000001,1.05816
2026-05-07 20:45:00,1.05816,1.05819,1.05779,1.05804
2026-05-07 21:00:00,1.05803,1.05805,1.05772,1.05787
2026-05-07 21:15:00,1.05786,1.05792,1.05768,1.05769
2026-05-07 21:30:00,1.05769,1.05799,1.05761,1.05788
2026-05-07 21:45:00,1.05789,1.05793,1.05755,1.05777
2026-05-07 22:00:00,1.05777,1.05801,1.05771,1.05799
2026-05-07 22:15:00,1.05799,1.05817,1.05792,1.05802
2026-05-07 22:30:00,1.05802,1.05808,1.05778,1.05792
2026-05-07 22:45:00,1.05791,1.05829,1.05783,1.05813
2026-05-07 23:00:00,1.05813,1.05829,1.05799,1.05819
2026-05-07 23:15:00,1.05819,1.05825,1.05789,1.05802
2026-05-07 23:30:00,1.05801,1.05805,1.05766,1.05772
2026-05-07 23:45:00,1.05772,1.05789,1.05747,1.05766
2026-05-08 00:00:00,1.0553,1.05616,1.05486,1.05616
2026-05-08 00:15:00,1.05573,1.0568,1.05533,1.05623
2026-05-08 00:30:00,1.05625,1.0573,1.05621,1.05666
2026-05-08 00:45:00,1.05684,1.05732,1.05611,1.0567
2026-05-08 01:00:00,1.05683,1.05772,1.05671,1.05757
2026-05-08 01:15:00,1.05755,1.05771,1.0574,1.05758
2026-05-08 01:30:00,1.05759,1.05765,1.05748,1.05755
2026-05-08 01:45:00,1.05754,1.05769,1.0575,1.05766
2026-05-08 02:00:00,1.0576699999999999,1.05792,1.05765,1.05791
2026-05-08 02:15:00,1.05791,1.05794,1.05779,1.05782
2026-05-08 02:30:00,1.05781,1.05793,1.05769,1.05791
2026-05-08 02:45:00,1.0579,1.05802,1.05781,1.05797
2026-05-08 03:00:00,1.05797,1.05801,1.05768,1.05792
2026-05-08 03:15:00,1.05791,1.05805,1.05782,1.05798
2026-05-08 03:30:00,1.05798,1.05807,1.05783,1.0578400000000001
2026-05-08 03:45:00,1.0578400000000001,1.05793,1.05753,1.05768
2026-05-08 04:00:00,1.05768,1.05774,1.0575,1.05758
2026-05-08 04:15:00,1.05757,1.05763,1.05739,1.05762
2026-05-08 04:30:00,1.05763,1.05787,1.05756,1.05777
2026-05-08 04:45:00,1.05777,1.05799,1.05775,1.05793
2026-05-08 05:00:00,1.05793,1.05823,1.05792,1.0582
2026-05-08 05:15:00,1.05821,1.0582799999999999,1.05811,1.0582
2026-05-08 05:30:00,1.0582,1.0582799999999999,1.05809,1.05817
2026-05-08 05:45:00,1.05817,1.05832,1.05816,1.05818
2026-05-08 06:00:00,1.05818,1.05839,1.05816,1.05833
2026-05-08 06:15:00,1.05832,1.05836,1.05807,1.05808
2026-05-08 06:30:00,1.0581,1.05817,1.05797,1.05801
2026-05-08 06:45:00,1.058,1.0581,1.05796,1.05797
2026-05-08 07:00:00,1.05798,1.0582,1.05765,1.05817
2026-05-08 07:15:00,1.05817,1.05836,1.05813,1.05834
2026-05-08 07:30:00,1.05832,1.05836,1.05781,1.0579
2026-05-08 07:45:00,1.05789,1.0583,1.05787,1.05789
2026-05-08 08:00:00,1.05789,1.05844,1.0578400000000001,1.05826
2026-05-08 08:15:00,1.05826,1.05848,1.05822,1.05847
2026-05-08 08:30:00,1.05846,1.05861,1.05833,1.05843
2026-05-08 08:45:00,1.05843,1.05852,1.05834,1.05849
2026-05-08 09:00:00,1.0585,1.05864,1.05794,1.05823
2026-05-08 09:15:00,1.05824,1.05856,1.05811,1.05814
2026-05-08 09:30:00,1.05814,1.05874,1.05812,1.05868
2026-05-08 09:45:00,1.05868,1.05883,1.0584500000000001,1.05859
2026-05-08 10:00:00,1.05859,1.05875,1.05837,1.05837
2026-05-08 10:15:00,1.05838,1.05851,1.05818,1.05847
2026-05-08 10:30:00,1.05848,1.05864,1.05821,1.05859
2026-05-08 10:45:00,1.05859,1.05877,1.05824,1.05827
2026-05-08 11:00:00,1.05825,1.05851,1.05811,1.0585
2026-05-08 11:15:00,1.0585,1.05875,1.05836,1.05868
2026-05-08 11:30:00,1.05868,1.05922,1.05861,1.05892
2026-05-08 11:45:00,1.05891,1.05944,1.05878,1.05938
2026-05-08 12:00:00,1.05937,1.05947,1.05901,1.05917
2026-05-08 12:15:00,1.05916,1.05939,1.05909,1.05926
2026-05-08 12:30:00,1.05926,1.0594,1.05902,1.05916
2026-05-08 12:45:00,1.05917,1.05923,1.05892,1.05904
2026-05-08 13:00:00,1.05903,1.05939,1.05899,1.05924
2026-05-08 13:15:00,1.05925,1.05934,1.05904,1.05918
2026-05-08 13:30:00,1.05917,1.05918,1.05895,1.05914
2026-05-08 13:45:00,1.05914,1.0594,1.05881,1.05885
2026-05-08 14:00:00,1.05884,1.05918,1.0588,1.05912
2026-05-08 14:15:00,1.05911,1.05933,1.05898,1.05921
2026-05-08 14:30:00,1.0592,1.05941,1.05899,1.05914
2026-05-08 14:45:00,1.05915,1.05922,1.05899,1.05916
2026-05-08 15:00:00,1.05916,1.05958,1.05904,1.0594999999999999
2026-05-08 15:15:00,1.05949,1.0596700000000001,1.05908,1.05929
2026-05-08 15:30:00,1.05926,1.05937,1.05831,1.05876
2026-05-08 15:45:00,1.05875,1.05898,1.05827,1.0586
2026-05-08 16:00:00,1.05861,1.05887,1.05823,1.0586
2026-05-08 16:15:00,1.05859,1.05894,1.05852,1.05873
2026-05-08 16:30:00,1.05872,1.05876,1.05827,1.05874
2026-05-08 16:45:00,1.05874,1.05912,1.05862,1.05909
2026-05-08 17:00:00,1.05912,1.05926,1.05876,1.0590600000000001
2026-05-08 17:15:00,1.05907,1.05948,1.05904,1.05909
2026-05-08 17:30:00,1.05908,1.05928,1.0585,1.05918
2026-05-08 17:45:00,1.05918,1.0597,1.05904,1.05916
2026-05-08 18:00:00,1.05917,1.05932,1.05872,1.05928
2026-05-08 18:15:00,1.05927,1.05951,1.05915,1.05943
2026-05-08 18:30:00,1.05944,1.05959,1.05909,1.05917
2026-05-08 18:45:00,1.05917,1.05919,1.05874,1.05901
2026-05-08 19:00:00,1.059,1.0590600000000001,1.0588,1.05885
2026-05-08 19:15:00,1.05884,1.05896,1.05875,1.05881
2026-05-08 19:30:00,1.05881,1.05886,1.05853,1.05866
2026-05-08 19:45:00,1.05867,1.05872,1.05819,1.05831
2026-05-08 20:00:00,1.05832,1.05849,1.05821,1.05841
2026-05-08 20:15:00,1.0584,1.05843,1.05803,1.05824
2026-05-08 20:30:00,1.05824,1.0584500000000001,1.05814,1.05817
2026-05-08 20:45:00,1.05818,1.05848,1.05813,1.05842
2026-05-08 21:00:00,1.05842,1.05846,1.05826,1.05837
2026-05-08 21:15:00,1.05839,1.05843,1.05815,1.05823
2026-05-08 21:30:00,1.05824,1.05826,1.05771,1.05772
2026-05-08 21:45:00,1.05773,1.05789,1.05759,1.05779
2026-05-08 22:00:00,1.05778,1.05793,1.05775,1.05777
2026-05-08 22:15:00,1.05777,1.05785,1.05765,1.05772
2026-05-08 22:30:00,1.05772,1.05797,1.0576699999999999,1.05778
2026-05-08 22:45:00,1.05778,1.0588,1.05778,1.05877
2026-05-08 23:00:00,1.05878,1.059,1.05851,1.05852
2026-05-08 23:15:00,1.05851,1.05854,1.05832,1.05854
2026-05-08 23:30:00,1.05855,1.05855,1.05809,1.05821
2026-05-08 23:45:00,1.0582,1.05859,1.05788,1.05799
2026-05-11 00:00:00,1.05244,1.05397,1.05244,1.05384
2026-05-11 00:15:00,1.05385,1.05475,1.05328,1.05475
2026-05-11 00:30:00,1.05489,1.05603,1.05395,1.05505
2026-05-11 00:45:00,1.05505,1.05525,1.05376,1.054
2026-05-11 01:00:00,1.05386,1.05664,1.05371,1.05652
2026-05-11 01:15:00,1.05652,1.0566,1.05615,1.05654
2026-05-11 01:30:00,1.05653,1.05699,1.05653,1.05679
2026-05-11 01:45:00,1.0568,1.05707,1.05679,1.05704
2026-05-11 02:00:00,1.05705,1.0572300000000001,1.05698,1.05717
2026-05-11 02:15:00,1.05716,1.05739,1.05714,1.05732
2026-05-11 02:30:00,1.05732,1.05738,1.05709,1.0572
2026-05-11 02:45:00,1.05721,1.05733,1.05713,1.05733
2026-05-11 03:00:00,1.05733,1.05748,1.05725,1.05746
2026-05-11 03:15:00,1.05746,1.05758,1.05736,1.05758
2026-05-11 03:30:00,1.05758,1.05786,1.05754,1.05779
2026-05-11 03:45:00,1.05779,1.0578400000000001,1.0576,1.0578
2026-05-11 04:00:00,1.0578,1.05802,1.0578,1.05797
2026-05-11 04:15:00,1.05797,1.05812,1.05793,1.05801
2026-05-11 04:30:00,1.05801,1.0582,1.05795,1.05797
2026-05-11 04:45:00,1.05797,1.05824,1.05794,1.05814
2026-05-11 05:00:00,1.05815,1.05837,1.05811,1.0583
2026-05-11 05:15:00,1.0583,1.05835,1.05823,1.0582799999999999
2026-05-11 05:30:00,1.05829,1.05849,1.0582799999999999,1.05837
2026-05-11 05:45:00,1.05838,1.05854,1.05835,1.05838
2026-05-11 06:00:00,1.05837,1.05852,1.05835,1.05844
2026-05-11 06:15:00,1.05843,1.05859,1.05841,1.05855
2026-05-11 06:30:00,1.05856,1.0587,1.0585,1.05866
2026-05-11 06:45:00,1.05865,1.05882,1.05864,1.05865
2026-05-11 07:00:00,1.05865,1.05878,1.05864,1.05874
2026-05-11 07:15:00,1.05875,1.05881,1.05868,1.05881
2026-05-11 07:30:00,1.0588,1.05892,1.05876,1.05876
2026-05-11 07:45:00,1.05877,1.05879,1.0584,1.05852
2026-05-11 08:00:00,1.05851,1.05864,1.05836,1.05842
2026-05-11 08:15:00,1.05842,1.05881,1.05841,1.0588
2026-05-11 08:30:00,1.0588,1.05882,1.05849,1.05853
2026-05-11 08:45:00,1.05853,1.05885,1.05849,1.05869
2026-05-11 09:00:00,1.05868,1.05881,1.05841,1.05859
2026-05-11 09:15:00,1.0586,1.05864,1.05748,1.05772
2026-05-11 09:30:00,1.05776,1.05807,1.05745,1.05748
2026-05-11 09:45:00,1.05747,1.05777,1.05732,1.05765
2026-05-11 10:00:00,1.05764,1.05831,1.05759,1.058
2026-05-11 10:15:00,1.058,1.0582,1.0576699999999999,1.05795
2026-05-11 10:30:00,1.05795,1.05831,1.05792,1.05817
2026-05-11 10:45:00,1.05816,1.05856,1.05812,1.0583
2026-05-11 11:00:00,1.0583,1.05886,1.05819,1.05865
2026-05-11 11:15:00,1.05866,1.05881,1.05823,1.0587
2026-05-11 11:30:00,1.05871,1.05874,1.05843,1.05866
2026-05-11 11:45:00,1.05865,1.05929,1.05851,1.05927
2026-05-11 12:00:00,1.05929,1.05959,1.05918,1.0593
2026-05-11 12:15:00,1.05929,1.05961,1.05921,1.05938
2026-05-11 12:30:00,1.05938,1.05947,1.05908,1.05911
2026-05-11 12:45:00,1.0591,1.0592,1.05892,1.05916
2026-05-11 13:00:00,1.05916,1.05926,1.05867,1.05876
2026-05-11 13:15:00,1.05877,1.05913,1.05865,1.05882
2026-05-11 13:30:00,1.0588,1.059,1.05796,1.0581
2026-05-11 13:45:00,1.0581,1.05859,1.05756,1.05792
2026-05-11 14:00:00,1.05792,1.05954,1.0579,1.05926
2026-05-11 14:15:00,1.05924,1.05936,1.05908,1.05909
2026-05-11 14:30:00,1.05911,1.0594,1.05904,1.05932
2026-05-11 14:45:00,1.05932,1.05965,1.05908,1.05947
2026-05-11 15:00:00,1.05951,1.05958,1.05919,1.05923
2026-05-11 15:15:00,1.05925,1.05979,1.05918,1.05955
2026-05-11 15:30:00,1.05955,1.05965,1.05932,1.05939
2026-05-11 15:45:00,1.05938,1.05948,1.05919,1.05922
2026-05-11 16:00:00,1.05922,1.0594999999999999,1.05914,1.05931
2026-05-11 16:15:00,1.05931,1.05963,1.05918,1.0592
2026-05-11 16:30:00,1.05919,1.05994,1.05919,1.05963
2026-05-11 16:45:00,1.05963,1.05969,1.05909,1.05915
2026-05-11 17:00:00,1.05914,1.05922,1.05888,1.05903
2026-05-11 17:15:00,1.05903,1.05914,1.05864,1.05868
2026-05-11 17:30:00,1.05868,1.05931,1.05865,1.05872
2026-05-11 17:45:00,1.05873,1.06,1.0586,1.05999
2026-05-11 18:00:00,1.05998,1.06032,1.05987,1.05991
2026-05-11 18:15:00,1.05991,1.06085,1.05991,1.06054
2026-05-11 18:30:00,1.06054,1.06093,1.06045,1.0607
2026-05-11 18:45:00,1.06071,1.06097,1.06065,1.06096
2026-05-11 19:00:00,1.06097,1.06107,1.06061,1.06083
2026-05-11 19:15:00,1.06082,1.06083,1.06044,1.06078
2026-05-11 19:30:00,1.06079,1.06121,1.06078,1.06099
2026-05-11 19:45:00,1.06099,1.06121,1.06077,1.06104
2026-05-11 20:00:00,1.06106,1.06117,1.06084,1.06111
2026-05-11 20:15:00,1.06111,1.06128,1.06097,1.06117
2026-05-11 20:30:00,1.06118,1.06118,1.06089,1.06103
2026-05-11 20:45:00,1.061,1.06107,1.06082,1.06101
2026-05-11 21:00:00,1.06101,1.06104,1.06084,1.06088
2026-05-11 21:15:00,1.06089,1.06101,1.06062,1.06063
2026-05-11 21:30:00,1.06064,1.0607,1.06047,1.06062
2026-05-11 21:45:00,1.06061,1.06071,1.06045,1.0606
2026-05-11 22:00:00,1.0606,1.0607,1.06034,1.06062
2026-05-11 22:15:00,1.06062,1.0607,1.05995,1.06009
2026-05-11 22:30:00,1.06009,1.06026,1.06,1.06003
2026-05-11 22:45:00,1.06003,1.06006,1.05973,1.05975
2026-05-11 23:00:00,1.05975,1.05984,1.05914,1.05928
2026-05-11 23:15:00,1.05928,1.0594,1.0591,1.05921
2026-05-11 23:30:00,1.05921,1.05922,1.0587,1.05877
2026-05-11 23:45:00,1.05877,1.05913,1.05875,1.05877
2026-05-12 00:00:00,1.05661,1.05873,1.05657,1.05873
2026-05-12 00:15:00,1.05873,1.05942,1.05795,1.05815
2026-05-12 00:30:00,1.05822,1.05857,1.05782,1.0582
2026-05-12 00:45:00,1.05813,1.05836,1.0575,1.05805
2026-05-12 01:00:00,1.05806,1.05842,1.05777,1.05841
2026-05-12 01:15:00,1.05841,1.05843,1.05833,1.05835
2026-05-12 01:30:00,1.05834,1.05853,1.05829,1.0585
2026-05-12 01:45:00,1.0585,1.05852,1.05844,1.05847
2026-05-12 02:00:00,1.05848,1.0587,1.05848,1.05864
2026-05-12 02:15:00,1.05865,1.05878,1.05858,1.05878
2026-05-12 02:30:00,1.05876,1.05886,1.05866,1.05876
2026-05-12 02:45:00,1.05877,1.05887,1.0586,1.05868
2026-05-12 03:00:00,1.05868,1.05894,1.05855,1.05884
2026-05-12 03:15:00,1.05883,1.05891,1.05875,1.05885
2026-05-12 03:30:00,1.05886,1.05899,1.05879,1.05886
2026-05-12 03:45:00,1.05887,1.05913,1.05879,1.05893
2026-05-12 04:00:00,1.05893,1.05902,1.05881,1.05891
2026-05-12 04:15:00,1.05892,1.05894,1.0588,1.05887
2026-05-12 04:30:00,1.05887,1.05905,1.05873,1.05898
2026-05-12 04:45:00,1.05898,1.05918,1.05896,1.05914
2026-05-12 05:00:00,1.05914,1.05935,1.05914,1.05932
2026-05-12 05:15:00,1.05933,1.05935,1.05917,1.05929
2026-05-12 05:30:00,1.05929,1.05938,1.05921,1.05937
2026-05-12 05:45:00,1.05937,1.05946,1.05934,1.05945
2026-05-12 06:00:00,1.05946,1.0594999999999999,1.05934,1.0594999999999999
2026-05-12 06:15:00,1.0594999999999999,1.05954,1.05929,1.05932
2026-05-12 06:30:00,1.05932,1.05937,1.05914,1.05936
2026-05-12 06:45:00,1.05936,1.05937,1.05922,1.05931
2026-05-12 07:00:00,1.0593,1.05936,1.05914,1.05917
2026-05-12 07:15:00,1.05918,1.05928,1.05917,1.0592
2026-05-12 07:30:00,1.05921,1.05938,1.05918,1.05919
2026-05-12 07:45:00,1.05919,1.05934,1.05919,1.05924
2026-05-12 08:00:00,1.05924,1.05929,1.05869,1.05872
2026-05-12 08:15:00,1.05872,1.05892,1.05857,1.05861
2026-05-12 08:30:00,1.05861,1.05866,1.05833,1.05833
2026-05-12 08:45:00,1.05833,1.05839,1.0573,1.05763
2026-05-12 09:00:00,1.05764,1.05795,1.0575,1.05786
2026-05-12 09:15:00,1.05787,1.05789,1.05738,1.05747
2026-05-12 09:30:00,1.05746,1.05751,1.05699,1.05713
2026-05-12 09:45:00,1.05714,1.05721,1.0566,1.05665
2026-05-12 10:00:00,1.05666,1.057,1.05603,1.05618
2026-05-12 10:15:00,1.05618,1.05646,1.05582,1.05609
2026-05-12 10:30:00,1.05608,1.05612,1.05523,1.05523
2026-05-12 10:45:00,1.05523,1.05552,1.05503,1.05544
2026-05-12 11:00:00,1.05543,1.05552,1.05419,1.05433
2026-05-12 11:15:00,1.05432,1.05602,1.05419,1.05481
2026-05-12 11:30:00,1.05479,1.05522,1.05463,1.05482
2026-05-12 11:45:00,1.05482,1.05624,1.05482,1.0562
2026-05-12 12:00:00,1.05623,1.05663,1.05587,1.0564
2026-05-12 12:15:00,1.05639,1.0569,1.05623,1.05686
2026-05-12 12:30:00,1.05686,1.05758,1.05668,1.05725
2026-05-12 12:45:00,1.05726,1.05758,1.05688,1.05701
2026-05-12 13:00:00,1.05702,1.05745,1.05701,1.05734
2026-05-12 13:15:00,1.05734,1.05771,1.05725,1.05759
2026-05-12 13:30:00,1.0576,1.05809,1.05743,1.0575
2026-05-12 13:45:00,1.05749,1.05759,1.05697,1.05705
2026-05-12 14:00:00,1.05704,1.05759,1.05663,1.05696
2026-05-12 14:15:00,1.05695,1.05734,1.05686,1.05715
2026-05-12 14:30:00,1.05716,1.05746,1.05689,1.05722
2026-05-12 14:45:00,1.0572300000000001,1.05743,1.05646,1.05692
2026-05-12 15:00:00,1.05692,1.05702,1.0563,1.05648
2026-05-12 15:15:00,1.05649,1.05649,1.05596,1.05607
2026-05-12 15:30:00,1.05607,1.0566,1.05586,1.05633
2026-05-12 15:45:00,1.05632,1.05688,1.05615,1.05641
2026-05-12 16:00:00,1.05643,1.0568,1.05631,1.05647
2026-05-12 16:15:00,1.05647,1.0568,1.05625,1.05669
2026-05-12 16:30:00,1.05669,1.05708,1.0565,1.05666
2026-05-12 16:45:00,1.05667,1.05684,1.05636,1.05646
2026-05-12 17:00:00,1.05647,1.05805,1.05641,1.05762
2026-05-12 17:15:00,1.05762,1.05769,1.05724,1.05743
2026-05-12 17:30:00,1.05744,1.05745,1.05683,1.05698
2026-05-12 17:45:00,1.05692,1.05711,1.05601,1.05652
2026-05-12 18:00:00,1.05653,1.05682,1.05595,1.05672
2026-05-12 18:15:00,1.05669,1.05676,1.05578,1.05642
2026-05-12 18:30:00,1.05641,1.05712,1.05634,1.05707
2026-05-12 18:45:00,1.05709,1.05754,1.05698,1.05736
2026-05-12 19:00:00,1.05737,1.05776,1.05714,1.05746
2026-05-12 19:15:00,1.05745,1.05748,1.05693,1.05701
2026-05-12 19:30:00,1.05701,1.05725,1.05688,1.0571
2026-05-12 19:45:00,1.0571,1.05746,1.05687,1.0570599999999999
2026-05-12 20:00:00,1.05705,1.05743,1.05697,1.05716
2026-05-12 20:15:00,1.05716,1.05718,1.05692,1.05696
2026-05-12 20:30:00,1.05695,1.05701,1.05684,1.05692
2026-05-12 20:45:00,1.05692,1.05694,1.05669,1.05678
2026-05-12 21:00:00,1.05678,1.05687,1.05652,1.05674
2026-05-12 21:15:00,1.05674,1.05692,1.05629,1.05647
2026-05-12 21:30:00,1.05648,1.05682,1.05643,1.05646
2026-05-12 21:45:00,1.05647,1.05664,1.05639,1.05648
2026-05-12 22:00:00,1.05649,1.05682,1.05648,1.05675
2026-05-12 22:15:00,1.05675,1.05681,1.05659,1.05675
2026-05-12 22:30:00,1.05678,1.057,1.05668,1.05697
2026-05-12 22:45:00,1.05697,1.05714,1.05692,1.05701
2026-05-12 23:00:00,1.05701,1.05707,1.05693,1.05705
2026-05-12 23:15:00,1.05705,1.05708,1.05688,1.05689
2026-05-12 23:30:00,1.0569,1.05699,1.05682,1.05682
2026-05-12 23:45:00,1.05681,1.05688,1.05659,1.05672
2026-05-13 00:00:00,1.05522,1.05619,1.05522,1.05593
2026-05-13 00:15:00,1.05594,1.05607,1.05578,1.05591
2026-05-13 00:30:00,1.05585,1.05662,1.05579,1.05632
2026-05-13 00:45:00,1.05668,1.057,1.05634,1.05661
2026-05-13 01:00:00,1.05661,1.05685,1.05637,1.05669
2026-05-13 01:15:00,1.05666,1.05677,1.05654,1.05655
2026-05-13 01:30:00,1.05654,1.05682,1.05652,1.05664
2026-05-13 01:45:00,1.05664,1.05673,1.05663,1.05669
2026-05-13 02:00:00,1.05668,1.0568,1.05662,1.05675
2026-05-13 02:15:00,1.05673,1.05675,1.05661,1.05665
2026-05-13 02:30:00,1.05665,1.0567,1.05643,1.05645
2026-05-13 02:45:00,1.05645,1.05666,1.05644,1.05653
2026-05-13 03:00:00,1.05652,1.0566,1.0563,1.05633
2026-05-13 03:15:00,1.05633,1.05643,1.05628,1.05641
2026-05-13 03:30:00,1.05643,1.05654,1.05632,1.05636
2026-05-13 03:45:00,1.05635,1.05647,1.05598,1.05606
2026-05-13 04:00:00,1.05607,1.05627,1.05594,1.0561
2026-05-13 04:15:00,1.05609,1.05634,1.05608,1.05628
2026-05-13 04:30:00,1.05629,1.0564,1.05624,1.05639
2026-05-13 04:45:00,1.05639,1.05658,1.05634,1.05647
2026-05-13 05:00:00,1.05648,1.05667,1.05638,1.05643
2026-05-13 05:15:00,1.05644,1.05651,1.05634,1.05643
2026-05-13 05:30:00,1.05643,1.05665,1.05642,1.05661
2026-05-13 05:45:00,1.0566,1.05665,1.0563,1.05646
2026-05-13 06:00:00,1.05647,1.05651,1.0563,1.05643
2026-05-13 06:15:00,1.05643,1.05649,1.05633,1.05638
2026-05-13 06:30:00,1.05638,1.05656,1.05638,1.05646
2026-05-13 06:45:00,1.05646,1.05664,1.05643,1.05658
2026-05-13 07:00:00,1.05657,1.05658,1.05632,1.05641
2026-05-13 07:15:00,1.05641,1.05649,1.05636,1.05646
2026-05-13 07:30:00,1.05646,1.05651,1.05631,1.05632
2026-05-13 07:45:00,1.05633,1.05646,1.05629,1.05636
2026-05-13 08:00:00,1.05637,1.05681,1.05636,1.0568
2026-05-13 08:15:00,1.05679,1.05685,1.05662,1.05674
2026-05-13 08:30:00,1.05674,1.0571,1.05673,1.05705
2026-05-13 08:45:00,1.05704,1.05742,1.05704,1.05728
2026-05-13 09:00:00,1.05726,1.0575,1.05701,1.05719
2026-05-13 09:15:00,1.05719,1.05726,1.05676,1.05704
2026-05-13 09:30:00,1.05704,1.05737,1.05692,1.05696
2026-05-13 09:45:00,1.05696,1.05716,1.05658,1.05682
2026-05-13 10:00:00,1.05681,1.05729,1.05657,1.05664
2026-05-13 10:15:00,1.05664,1.05713,1.05649,1.0571
2026-05-13 10:30:00,1.0571,1.05722,1.05679,1.05699
2026-05-13 10:45:00,1.05698,1.05733,1.05666,1.05671
2026-05-13 11:00:00,1.0567,1.05727,1.05669,1.05727
2026-05-13 11:15:00,1.05727,1.05761,1.05703,1.05761
2026-05-13 11:30:00,1.05761,1.05793,1.05758,1.0578400000000001
2026-05-13 11:45:00,1.05786,1.05842,1.05772,1.05782
2026-05-13 12:00:00,1.05785,1.0579,1.05722,1.05785
2026-05-13 12:15:00,1.05787,1.05793,1.05748,1.05776
2026-05-13 12:30:00,1.05775,1.05785,1.0570599999999999,1.05708
2026-05-13 12:45:00,1.05708,1.05711,1.05668,1.05708
2026-05-13 13:00:00,1.05708,1.05724,1.05535,1.05637
2026-05-13 13:15:00,1.05638,1.05704,1.05586,1.0565
2026-05-13 13:30:00,1.05651,1.05651,1.05597,1.05636
2026-05-13 13:45:00,1.05635,1.05663,1.05551,1.05558
2026-05-13 14:00:00,1.05559,1.05596,1.0551,1.05537
2026-05-13 14:15:00,1.05536,1.05571,1.0552,1.05549
2026-05-13 14:30:00,1.05548,1.05549,1.05515,1.05522
2026-05-13 14:45:00,1.05522,1.05544,1.05488,1.05529
2026-05-13 15:00:00,1.0553,1.0556,1.0552,1.05544
2026-05-13 15:15:00,1.05546,1.05563,1.05511,1.05511
2026-05-13 15:30:00,1.05514,1.05569,1.05509,1.05565
2026-05-13 15:45:00,1.05563,1.05598,1.05558,1.05584
2026-05-13 16:00:00,1.05583,1.05659,1.05583,1.05601
2026-05-13 16:15:00,1.056,1.05631,1.05596,1.05602
2026-05-13 16:30:00,1.05602,1.05675,1.05598,1.05641
2026-05-13 16:45:00,1.05641,1.05689,1.05637,1.05672
2026-05-13 17:00:00,1.05673,1.05739,1.05672,1.05715
2026-05-13 17:15:00,1.05715,1.05765,1.05715,1.05732
2026-05-13 17:30:00,1.05731,1.05771,1.0572300000000001,1.05736
2026-05-13 17:45:00,1.05736,1.05778,1.05721,1.05754
2026-05-13 18:00:00,1.05754,1.05774,1.05738,1.05748
2026-05-13 18:15:00,1.05748,1.0578,1.05737,1.05773
2026-05-13 18:30:00,1.05772,1.0581,1.05764,1.05795
2026-05-13 18:45:00,1.05795,1.0581,1.05776,1.05782
2026-05-13 19:00:00,1.05783,1.05796,1.0576,1.05768
2026-05-13 19:15:00,1.0576699999999999,1.05771,1.05737,1.05739
2026-05-13 19:30:00,1.05739,1.0576,1.05719,1.05733
2026-05-13 19:45:00,1.05734,1.05756,1.05726,1.05746
2026-05-13 20:00:00,1.05747,1.05747,1.05726,1.05736
2026-05-13 20:15:00,1.05734,1.05734,1.0571,1.05717
2026-05-13 20:30:00,1.05716,1.05732,1.05713,1.05729
2026-05-13 20:45:00,1.05729,1.05733,1.05711,1.05724
2026-05-13 21:00:00,1.05725,1.05732,1.05711,1.05719
2026-05-13 21:15:00,1.05718,1.05734,1.05715,1.05724
2026-05-13 21:30:00,1.05724,1.05732,1.05719,1.05724
2026-05-13 21:45:00,1.0572300000000001,1.05745,1.05716,1.05741
2026-05-13 22:00:00,1.05742,1.05745,1.0572,1.05727
2026-05-13 22:15:00,1.05727,1.05736,1.05717,1.05719
2026-05-13 22:30:00,1.05719,1.0572300000000001,1.05703,1.05712
2026-05-13 22:45:00,1.05713,1.05729,1.05703,1.0572
2026-05-13 23:00:00,1.05719,1.05729,1.05704,1.0571
2026-05-13 23:15:00,1.0571,1.05732,1.0571,1.05725
2026-05-13 23:30:00,1.05725,1.05729,1.05712,1.05713
2026-05-13 23:45:00,1.05712,1.05718,1.05695,1.05695
2026-05-14 00:00:00,1.05663,1.05702,1.05603,1.05668
2026-05-14 00:15:00,1.05672,1.0572,1.05621,1.05676
2026-05-14 00:30:00,1.05647,1.05685,1.05647,1.05664
2026-05-14 00:45:00,1.05657,1.05665,1.05629,1.0564
2026-05-14 01:00:00,1.05643,1.05734,1.05636,1.05726
2026-05-14 01:15:00,1.05725,1.05736,1.05722,1.05729
2026-05-14 01:30:00,1.05729,1.05747,1.05727,1.05743
2026-05-14 01:45:00,1.05744,1.05744,1.05719,1.05721
2026-05-14 02:00:00,1.05722,1.05738,1.05701,1.05738
2026-05-14 02:15:00,1.05737,1.05741,1.05729,1.05736
2026-05-14 02:30:00,1.05737,1.05744,1.05727,1.05743
2026-05-14 02:45:00,1.05742,1.05744,1.05728,1.05734
2026-05-14 03:00:00,1.05734,1.05745,1.0572,1.05739
2026-05-14 03:15:00,1.05739,1.05752,1.05735,1.05746
2026-05-14 03:30:00,1.05746,1.05753,1.05732,1.05735
2026-05-14 03:45:00,1.05735,1.05739,1.05721,1.05731
2026-05-14 04:00:00,1.0573,1.05739,1.05711,1.05717
2026-05-14 04:15:00,1.05717,1.05719,1.05696,1.05713
2026-05-14 04:30:00,1.05713,1.0572300000000001,1.05701,1.05704
2026-05-14 04:45:00,1.05704,1.05705,1.05681,1.05683
2026-05-14 05:00:00,1.05682,1.05716,1.05681,1.05716
2026-05-14 05:15:00,1.05717,1.05733,1.05713,1.05731
2026-05-14 05:30:00,1.05731,1.05731,1.05716,1.05716
2026-05-14 05:45:00,1.05716,1.05724,1.05708,1.05719
2026-05-14 06:00:00,1.0572,1.05741,1.05716,1.0574
2026-05-14 06:15:00,1.0574,1.05749,1.0573,1.05744
2026-05-14 06:30:00,1.05744,1.05762,1.05743,1.05756
2026-05-14 06:45:00,1.05758,1.05763,1.05749,1.05757
2026-05-14 07:00:00,1.05756,1.05766,1.05741,1.05756
2026-05-14 07:15:00,1.05757,1.05761,1.05748,1.05751
2026-05-14 07:30:00,1.05751,1.05764,1.05748,1.0576
2026-05-14 07:45:00,1.05759,1.05766,1.05749,1.0576
2026-05-14 08:00:00,1.0576,1.0576,1.05697,1.0571
2026-05-14 08:15:00,1.05709,1.05719,1.05693,1.05698
2026-05-14 08:30:00,1.05698,1.05702,1.05678,1.05683
2026-05-14 08:45:00,1.05684,1.05705,1.05682,1.05693
2026-05-14 09:00:00,1.05693,1.05737,1.05689,1.05715
2026-05-14 09:15:00,1.05715,1.05722,1.05682,1.05708
2026-05-14 09:30:00,1.05709,1.0571,1.05658,1.05659
2026-05-14 09:45:00,1.0566,1.05669,1.05643,1.05643
2026-05-14 10:00:00,1.05643,1.05656,1.05626,1.0565
2026-05-14 10:15:00,1.05649,1.05663,1.05634,1.05659
2026-05-14 10:30:00,1.05658,1.0567,1.05648,1.05658
2026-05-14 10:45:00,1.05657,1.05677,1.05642,1.05654
2026-05-14 11:00:00,1.05653,1.05695,1.05648,1.05691
2026-05-14 11:15:00,1.05691,1.05711,1.05683,1.05691
2026-05-14 11:30:00,1.05692,1.05714,1.05684,1.05704
2026-05-14 11:45:00,1.05703,1.0572,1.05684,1.05717
2026-05-14 12:00:00,1.05716,1.05717,1.05687,1.05713
2026-05-14 12:15:00,1.05714,1.05721,1.05685,1.05689
2026-05-14 12:30:00,1.05688,1.05711,1.05661,1.05697
2026-05-14 12:45:00,1.05695,1.05698,1.05627,1.05638
2026-05-14 13:00:00,1.05637,1.05666,1.05629,1.05632
2026-05-14 13:15:00,1.05629,1.05659,1.05627,1.05657
2026-05-14 13:30:00,1.05657,1.0568,1.05643,1.05665
2026-05-14 13:45:00,1.05665,1.05679,1.05636,1.05636
2026-05-14 14:00:00,1.05637,1.05677,1.05635,1.05657
2026-05-14 14:15:00,1.05657,1.05675,1.05617,1.05621
2026-05-14 14:30:00,1.05621,1.05673,1.05614,1.05671
2026-05-14 14:45:00,1.05671,1.0569,1.05547,1.05584
2026-05-14 15:00:00,1.05584,1.05662,1.05561,1.0564
2026-05-14 15:15:00,1.0564,1.05666,1.05629,1.05629
2026-05-14 15:30:00,1.05638,1.05662,1.05622,1.05629
2026-05-14 15:45:00,1.05629,1.05648,1.0562,1.05634
2026-05-14 16:00:00,1.05634,1.05666,1.05618,1.05618
2026-05-14 16:15:00,1.05617,1.0563,1.05592,1.05604
2026-05-14 16:30:00,1.05604,1.05617,1.05571,1.05596
2026-05-14 16:45:00,1.05596,1.05622,1.05578,1.05608
2026-05-14 17:00:00,1.05611,1.05645,1.05601,1.05638
2026-05-14 17:15:00,1.05639,1.05679,1.05626,1.05672
2026-05-14 17:30:00,1.05672,1.0568,1.0562,1.05621
2026-05-14 17:45:00,1.0562,1.05636,1.05561,1.05577
2026-05-14 18:00:00,1.05576,1.05622,1.05565,1.05582
2026-05-14 18:15:00,1.05582,1.05608,1.05579,1.0559
2026-05-14 18:30:00,1.05591,1.05597,1.05535,1.0555
2026-05-14 18:45:00,1.05549,1.05563,1.0553,1.05531
2026-05-14 19:00:00,1.05534,1.05535,1.05395,1.05403
2026-05-14 19:15:00,1.05403,1.05403,1.05276,1.05321
2026-05-14 19:30:00,1.05321,1.05324,1.05231,1.05236
2026-05-14 19:45:00,1.05237,1.05288,1.05233,1.05284
2026-05-14 20:00:00,1.05284,1.0529,1.05209,1.05225
2026-05-14 20:15:00,1.05225,1.05226,1.05143,1.05154
2026-05-14 20:30:00,1.05155,1.0516,1.05089,1.05095
2026-05-14 20:45:00,1.05095,1.05099,1.05031,1.05033
2026-05-14 21:00:00,1.05033,1.05035,1.04955,1.04961
2026-05-14 21:15:00,1.0496,1.05017,1.04929,1.05012
2026-05-14 21:30:00,1.05012,1.0503,1.04986,1.05003
2026-05-14 21:45:00,1.05002,1.05021,1.0500099999999999,1.05015
2026-05-14 22:00:00,1.05013,1.05037,1.05011,1.05032
2026-05-14 22:15:00,1.05032,1.05054,1.0503,1.05036
2026-05-14 22:30:00,1.05035,1.05044,1.05,1.05022
2026-05-14 22:45:00,1.05023,1.05042,1.04998,1.05011
2026-05-14 23:00:00,1.05012,1.0503,1.05002,1.05013
2026-05-14 23:15:00,1.05013,1.05046,1.05005,1.05032
2026-05-14 23:30:00,1.05031,1.05043,1.05026,1.05032
2026-05-14 23:45:00,1.05031,1.05038,1.05004,1.05011
2026-05-15 00:00:00,1.04961,1.04971,1.04886,1.04943
2026-05-15 00:15:00,1.04944,1.04961,1.04933,1.04961
2026-05-15 00:30:00,1.04962,1.0500099999999999,1.04938,1.04939
2026-05-15 00:45:00,1.04939,1.04972,1.04933,1.04962
2026-05-15 01:00:00,1.04965,1.05032,1.04955,1.0502
2026-05-15 01:15:00,1.05017,1.05026,1.05014,1.05014
2026-05-15 01:30:00,1.05014,1.0501800000000001,1.05007,1.0501
2026-05-15 01:45:00,1.0501,1.05033,1.05007,1.05032
2026-05-15 02:00:00,1.05032,1.05034,1.04955,1.04973
2026-05-15 02:15:00,1.04973,1.04992,1.0496,1.0499
2026-05-15 02:30:00,1.04991,1.05053,1.0499,1.0505
2026-05-15 02:45:00,1.0505,1.05055,1.05008,1.05013
2026-05-15 03:00:00,1.05013,1.0503,1.05,1.05009
2026-05-15 03:15:00,1.05011,1.05035,1.04998,1.05029
2026-05-15 03:30:00,1.05029,1.05038,1.04969,1.04991
2026-05-15 03:45:00,1.04991,1.05008,1.04985,1.04998
2026-05-15 04:00:00,1.04998,1.05021,1.04991,1.05011
2026-05-15 04:15:00,1.05011,1.05012,1.04971,1.04978
2026-05-15 04:30:00,1.04979,1.05014,1.0496,1.05
2026-05-15 04:45:00,1.04999,1.05016,1.04991,1.04997
2026-05-15 05:00:00,1.04997,1.0500099999999999,1.04976,1.04991
2026-05-15 05:15:00,1.04992,1.04993,1.04947,1.04958
2026-05-15 05:30:00,1.04959,1.04987,1.04952,1.04985
2026-05-15 05:45:00,1.04986,1.05002,1.04971,1.04993
2026-05-15 06:00:00,1.04993,1.0501,1.04989,1.05002
2026-05-15 06:15:00,1.0500099999999999,1.05019,1.05,1.05002
2026-05-15 06:30:00,1.05002,1.05009,1.04993,1.05002
2026-05-15 06:45:00,1.05003,1.05025,1.04996,1.05019
2026-05-15 07:00:00,1.0501800000000001,1.0501800000000001,1.04983,1.04988
2026-05-15 07:15:00,1.04988,1.04999,1.04979,1.0498
2026-05-15 07:30:00,1.04981,1.04996,1.04976,1.0498
2026-05-15 07:45:00,1.0498,1.05021,1.04979,1.04991
2026-05-15 08:00:00,1.04991,1.04994,1.04931,1.04934
2026-05-15 08:15:00,1.04933,1.04943,1.04917,1.04938
2026-05-15 08:30:00,1.04939,1.04945,1.0491,1.04923
2026-05-15 08:45:00,1.04924,1.04924,1.04892,1.04902
2026-05-15 09:00:00,1.049,1.04931,1.04876,1.04887
2026-05-15 09:15:00,1.04888,1.04896,1.04767,1.04778
2026-05-15 09:30:00,1.04778,1.04925,1.04772,1.04923
2026-05-15 09:45:00,1.04922,1.04933,1.04903,1.04916
2026-05-15 10:00:00,1.04917,1.04924,1.04861,1.04907
2026-05-15 10:15:00,1.04908,1.04967,1.0488,1.04946
2026-05-15 10:30:00,1.04945,1.04963,1.049,1.04926
2026-05-15 10:45:00,1.04926,1.04951,1.04905,1.04937
2026-05-15 11:00:00,1.04939,1.04947,1.0491,1.04915
2026-05-15 11:15:00,1.04916,1.04922,1.0487,1.04893
2026-05-15 11:30:00,1.04892,1.04895,1.0485,1.04865
2026-05-15 11:45:00,1.04865,1.04891,1.04842,1.04854
2026-05-15 12:00:00,1.04855,1.04857,1.04815,1.04842
2026-05-15 12:15:00,1.04842,1.04883,1.04834,1.04869
2026-05-15 12:30:00,1.04868,1.0491,1.04867,1.04891
2026-05-15 12:45:00,1.04892,1.04952,1.04869,1.04927
2026-05-15 13:00:00,1.04927,1.04966,1.0492,1.0493
2026-05-15 13:15:00,1.04931,1.04933,1.04888,1.04909
2026-05-15 13:30:00,1.04909,1.04948,1.04903,1.04944
2026-05-15 13:45:00,1.04945,1.04986,1.0493,1.04971
2026-05-15 14:00:00,1.04971,1.04997,1.04964,1.04984
2026-05-15 14:15:00,1.04983,1.05043,1.0498,1.05024
2026-05-15 14:30:00,1.05025,1.05058,1.04991,1.0503
2026-05-15 14:45:00,1.05029,1.0505,1.05009,1.05015
2026-05-15 15:00:00,1.05015,1.05041,1.05005,1.05029
2026-05-15 15:15:00,1.0503,1.0507,1.05016,1.0502
2026-05-15 15:30:00,1.05021,1.05025,1.04948,1.04997
2026-05-15 15:45:00,1.04997,1.05065,1.04987,1.05048
2026-05-15 16:00:00,1.05047,1.05073,1.05021,1.05051
2026-05-15 16:15:00,1.05053,1.05074,1.05043,1.05049
2026-05-15 16:30:00,1.0505,1.05054,1.0495700000000001,1.04966
2026-05-15 16:45:00,1.04966,1.05005,1.04939,1.04945
2026-05-15 17:00:00,1.04944,1.04964,1.04911,1.0496
2026-05-15 17:15:00,1.04961,1.04985,1.04904,1.04906
2026-05-15 17:30:00,1.04906,1.0496,1.04903,1.0496
2026-05-15 17:45:00,1.0496,1.05004,1.04921,1.04939
2026-05-15 18:00:00,1.0493999999999999,1.04953,1.04861,1.04875
2026-05-15 18:15:00,1.04875,1.04877,1.04787,1.04811
2026-05-15 18:30:00,1.04812,1.04825,1.04797,1.04804
2026-05-15 18:45:00,1.04805,1.04893,1.04798,1.0489
2026-05-15 19:00:00,1.0489,1.04899,1.04828,1.04841
2026-05-15 19:15:00,1.04842,1.04851,1.04814,1.04817
2026-05-15 19:30:00,1.04817,1.04881,1.04802,1.04873
2026-05-15 19:45:00,1.04873,1.04885,1.04834,1.04853
2026-05-15 20:00:00,1.04852,1.04865,1.04825,1.04861
2026-05-15 20:15:00,1.0486,1.04866,1.04833,1.04838
2026-05-15 20:30:00,1.04834,1.04868,1.04834,1.04848
2026-05-15 20:45:00,1.04846,1.04859,1.04824,1.04839
2026-05-15 21:00:00,1.0484,1.0486,1.0484,1.04849
2026-05-15 21:15:00,1.04848,1.04854,1.0483,1.0485
2026-05-15 21:30:00,1.04852,1.04866,1.04846,1.04855
2026-05-15 21:45:00,1.04854,1.0486,1.04827,1.04828
2026-05-15 22:00:00,1.04829,1.04842,1.04815,1.04842
2026-05-15 22:15:00,1.04842,1.04858,1.04838,1.04842
2026-05-15 22:30:00,1.04841,1.04846,1.04814,1.04822
2026-05-15 22:45:00,1.04822,1.04828,1.04765,1.04766
2026-05-15 23:00:00,1.04767,1.04798,1.04754,1.04765
2026-05-15 23:15:00,1.04766,1.04787,1.0476,1.04781
2026-05-15 23:30:00,1.04782,1.04782,1.04748,1.04756
2026-05-15 23:45:00,1.04759,1.04842,1.04747,1.04839
2026-05-18 00:00:00,1.04726,1.04761,1.04726,1.04745
2026-05-18 00:15:00,1.04754,1.04768,1.04748,1.04752
2026-05-18 00:30:00,1.04749,1.04773,1.04738,1.04772
2026-05-18 00:45:00,1.04782,1.04795,1.04777,1.04789
2026-05-18 01:00:00,1.04789,1.04821,1.04754,1.04805
2026-05-18 01:15:00,1.04801,1.04805,1.04733,1.04757
2026-05-18 01:30:00,1.04758,1.04779,1.04746,1.04754
2026-05-18 01:45:00,1.04754,1.04779,1.04748,1.0477
2026-05-18 02:00:00,1.04771,1.04811,1.04771,1.04798
2026-05-18 02:15:00,1.04799,1.04812,1.04792,1.04794
2026-05-18 02:30:00,1.04795,1.04809,1.0478,1.04794
2026-05-18 02:45:00,1.04793,1.0481,1.04786,1.04788
2026-05-18 03:00:00,1.04787,1.0481,1.04747,1.04764
2026-05-18 03:15:00,1.04765,1.0478,1.04752,1.04756
2026-05-18 03:30:00,1.04757,1.04784,1.04756,1.04779
2026-05-18 03:45:00,1.04778,1.04793,1.04766,1.04788
2026-05-18 04:00:00,1.04788,1.04807,1.04775,1.04799
2026-05-18 04:15:00,1.048,1.04802,1.04766,1.0477
2026-05-18 04:30:00,1.0477,1.04771,1.04746,1.04759
2026-05-18 04:45:00,1.04758,1.0478,1.04758,1.0477
2026-05-18 05:00:00,1.04771,1.04786,1.04766,1.04778
2026-05-18 05:15:00,1.04778,1.04782,1.04758,1.0477
2026-05-18 05:30:00,1.04769,1.04782,1.04768,1.04778
2026-05-18 05:45:00,1.04778,1.04781,1.04734,1.04747
2026-05-18 06:00:00,1.04748,1.04774,1.04745,1.04757
2026-05-18 06:15:00,1.04758,1.04761,1.04739,1.04757
2026-05-18 06:30:00,1.04757,1.04759,1.04741,1.04746
2026-05-18 06:45:00,1.04745,1.04755,1.04736,1.04744
2026-05-18 07:00:00,1.04745,1.04757,1.04739,1.0475
2026-05-18 07:15:00,1.0475,1.04757,1.04742,1.04751
2026-05-18 07:30:00,1.04751,1.04769,1.04745,1.04768
2026-05-18 07:45:00,1.04768,1.04779,1.04765,1.04776
2026-05-18 08:00:00,1.04778,1.0481,1.04763,1.04808
2026-05-18 08:15:00,1.04808,1.04811,1.04782,1.04799
2026-05-18 08:30:00,1.048,1.04839,1.04797,1.04837
2026-05-18 08:45:00,1.04837,1.04838,1.04807,1.04813
2026-05-18 09:00:00,1.04814,1.04881,1.0481,1.0488
2026-05-18 09:15:00,1.0488,1.04921,1.04873,1.04915
2026-05-18 09:30:00,1.04915,1.0492,1.04879,1.04884
2026-05-18 09:45:00,1.04883,1.04921,1.04867,1.04905
2026-05-18 10:00:00,1.04907,1.04924,1.04882,1.04882
2026-05-18 10:15:00,1.04882,1.04886,1.04807,1.0481
2026-05-18 10:30:00,1.04809,1.04867,1.04806,1.0485
2026-05-18 10:45:00,1.04849,1.04868,1.04817,1.04855
2026-05-18 11:00:00,1.04855,1.04892,1.04845,1.04855
2026-05-18 11:15:00,1.04855,1.04919,1.04835,1.04919
2026-05-18 11:30:00,1.04917,1.05019,1.04915,1.0497
2026-05-18 11:45:00,1.04972,1.05024,1.04968,1.04991
2026-05-18 12:00:00,1.04991,1.05012,1.0497,1.04982
2026-05-18 12:15:00,1.04983,1.05,1.04964,1.04975
2026-05-18 12:30:00,1.04974,1.04998,1.04945,1.04952
2026-05-18 12:45:00,1.04953,1.0498,1.04926,1.04967
2026-05-18 13:00:00,1.04967,1.05004,1.0493,1.04941
2026-05-18 13:15:00,1.04941,1.04953,1.04925,1.04953
2026-05-18 13:30:00,1.04952,1.04965,1.04911,1.04917
2026-05-18 13:45:00,1.04919,1.04955,1.0491,1.04946
2026-05-18 14:00:00,1.04945,1.04999,1.04937,1.04996
2026-05-18 14:15:00,1.04996,1.05027,1.0499,1.05027
2026-05-18 14:30:00,1.05027,1.05044,1.04965,1.04995
2026-05-18 14:45:00,1.04994,1.05061,1.04993,1.0506
2026-05-18 15:00:00,1.05059,1.05092,1.05042,1.05084
2026-05-18 15:15:00,1.05085,1.05133,1.05074,1.05109
2026-05-18 15:30:00,1.0511,1.05147,1.05093,1.05139
2026-05-18 15:45:00,1.05138,1.05164,1.0511,1.05153
2026-05-18 16:00:00,1.05153,1.05176,1.05118,1.05127
2026-05-18 16:15:00,1.05127,1.05146,1.05099,1.05101
2026-05-18 16:30:00,1.051,1.05103,1.05054,1.05056
2026-05-18 16:45:00,1.05057,1.05146,1.05055,1.05115
2026-05-18 17:00:00,1.05114,1.05146,1.05105,1.0511
2026-05-18 17:15:00,1.05109,1.05203,1.05092,1.05179
2026-05-18 17:30:00,1.05179,1.052,1.05154,1.05191
2026-05-18 17:45:00,1.05189,1.0526200000000001,1.0518,1.05256
2026-05-18 18:00:00,1.05257,1.05293,1.05219,1.05278
2026-05-18 18:15:00,1.05276,1.05304,1.05269,1.05292
2026-05-18 18:30:00,1.05293,1.05366,1.05286,1.0534
2026-05-18 18:45:00,1.05338,1.05449,1.05336,1.05411
2026-05-18 19:00:00,1.05409,1.05554,1.054,1.05534
2026-05-18 19:15:00,1.05533,1.05569,1.05424,1.05425
2026-05-18 19:30:00,1.05425,1.05442,1.05388,1.05409
2026-05-18 19:45:00,1.0541,1.05438,1.05388,1.05393
2026-05-18 20:00:00,1.05391,1.05439,1.05387,1.05406
2026-05-18 20:15:00,1.05406,1.05417,1.05394,1.05407
2026-05-18 20:30:00,1.05406,1.05413,1.05368,1.05371
2026-05-18 20:45:00,1.05371,1.05373,1.05327,1.05332
2026-05-18 21:00:00,1.05328,1.05335,1.05313,1.05321
2026-05-18 21:15:00,1.05321,1.05356,1.05315,1.05356
2026-05-18 21:30:00,1.05355,1.05362,1.05335,1.05345
2026-05-18 21:45:00,1.05345,1.05354,1.05325,1.05347
2026-05-18 22:00:00,1.05347,1.05362,1.05315,1.05335
2026-05-18 22:15:00,1.05335,1.05345,1.05324,1.05329
2026-05-18 22:30:00,1.05326,1.05343,1.05316,1.05339
2026-05-18 22:45:00,1.0534,1.05364,1.05308,1.05359
2026-05-18 23:00:00,1.05358,1.05376,1.05345,1.05367
2026-05-18 23:15:00,1.05368,1.05369,1.05352,1.05353
2026-05-18 23:30:00,1.05352,1.05371,1.05349,1.05371
2026-05-18 23:45:00,1.05369,1.05395,1.05356,1.0536
2026-05-19 00:00:00,1.05333,1.05362,1.0525,1.0525
2026-05-19 00:15:00,1.0525,1.05288,1.0525,1.05277
2026-05-19 00:30:00,1.05277,1.05327,1.05267,1.05301
2026-05-19 00:45:00,1.0531,1.05345,1.05272,1.05283
2026-05-19 01:00:00,1.05283,1.05359,1.05266,1.05327
2026-05-19 01:15:00,1.05328,1.05351,1.05326,1.05351
2026-05-19 01:30:00,1.05351,1.05354,1.05342,1.05346
2026-05-19 01:45:00,1.05347,1.05356,1.05343,1.05352
2026-05-19 02:00:00,1.05353,1.05359,1.05347,1.05349
2026-05-19 02:15:00,1.05349,1.05359,1.05347,1.05353
2026-05-19 02:30:00,1.05353,1.05373,1.05353,1.05371
2026-05-19 02:45:00,1.05372,1.05372,1.05352,1.05368
2026-05-19 03:00:00,1.05368,1.05392,1.05368,1.05381
2026-05-19 03:15:00,1.05382,1.05387,1.05371,1.05378
2026-05-19 03:30:00,1.0538,1.05393,1.05373,1.05386
2026-05-19 03:45:00,1.05386,1.0539,1.05369,1.05373
2026-05-19 04:00:00,1.05373,1.05382,1.05363,1.05373
2026-05-19 04:15:00,1.05373,1.05381,1.05367,1.05375
2026-05-19 04:30:00,1.05376,1.05376,1.05346,1.05352
2026-05-19 04:45:00,1.05353,1.05364,1.05346,1.05349
2026-05-19 05:00:00,1.0535,1.05355,1.05339,1.05347
2026-05-19 05:15:00,1.05348,1.05376,1.05337,1.05365
2026-05-19 05:30:00,1.05365,1.05388,1.05363,1.05384
2026-05-19 05:45:00,1.05384,1.054,1.05374,1.05399
2026-05-19 06:00:00,1.05398,1.054,1.05381,1.05383
2026-05-19 06:15:00,1.05384,1.05397,1.05376,1.05389
2026-05-19 06:30:00,1.05388,1.05402,1.05386,1.05399
2026-05-19 06:45:00,1.05399,1.05404,1.05392,1.05396
2026-05-19 07:00:00,1.05395,1.05403,1.05389,1.05393
2026-05-19 07:15:00,1.05393,1.05397,1.0536,1.05368
2026-05-19 07:30:00,1.05368,1.05386,1.05367,1.05382
2026-05-19 07:45:00,1.05382,1.05382,1.05348,1.05351
2026-05-19 08:00:00,1.0535,1.05363,1.05341,1.05344
2026-05-19 08:15:00,1.05345,1.05356,1.05333,1.05353
2026-05-19 08:30:00,1.05353,1.05366,1.05332,1.0536
2026-05-19 08:45:00,1.05359,1.05391,1.05352,1.05384
2026-05-19 09:00:00,1.05382,1.05388,1.05329,1.05342
2026-05-19 09:15:00,1.05342,1.05356,1.05329,1.05345
2026-05-19 09:30:00,1.05346,1.05353,1.05292,1.05304
2026-05-19 09:45:00,1.05304,1.05335,1.05289,1.05304
2026-05-19 10:00:00,1.05302,1.05308,1.05248,1.05272
2026-05-19 10:15:00,1.05271,1.05303,1.05256,1.05276
2026-05-19 10:30:00,1.05277,1.05285,1.0524499999999999,1.05278
2026-05-19 10:45:00,1.05277,1.053,1.05233,1.05243
2026-05-19 11:00:00,1.05242,1.05248,1.05212,1.05233
2026-05-19 11:15:00,1.05232,1.05277,1.0523,1.05263
2026-05-19 11:30:00,1.0526200000000001,1.05357,1.05261,1.05353
2026-05-19 11:45:00,1.05352,1.05405,1.05339,1.05381
2026-05-19 12:00:00,1.0538,1.05447,1.05372,1.0543
2026-05-19 12:15:00,1.05429,1.05469,1.05408,1.05464
2026-05-19 12:30:00,1.05463,1.05506,1.05442,1.05487
2026-05-19 12:45:00,1.05487,1.05537,1.0547,1.05533
2026-05-19 13:00:00,1.05534,1.05536,1.05465,1.0549
2026-05-19 13:15:00,1.05489,1.05547,1.05485,1.05521
2026-05-19 13:30:00,1.05522,1.05547,1.05505,1.05531
2026-05-19 13:45:00,1.05532,1.05553,1.05479,1.05512
2026-05-19 14:00:00,1.05511,1.05538,1.05493,1.05538
2026-05-19 14:15:00,1.05538,1.05555,1.05518,1.05528
2026-05-19 14:30:00,1.05528,1.05545,1.05518,1.05535
2026-05-19 14:45:00,1.05534,1.05576,1.05534,1.05569
2026-05-19 15:00:00,1.05569,1.05606,1.05556,1.05598
2026-05-19 15:15:00,1.05599,1.05633,1.05588,1.05629
2026-05-19 15:30:00,1.05628,1.05674,1.05617,1.0566
2026-05-19 15:45:00,1.05661,1.05666,1.05582,1.05628
2026-05-19 16:00:00,1.05628,1.05649,1.05584,1.05588
2026-05-19 16:15:00,1.05587,1.05685,1.05585,1.05684
2026-05-19 16:30:00,1.05685,1.05735,1.05681,1.0573
2026-05-19 16:45:00,1.05728,1.05769,1.05712,1.05729
2026-05-19 17:00:00,1.05731,1.05768,1.05711,1.05735
2026-05-19 17:15:00,1.05734,1.05783,1.0572300000000001,1.05765
2026-05-19 17:30:00,1.0576699999999999,1.05785,1.05734,1.05765
2026-05-19 17:45:00,1.05764,1.05873,1.05746,1.05864
2026-05-19 18:00:00,1.05865,1.05868,1.05806,1.05848
2026-05-19 18:15:00,1.05849,1.05852,1.05785,1.05823
2026-05-19 18:30:00,1.05825,1.0584,1.05772,1.05777
2026-05-19 18:45:00,1.05776,1.05822,1.05765,1.05809
2026-05-19 19:00:00,1.05809,1.05825,1.05743,1.05746
2026-05-19 19:15:00,1.05746,1.05766,1.057,1.05707
2026-05-19 19:30:00,1.05707,1.05717,1.0568,1.05692
2026-05-19 19:45:00,1.05691,1.05724,1.05683,1.05713
2026-05-19 20:00:00,1.05713,1.05765,1.05709,1.0576
2026-05-19 20:15:00,1.05757,1.05774,1.05745,1.05758
2026-05-19 20:30:00,1.05758,1.0576,1.05735,1.05735
2026-05-19 20:45:00,1.05735,1.05762,1.05735,1.05743
2026-05-19 21:00:00,1.05744,1.05752,1.05728,1.05745
2026-05-19 21:15:00,1.05744,1.05747,1.05728,1.0574
2026-05-19 21:30:00,1.05739,1.05752,1.05724,1.05747
2026-05-19 21:45:00,1.05746,1.05752,1.05729,1.05732
2026-05-19 22:00:00,1.05732,1.0575,1.05724,1.05739
2026-05-19 22:15:00,1.05739,1.05747,1.05729,1.05734
2026-05-19 22:30:00,1.05735,1.05739,1.05713,1.05718
2026-05-19 22:45:00,1.05717,1.05738,1.0571,1.05713
2026-05-19 23:00:00,1.05713,1.05714,1.05696,1.05703
2026-05-19 23:15:00,1.05704,1.05715,1.05701,1.05707
2026-05-19 23:30:00,1.05708,1.05734,1.0570599999999999,1.05729
2026-05-19 23:45:00,1.05724,1.05727,1.05646,1.05656
2026-05-20 00:00:00,1.0562,1.05676,1.0554,1.05617
2026-05-20 00:15:00,1.05617,1.05674,1.05599,1.05639
2026-05-20 00:30:00,1.05642,1.05692,1.05624,1.05638
2026-05-20 00:45:00,1.05632,1.05672,1.05601,1.05601
2026-05-20 01:00:00,1.05601,1.05705,1.05601,1.05683
2026-05-20 01:15:00,1.05682,1.05684,1.05668,1.05679
2026-05-20 01:30:00,1.05678,1.05691,1.05678,1.05688
2026-05-20 01:45:00,1.05687,1.05695,1.05682,1.05689
2026-05-20 02:00:00,1.05688,1.05697,1.05684,1.05693
2026-05-20 02:15:00,1.05692,1.05693,1.05677,1.0568
2026-05-20 02:30:00,1.0568,1.05686,1.05675,1.05681
2026-05-20 02:45:00,1.0568,1.05683,1.05666,1.05668
2026-05-20 03:00:00,1.05666,1.05679,1.05663,1.05672
2026-05-20 03:15:00,1.05672,1.05688,1.05667,1.05682
2026-05-20 03:30:00,1.05683,1.05694,1.05676,1.05685
2026-05-20 03:45:00,1.05684,1.05701,1.05676,1.05688
2026-05-20 04:00:00,1.05687,1.05702,1.05683,1.05688
2026-05-20 04:15:00,1.05688,1.05694,1.05671,1.05677
2026-05-20 04:30:00,1.05676,1.05701,1.05673,1.057
2026-05-20 04:45:00,1.057,1.05744,1.05693,1.05738
2026-05-20 05:00:00,1.05739,1.05747,1.05731,1.05733
2026-05-20 05:15:00,1.05734,1.0576,1.05729,1.05754
2026-05-20 05:30:00,1.05754,1.05766,1.05737,1.05762
2026-05-20 05:45:00,1.05762,1.05774,1.05762,1.0577
2026-05-20 06:00:00,1.0577,1.05783,1.05762,1.05774
2026-05-20 06:15:00,1.05774,1.05788,1.05765,1.0578400000000001
2026-05-20 06:30:00,1.05785,1.05801,1.05776,1.05795
2026-05-20 06:45:00,1.05794,1.05805,1.05788,1.05793
2026-05-20 07:00:00,1.05792,1.05809,1.05782,1.05792
2026-05-20 07:15:00,1.05793,1.05798,1.0578400000000001,1.05786
2026-05-20 07:30:00,1.05785,1.05792,1.05775,1.05787
2026-05-20 07:45:00,1.05787,1.0579,1.05769,1.05774
2026-05-20 08:00:00,1.05773,1.05785,1.05769,1.05783
2026-05-20 08:15:00,1.05782,1.05785,1.05777,1.05781
2026-05-20 08:30:00,1.05781,1.05787,1.05774,1.05781
2026-05-20 08:45:00,1.0578,1.0584,1.05777,1.058
2026-05-20 09:00:00,1.05801,1.05806,1.05688,1.05776
2026-05-20 09:15:00,1.05774,1.05827,1.05773,1.05793
2026-05-20 09:30:00,1.05792,1.05801,1.05737,1.0577
2026-05-20 09:45:00,1.0577,1.05816,1.05745,1.05801
2026-05-20 10:00:00,1.05801,1.05856,1.05771,1.0582799999999999
2026-05-20 10:15:00,1.05829,1.05897,1.05813,1.05878
2026-05-20 10:30:00,1.05877,1.05886,1.05832,1.05839
2026-05-20 10:45:00,1.0584,1.05861,1.05792,1.058
2026-05-20 11:00:00,1.05802,1.05842,1.05769,1.05771
2026-05-20 11:15:00,1.0577,1.05801,1.05727,1.05773
2026-05-20 11:30:00,1.05776,1.05814,1.05761,1.05809
2026-05-20 11:45:00,1.05809,1.05822,1.05742,1.05745
2026-05-20 12:00:00,1.05746,1.0583,1.05745,1.05827
2026-05-20 12:15:00,1.0582799999999999,1.05844,1.05793,1.05793
2026-05-20 12:30:00,1.05794,1.05833,1.05788,1.05813
2026-05-20 12:45:00,1.05813,1.0582,1.05777,1.05791
2026-05-20 13:00:00,1.0579,1.05792,1.05766,1.05787
2026-05-20 13:15:00,1.05787,1.05807,1.05772,1.05781
2026-05-20 13:30:00,1.05782,1.05794,1.05769,1.05789
2026-05-20 13:45:00,1.0579,1.05797,1.05771,1.05792
2026-05-20 14:00:00,1.05793,1.05888,1.05789,1.05878
2026-05-20 14:15:00,1.05877,1.05898,1.05874,1.05888
2026-05-20 14:30:00,1.05887,1.05901,1.05858,1.0588
2026-05-20 14:45:00,1.05879,1.05898,1.05842,1.05874
2026-05-20 15:00:00,1.05873,1.059,1.0587,1.05887
2026-05-20 15:15:00,1.05885,1.05926,1.05874,1.05924
2026-05-20 15:30:00,1.05923,1.0596,1.05916,1.05924
2026-05-20 15:45:00,1.05925,1.05944,1.05895,1.05901
2026-05-20 16:00:00,1.059,1.05916,1.05877,1.0588899999999999
2026-05-20 16:15:00,1.05888,1.0589,1.05854,1.05866
2026-05-20 16:30:00,1.05866,1.05921,1.05854,1.059
2026-05-20 16:45:00,1.059,1.05953,1.0586,1.05873
2026-05-20 17:00:00,1.05873,1.05891,1.05806,1.05832
2026-05-20 17:15:00,1.05833,1.05905,1.05827,1.05848
2026-05-20 17:30:00,1.05847,1.05858,1.058,1.05848
2026-05-20 17:45:00,1.05849,1.05873,1.05741,1.05768
2026-05-20 18:00:00,1.05764,1.05817,1.05758,1.05805
2026-05-20 18:15:00,1.05804,1.05854,1.05745,1.05844
2026-05-20 18:30:00,1.05844,1.05885,1.0581,1.05844
2026-05-20 18:45:00,1.05848,1.05868,1.05824,1.05867
2026-05-20 19:00:00,1.05866,1.05898,1.05839,1.0584
2026-05-20 19:15:00,1.05839,1.05846,1.05805,1.05827
2026-05-20 19:30:00,1.05826,1.05832,1.05809,1.05829
2026-05-20 19:45:00,1.0582799999999999,1.05829,1.0579,1.05817
2026-05-20 20:00:00,1.05815,1.05852,1.05811,1.05843
2026-05-20 20:15:00,1.05843,1.05843,1.05815,1.05821
2026-05-20 20:30:00,1.05822,1.05837,1.0581,1.05835
2026-05-20 20:45:00,1.05835,1.0585,1.05816,1.05816
2026-05-20 21:00:00,1.05819,1.05841,1.05797,1.05801
2026-05-20 21:15:00,1.058,1.05807,1.05793,1.05793
2026-05-20 21:30:00,1.05793,1.05806,1.05791,1.05799
2026-05-20 21:45:00,1.05797,1.05804,1.05759,1.05769
2026-05-20 22:00:00,1.05768,1.0578400000000001,1.05756,1.05775
2026-05-20 22:15:00,1.05776,1.05778,1.05758,1.05771
2026-05-20 22:30:00,1.05773,1.05787,1.05764,1.05766
2026-05-20 22:45:00,1.0576699999999999,1.05774,1.05743,1.05748
2026-05-20 23:00:00,1.05747,1.05762,1.0574,1.05756
2026-05-20 23:15:00,1.05756,1.05769,1.05744,1.05756
2026-05-20 23:30:00,1.05757,1.05774,1.05754,1.05771
2026-05-20 23:45:00,1.05771,1.05787,1.05733,1.05742
2026-05-21 00:00:00,1.0565,1.05719,1.05639,1.05649
2026-05-21 00:15:00,1.05652,1.05671,1.05638,1.05663
2026-05-21 00:30:00,1.05668,1.05729,1.0566,1.05692
2026-05-21 00:45:00,1.05699,1.0571,1.05675,1.05695
2026-05-21 01:00:00,1.05689,1.05734,1.05678,1.05734
2026-05-21 01:15:00,1.05734,1.05748,1.05725,1.05738
2026-05-21 01:30:00,1.05739,1.05743,1.0573,1.05732
2026-05-21 01:45:00,1.05732,1.05737,1.05729,1.05732
2026-05-21 02:00:00,1.0573,1.05746,1.05728,1.05744
2026-05-21 02:15:00,1.05743,1.05746,1.05739,1.05741
2026-05-21 02:30:00,1.05742,1.05756,1.05731,1.05751
2026-05-21 02:45:00,1.05751,1.05754,1.05737,1.05744
2026-05-21 03:00:00,1.05744,1.05758,1.05734,1.05749
2026-05-21 03:15:00,1.0575,1.05755,1.05742,1.05749
2026-05-21 03:30:00,1.05748,1.0576699999999999,1.05745,1.05761
2026-05-21 03:45:00,1.0576,1.05775,1.05752,1.05755
2026-05-21 04:00:00,1.05756,1.05759,1.05727,1.05731
2026-05-21 04:15:00,1.05732,1.05743,1.0572,1.05722
2026-05-21 04:30:00,1.0572300000000001,1.05727,1.05678,1.05702
2026-05-21 04:45:00,1.05702,1.05702,1.05667,1.05676
2026-05-21 05:00:00,1.05676,1.05678,1.05659,1.05666
2026-05-21 05:15:00,1.05666,1.05672,1.05649,1.05653
2026-05-21 05:30:00,1.05654,1.05682,1.05652,1.05667
2026-05-21 05:45:00,1.05669,1.05721,1.05667,1.05716
2026-05-21 06:00:00,1.05714,1.05719,1.05699,1.05703
2026-05-21 06:15:00,1.05703,1.05705,1.05683,1.05691
2026-05-21 06:30:00,1.0569,1.05705,1.05688,1.05695
2026-05-21 06:45:00,1.05697,1.0570599999999999,1.05693,1.057
2026-05-21 07:00:00,1.05699,1.05701,1.05682,1.05684
2026-05-21 07:15:00,1.05683,1.05686,1.05655,1.0567
2026-05-21 07:30:00,1.0567,1.05679,1.05667,1.05671
2026-05-21 07:45:00,1.0567,1.05699,1.0567,1.05692
2026-05-21 08:00:00,1.05691,1.057,1.05678,1.05699
2026-05-21 08:15:00,1.05699,1.05708,1.05695,1.05702
2026-05-21 08:30:00,1.05704,1.0572,1.05699,1.05705
2026-05-21 08:45:00,1.0570599999999999,1.05718,1.05694,1.05696
2026-05-21 09:00:00,1.05697,1.05733,1.05697,1.05716
2026-05-21 09:15:00,1.05717,1.05744,1.05707,1.05734
2026-05-21 09:30:00,1.05734,1.05759,1.05731,1.05758
2026-05-21 09:45:00,1.05759,1.05773,1.05746,1.05762
2026-05-21 10:00:00,1.05766,1.05812,1.05759,1.05774
2026-05-21 10:15:00,1.05773,1.058,1.05746,1.05754
2026-05-21 10:30:00,1.05763,1.05763,1.05725,1.05742
2026-05-21 10:45:00,1.05743,1.05779,1.05734,1.05759
2026-05-21 11:00:00,1.05761,1.05788,1.0574,1.05757
2026-05-21 11:15:00,1.05756,1.05765,1.05691,1.057
2026-05-21 11:30:00,1.05701,1.05724,1.05635,1.05707
2026-05-21 11:45:00,1.0570599999999999,1.0575,1.05704,1.05739
2026-05-21 12:00:00,1.05741,1.05747,1.05722,1.05737
2026-05-21 12:15:00,1.05738,1.05739,1.05664,1.05679
2026-05-21 12:30:00,1.05679,1.05713,1.05662,1.05695
2026-05-21 12:45:00,1.05692,1.0570599999999999,1.05669,1.05684
2026-05-21 13:00:00,1.05684,1.057,1.05658,1.05682
2026-05-21 13:15:00,1.05684,1.05727,1.05665,1.05693
2026-05-21 13:30:00,1.05693,1.0577,1.0569,1.0576
2026-05-21 13:45:00,1.05758,1.05789,1.05744,1.05782
2026-05-21 14:00:00,1.05783,1.05785,1.05752,1.0576
2026-05-21 14:15:00,1.0576,1.0582,1.05759,1.05816
2026-05-21 14:30:00,1.05816,1.05829,1.05792,1.05807
2026-05-21 14:45:00,1.05808,1.05827,1.0576,1.05791
2026-05-21 15:00:00,1.05791,1.05814,1.05759,1.05796
2026-05-21 15:15:00,1.05796,1.05836,1.05787,1.05803
2026-05-21 15:30:00,1.05803,1.05838,1.05779,1.05799
2026-05-21 15:45:00,1.05798,1.0584,1.05792,1.05803
2026-05-21 16:00:00,1.05803,1.05852,1.05764,1.05792
2026-05-21 16:15:00,1.05793,1.05886,1.05786,1.05853
2026-05-21 16:30:00,1.05851,1.0588,1.05833,1.05844
2026-05-21 16:45:00,1.05844,1.05856,1.05782,1.05785
2026-05-21 17:00:00,1.05785,1.05839,1.05759,1.05773
2026-05-21 17:15:00,1.0577,1.0583,1.05769,1.05803
2026-05-21 17:30:00,1.05804,1.05812,1.05758,1.05783
2026-05-21 17:45:00,1.05782,1.0581,1.05737,1.05791
2026-05-21 18:00:00,1.05792,1.05797,1.05753,1.0576699999999999
2026-05-21 18:15:00,1.0576699999999999,1.058,1.05766,1.05783
2026-05-21 18:30:00,1.0578400000000001,1.05805,1.05751,1.0579
2026-05-21 18:45:00,1.05789,1.05818,1.05781,1.05811
2026-05-21 19:00:00,1.05812,1.05818,1.05774,1.05802
2026-05-21 19:15:00,1.05802,1.05805,1.05771,1.05775
2026-05-21 19:30:00,1.05774,1.05789,1.05758,1.05783
2026-05-21 19:45:00,1.0578400000000001,1.05785,1.05756,1.05771
2026-05-21 20:00:00,1.05771,1.05785,1.0576,1.0577
2026-05-21 20:15:00,1.0577,1.05777,1.05715,1.05729
2026-05-21 20:30:00,1.05731,1.05731,1.05674,1.057
2026-05-21 20:45:00,1.05699,1.05721,1.05672,1.05691
2026-05-21 21:00:00,1.05691,1.05725,1.05671,1.05719
2026-05-21 21:15:00,1.05719,1.05731,1.05697,1.05715
2026-05-21 21:30:00,1.05714,1.05726,1.05699,1.057
2026-05-21 21:45:00,1.05699,1.0573,1.05694,1.05707
2026-05-21 22:00:00,1.05707,1.05714,1.05688,1.05702
2026-05-21 22:15:00,1.05702,1.05703,1.05674,1.05692
2026-05-21 22:30:00,1.05692,1.05693,1.05652,1.05669
2026-05-21 22:45:00,1.05664,1.05669,1.05616,1.05629
2026-05-21 23:00:00,1.05628,1.05679,1.05622,1.05678
2026-05-21 23:15:00,1.05678,1.0568,1.05666,1.05674
2026-05-21 23:30:00,1.05674,1.05682,1.05669,1.05672
2026-05-21 23:45:00,1.05673,1.05676,1.05622,1.05624
2026-05-22 00:00:00,1.05514,1.05583,1.05509,1.05573
2026-05-22 00:15:00,1.05549,1.05602,1.05544,1.05568
2026-05-22 00:30:00,1.05582,1.05658,1.05567,1.05611
2026-05-22 00:45:00,1.05606,1.05651,1.05535,1.05555
2026-05-22 01:00:00,1.05545,1.05653,1.05536,1.05645
2026-05-22 01:15:00,1.05644,1.05654,1.05638,1.05648
2026-05-22 01:30:00,1.05648,1.0566,1.05645,1.05656
2026-05-22 01:45:00,1.05654,1.0566,1.05648,1.05651
2026-05-22 02:00:00,1.05651,1.05661,1.05647,1.05661
2026-05-22 02:15:00,1.0566,1.05662,1.05655,1.05657
2026-05-22 02:30:00,1.05656,1.05668,1.05649,1.05664
2026-05-22 02:45:00,1.05663,1.05668,1.05646,1.05649
2026-05-22 03:00:00,1.05647,1.05654,1.05641,1.05642
2026-05-22 03:15:00,1.0564,1.05658,1.05639,1.05645
2026-05-22 03:30:00,1.05645,1.05654,1.05636,1.05639
2026-05-22 03:45:00,1.0564,1.0565,1.05631,1.05642
2026-05-22 04:00:00,1.05642,1.0565,1.0563,1.05647
2026-05-22 04:15:00,1.05646,1.05663,1.05645,1.05661
2026-05-22 04:30:00,1.05662,1.05667,1.05651,1.05657
2026-05-22 04:45:00,1.05657,1.05666,1.05651,1.05664
2026-05-22 05:00:00,1.05664,1.05671,1.05657,1.05666
2026-05-22 05:15:00,1.05667,1.05668,1.05653,1.05656
2026-05-22 05:30:00,1.05658,1.05658,1.05638,1.05644
2026-05-22 05:45:00,1.05643,1.05647,1.05619,1.05626
2026-05-22 06:00:00,1.05626,1.05629,1.05617,1.05625
2026-05-22 06:15:00,1.05626,1.05629,1.05617,1.05627
2026-05-22 06:30:00,1.05626,1.0564,1.05625,1.0563
2026-05-22 06:45:00,1.05629,1.05633,1.05617,1.05625
2026-05-22 07:00:00,1.05624,1.05633,1.05614,1.05616
2026-05-22 07:15:00,1.05617,1.05619,1.05603,1.05607
2026-05-22 07:30:00,1.05606,1.05622,1.05599,1.0562
2026-05-22 07:45:00,1.0562,1.0562,1.05602,1.05603
2026-05-22 08:00:00,1.05604,1.05621,1.05603,1.05609
2026-05-22 08:15:00,1.0561,1.05627,1.05606,1.05625
2026-05-22 08:30:00,1.05625,1.05631,1.05618,1.0562
2026-05-22 08:45:00,1.0562,1.05635,1.05614,1.05635
2026-05-22 09:00:00,1.05635,1.05646,1.05588,1.05613
2026-05-22 09:15:00,1.05613,1.05626,1.05594,1.05623
2026-05-22 09:30:00,1.05624,1.05637,1.05603,1.05613
2026-05-22 09:45:00,1.05612,1.05631,1.05606,1.05609
2026-05-22 10:00:00,1.05608,1.05653,1.05596,1.05641
2026-05-22 10:15:00,1.05641,1.05665,1.05603,1.05609
2026-05-22 10:30:00,1.05609,1.05619,1.05537,1.05553
2026-05-22 10:45:00,1.05552,1.05557,1.05528,1.05542
2026-05-22 11:00:00,1.05543,1.0558,1.05542,1.05579
2026-05-22 11:15:00,1.0558,1.05588,1.05552,1.05553
2026-05-22 11:30:00,1.05553,1.05559,1.05525,1.05538
2026-05-22 11:45:00,1.05538,1.05557,1.05524,1.05556
2026-05-22 12:00:00,1.05554,1.05556,1.05512,1.05522
2026-05-22 12:15:00,1.05522,1.05557,1.0551,1.05557
2026-05-22 12:30:00,1.05558,1.05567,1.05511,1.05513
2026-05-22 12:45:00,1.05513,1.05568,1.05513,1.05558
2026-05-22 13:00:00,1.05557,1.05568,1.05534,1.05542
2026-05-22 13:15:00,1.05545,1.05558,1.05522,1.05549
2026-05-22 13:30:00,1.05549,1.05575,1.05546,1.05566
2026-05-22 13:45:00,1.05566,1.05611,1.05565,1.05607
2026-05-22 14:00:00,1.05608,1.05615,1.05593,1.05607
2026-05-22 14:15:00,1.05607,1.05618,1.05583,1.05592
2026-05-22 14:30:00,1.05593,1.05605,1.05572,1.05592
2026-05-22 14:45:00,1.05592,1.05592,1.05522,1.05528
2026-05-22 15:00:00,1.05528,1.05537,1.05472,1.05485
2026-05-22 15:15:00,1.05486,1.05523,1.0546,1.05516
2026-05-22 15:30:00,1.05515,1.05556,1.05509,1.05549
2026-05-22 15:45:00,1.0555,1.05588,1.05537,1.0558
2026-05-22 16:00:00,1.05579,1.05651,1.05564,1.05579
2026-05-22 16:15:00,1.0558,1.05595,1.05547,1.05578
2026-05-22 16:30:00,1.05582,1.05583,1.05538,1.05574
2026-05-22 16:45:00,1.05573,1.05609,1.0557,1.05595
2026-05-22 17:00:00,1.05589,1.05632,1.0558,1.05608
2026-05-22 17:15:00,1.05609,1.05631,1.05584,1.05594
2026-05-22 17:30:00,1.05595,1.05654,1.05585,1.05654
2026-05-22 17:45:00,1.05653,1.05662,1.05557,1.05578
2026-05-22 18:00:00,1.05579,1.05605,1.05558,1.05581
2026-05-22 18:15:00,1.05582,1.05613,1.05575,1.05594
2026-05-22 18:30:00,1.05594,1.05627,1.0557,1.05611
2026-05-22 18:45:00,1.05612,1.05614,1.05574,1.05574
2026-05-22 19:00:00,1.05574,1.05584,1.05492,1.05509
2026-05-22 19:15:00,1.05509,1.05521,1.05452,1.05495
2026-05-22 19:30:00,1.05496,1.05496,1.05443,1.05478
2026-05-22 19:45:00,1.05477,1.05478,1.05431,1.0544
2026-05-22 20:00:00,1.0544,1.05454,1.05409,1.05445
2026-05-22 20:15:00,1.05446,1.05483,1.05433,1.05453
2026-05-22 20:30:00,1.05454,1.05488,1.05437,1.05487
2026-05-22 20:45:00,1.05487,1.05508,1.05475,1.05494
2026-05-22 21:00:00,1.05495,1.05498,1.05465,1.05494
2026-05-22 21:15:00,1.05493,1.055,1.05483,1.05488
2026-05-22 21:30:00,1.05488,1.05495,1.05469,1.05469
2026-05-22 21:45:00,1.05468,1.05487,1.05461,1.05487
2026-05-22 22:00:00,1.05486,1.05494,1.05465,1.05478
2026-05-22 22:15:00,1.0548,1.05483,1.05465,1.05476
2026-05-22 22:30:00,1.05476,1.05486,1.05472,1.05481
2026-05-22 22:45:00,1.05481,1.0549,1.0547,1.05481
2026-05-22 23:00:00,1.0548,1.055,1.05474,1.05491
2026-05-22 23:15:00,1.05491,1.055,1.05485,1.05497
2026-05-22 23:30:00,1.05498,1.05498,1.05469,1.05474
2026-05-22 23:45:00,1.05474,1.05478,1.05405,1.05411
2026-05-25 00:00:00,1.05378,1.05483,1.05363,1.05414
2026-05-25 00:15:00,1.05413,1.05451,1.05376,1.05444
2026-05-25 00:30:00,1.05449,1.05482,1.05423,1.05464
2026-05-25 00:45:00,1.05496,1.05542,1.05409,1.0554
2026-05-25 01:00:00,1.05541,1.05541,1.05357,1.05486
2026-05-25 01:15:00,1.05487,1.05508,1.05475,1.05479
2026-05-25 01:30:00,1.05478,1.05484,1.05428,1.05431
2026-05-25 01:45:00,1.05431,1.05447,1.0542,1.05442
2026-05-25 02:00:00,1.05441,1.05463,1.05441,1.05458
2026-05-25 02:15:00,1.05458,1.0546,1.05432,1.05434
2026-05-25 02:30:00,1.05434,1.05452,1.05429,1.05442
2026-05-25 02:45:00,1.05441,1.05464,1.0543,1.05462
2026-05-25 03:00:00,1.05463,1.05477,1.05444,1.05457
2026-05-25 03:15:00,1.05457,1.05464,1.0544,1.05448
2026-05-25 03:30:00,1.05448,1.05448,1.05435,1.05438
2026-05-25 03:45:00,1.05437,1.05464,1.05417,1.05459
2026-05-25 04:00:00,1.0546,1.05468,1.05443,1.05449
2026-05-25 04:15:00,1.05448,1.05459,1.05433,1.05441
2026-05-25 04:30:00,1.0544,1.05455,1.05435,1.05447
2026-05-25 04:45:00,1.05446,1.05453,1.05421,1.05431
2026-05-25 05:00:00,1.0543,1.05434,1.05401,1.05402
2026-05-25 05:15:00,1.05402,1.05407,1.05394,1.05403
2026-05-25 05:30:00,1.05404,1.05408,1.05398,1.05408
2026-05-25 05:45:00,1.05408,1.05409,1.05395,1.05402
2026-05-25 06:00:00,1.05403,1.05407,1.05383,1.05393
2026-05-25 06:15:00,1.05392,1.05413,1.05392,1.05409
2026-05-25 06:30:00,1.05408,1.05409,1.05391,1.05395
2026-05-25 06:45:00,1.05395,1.05411,1.0539,1.05401
2026-05-25 07:00:00,1.05401,1.05422,1.054,1.05413
2026-05-25 07:15:00,1.05413,1.05422,1.05411,1.05416
2026-05-25 07:30:00,1.05416,1.0543,1.05412,1.05427
2026-05-25 07:45:00,1.05426,1.05437,1.05416,1.05423
2026-05-25 08:00:00,1.05425,1.0544,1.05418,1.0543
2026-05-25 08:15:00,1.05429,1.05443,1.05422,1.05442
2026-05-25 08:30:00,1.05443,1.0545,1.05434,1.05449
2026-05-25 08:45:00,1.05449,1.05463,1.05441,1.05447
2026-05-25 09:00:00,1.05447,1.05457,1.05421,1.05423
2026-05-25 09:15:00,1.05423,1.05423,1.05403,1.05411
2026-05-25 09:30:00,1.05411,1.05412,1.05385,1.05387
2026-05-25 09:45:00,1.05387,1.05418,1.05387,1.05413
2026-05-25 10:00:00,1.05412,1.05412,1.05387,1.05399
2026-05-25 10:15:00,1.05402,1.05404,1.05374,1.05384
2026-05-25 10:30:00,1.05384,1.05405,1.05375,1.05397
2026-05-25 10:45:00,1.05398,1.05447,1.05394,1.05445
2026-05-25 11:00:00,1.05446,1.05465,1.0542,1.0544
2026-05-25 11:15:00,1.05441,1.05474,1.05439,1.05472
2026-05-25 11:30:00,1.05472,1.05478,1.05445,1.05455
2026-05-25 11:45:00,1.05454,1.05478,1.05445,1.05476
2026-05-25 12:00:00,1.05476,1.05491,1.05452,1.05453
2026-05-25 12:15:00,1.05454,1.05463,1.05443,1.05458
2026-05-25 12:30:00,1.05457,1.05462,1.05435,1.05437
2026-05-25 12:45:00,1.05437,1.0547,1.05437,1.05454
2026-05-25 13:00:00,1.05454,1.05459,1.05434,1.05435
2026-05-25 13:15:00,1.05434,1.05438,1.05417,1.05433
2026-05-25 13:30:00,1.05433,1.05434,1.05399,1.05405
2026-05-25 13:45:00,1.05406,1.05424,1.05404,1.05422
2026-05-25 14:00:00,1.05422,1.05427,1.05408,1.05419
2026-05-25 14:15:00,1.05419,1.05445,1.05414,1.0544
2026-05-25 14:30:00,1.05441,1.05469,1.05432,1.05465
2026-05-25 14:45:00,1.05465,1.05485,1.0546,1.0547
2026-05-25 15:00:00,1.05472,1.05504,1.05456,1.05483
2026-05-25 15:15:00,1.05484,1.05491,1.0546,1.0547
2026-05-25 15:30:00,1.0547,1.05476,1.05456,1.05463
2026-05-25 15:45:00,1.05463,1.05468,1.0544,1.05448
2026-05-25 16:00:00,1.05447,1.05492,1.05441,1.0549
2026-05-25 16:15:00,1.05488,1.05618,1.05486,1.05616
2026-05-25 16:30:00,1.05617,1.05751,1.05615,1.05666
2026-05-25 16:45:00,1.05665,1.05707,1.05665,1.05679
2026-05-25 17:00:00,1.05678,1.05702,1.05676,1.05695
2026-05-25 17:15:00,1.05694,1.05705,1.05688,1.05698
2026-05-25 17:30:00,1.05697,1.0571,1.05686,1.05694
2026-05-25 17:45:00,1.05694,1.05728,1.05676,1.05709
2026-05-25 18:00:00,1.05708,1.0574,1.05692,1.05692
2026-05-25 18:15:00,1.05692,1.05696,1.05675,1.05692
2026-05-25 18:30:00,1.05693,1.05717,1.05685,1.0571
2026-05-25 18:45:00,1.05711,1.05712,1.05692,1.05702
2026-05-25 19:00:00,1.05701,1.05746,1.05699,1.05734
2026-05-25 19:15:00,1.05733,1.05748,1.0573,1.05741
2026-05-25 19:30:00,1.0574,1.05765,1.05737,1.0576
2026-05-25 19:45:00,1.05759,1.0576,1.05738,1.05738
2026-05-25 20:00:00,1.05738,1.05749,1.05733,1.05735
2026-05-25 20:15:00,1.05732,1.05734,1.0572,1.05727
2026-05-25 20:30:00,1.05727,1.05729,1.05711,1.05711
2026-05-25 20:45:00,1.05712,1.05713,1.05698,1.057
2026-05-25 21:00:00,1.05699,1.05711,1.05696,1.057
2026-05-25 21:15:00,1.05701,1.05703,1.05694,1.05694
2026-05-25 21:30:00,1.05695,1.05708,1.05695,1.05702
2026-05-25 21:45:00,1.05701,1.05703,1.05694,1.05696
2026-05-25 22:00:00,1.05696,1.05707,1.05696,1.05703
2026-05-25 22:15:00,1.05703,1.0570599999999999,1.05698,1.05702
2026-05-25 22:30:00,1.05702,1.05714,1.05698,1.05708
2026-05-25 22:45:00,1.05709,1.0572300000000001,1.0570599999999999,1.05714
2026-05-25 23:00:00,1.05714,1.05715,1.05707,1.05708
2026-05-25 23:15:00,1.05708,1.05719,1.05702,1.05714
2026-05-25 23:30:00,1.05715,1.05718,1.05707,1.05717
2026-05-25 23:45:00,1.05718,1.05727,1.05698,1.05698
2026-05-26 00:00:00,1.05567,1.05651,1.05517,1.05586
2026-05-26 00:15:00,1.05586,1.05628,1.05585,1.05596
2026-05-26 00:30:00,1.0564,1.05686,1.05635,1.05669
2026-05-26 00:45:00,1.05669,1.05688,1.05652,1.05672
2026-05-26 01:00:00,1.05672,1.0572300000000001,1.05662,1.05699
2026-05-26 01:15:00,1.057,1.05711,1.05695,1.05711
2026-05-26 01:30:00,1.05711,1.05715,1.05699,1.0571
2026-05-26 01:45:00,1.05709,1.05716,1.05701,1.05703
2026-05-26 02:00:00,1.05703,1.0571,1.05694,1.05699
2026-05-26 02:15:00,1.05699,1.05701,1.0569,1.05693
2026-05-26 02:30:00,1.05693,1.05714,1.05688,1.05701
2026-05-26 02:45:00,1.05702,1.05719,1.05692,1.0570599999999999
2026-05-26 03:00:00,1.05705,1.0572300000000001,1.05687,1.05696
2026-05-26 03:15:00,1.05696,1.05717,1.05694,1.05716
2026-05-26 03:30:00,1.05717,1.05718,1.05694,1.057
2026-05-26 03:45:00,1.05702,1.05711,1.05688,1.05702
2026-05-26 04:00:00,1.05701,1.05707,1.05675,1.05679
2026-05-26 04:15:00,1.0568,1.05691,1.05666,1.05675
2026-05-26 04:30:00,1.05675,1.05683,1.05664,1.05678
2026-05-26 04:45:00,1.05677,1.05683,1.05664,1.05665
2026-05-26 05:00:00,1.05665,1.05676,1.05663,1.05673
2026-05-26 05:15:00,1.05672,1.05689,1.05665,1.05676
2026-05-26 05:30:00,1.05675,1.05681,1.05661,1.05663
2026-05-26 05:45:00,1.05664,1.05671,1.05652,1.05667
2026-05-26 06:00:00,1.05667,1.05668,1.05654,1.05657
2026-05-26 06:15:00,1.05659,1.05662,1.05645,1.05652
2026-05-26 06:30:00,1.05652,1.05653,1.05634,1.0564
2026-05-26 06:45:00,1.05641,1.05641,1.05603,1.05611
2026-05-26 07:00:00,1.05612,1.05616,1.05604,1.05605
2026-05-26 07:15:00,1.05603,1.05612,1.05592,1.05609
2026-05-26 07:30:00,1.0561,1.05617,1.05604,1.0561
2026-05-26 07:45:00,1.05611,1.05622,1.05608,1.0562
2026-05-26 08:00:00,1.05621,1.05627,1.05596,1.05598
2026-05-26 08:15:00,1.05599,1.05618,1.05594,1.05601
2026-05-26 08:30:00,1.05601,1.05623,1.05597,1.05623
2026-05-26 08:45:00,1.05622,1.05631,1.05609,1.05625
2026-05-26 09:00:00,1.05626,1.05647,1.05615,1.05646
2026-05-26 09:15:00,1.05647,1.05666,1.05643,1.05654
2026-05-26 09:30:00,1.05652,1.05698,1.05645,1.05675
2026-05-26 09:45:00,1.05676,1.05812,1.05676,1.05777
2026-05-26 10:00:00,1.05777,1.05777,1.05691,1.05732
2026-05-26 10:15:00,1.05732,1.05738,1.057,1.05728
2026-05-26 10:30:00,1.05728,1.05746,1.05688,1.05691
2026-05-26 10:45:00,1.0569,1.05699,1.0567,1.05696
2026-05-26 11:00:00,1.05697,1.05722,1.05685,1.05695
2026-05-26 11:15:00,1.05695,1.05735,1.0567,1.05692
2026-05-26 11:30:00,1.05693,1.05727,1.05691,1.05725
2026-05-26 11:45:00,1.0572300000000001,1.05735,1.05713,1.05727
2026-05-26 12:00:00,1.05728,1.05738,1.05693,1.05737
2026-05-26 12:15:00,1.05738,1.05757,1.05722,1.05725
2026-05-26 12:30:00,1.05726,1.05746,1.05707,1.0572
2026-05-26 12:45:00,1.05721,1.05743,1.05703,1.05742
2026-05-26 13:00:00,1.05743,1.05747,1.05724,1.05733
2026-05-26 13:15:00,1.05733,1.05743,1.0572,1.05725
2026-05-26 13:30:00,1.05725,1.05762,1.05717,1.05745
2026-05-26 13:45:00,1.05746,1.05812,1.05726,1.05792
2026-05-26 14:00:00,1.05791,1.0582,1.05772,1.05774
2026-05-26 14:15:00,1.05774,1.05806,1.05771,1.05781
2026-05-26 14:30:00,1.05782,1.0581,1.05764,1.05779
2026-05-26 14:45:00,1.05778,1.05781,1.05756,1.05777
2026-05-26 15:00:00,1.05778,1.05781,1.05751,1.05773
2026-05-26 15:15:00,1.05772,1.05793,1.05759,1.05783
2026-05-26 15:30:00,1.05785,1.05792,1.05755,1.05762
2026-05-26 15:45:00,1.05763,1.05769,1.0572300000000001,1.05727
2026-05-26 16:00:00,1.05727,1.05761,1.05711,1.05748
2026-05-26 16:15:00,1.05748,1.05761,1.05715,1.05738
2026-05-26 16:30:00,1.05739,1.05739,1.05675,1.05684
2026-05-26 16:45:00,1.05683,1.05752,1.05675,1.05719
2026-05-26 17:00:00,1.05718,1.05736,1.05659,1.05662
2026-05-26 17:15:00,1.05663,1.0572300000000001,1.05659,1.05672
2026-05-26 17:30:00,1.05673,1.05689,1.0565,1.05654
2026-05-26 17:45:00,1.05653,1.05675,1.05635,1.05637
2026-05-26 18:00:00,1.05638,1.05663,1.05607,1.05615
2026-05-26 18:15:00,1.05614,1.0564,1.05589,1.05636
2026-05-26 18:30:00,1.05635,1.05679,1.05624,1.05657
2026-05-26 18:45:00,1.05658,1.05658,1.05604,1.05608
2026-05-26 19:00:00,1.05607,1.05642,1.05594,1.05633
2026-05-26 19:15:00,1.05633,1.05653,1.05609,1.05621
2026-05-26 19:30:00,1.05621,1.05625,1.056,1.05604
2026-05-26 19:45:00,1.05605,1.05626,1.05604,1.05617
2026-05-26 20:00:00,1.05618,1.0566,1.05615,1.05647
2026-05-26 20:15:00,1.05647,1.0565,1.0562,1.05629
2026-05-26 20:30:00,1.05629,1.0565,1.05613,1.05623
2026-05-26 20:45:00,1.05624,1.0565,1.05618,1.05636
2026-05-26 21:00:00,1.05636,1.05641,1.05629,1.05632
2026-05-26 21:15:00,1.05632,1.05634,1.05617,1.05621
2026-05-26 21:30:00,1.05622,1.05636,1.05619,1.05635
2026-05-26 21:45:00,1.05634,1.05643,1.05612,1.05634
2026-05-26 22:00:00,1.05633,1.05646,1.05629,1.05639
2026-05-26 22:15:00,1.05638,1.05654,1.05634,1.05643
2026-05-26 22:30:00,1.05644,1.05662,1.0564,1.05659
2026-05-26 22:45:00,1.0566,1.0568,1.0565,1.05677
2026-05-26 23:00:00,1.05679,1.05698,1.05669,1.05684
2026-05-26 23:15:00,1.05685,1.05686,1.05666,1.0567
2026-05-26 23:30:00,1.05668,1.05677,1.05661,1.05661
2026-05-26 23:45:00,1.05663,1.05664,1.05632,1.05638
2026-05-27 00:00:00,1.05568,1.05679,1.0546,1.05663
2026-05-27 00:15:00,1.05663,1.05673,1.0561,1.0561
2026-05-27 00:30:00,1.05607,1.05644,1.05601,1.05609
2026-05-27 00:45:00,1.05609,1.05659,1.05602,1.05657
2026-05-27 01:00:00,1.05657,1.05669,1.05633,1.05642
2026-05-27 01:15:00,1.05633,1.05658,1.05629,1.0564
2026-05-27 01:30:00,1.05639,1.05649,1.05637,1.05642
2026-05-27 01:45:00,1.05643,1.05647,1.05638,1.05641
2026-05-27 02:00:00,1.05641,1.0565,1.05638,1.05645
2026-05-27 02:15:00,1.05644,1.0565,1.05638,1.05645
2026-05-27 02:30:00,1.05644,1.05659,1.05643,1.05647
2026-05-27 02:45:00,1.05649,1.05654,1.05637,1.05644
2026-05-27 03:00:00,1.05645,1.0565,1.05628,1.05643
2026-05-27 03:15:00,1.05644,1.05645,1.05628,1.05635
2026-05-27 03:30:00,1.05636,1.05648,1.05622,1.05647
2026-05-27 03:45:00,1.05646,1.05666,1.05637,1.0565
2026-05-27 04:00:00,1.0565,1.0565,1.05624,1.05638
2026-05-27 04:15:00,1.05639,1.05659,1.05636,1.05658
2026-05-27 04:30:00,1.05659,1.05661,1.05633,1.05642
2026-05-27 04:45:00,1.05641,1.05642,1.05628,1.05632
2026-05-27 05:00:00,1.05632,1.05639,1.05617,1.05631
2026-05-27 05:15:00,1.05631,1.05637,1.05626,1.05633
2026-05-27 05:30:00,1.05634,1.05656,1.05631,1.05651
2026-05-27 05:45:00,1.05651,1.05672,1.05649,1.05654
2026-05-27 06:00:00,1.05655,1.05665,1.05636,1.05647
2026-05-27 06:15:00,1.05646,1.05664,1.05644,1.05658
2026-05-27 06:30:00,1.05658,1.05669,1.0565,1.05666
2026-05-27 06:45:00,1.05666,1.05669,1.05655,1.05665
2026-05-27 07:00:00,1.05666,1.05668,1.05654,1.05657
2026-05-27 07:15:00,1.05655,1.0566,1.05638,1.05639
2026-05-27 07:30:00,1.05639,1.05642,1.0563,1.05636
2026-05-27 07:45:00,1.05636,1.05637,1.05626,1.05631
2026-05-27 08:00:00,1.05631,1.05636,1.05621,1.05629
2026-05-27 08:15:00,1.0563,1.05638,1.05624,1.0563
2026-05-27 08:30:00,1.0563,1.0564,1.05623,1.0564
2026-05-27 08:45:00,1.05639,1.05645,1.05619,1.05621
2026-05-27 09:00:00,1.0562,1.05624,1.05601,1.05613
2026-05-27 09:15:00,1.05613,1.05633,1.0561,1.05623
2026-05-27 09:30:00,1.05623,1.05648,1.05589,1.05592
2026-05-27 09:45:00,1.05593,1.05597,1.05573,1.05577
2026-05-27 10:00:00,1.05579,1.05599,1.05553,1.05584
2026-05-27 10:15:00,1.05583,1.05589,1.05517,1.05524
2026-05-27 10:30:00,1.05525,1.05586,1.05517,1.05586
2026-05-27 10:45:00,1.05585,1.05629,1.05578,1.05613
2026-05-27 11:00:00,1.05612,1.05658,1.05596,1.05637
2026-05-27 11:15:00,1.05639,1.05666,1.05591,1.05609
2026-05-27 11:30:00,1.05608,1.05664,1.05597,1.05645
2026-05-27 11:45:00,1.05645,1.05721,1.05641,1.05708
2026-05-27 12:00:00,1.05708,1.05731,1.0568,1.0569
2026-05-27 12:15:00,1.05691,1.05714,1.05651,1.0566
2026-05-27 12:30:00,1.05659,1.05684,1.05658,1.0567
2026-05-27 12:45:00,1.0567,1.0567,1.05632,1.05642
2026-05-27 13:00:00,1.05641,1.05667,1.05628,1.05636
2026-05-27 13:15:00,1.05636,1.05662,1.05616,1.05635
2026-05-27 13:30:00,1.05635,1.05651,1.05623,1.05637
2026-05-27 13:45:00,1.05639,1.0566,1.05627,1.05651
2026-05-27 14:00:00,1.05654,1.05661,1.05636,1.05655
2026-05-27 14:15:00,1.05655,1.05682,1.05644,1.05655
2026-05-27 14:30:00,1.05654,1.05694,1.05652,1.05676
2026-05-27 14:45:00,1.05675,1.0568,1.05644,1.05658
2026-05-27 15:00:00,1.05659,1.05677,1.05623,1.05636
2026-05-27 15:15:00,1.05635,1.05658,1.05533,1.05574
2026-05-27 15:30:00,1.05575,1.05575,1.05503,1.05527
2026-05-27 15:45:00,1.05527,1.05541,1.05499,1.0554
2026-05-27 16:00:00,1.0554,1.05572,1.0553,1.05553
2026-05-27 16:15:00,1.05553,1.05613,1.05536,1.05604
2026-05-27 16:30:00,1.05603,1.0561,1.05553,1.05562
2026-05-27 16:45:00,1.05562,1.05623,1.05557,1.05606
2026-05-27 17:00:00,1.05606,1.05637,1.05574,1.05585
2026-05-27 17:15:00,1.05585,1.0559,1.0556,1.05568
2026-05-27 17:30:00,1.05569,1.05621,1.05567,1.05618
2026-05-27 17:45:00,1.05619,1.05635,1.05552,1.05565
2026-05-27 18:00:00,1.05566,1.0562,1.05549,1.05596
2026-05-27 18:15:00,1.05596,1.05607,1.05572,1.05588
2026-05-27 18:30:00,1.05585,1.05634,1.0558,1.05628
2026-05-27 18:45:00,1.05629,1.057,1.0562,1.05698
2026-05-27 19:00:00,1.05697,1.0571,1.05671,1.05678
2026-05-27 19:15:00,1.05677,1.05702,1.05651,1.05679
2026-05-27 19:30:00,1.05681,1.05689,1.05635,1.05635
2026-05-27 19:45:00,1.05636,1.05654,1.05632,1.05639
2026-05-27 20:00:00,1.0564,1.05673,1.05629,1.05637
2026-05-27 20:15:00,1.05637,1.05649,1.0562,1.05632
2026-05-27 20:30:00,1.05631,1.0564,1.05613,1.05618
2026-05-27 20:45:00,1.05616,1.05672,1.05616,1.05663
2026-05-27 21:00:00,1.05662,1.05683,1.0566,1.05682
2026-05-27 21:15:00,1.05683,1.05702,1.05674,1.05692
2026-05-27 21:30:00,1.05694,1.05694,1.05645,1.05652
2026-05-27 21:45:00,1.0565,1.05672,1.05636,1.05668
2026-05-27 22:00:00,1.05669,1.05671,1.05649,1.05653
2026-05-27 22:15:00,1.05653,1.05665,1.0565,1.05656
2026-05-27 22:30:00,1.05656,1.05681,1.05655,1.05679
2026-05-27 22:45:00,1.05679,1.05703,1.0567,1.0569
2026-05-27 23:00:00,1.05691,1.05699,1.05682,1.05696
2026-05-27 23:15:00,1.05696,1.05701,1.05687,1.05694
2026-05-27 23:30:00,1.05695,1.0570599999999999,1.05688,1.05693
2026-05-27 23:45:00,1.05694,1.05707,1.05661,1.05669
2026-05-28 00:00:00,1.05489,1.05586,1.05489,1.05586
2026-05-28 00:15:00,1.05586,1.05588,1.05544,1.05556
2026-05-28 00:30:00,1.05559,1.05639,1.05544,1.05603
2026-05-28 00:45:00,1.05609,1.05631,1.05584,1.05596
2026-05-28 01:00:00,1.05596,1.05674,1.05596,1.05668
2026-05-28 01:15:00,1.05668,1.05677,1.05662,1.05663
2026-05-28 01:30:00,1.05662,1.05677,1.05661,1.05673
2026-05-28 01:45:00,1.05673,1.05682,1.05659,1.05681
2026-05-28 02:00:00,1.0568,1.05684,1.05673,1.0568
2026-05-28 02:15:00,1.05682,1.0570599999999999,1.05676,1.05705
2026-05-28 02:30:00,1.05704,1.05709,1.05691,1.05701
2026-05-28 02:45:00,1.05702,1.05705,1.05692,1.057
2026-05-28 03:00:00,1.05699,1.05714,1.05695,1.05709
2026-05-28 03:15:00,1.05708,1.05714,1.05699,1.05708
2026-05-28 03:30:00,1.05707,1.05712,1.0569,1.05698
2026-05-28 03:45:00,1.05697,1.05699,1.05668,1.05675
2026-05-28 04:00:00,1.05673,1.05684,1.05668,1.05679
2026-05-28 04:15:00,1.0568,1.05689,1.05674,1.05682
2026-05-28 04:30:00,1.05682,1.05692,1.05674,1.05676
2026-05-28 04:45:00,1.05677,1.0569,1.0566,1.05662
2026-05-28 05:00:00,1.05662,1.05679,1.05659,1.05662
2026-05-28 05:15:00,1.05664,1.05668,1.05653,1.05659
2026-05-28 05:30:00,1.0566,1.05665,1.05654,1.0566
2026-05-28 05:45:00,1.0566,1.05678,1.05659,1.05671
2026-05-28 06:00:00,1.05671,1.05682,1.05647,1.05657
2026-05-28 06:15:00,1.05658,1.05685,1.05653,1.05675
2026-05-28 06:30:00,1.05675,1.05705,1.05652,1.05653
2026-05-28 06:45:00,1.05653,1.05658,1.05589,1.05592
2026-05-28 07:00:00,1.05591,1.05633,1.05584,1.056
2026-05-28 07:15:00,1.056,1.0563,1.05598,1.05611
2026-05-28 07:30:00,1.0561,1.05622,1.05598,1.05612
2026-05-28 07:45:00,1.05611,1.05628,1.05611,1.05622
2026-05-28 08:00:00,1.05622,1.05627,1.0561,1.05621
2026-05-28 08:15:00,1.05623,1.05635,1.05602,1.05633
2026-05-28 08:30:00,1.05633,1.05655,1.0562,1.05651
2026-05-28 08:45:00,1.05651,1.05656,1.05616,1.05621
2026-05-28 09:00:00,1.0562,1.05639,1.05616,1.05634
2026-05-28 09:15:00,1.05634,1.05635,1.05607,1.05607
2026-05-28 09:30:00,1.05607,1.05635,1.05601,1.05624
2026-05-28 09:45:00,1.05626,1.05638,1.05566,1.05587
2026-05-28 10:00:00,1.05588,1.05622,1.05578,1.05607
2026-05-28 10:15:00,1.05609,1.05616,1.05573,1.05597
2026-05-28 10:30:00,1.05597,1.05643,1.05591,1.05618
2026-05-28 10:45:00,1.05619,1.05653,1.05607,1.05644
2026-05-28 11:00:00,1.05645,1.05703,1.05637,1.05699
2026-05-28 11:15:00,1.05699,1.05721,1.05684,1.05713
2026-05-28 11:30:00,1.05712,1.05749,1.05689,1.05725
2026-05-28 11:45:00,1.05726,1.05752,1.05719,1.0572
2026-05-28 12:00:00,1.0572,1.05725,1.05679,1.05685
2026-05-28 12:15:00,1.05683,1.05745,1.05681,1.0572
2026-05-28 12:30:00,1.05719,1.05744,1.0571,1.05711
2026-05-28 12:45:00,1.05711,1.05737,1.05704,1.05717
2026-05-28 13:00:00,1.05718,1.05772,1.05711,1.05737
2026-05-28 13:15:00,1.05737,1.05757,1.05727,1.05743
2026-05-28 13:30:00,1.05744,1.05772,1.05726,1.05746
2026-05-28 13:45:00,1.05747,1.05761,1.05724,1.05749
2026-05-28 14:00:00,1.05748,1.0577,1.05743,1.0575
2026-05-28 14:15:00,1.0575,1.05779,1.05739,1.05747
2026-05-28 14:30:00,1.05747,1.0578,1.05739,1.05773
2026-05-28 14:45:00,1.05772,1.05791,1.05741,1.05763
2026-05-28 15:00:00,1.05763,1.05788,1.05732,1.05741
2026-05-28 15:15:00,1.05743,1.05747,1.05673,1.0568
2026-05-28 15:30:00,1.05681,1.05699,1.0564,1.05652
2026-05-28 15:45:00,1.05663,1.05666,1.05586,1.0559
2026-05-28 16:00:00,1.05595,1.05616,1.05565,1.05585
2026-05-28 16:15:00,1.05585,1.05615,1.05571,1.05573
2026-05-28 16:30:00,1.05572,1.05619,1.05563,1.05567
2026-05-28 16:45:00,1.05567,1.05621,1.0555,1.05573
2026-05-28 17:00:00,1.05573,1.05612,1.05549,1.05571
2026-05-28 17:15:00,1.05571,1.05577,1.05505,1.05537
2026-05-28 17:30:00,1.05537,1.05552,1.05461,1.05466
2026-05-28 17:45:00,1.05465,1.05517,1.05387,1.05423
2026-05-28 18:00:00,1.05419,1.05454,1.05387,1.05409
2026-05-28 18:15:00,1.05408,1.0542,1.05366,1.05373
2026-05-28 18:30:00,1.05372,1.05391,1.05359,1.05377
2026-05-28 18:45:00,1.05378,1.05414,1.05369,1.05409
2026-05-28 19:00:00,1.05409,1.05421,1.05391,1.05417
2026-05-28 19:15:00,1.05417,1.05425,1.05353,1.05375
2026-05-28 19:30:00,1.05374,1.05389,1.05332,1.05363
2026-05-28 19:45:00,1.05362,1.05379,1.05349,1.05363
2026-05-28 20:00:00,1.05364,1.054,1.05356,1.05392
2026-05-28 20:15:00,1.05393,1.054,1.05374,1.05382
2026-05-28 20:30:00,1.05382,1.05394,1.05366,1.05369
2026-05-28 20:45:00,1.05369,1.05383,1.05355,1.05367
2026-05-28 21:00:00,1.05368,1.05371,1.05341,1.05348
2026-05-28 21:15:00,1.05348,1.05356,1.05329,1.05346
2026-05-28 21:30:00,1.05347,1.05365,1.05345,1.05362
2026-05-28 21:45:00,1.05361,1.0539,1.05359,1.05387
2026-05-28 22:00:00,1.05386,1.05387,1.05347,1.05349
2026-05-28 22:15:00,1.05349,1.05364,1.05346,1.05357
2026-05-28 22:30:00,1.05357,1.05366,1.05331,1.05337
2026-05-28 22:45:00,1.05337,1.05348,1.05328,1.05346
2026-05-28 23:00:00,1.05345,1.05367,1.05342,1.05356
2026-05-28 23:15:00,1.05356,1.05366,1.0535,1.05352
2026-05-28 23:30:00,1.05353,1.05379,1.0535,1.05379
2026-05-28 23:45:00,1.05378,1.05393,1.05365,1.05371
2026-05-29 00:00:00,1.05301,1.05334,1.05258,1.05282
2026-05-29 00:15:00,1.05282,1.05337,1.0526,1.05291
2026-05-29 00:30:00,1.05301,1.05302,1.0528,1.05286
2026-05-29 00:45:00,1.05286,1.0533,1.05271,1.05289
2026-05-29 01:00:00,1.05332,1.05377,1.0531,1.05375
2026-05-29 01:15:00,1.05372,1.05378,1.05364,1.05366
2026-05-29 01:30:00,1.05367,1.0538,1.05366,1.0537
2026-05-29 01:45:00,1.0537,1.05376,1.05363,1.05371
2026-05-29 02:00:00,1.05371,1.05381,1.05369,1.05372
2026-05-29 02:15:00,1.05373,1.05378,1.05368,1.05368
2026-05-29 02:30:00,1.05368,1.05385,1.05368,1.05384
2026-05-29 02:45:00,1.05383,1.05384,1.05372,1.05375
2026-05-29 03:00:00,1.05375,1.05382,1.0536,1.0538
2026-05-29 03:15:00,1.05381,1.0539,1.0537,1.05372
2026-05-29 03:30:00,1.05371,1.05372,1.05353,1.05357
2026-05-29 03:45:00,1.05357,1.05376,1.0535,1.05356
2026-05-29 04:00:00,1.05355,1.05357,1.05306,1.05312
2026-05-29 04:15:00,1.05313,1.05333,1.0531,1.05327
2026-05-29 04:30:00,1.05328,1.05362,1.05325,1.05352
2026-05-29 04:45:00,1.05352,1.05372,1.0535,1.05366
2026-05-29 05:00:00,1.05367,1.0537,1.05356,1.05363
2026-05-29 05:15:00,1.05363,1.05368,1.05357,1.05362
2026-05-29 05:30:00,1.05362,1.05366,1.05354,1.0536
2026-05-29 05:45:00,1.05359,1.05367,1.05359,1.05362
2026-05-29 06:00:00,1.05361,1.0538,1.05361,1.05366
2026-05-29 06:15:00,1.05366,1.05388,1.05364,1.05372
2026-05-29 06:30:00,1.05372,1.05385,1.05366,1.05371
2026-05-29 06:45:00,1.05372,1.05382,1.05362,1.05378
2026-05-29 07:00:00,1.05379,1.05385,1.05361,1.05369
2026-05-29 07:15:00,1.05369,1.05373,1.05355,1.05366
2026-05-29 07:30:00,1.05365,1.05374,1.05354,1.0536
2026-05-29 07:45:00,1.0536,1.05377,1.05357,1.05367
2026-05-29 08:00:00,1.05368,1.05371,1.05353,1.05358
2026-05-29 08:15:00,1.0536,1.05369,1.05353,1.05364
2026-05-29 08:30:00,1.05363,1.05363,1.05347,1.05355
2026-05-29 08:45:00,1.05356,1.05361,1.0534,1.05343
2026-05-29 09:00:00,1.05341,1.05345,1.0531,1.0534
2026-05-29 09:15:00,1.0534,1.05344,1.0532,1.0534
2026-05-29 09:30:00,1.05339,1.05363,1.05304,1.05308
2026-05-29 09:45:00,1.05307,1.05317,1.05289,1.05292
2026-05-29 10:00:00,1.05291,1.05306,1.05241,1.05243
2026-05-29 10:15:00,1.05243,1.05258,1.05204,1.05232
2026-05-29 10:30:00,1.05231,1.05254,1.05197,1.05221
2026-05-29 10:45:00,1.05221,1.0524499999999999,1.0520100000000001,1.05223
2026-05-29 11:00:00,1.05222,1.05273,1.0521,1.05263
2026-05-29 11:15:00,1.05264,1.05275,1.05215,1.05215
2026-05-29 11:30:00,1.05216,1.0524499999999999,1.05196,1.05204
2026-05-29 11:45:00,1.05205,1.05234,1.0518399999999999,1.05192
2026-05-29 12:00:00,1.05192,1.05192,1.05133,1.05151
2026-05-29 12:15:00,1.0515,1.05162,1.05124,1.05128
2026-05-29 12:30:00,1.05127,1.05172,1.05114,1.05167
2026-05-29 12:45:00,1.05166,1.05178,1.05115,1.05118
2026-05-29 13:00:00,1.05117,1.05142,1.05067,1.05068
2026-05-29 13:15:00,1.05069,1.05108,1.05055,1.05057
2026-05-29 13:30:00,1.05057,1.05063,1.05026,1.05033
2026-05-29 13:45:00,1.05034,1.05048,1.05008,1.05023
2026-05-29 14:00:00,1.05023,1.05049,1.04992,1.05021
2026-05-29 14:15:00,1.05022,1.05045,1.0501800000000001,1.05033
2026-05-29 14:30:00,1.05032,1.05039,1.04982,1.05036
2026-05-29 14:45:00,1.05036,1.05065,1.0501800000000001,1.05034
2026-05-29 15:00:00,1.05033,1.05065,1.04983,1.04994
2026-05-29 15:15:00,1.04994,1.05031,1.04978,1.04978
2026-05-29 15:30:00,1.04978,1.05029,1.04965,1.05027
2026-05-29 15:45:00,1.05027,1.05028,1.04933,1.0497
2026-05-29 16:00:00,1.04971,1.05053,1.04946,1.0505
2026-05-29 16:15:00,1.0505,1.0507,1.05017,1.05026
2026-05-29 16:30:00,1.05026,1.05043,1.04995,1.05015
2026-05-29 16:45:00,1.05015,1.05036,1.04975,1.05005
2026-05-29 17:00:00,1.05005,1.05109,1.04998,1.05078
2026-05-29 17:15:00,1.05077,1.05093,1.05044,1.05091
2026-05-29 17:30:00,1.0509,1.05166,1.05085,1.0516
2026-05-29 17:45:00,1.05159,1.05375,1.0502,1.05372
2026-05-29 18:00:00,1.05372,1.05395,1.05285,1.05388
2026-05-29 18:15:00,1.05389,1.0541,1.05294,1.0532
2026-05-29 18:30:00,1.05321,1.05327,1.05254,1.05257
