datetime,open,high,low,close
2026-04-30 18:30:00,0.58893,0.58943,0.58892,0.58924
2026-04-30 18:45:00,0.58924,0.58924,0.58884,0.58901
2026-04-30 19:00:00,0.58902,0.58956,0.58892,0.58898
2026-04-30 19:15:00,0.58897,0.589,0.58863,0.58872
2026-04-30 19:30:00,0.58873,0.58915,0.58866,0.58899
2026-04-30 19:45:00,0.589,0.58914,0.58889,0.5891
2026-04-30 20:00:00,0.58909,0.5895,0.58886,0.58895
2026-04-30 20:15:00,0.58894,0.58924,0.58884,0.58917
2026-04-30 20:30:00,0.58918,0.58953,0.58917,0.58937
2026-04-30 20:45:00,0.58937,0.58944,0.58926,0.58928
2026-04-30 21:00:00,0.58929,0.58974,0.58929,0.58968
2026-04-30 21:15:00,0.58968,0.59,0.58967,0.58995
2026-04-30 21:30:00,0.58996,0.59052,0.58994,0.59048
2026-04-30 21:45:00,0.59047,0.59088,0.59047,0.59064
2026-04-30 22:00:00,0.59061,0.59095,0.5906,0.59077
2026-04-30 22:15:00,0.59077,0.59079,0.59043,0.59051
2026-04-30 22:30:00,0.59051,0.59093,0.59045,0.59083
2026-04-30 22:45:00,0.59083,0.59087,0.59061,0.59061
2026-04-30 23:00:00,0.5906,0.59086,0.59058,0.59075
2026-04-30 23:15:00,0.59075,0.59092,0.5907,0.59088
2026-04-30 23:30:00,0.59085,0.59105,0.59081,0.59082
2026-04-30 23:45:00,0.59081,0.59097,0.59078,0.59081
2026-05-01 00:00:00,0.59053,0.59053,0.5901,0.5904
2026-05-01 00:15:00,0.5904,0.59052,0.59013,0.59027
2026-05-01 00:30:00,0.5903,0.59038,0.58992,0.59006
2026-05-01 00:45:00,0.59003,0.59073,0.59003,0.59051
2026-05-01 01:00:00,0.59043,0.59076,0.59037,0.59062
2026-05-01 01:15:00,0.59062,0.59067,0.59053,0.59062
2026-05-01 01:30:00,0.59063,0.59068,0.59052,0.59054
2026-05-01 01:45:00,0.59053,0.5906,0.59044,0.59058
2026-05-01 02:00:00,0.59058,0.59074,0.59058,0.59065
2026-05-01 02:15:00,0.59067,0.59075,0.59057,0.59058
2026-05-01 02:30:00,0.59058,0.59084,0.59058,0.59073
2026-05-01 02:45:00,0.59074,0.59085,0.59053,0.5906
2026-05-01 03:00:00,0.59062,0.5907,0.59012,0.59022
2026-05-01 03:15:00,0.59022,0.59046,0.59022,0.59039
2026-05-01 03:30:00,0.59038,0.5905,0.59026,0.59049
2026-05-01 03:45:00,0.5905,0.59057,0.59031,0.59045
2026-05-01 04:00:00,0.59045,0.59046,0.59014,0.59042
2026-05-01 04:15:00,0.59042,0.59045,0.59008,0.59036
2026-05-01 04:30:00,0.59037,0.59055,0.59037,0.59039
2026-05-01 04:45:00,0.5904,0.59067,0.59032,0.59064
2026-05-01 05:00:00,0.59063,0.59089,0.59047,0.59073
2026-05-01 05:15:00,0.59073,0.59085,0.59049,0.59061
2026-05-01 05:30:00,0.59061,0.59064,0.59036,0.59038
2026-05-01 05:45:00,0.59037,0.59044,0.59004,0.59044
2026-05-01 06:00:00,0.59044,0.59065,0.5904,0.59064
2026-05-01 06:15:00,0.59063,0.59072,0.59054,0.59065
2026-05-01 06:30:00,0.59065,0.59065,0.59016,0.59017
2026-05-01 06:45:00,0.59019,0.59022,0.58995,0.59003
2026-05-01 07:00:00,0.59002,0.59003,0.58958,0.58971
2026-05-01 07:15:00,0.58969,0.58974,0.58943,0.58946
2026-05-01 07:30:00,0.58945,0.58954,0.58938,0.58943
2026-05-01 07:45:00,0.58943,0.58953,0.58935,0.58936
2026-05-01 08:00:00,0.58936,0.58948,0.58933,0.58943
2026-05-01 08:15:00,0.58943,0.58943,0.58922,0.58939
2026-05-01 08:30:00,0.58939,0.58954,0.58934,0.58948
2026-05-01 08:45:00,0.58947,0.5895,0.58909,0.58916
2026-05-01 09:00:00,0.58916,0.58942,0.58901,0.58904
2026-05-01 09:15:00,0.58905,0.58919,0.58885,0.58892
2026-05-01 09:30:00,0.58893,0.58897,0.58869,0.58881
2026-05-01 09:45:00,0.58882,0.59004,0.58881,0.58968
2026-05-01 10:00:00,0.58969,0.5899,0.58934,0.5897
2026-05-01 10:15:00,0.58969,0.58991,0.58951,0.5899
2026-05-01 10:30:00,0.58991,0.58991,0.58945,0.58971
2026-05-01 10:45:00,0.5897,0.5899,0.5892,0.58947
2026-05-01 11:00:00,0.58948,0.58973,0.58926,0.58927
2026-05-01 11:15:00,0.58927,0.58978,0.58926,0.58964
2026-05-01 11:30:00,0.58964,0.58973,0.5894,0.5896
2026-05-01 11:45:00,0.58959,0.58974,0.58946,0.58966
2026-05-01 12:00:00,0.58967,0.58972,0.58938,0.5894
2026-05-01 12:15:00,0.58938,0.58946,0.58889,0.589
2026-05-01 12:30:00,0.589,0.58933,0.58896,0.58927
2026-05-01 12:45:00,0.58926,0.58934,0.58883,0.58896
2026-05-01 13:00:00,0.58895,0.58928,0.58882,0.58923
2026-05-01 13:15:00,0.58923,0.58946,0.58921,0.58929
2026-05-01 13:30:00,0.5893,0.58933,0.58886,0.58902
2026-05-01 13:45:00,0.58901,0.58921,0.589,0.58917
2026-05-01 14:00:00,0.58917,0.58942,0.58907,0.58942
2026-05-01 14:15:00,0.58941,0.5898,0.58933,0.58961
2026-05-01 14:30:00,0.58961,0.58972,0.58933,0.58935
2026-05-01 14:45:00,0.58936,0.58959,0.58914,0.58954
2026-05-01 15:00:00,0.58953,0.59045,0.58934,0.5901
2026-05-01 15:15:00,0.5901,0.5907,0.59003,0.5906
2026-05-01 15:30:00,0.59059,0.59059,0.59014,0.59021
2026-05-01 15:45:00,0.5902,0.59032,0.59004,0.5901
2026-05-01 16:00:00,0.59009,0.59059,0.59001,0.59029
2026-05-01 16:15:00,0.59029,0.59043,0.59015,0.59031
2026-05-01 16:30:00,0.5903,0.59062,0.59016,0.59036
2026-05-01 16:45:00,0.59035,0.59097,0.58973,0.59084
2026-05-01 17:00:00,0.59084,0.59248,0.59078,0.5922
2026-05-01 17:15:00,0.59218,0.59248,0.59197,0.59212
2026-05-01 17:30:00,0.59213,0.59218,0.59144,0.59173
2026-05-01 17:45:00,0.59175,0.59198,0.59134,0.5915
2026-05-01 18:00:00,0.5915,0.59212,0.59126,0.5921
2026-05-01 18:15:00,0.59209,0.59225,0.5918,0.59198
2026-05-01 18:30:00,0.59197,0.59223,0.59175,0.59195
2026-05-01 18:45:00,0.59195,0.59218,0.59138,0.59176
2026-05-01 19:00:00,0.59173,0.59188,0.59152,0.59174
2026-05-01 19:15:00,0.59175,0.59202,0.59127,0.59143
2026-05-01 19:30:00,0.59143,0.59149,0.59111,0.59132
2026-05-01 19:45:00,0.5913,0.59135,0.59099,0.59101
2026-05-01 20:00:00,0.59099,0.59113,0.59084,0.59101
2026-05-01 20:15:00,0.59101,0.59114,0.59079,0.59084
2026-05-01 20:30:00,0.59083,0.59092,0.59048,0.59049
2026-05-01 20:45:00,0.59049,0.5909,0.59043,0.59058
2026-05-01 21:00:00,0.59059,0.59066,0.58998,0.59009
2026-05-01 21:15:00,0.59009,0.59034,0.58988,0.59029
2026-05-01 21:30:00,0.59028,0.59044,0.58996,0.59029
2026-05-01 21:45:00,0.59028,0.59057,0.59024,0.59043
2026-05-01 22:00:00,0.59043,0.59049,0.59022,0.59027
2026-05-01 22:15:00,0.59027,0.59043,0.59027,0.59031
2026-05-01 22:30:00,0.59032,0.59032,0.59011,0.59012
2026-05-01 22:45:00,0.59012,0.59015,0.5899,0.58997
2026-05-01 23:00:00,0.58997,0.59011,0.58993,0.59001
2026-05-01 23:15:00,0.59002,0.59004,0.58985,0.58986
2026-05-01 23:30:00,0.58985,0.58998,0.58975,0.58994
2026-05-01 23:45:00,0.58993,0.58994,0.58937,0.58953
2026-05-04 00:00:00,0.58887,0.58897,0.5881,0.58897
2026-05-04 00:15:00,0.58897,0.58976,0.58897,0.58974
2026-05-04 00:30:00,0.58974,0.59115,0.58942,0.59115
2026-05-04 00:45:00,0.59113,0.59126,0.59049,0.59092
2026-05-04 01:00:00,0.59092,0.5913,0.59059,0.5908
2026-05-04 01:15:00,0.59079,0.59083,0.59029,0.59051
2026-05-04 01:30:00,0.5905,0.59075,0.5904,0.59065
2026-05-04 01:45:00,0.59068,0.59077,0.59053,0.59066
2026-05-04 02:00:00,0.59067,0.59072,0.5905,0.59051
2026-05-04 02:15:00,0.5905,0.59053,0.59037,0.59052
2026-05-04 02:30:00,0.59052,0.59064,0.59048,0.59048
2026-05-04 02:45:00,0.59048,0.59076,0.59035,0.5905
2026-05-04 03:00:00,0.5905,0.59073,0.59023,0.59051
2026-05-04 03:15:00,0.59052,0.59057,0.59005,0.59017
2026-05-04 03:30:00,0.59018,0.59053,0.59016,0.59033
2026-05-04 03:45:00,0.59033,0.59061,0.59026,0.59043
2026-05-04 04:00:00,0.59043,0.59049,0.5899,0.5902
2026-05-04 04:15:00,0.59021,0.59068,0.58997,0.59007
2026-05-04 04:30:00,0.59007,0.59062,0.59003,0.59062
2026-05-04 04:45:00,0.59061,0.59095,0.59025,0.59093
2026-05-04 05:00:00,0.59093,0.59141,0.59082,0.59135
2026-05-04 05:15:00,0.59135,0.59135,0.59071,0.59076
2026-05-04 05:30:00,0.59076,0.59102,0.59072,0.59099
2026-05-04 05:45:00,0.59098,0.59146,0.59097,0.59138
2026-05-04 06:00:00,0.59135,0.59145,0.59117,0.59136
2026-05-04 06:15:00,0.59136,0.59139,0.59124,0.59125
2026-05-04 06:30:00,0.59125,0.59135,0.59115,0.59134
2026-05-04 06:45:00,0.59136,0.59265,0.59136,0.59248
2026-05-04 07:00:00,0.59249,0.59256,0.59207,0.59208
2026-05-04 07:15:00,0.59208,0.5923,0.59185,0.5919
2026-05-04 07:30:00,0.59192,0.59198,0.59186,0.59189
2026-05-04 07:45:00,0.59189,0.59193,0.59179,0.59186
2026-05-04 08:00:00,0.59186,0.59199,0.59174,0.59174
2026-05-04 08:15:00,0.59175,0.59206,0.59154,0.59156
2026-05-04 08:30:00,0.59155,0.59179,0.59144,0.59179
2026-05-04 08:45:00,0.5918,0.59183,0.59165,0.59177
2026-05-04 09:00:00,0.59177,0.59203,0.59168,0.59183
2026-05-04 09:15:00,0.59184,0.59188,0.59163,0.59178
2026-05-04 09:30:00,0.59179,0.59193,0.59074,0.59082
2026-05-04 09:45:00,0.59083,0.59102,0.59028,0.59085
2026-05-04 10:00:00,0.59084,0.59084,0.59023,0.59029
2026-05-04 10:15:00,0.59028,0.5905,0.58995,0.59003
2026-05-04 10:30:00,0.59004,0.59027,0.5898,0.58982
2026-05-04 10:45:00,0.58982,0.59005,0.58961,0.58968
2026-05-04 11:00:00,0.58968,0.58979,0.58942,0.58978
2026-05-04 11:15:00,0.58978,0.59016,0.58964,0.58994
2026-05-04 11:30:00,0.58995,0.59019,0.58988,0.59001
2026-05-04 11:45:00,0.59003,0.59024,0.5899,0.59005
2026-05-04 12:00:00,0.59006,0.59038,0.58999,0.59009
2026-05-04 12:15:00,0.59009,0.59026,0.58994,0.59019
2026-05-04 12:30:00,0.59018,0.59034,0.59008,0.59028
2026-05-04 12:45:00,0.59027,0.59029,0.58986,0.58989
2026-05-04 13:00:00,0.58988,0.58989,0.58747,0.58777
2026-05-04 13:15:00,0.58777,0.58884,0.58738,0.58865
2026-05-04 13:30:00,0.58864,0.5894,0.58846,0.58904
2026-05-04 13:45:00,0.58903,0.58918,0.58873,0.58878
2026-05-04 14:00:00,0.58879,0.58914,0.58842,0.58851
2026-05-04 14:15:00,0.58852,0.58881,0.58846,0.58859
2026-05-04 14:30:00,0.58859,0.58859,0.58808,0.58847
2026-05-04 14:45:00,0.58846,0.58848,0.5882,0.58828
2026-05-04 15:00:00,0.58829,0.58882,0.58824,0.58873
2026-05-04 15:15:00,0.58874,0.58944,0.58858,0.58934
2026-05-04 15:30:00,0.58933,0.58946,0.58905,0.58934
2026-05-04 15:45:00,0.58932,0.58949,0.58918,0.58925
2026-05-04 16:00:00,0.58926,0.58994,0.58861,0.58913
2026-05-04 16:15:00,0.58914,0.58933,0.58892,0.58908
2026-05-04 16:30:00,0.58909,0.58944,0.58895,0.58919
2026-05-04 16:45:00,0.5892,0.5893,0.58883,0.58891
2026-05-04 17:00:00,0.5889,0.58926,0.58873,0.58908
2026-05-04 17:15:00,0.58908,0.58946,0.58904,0.5892
2026-05-04 17:30:00,0.58919,0.58945,0.58909,0.5891
2026-05-04 17:45:00,0.58911,0.58926,0.58873,0.58873
2026-05-04 18:00:00,0.58875,0.5891,0.58852,0.58863
2026-05-04 18:15:00,0.58862,0.58894,0.58724,0.58763
2026-05-04 18:30:00,0.58764,0.5878,0.58722,0.58747
2026-05-04 18:45:00,0.58748,0.58763,0.58683,0.58713
2026-05-04 19:00:00,0.58713,0.58734,0.58604,0.58619
2026-05-04 19:15:00,0.58618,0.5873,0.58607,0.58689
2026-05-04 19:30:00,0.58688,0.5871,0.58673,0.58674
2026-05-04 19:45:00,0.58674,0.5869,0.58647,0.58649
2026-05-04 20:00:00,0.58651,0.58749,0.58648,0.58735
2026-05-04 20:15:00,0.58734,0.5877,0.58725,0.58765
2026-05-04 20:30:00,0.58765,0.58772,0.58713,0.5874
2026-05-04 20:45:00,0.58742,0.58747,0.58722,0.58733
2026-05-04 21:00:00,0.58734,0.58765,0.58727,0.58737
2026-05-04 21:15:00,0.58736,0.58737,0.58701,0.5872
2026-05-04 21:30:00,0.58722,0.5873,0.58709,0.58712
2026-05-04 21:45:00,0.58713,0.58753,0.58692,0.5875
2026-05-04 22:00:00,0.5875,0.58782,0.58715,0.5876
2026-05-04 22:15:00,0.58761,0.58782,0.58741,0.5876
2026-05-04 22:30:00,0.5876,0.58774,0.58747,0.58755
2026-05-04 22:45:00,0.58754,0.5876,0.58735,0.5875
2026-05-04 23:00:00,0.5875,0.5875,0.58722,0.58722
2026-05-04 23:15:00,0.58721,0.58722,0.58687,0.58701
2026-05-04 23:30:00,0.587,0.58719,0.587,0.58718
2026-05-04 23:45:00,0.58718,0.58725,0.58711,0.58712
2026-05-05 00:00:00,0.58704,0.58723,0.58652,0.58718
2026-05-05 00:15:00,0.5873,0.58733,0.58713,0.58728
2026-05-05 00:30:00,0.58723,0.58737,0.58717,0.58736
2026-05-05 00:45:00,0.58737,0.58738,0.58714,0.58728
2026-05-05 01:00:00,0.58728,0.58732,0.58695,0.58711
2026-05-05 01:15:00,0.5871,0.58719,0.58706,0.58719
2026-05-05 01:30:00,0.58719,0.58725,0.58716,0.58718
2026-05-05 01:45:00,0.58719,0.5872,0.58701,0.58706
2026-05-05 02:00:00,0.58706,0.58716,0.58701,0.58705
2026-05-05 02:15:00,0.58706,0.58715,0.58705,0.58715
2026-05-05 02:30:00,0.58715,0.58715,0.58708,0.58713
2026-05-05 02:45:00,0.58711,0.58721,0.58702,0.58716
2026-05-05 03:00:00,0.58715,0.58738,0.58697,0.58717
2026-05-05 03:15:00,0.58715,0.58715,0.58651,0.58662
2026-05-05 03:30:00,0.5866,0.58667,0.5862,0.58624
2026-05-05 03:45:00,0.58625,0.58669,0.58624,0.5863
2026-05-05 04:00:00,0.5863,0.58632,0.58609,0.58625
2026-05-05 04:15:00,0.58626,0.58636,0.58587,0.58607
2026-05-05 04:30:00,0.58607,0.5864,0.58597,0.58611
2026-05-05 04:45:00,0.5861,0.58646,0.58605,0.58641
2026-05-05 05:00:00,0.58641,0.58666,0.58639,0.58657
2026-05-05 05:15:00,0.58658,0.58685,0.58653,0.5868
2026-05-05 05:30:00,0.5868,0.58693,0.58662,0.58672
2026-05-05 05:45:00,0.58671,0.58697,0.5866,0.58663
2026-05-05 06:00:00,0.58663,0.58665,0.58638,0.58652
2026-05-05 06:15:00,0.58652,0.58675,0.58651,0.58659
2026-05-05 06:30:00,0.58658,0.58661,0.58642,0.58659
2026-05-05 06:45:00,0.58659,0.58672,0.58642,0.58644
2026-05-05 07:00:00,0.58644,0.58675,0.58643,0.58659
2026-05-05 07:15:00,0.58658,0.58689,0.58658,0.58687
2026-05-05 07:30:00,0.58689,0.58705,0.58637,0.58663
2026-05-05 07:45:00,0.58661,0.58668,0.58573,0.58579
2026-05-05 08:00:00,0.58578,0.58632,0.58567,0.58599
2026-05-05 08:15:00,0.58598,0.58634,0.58587,0.58594
2026-05-05 08:30:00,0.58597,0.58712,0.5858,0.58665
2026-05-05 08:45:00,0.58666,0.58694,0.58633,0.58674
2026-05-05 09:00:00,0.58674,0.5875,0.58669,0.58731
2026-05-05 09:15:00,0.58731,0.58735,0.58664,0.58715
2026-05-05 09:30:00,0.58714,0.58743,0.58707,0.58741
2026-05-05 09:45:00,0.58743,0.58776,0.58733,0.58744
2026-05-05 10:00:00,0.58747,0.58779,0.58733,0.58745
2026-05-05 10:15:00,0.58744,0.58751,0.58698,0.58699
2026-05-05 10:30:00,0.587,0.58801,0.58698,0.58774
2026-05-05 10:45:00,0.58776,0.58782,0.58737,0.58738
2026-05-05 11:00:00,0.58737,0.58809,0.58735,0.58801
2026-05-05 11:15:00,0.588,0.58842,0.58799,0.58824
2026-05-05 11:30:00,0.58823,0.58824,0.58783,0.58789
2026-05-05 11:45:00,0.5879,0.58811,0.58782,0.5879
2026-05-05 12:00:00,0.58789,0.58809,0.5876,0.58787
2026-05-05 12:15:00,0.58787,0.58792,0.5876,0.58786
2026-05-05 12:30:00,0.58786,0.58827,0.58784,0.588
2026-05-05 12:45:00,0.588,0.58835,0.58799,0.58828
2026-05-05 13:00:00,0.58828,0.5884,0.58804,0.58835
2026-05-05 13:15:00,0.58837,0.5887,0.5883,0.58864
2026-05-05 13:30:00,0.58863,0.58903,0.58803,0.58808
2026-05-05 13:45:00,0.58809,0.58815,0.58792,0.58812
2026-05-05 14:00:00,0.5881,0.58819,0.5876,0.5877
2026-05-05 14:15:00,0.5877,0.5882,0.58746,0.5881
2026-05-05 14:30:00,0.5881,0.58825,0.58792,0.58808
2026-05-05 14:45:00,0.58808,0.58824,0.58799,0.58815
2026-05-05 15:00:00,0.58815,0.58849,0.58773,0.58828
2026-05-05 15:15:00,0.58829,0.58911,0.58823,0.58911
2026-05-05 15:30:00,0.5891,0.58911,0.58828,0.58829
2026-05-05 15:45:00,0.58829,0.58845,0.58818,0.58829
2026-05-05 16:00:00,0.5883,0.58915,0.58829,0.58884
2026-05-05 16:15:00,0.58883,0.58905,0.58865,0.58869
2026-05-05 16:30:00,0.58869,0.58879,0.58832,0.58836
2026-05-05 16:45:00,0.58836,0.58876,0.58821,0.58856
2026-05-05 17:00:00,0.58857,0.58924,0.58824,0.58839
2026-05-05 17:15:00,0.58839,0.58909,0.58804,0.58893
2026-05-05 17:30:00,0.58894,0.58938,0.58883,0.58927
2026-05-05 17:45:00,0.58926,0.58946,0.58896,0.58945
2026-05-05 18:00:00,0.58946,0.59005,0.58944,0.58999
2026-05-05 18:15:00,0.58998,0.59007,0.58982,0.59003
2026-05-05 18:30:00,0.59002,0.59058,0.5898,0.59032
2026-05-05 18:45:00,0.59032,0.59049,0.59008,0.59013
2026-05-05 19:00:00,0.59012,0.59023,0.5897,0.5897
2026-05-05 19:15:00,0.58967,0.58969,0.58935,0.58948
2026-05-05 19:30:00,0.58949,0.58952,0.58919,0.5895
2026-05-05 19:45:00,0.58949,0.58955,0.58912,0.58917
2026-05-05 20:00:00,0.58918,0.5893,0.58891,0.58901
2026-05-05 20:15:00,0.58901,0.58918,0.58896,0.58916
2026-05-05 20:30:00,0.58917,0.58953,0.58912,0.5892
2026-05-05 20:45:00,0.58922,0.5893,0.58912,0.58917
2026-05-05 21:00:00,0.58918,0.58934,0.58912,0.58918
2026-05-05 21:15:00,0.58918,0.58923,0.58905,0.58911
2026-05-05 21:30:00,0.5891,0.58917,0.58897,0.58901
2026-05-05 21:45:00,0.58902,0.58912,0.58895,0.58899
2026-05-05 22:00:00,0.58898,0.58917,0.58895,0.58895
2026-05-05 22:15:00,0.58895,0.58895,0.58878,0.58881
2026-05-05 22:30:00,0.5888,0.58894,0.58869,0.58873
2026-05-05 22:45:00,0.58873,0.58879,0.58856,0.58879
2026-05-05 23:00:00,0.58878,0.58885,0.58873,0.5888
2026-05-05 23:15:00,0.58879,0.58879,0.58867,0.58879
2026-05-05 23:30:00,0.58878,0.58879,0.58864,0.58865
2026-05-05 23:45:00,0.58864,0.58868,0.58848,0.58852
2026-05-06 00:00:00,0.58747,0.58854,0.58697,0.58778
2026-05-06 00:15:00,0.58757,0.58865,0.58737,0.58827
2026-05-06 00:30:00,0.58831,0.58849,0.58822,0.58827
2026-05-06 00:45:00,0.58828,0.58879,0.58763,0.58855
2026-05-06 01:00:00,0.58855,0.58873,0.58829,0.58856
2026-05-06 01:15:00,0.58857,0.58857,0.58836,0.58841
2026-05-06 01:30:00,0.58841,0.58872,0.58838,0.5886
2026-05-06 01:45:00,0.58861,0.58976,0.58861,0.58958
2026-05-06 02:00:00,0.58958,0.59091,0.58937,0.59084
2026-05-06 02:15:00,0.59085,0.5913,0.5905,0.59052
2026-05-06 02:30:00,0.59053,0.5907,0.59034,0.59034
2026-05-06 02:45:00,0.59038,0.59044,0.59014,0.59015
2026-05-06 03:00:00,0.59019,0.5907,0.59014,0.5904
2026-05-06 03:15:00,0.59039,0.5911,0.59015,0.59085
2026-05-06 03:30:00,0.59085,0.59175,0.59079,0.5917
2026-05-06 03:45:00,0.59168,0.59196,0.5915,0.59194
2026-05-06 04:00:00,0.59195,0.59211,0.59174,0.59187
2026-05-06 04:15:00,0.59186,0.59279,0.59186,0.5925
2026-05-06 04:30:00,0.59249,0.5925,0.59191,0.5924
2026-05-06 04:45:00,0.59241,0.59297,0.59241,0.59266
2026-05-06 05:00:00,0.59266,0.59288,0.59258,0.59263
2026-05-06 05:15:00,0.59263,0.59291,0.59252,0.5926
2026-05-06 05:30:00,0.5926,0.5928,0.59255,0.59262
2026-05-06 05:45:00,0.59263,0.59291,0.59254,0.59284
2026-05-06 06:00:00,0.59284,0.5939,0.59282,0.59334
2026-05-06 06:15:00,0.59333,0.59346,0.59315,0.59318
2026-05-06 06:30:00,0.59317,0.59354,0.59303,0.59341
2026-05-06 06:45:00,0.59341,0.59343,0.59295,0.59295
2026-05-06 07:00:00,0.59295,0.59343,0.59289,0.59343
2026-05-06 07:15:00,0.59343,0.59396,0.59318,0.5939
2026-05-06 07:30:00,0.59391,0.5946,0.59378,0.59457
2026-05-06 07:45:00,0.59457,0.59523,0.59445,0.59472
2026-05-06 08:00:00,0.59472,0.595,0.59459,0.59475
2026-05-06 08:15:00,0.59474,0.59474,0.59404,0.5945
2026-05-06 08:30:00,0.5945,0.59456,0.59428,0.5945
2026-05-06 08:45:00,0.5945,0.59489,0.59446,0.59467
2026-05-06 09:00:00,0.59467,0.59486,0.5943,0.5947
2026-05-06 09:15:00,0.59469,0.59528,0.59459,0.59508
2026-05-06 09:30:00,0.59508,0.59512,0.59451,0.59477
2026-05-06 09:45:00,0.59476,0.59529,0.59474,0.59522
2026-05-06 10:00:00,0.59523,0.5953,0.59419,0.59432
2026-05-06 10:15:00,0.59431,0.59477,0.59419,0.59465
2026-05-06 10:30:00,0.59465,0.59476,0.59433,0.59462
2026-05-06 10:45:00,0.59461,0.59547,0.59459,0.59545
2026-05-06 11:00:00,0.59544,0.59567,0.59486,0.59514
2026-05-06 11:15:00,0.59514,0.59543,0.59488,0.59527
2026-05-06 11:30:00,0.59527,0.59594,0.59523,0.59581
2026-05-06 11:45:00,0.5958,0.59764,0.59571,0.59696
2026-05-06 12:00:00,0.59696,0.59714,0.59613,0.59624
2026-05-06 12:15:00,0.59625,0.59683,0.59608,0.59645
2026-05-06 12:30:00,0.59645,0.597,0.5963,0.5966
2026-05-06 12:45:00,0.59661,0.597,0.59656,0.59689
2026-05-06 13:00:00,0.5969,0.59712,0.59644,0.59647
2026-05-06 13:15:00,0.59646,0.5967,0.59638,0.59654
2026-05-06 13:30:00,0.59655,0.59781,0.59655,0.59772
2026-05-06 13:45:00,0.59771,0.59912,0.59757,0.59829
2026-05-06 14:00:00,0.59827,0.59846,0.59756,0.59761
2026-05-06 14:15:00,0.59761,0.59811,0.59756,0.59773
2026-05-06 14:30:00,0.59774,0.59799,0.5973,0.59736
2026-05-06 14:45:00,0.59737,0.59768,0.59708,0.59715
2026-05-06 15:00:00,0.59717,0.59718,0.59585,0.59601
2026-05-06 15:15:00,0.59601,0.5966,0.59581,0.59641
2026-05-06 15:30:00,0.59642,0.59656,0.59612,0.5964
2026-05-06 15:45:00,0.59639,0.59641,0.59595,0.59604
2026-05-06 16:00:00,0.59604,0.59628,0.59508,0.59578
2026-05-06 16:15:00,0.59579,0.59598,0.5952,0.59533
2026-05-06 16:30:00,0.59533,0.5958,0.59508,0.59549
2026-05-06 16:45:00,0.59549,0.59565,0.59515,0.59545
2026-05-06 17:00:00,0.59545,0.59562,0.59505,0.59544
2026-05-06 17:15:00,0.59545,0.59564,0.5951,0.59515
2026-05-06 17:30:00,0.59516,0.59682,0.59514,0.59681
2026-05-06 17:45:00,0.59681,0.59696,0.59593,0.59594
2026-05-06 18:00:00,0.59594,0.59611,0.59547,0.59565
2026-05-06 18:15:00,0.59565,0.59583,0.59559,0.59566
2026-05-06 18:30:00,0.59567,0.59599,0.59561,0.5958
2026-05-06 18:45:00,0.59581,0.59589,0.59547,0.59549
2026-05-06 19:00:00,0.59548,0.59548,0.59513,0.59532
2026-05-06 19:15:00,0.59532,0.59534,0.59511,0.59519
2026-05-06 19:30:00,0.5952,0.59541,0.59516,0.59529
2026-05-06 19:45:00,0.5953,0.5953,0.59467,0.59492
2026-05-06 20:00:00,0.5949,0.5954,0.59476,0.59531
2026-05-06 20:15:00,0.59531,0.59558,0.59522,0.59548
2026-05-06 20:30:00,0.59549,0.59551,0.59509,0.5952
2026-05-06 20:45:00,0.5952,0.59542,0.59509,0.59542
2026-05-06 21:00:00,0.59542,0.59574,0.59542,0.59542
2026-05-06 21:15:00,0.59543,0.59563,0.59542,0.59551
2026-05-06 21:30:00,0.59552,0.59568,0.59551,0.59557
2026-05-06 21:45:00,0.59556,0.59582,0.59547,0.59562
2026-05-06 22:00:00,0.59567,0.59605,0.59561,0.59589
2026-05-06 22:15:00,0.59589,0.596,0.59581,0.59581
2026-05-06 22:30:00,0.5958,0.59584,0.59566,0.5957
2026-05-06 22:45:00,0.59569,0.59586,0.59559,0.59559
2026-05-06 23:00:00,0.5956,0.59561,0.59539,0.59559
2026-05-06 23:15:00,0.59559,0.59564,0.59558,0.59564
2026-05-06 23:30:00,0.59563,0.59564,0.59543,0.59544
2026-05-06 23:45:00,0.59544,0.59554,0.59528,0.59546
2026-05-07 00:00:00,0.59533,0.59596,0.59371,0.59569
2026-05-07 00:15:00,0.59569,0.5957,0.59471,0.59498
2026-05-07 00:30:00,0.59498,0.59593,0.59481,0.59559
2026-05-07 00:45:00,0.59559,0.59574,0.59518,0.59518
2026-05-07 01:00:00,0.59522,0.5956,0.59517,0.5956
2026-05-07 01:15:00,0.5956,0.59569,0.59556,0.5956
2026-05-07 01:30:00,0.59559,0.59568,0.59556,0.59562
2026-05-07 01:45:00,0.59561,0.59565,0.59548,0.59564
2026-05-07 02:00:00,0.59563,0.59575,0.59556,0.59568
2026-05-07 02:15:00,0.59568,0.59568,0.59541,0.59547
2026-05-07 02:30:00,0.59545,0.59556,0.59537,0.59555
2026-05-07 02:45:00,0.59556,0.59566,0.59525,0.59532
2026-05-07 03:00:00,0.59532,0.59577,0.59516,0.59574
2026-05-07 03:15:00,0.59575,0.59577,0.59514,0.59529
2026-05-07 03:30:00,0.59528,0.5955,0.59518,0.59529
2026-05-07 03:45:00,0.59528,0.59549,0.59515,0.59544
2026-05-07 04:00:00,0.59545,0.5959,0.59505,0.59565
2026-05-07 04:15:00,0.59563,0.59594,0.59562,0.59583
2026-05-07 04:30:00,0.5958,0.59626,0.59568,0.59625
2026-05-07 04:45:00,0.59624,0.59656,0.5962,0.59621
2026-05-07 05:00:00,0.5962,0.5964,0.59599,0.59615
2026-05-07 05:15:00,0.59615,0.59615,0.59575,0.59592
2026-05-07 05:30:00,0.59592,0.59614,0.59582,0.59592
2026-05-07 05:45:00,0.59593,0.59625,0.59593,0.59608
2026-05-07 06:00:00,0.59609,0.59611,0.59585,0.59593
2026-05-07 06:15:00,0.59593,0.59614,0.59586,0.59586
2026-05-07 06:30:00,0.59586,0.5961,0.59565,0.5959
2026-05-07 06:45:00,0.5959,0.59593,0.59578,0.5958
2026-05-07 07:00:00,0.59579,0.59603,0.59571,0.59597
2026-05-07 07:15:00,0.59596,0.59625,0.59593,0.59622
2026-05-07 07:30:00,0.59623,0.59635,0.59608,0.59629
2026-05-07 07:45:00,0.59631,0.59634,0.59608,0.59616
2026-05-07 08:00:00,0.59616,0.59629,0.59609,0.59619
2026-05-07 08:15:00,0.59619,0.59623,0.59606,0.59617
2026-05-07 08:30:00,0.59617,0.59639,0.59615,0.5962
2026-05-07 08:45:00,0.5962,0.59623,0.59589,0.59596
2026-05-07 09:00:00,0.59595,0.59596,0.59561,0.59565
2026-05-07 09:15:00,0.59565,0.59585,0.59555,0.59556
2026-05-07 09:30:00,0.59554,0.59672,0.59541,0.59663
2026-05-07 09:45:00,0.59662,0.59665,0.59573,0.59595
2026-05-07 10:00:00,0.59591,0.59729,0.5959,0.59727
2026-05-07 10:15:00,0.59728,0.59735,0.59676,0.59704
2026-05-07 10:30:00,0.59705,0.5975,0.59677,0.5972
2026-05-07 10:45:00,0.59721,0.59758,0.59693,0.59749
2026-05-07 11:00:00,0.5975,0.5978,0.59742,0.59771
2026-05-07 11:15:00,0.59771,0.59773,0.59722,0.59762
2026-05-07 11:30:00,0.59762,0.59781,0.59748,0.59769
2026-05-07 11:45:00,0.59769,0.59795,0.59741,0.59755
2026-05-07 12:00:00,0.59754,0.59754,0.59715,0.59729
2026-05-07 12:15:00,0.5973,0.59737,0.59705,0.59709
2026-05-07 12:30:00,0.59709,0.59794,0.59705,0.59793
2026-05-07 12:45:00,0.59792,0.59803,0.59744,0.59772
2026-05-07 13:00:00,0.59771,0.59803,0.59764,0.59798
2026-05-07 13:15:00,0.59797,0.59815,0.59783,0.59807
2026-05-07 13:30:00,0.59807,0.59825,0.59775,0.59819
2026-05-07 13:45:00,0.59819,0.59826,0.59793,0.59799
2026-05-07 14:00:00,0.59803,0.59833,0.59797,0.59809
2026-05-07 14:15:00,0.59809,0.59824,0.59777,0.59805
2026-05-07 14:30:00,0.59806,0.59825,0.59794,0.59806
2026-05-07 14:45:00,0.59806,0.59812,0.5978,0.59807
2026-05-07 15:00:00,0.59808,0.59829,0.59785,0.59794
2026-05-07 15:15:00,0.59795,0.59829,0.59762,0.5978
2026-05-07 15:30:00,0.59783,0.59812,0.59767,0.59808
2026-05-07 15:45:00,0.59808,0.59833,0.59784,0.59786
2026-05-07 16:00:00,0.59787,0.59787,0.59726,0.59757
2026-05-07 16:15:00,0.59757,0.59808,0.59748,0.59799
2026-05-07 16:30:00,0.59798,0.59798,0.59754,0.59762
2026-05-07 16:45:00,0.59762,0.59785,0.5973,0.59752
2026-05-07 17:00:00,0.59752,0.59761,0.59699,0.59761
2026-05-07 17:15:00,0.5976,0.5979,0.59721,0.59762
2026-05-07 17:30:00,0.59762,0.59783,0.59744,0.59775
2026-05-07 17:45:00,0.59775,0.59797,0.59766,0.5978
2026-05-07 18:00:00,0.59781,0.59788,0.59738,0.59743
2026-05-07 18:15:00,0.59742,0.59745,0.59623,0.5965
2026-05-07 18:30:00,0.59651,0.59694,0.59647,0.59659
2026-05-07 18:45:00,0.59657,0.59661,0.59615,0.59619
2026-05-07 19:00:00,0.5962,0.59636,0.59582,0.59591
2026-05-07 19:15:00,0.5959,0.59643,0.59562,0.59638
2026-05-07 19:30:00,0.59638,0.59644,0.59591,0.59604
2026-05-07 19:45:00,0.59605,0.59617,0.59582,0.59601
2026-05-07 20:00:00,0.59603,0.59613,0.59584,0.59595
2026-05-07 20:15:00,0.59595,0.59627,0.59525,0.59528
2026-05-07 20:30:00,0.59529,0.59547,0.59482,0.59505
2026-05-07 20:45:00,0.59506,0.59555,0.59499,0.59555
2026-05-07 21:00:00,0.59555,0.59564,0.59523,0.59545
2026-05-07 21:15:00,0.59544,0.59554,0.59537,0.59547
2026-05-07 21:30:00,0.59547,0.59559,0.59471,0.59494
2026-05-07 21:45:00,0.59495,0.59533,0.59458,0.59531
2026-05-07 22:00:00,0.59531,0.59557,0.59502,0.59533
2026-05-07 22:15:00,0.59533,0.5954,0.59446,0.59486
2026-05-07 22:30:00,0.59485,0.59527,0.59479,0.59516
2026-05-07 22:45:00,0.59513,0.59523,0.59424,0.59427
2026-05-07 23:00:00,0.59428,0.5952,0.5942,0.59469
2026-05-07 23:15:00,0.59469,0.59473,0.59443,0.59448
2026-05-07 23:30:00,0.59448,0.59458,0.59382,0.59418
2026-05-07 23:45:00,0.59424,0.59426,0.59363,0.59365
2026-05-08 00:00:00,0.59352,0.59405,0.5932,0.59394
2026-05-08 00:15:00,0.59402,0.59403,0.59388,0.59388
2026-05-08 00:30:00,0.59394,0.59394,0.5937,0.59377
2026-05-08 00:45:00,0.59375,0.59397,0.59374,0.59378
2026-05-08 01:00:00,0.59378,0.59378,0.59318,0.5937
2026-05-08 01:15:00,0.5937,0.59397,0.59356,0.59388
2026-05-08 01:30:00,0.59389,0.5939,0.59357,0.59368
2026-05-08 01:45:00,0.59367,0.59374,0.59342,0.59344
2026-05-08 02:00:00,0.59343,0.59367,0.59342,0.59358
2026-05-08 02:15:00,0.59359,0.59381,0.59358,0.59379
2026-05-08 02:30:00,0.5938,0.59383,0.59367,0.59373
2026-05-08 02:45:00,0.59374,0.59393,0.59368,0.59383
2026-05-08 03:00:00,0.59383,0.5942,0.59374,0.59391
2026-05-08 03:15:00,0.5939,0.5939,0.59318,0.59358
2026-05-08 03:30:00,0.59357,0.59391,0.59353,0.59384
2026-05-08 03:45:00,0.59385,0.59389,0.59355,0.5938
2026-05-08 04:00:00,0.59382,0.59421,0.59381,0.59402
2026-05-08 04:15:00,0.59401,0.59416,0.59382,0.59385
2026-05-08 04:30:00,0.59386,0.59406,0.59367,0.59385
2026-05-08 04:45:00,0.59385,0.59406,0.59376,0.59386
2026-05-08 05:00:00,0.59386,0.59391,0.59367,0.59379
2026-05-08 05:15:00,0.59377,0.59393,0.59357,0.59368
2026-05-08 05:30:00,0.59369,0.59379,0.59305,0.59349
2026-05-08 05:45:00,0.59349,0.59401,0.59347,0.59369
2026-05-08 06:00:00,0.59369,0.59406,0.59366,0.59401
2026-05-08 06:15:00,0.59401,0.59406,0.59375,0.59397
2026-05-08 06:30:00,0.59397,0.59447,0.59397,0.59443
2026-05-08 06:45:00,0.59443,0.59447,0.59403,0.59403
2026-05-08 07:00:00,0.59404,0.59429,0.59401,0.59411
2026-05-08 07:15:00,0.59411,0.59429,0.59398,0.59413
2026-05-08 07:30:00,0.59413,0.59428,0.59398,0.59427
2026-05-08 07:45:00,0.59426,0.5946,0.59425,0.5944
2026-05-08 08:00:00,0.5944,0.59453,0.59431,0.59443
2026-05-08 08:15:00,0.59444,0.59484,0.59441,0.59484
2026-05-08 08:30:00,0.59484,0.5951,0.59452,0.59465
2026-05-08 08:45:00,0.59465,0.59483,0.59456,0.59475
2026-05-08 09:00:00,0.59477,0.59531,0.5947,0.59497
2026-05-08 09:15:00,0.59494,0.59557,0.59492,0.59555
2026-05-08 09:30:00,0.59555,0.59563,0.59517,0.59557
2026-05-08 09:45:00,0.59557,0.59559,0.59529,0.59529
2026-05-08 10:00:00,0.59528,0.59544,0.59501,0.59503
2026-05-08 10:15:00,0.59503,0.59511,0.59478,0.59486
2026-05-08 10:30:00,0.59488,0.59529,0.59479,0.59506
2026-05-08 10:45:00,0.59507,0.59529,0.595,0.59514
2026-05-08 11:00:00,0.59515,0.59535,0.595,0.59504
2026-05-08 11:15:00,0.59503,0.596,0.595,0.59597
2026-05-08 11:30:00,0.59597,0.59635,0.59594,0.59618
2026-05-08 11:45:00,0.59617,0.59652,0.59597,0.59623
2026-05-08 12:00:00,0.59623,0.5968,0.59616,0.59654
2026-05-08 12:15:00,0.59653,0.5969,0.59649,0.5965
2026-05-08 12:30:00,0.59649,0.59663,0.59637,0.59648
2026-05-08 12:45:00,0.59647,0.59654,0.59597,0.59627
2026-05-08 13:00:00,0.59628,0.59671,0.59621,0.59658
2026-05-08 13:15:00,0.59659,0.59675,0.59641,0.59662
2026-05-08 13:30:00,0.59661,0.59685,0.59654,0.59656
2026-05-08 13:45:00,0.59655,0.59657,0.59605,0.59639
2026-05-08 14:00:00,0.59638,0.59659,0.59615,0.59624
2026-05-08 14:15:00,0.59628,0.59638,0.59607,0.59623
2026-05-08 14:30:00,0.59624,0.59629,0.59587,0.59589
2026-05-08 14:45:00,0.5959,0.59613,0.59579,0.59608
2026-05-08 15:00:00,0.59608,0.59618,0.5956,0.59568
2026-05-08 15:15:00,0.59568,0.59593,0.59549,0.59587
2026-05-08 15:30:00,0.59585,0.59688,0.5949,0.5965
2026-05-08 15:45:00,0.5965,0.59655,0.5958,0.59587
2026-05-08 16:00:00,0.59586,0.596,0.59488,0.59515
2026-05-08 16:15:00,0.59516,0.59608,0.59496,0.59603
2026-05-08 16:30:00,0.59604,0.59658,0.59595,0.5963
2026-05-08 16:45:00,0.5963,0.59653,0.59613,0.59621
2026-05-08 17:00:00,0.5962,0.59624,0.59535,0.59592
2026-05-08 17:15:00,0.59593,0.59601,0.5956,0.5956
2026-05-08 17:30:00,0.5956,0.59604,0.59556,0.59581
2026-05-08 17:45:00,0.59581,0.59609,0.59569,0.59569
2026-05-08 18:00:00,0.59568,0.59595,0.59541,0.59549
2026-05-08 18:15:00,0.5955,0.59585,0.5953,0.59583
2026-05-08 18:30:00,0.59584,0.59611,0.59544,0.59569
2026-05-08 18:45:00,0.59568,0.59602,0.59558,0.59587
2026-05-08 19:00:00,0.59587,0.59622,0.59574,0.5958
2026-05-08 19:15:00,0.5958,0.5962,0.59578,0.5962
2026-05-08 19:30:00,0.59618,0.59624,0.59573,0.59581
2026-05-08 19:45:00,0.59581,0.59598,0.59577,0.59577
2026-05-08 20:00:00,0.59575,0.59592,0.59569,0.59579
2026-05-08 20:15:00,0.59579,0.59616,0.59578,0.59611
2026-05-08 20:30:00,0.5961,0.59615,0.59592,0.596
2026-05-08 20:45:00,0.596,0.59611,0.59596,0.59598
2026-05-08 21:00:00,0.59596,0.59646,0.59585,0.59637
2026-05-08 21:15:00,0.59639,0.59641,0.59614,0.59621
2026-05-08 21:30:00,0.5962,0.59627,0.59611,0.59622
2026-05-08 21:45:00,0.59622,0.59623,0.59582,0.59592
2026-05-08 22:00:00,0.59593,0.59617,0.59591,0.59615
2026-05-08 22:15:00,0.59616,0.59621,0.59611,0.59615
2026-05-08 22:30:00,0.59614,0.59645,0.5961,0.59638
2026-05-08 22:45:00,0.59637,0.5964,0.59605,0.59628
2026-05-08 23:00:00,0.59627,0.59633,0.59612,0.59631
2026-05-08 23:15:00,0.59632,0.59646,0.5963,0.59633
2026-05-08 23:30:00,0.59634,0.5965,0.5963,0.59646
2026-05-08 23:45:00,0.59647,0.59656,0.59631,0.59641
2026-05-11 00:00:00,0.59337,0.59407,0.59279,0.59375
2026-05-11 00:15:00,0.59375,0.59526,0.59372,0.59507
2026-05-11 00:30:00,0.5952,0.59545,0.59463,0.59466
2026-05-11 00:45:00,0.59465,0.59484,0.59454,0.5948
2026-05-11 01:00:00,0.5948,0.59504,0.59444,0.59482
2026-05-11 01:15:00,0.59484,0.5951,0.59456,0.59507
2026-05-11 01:30:00,0.59508,0.59525,0.59488,0.59498
2026-05-11 01:45:00,0.59499,0.5951,0.59483,0.59505
2026-05-11 02:00:00,0.59504,0.5951,0.59484,0.59494
2026-05-11 02:15:00,0.59495,0.59524,0.59494,0.59511
2026-05-11 02:30:00,0.5951,0.59515,0.595,0.59509
2026-05-11 02:45:00,0.5951,0.59521,0.5949,0.59494
2026-05-11 03:00:00,0.59493,0.59521,0.59479,0.5948
2026-05-11 03:15:00,0.5948,0.5953,0.59474,0.59518
2026-05-11 03:30:00,0.5952,0.59563,0.59515,0.59542
2026-05-11 03:45:00,0.59543,0.59567,0.59491,0.59561
2026-05-11 04:00:00,0.5956,0.59577,0.59504,0.59529
2026-05-11 04:15:00,0.5953,0.59556,0.59529,0.5954
2026-05-11 04:30:00,0.5954,0.59548,0.59475,0.59494
2026-05-11 04:45:00,0.59494,0.59505,0.59484,0.59504
2026-05-11 05:00:00,0.59505,0.59522,0.595,0.59513
2026-05-11 05:15:00,0.59513,0.5953,0.59504,0.59528
2026-05-11 05:30:00,0.59528,0.59539,0.59479,0.59479
2026-05-11 05:45:00,0.5948,0.59486,0.59459,0.59459
2026-05-11 06:00:00,0.59458,0.59479,0.59452,0.59473
2026-05-11 06:15:00,0.59472,0.59482,0.59463,0.59479
2026-05-11 06:30:00,0.5948,0.59485,0.59464,0.59483
2026-05-11 06:45:00,0.5948,0.59485,0.5945,0.59453
2026-05-11 07:00:00,0.59453,0.59455,0.59427,0.5944
2026-05-11 07:15:00,0.59441,0.59445,0.59423,0.59428
2026-05-11 07:30:00,0.59429,0.59434,0.59407,0.59409
2026-05-11 07:45:00,0.59409,0.5942,0.59401,0.59408
2026-05-11 08:00:00,0.59409,0.59437,0.59403,0.59435
2026-05-11 08:15:00,0.59435,0.59452,0.59428,0.5944
2026-05-11 08:30:00,0.59439,0.5944,0.59407,0.59415
2026-05-11 08:45:00,0.59415,0.59423,0.59386,0.59414
2026-05-11 09:00:00,0.59417,0.59476,0.59407,0.59465
2026-05-11 09:15:00,0.59464,0.59464,0.59421,0.59452
2026-05-11 09:30:00,0.59452,0.595,0.59438,0.59497
2026-05-11 09:45:00,0.59497,0.5951,0.59457,0.59507
2026-05-11 10:00:00,0.59508,0.59519,0.59476,0.5948
2026-05-11 10:15:00,0.59481,0.59502,0.59471,0.59473
2026-05-11 10:30:00,0.59473,0.5949,0.59456,0.59478
2026-05-11 10:45:00,0.59479,0.59488,0.59448,0.59479
2026-05-11 11:00:00,0.5948,0.5952,0.59474,0.59509
2026-05-11 11:15:00,0.59509,0.59561,0.59509,0.59526
2026-05-11 11:30:00,0.59527,0.59543,0.59504,0.59504
2026-05-11 11:45:00,0.59504,0.59518,0.59482,0.59493
2026-05-11 12:00:00,0.59492,0.59508,0.5949,0.59495
2026-05-11 12:15:00,0.59494,0.59508,0.59466,0.59468
2026-05-11 12:30:00,0.59468,0.59494,0.59458,0.59481
2026-05-11 12:45:00,0.59482,0.59487,0.59441,0.59441
2026-05-11 13:00:00,0.59441,0.5945,0.59428,0.59448
2026-05-11 13:15:00,0.59448,0.59471,0.59442,0.59468
2026-05-11 13:30:00,0.59468,0.59504,0.59445,0.59479
2026-05-11 13:45:00,0.59479,0.59505,0.59465,0.59477
2026-05-11 14:00:00,0.59478,0.59512,0.59473,0.59503
2026-05-11 14:15:00,0.59502,0.5952,0.59493,0.59519
2026-05-11 14:30:00,0.5952,0.59532,0.59506,0.59512
2026-05-11 14:45:00,0.59512,0.59517,0.59456,0.59492
2026-05-11 15:00:00,0.59492,0.59493,0.59457,0.59468
2026-05-11 15:15:00,0.59469,0.59518,0.59454,0.59509
2026-05-11 15:30:00,0.59507,0.59532,0.59483,0.59509
2026-05-11 15:45:00,0.59509,0.59517,0.59468,0.59516
2026-05-11 16:00:00,0.59517,0.59575,0.59513,0.59566
2026-05-11 16:15:00,0.59566,0.59586,0.59553,0.59567
2026-05-11 16:30:00,0.59571,0.59598,0.59545,0.59597
2026-05-11 16:45:00,0.59596,0.59621,0.59586,0.5959
2026-05-11 17:00:00,0.59591,0.5961,0.59557,0.59609
2026-05-11 17:15:00,0.5961,0.59655,0.59605,0.59636
2026-05-11 17:30:00,0.59636,0.5966,0.5958,0.59659
2026-05-11 17:45:00,0.59657,0.59658,0.59618,0.59642
2026-05-11 18:00:00,0.59642,0.59656,0.59628,0.59641
2026-05-11 18:15:00,0.59641,0.59688,0.59631,0.59675
2026-05-11 18:30:00,0.59674,0.59687,0.59658,0.59664
2026-05-11 18:45:00,0.59664,0.5969,0.59649,0.59673
2026-05-11 19:00:00,0.59674,0.59679,0.59662,0.59674
2026-05-11 19:15:00,0.59675,0.59675,0.5965,0.59655
2026-05-11 19:30:00,0.59655,0.59662,0.59594,0.59621
2026-05-11 19:45:00,0.59622,0.59638,0.59616,0.59628
2026-05-11 20:00:00,0.59627,0.59636,0.59602,0.59623
2026-05-11 20:15:00,0.59624,0.59644,0.59617,0.59634
2026-05-11 20:30:00,0.59634,0.59658,0.59632,0.59648
2026-05-11 20:45:00,0.59648,0.59655,0.59639,0.59642
2026-05-11 21:00:00,0.59641,0.59667,0.59641,0.5965
2026-05-11 21:15:00,0.59649,0.59654,0.59634,0.59646
2026-05-11 21:30:00,0.59645,0.59649,0.59624,0.59624
2026-05-11 21:45:00,0.59625,0.59628,0.59612,0.59612
2026-05-11 22:00:00,0.59612,0.59628,0.59608,0.5961
2026-05-11 22:15:00,0.59612,0.59619,0.59601,0.59603
2026-05-11 22:30:00,0.59602,0.59615,0.59597,0.59605
2026-05-11 22:45:00,0.59604,0.5962,0.59594,0.59617
2026-05-11 23:00:00,0.59618,0.5962,0.59574,0.59603
2026-05-11 23:15:00,0.59603,0.59613,0.596,0.5961
2026-05-11 23:30:00,0.59611,0.59632,0.59611,0.5963
2026-05-11 23:45:00,0.5963,0.59634,0.59622,0.59625
2026-05-12 00:00:00,0.59618,0.5962,0.59502,0.59591
2026-05-12 00:15:00,0.59591,0.59654,0.59586,0.59615
2026-05-12 00:30:00,0.59609,0.59655,0.5957,0.59579
2026-05-12 00:45:00,0.59579,0.59633,0.59511,0.59627
2026-05-12 01:00:00,0.59626,0.59665,0.5962,0.59661
2026-05-12 01:15:00,0.59661,0.5969,0.59661,0.5967
2026-05-12 01:30:00,0.59669,0.59671,0.59665,0.59667
2026-05-12 01:45:00,0.59667,0.59667,0.59655,0.59663
2026-05-12 02:00:00,0.59664,0.59675,0.59654,0.59672
2026-05-12 02:15:00,0.59671,0.59675,0.59658,0.59659
2026-05-12 02:30:00,0.59661,0.59669,0.59654,0.5966
2026-05-12 02:45:00,0.59657,0.59659,0.59637,0.59647
2026-05-12 03:00:00,0.59646,0.59648,0.59619,0.5963
2026-05-12 03:15:00,0.5963,0.59644,0.59593,0.59613
2026-05-12 03:30:00,0.59612,0.59615,0.5958,0.5958
2026-05-12 03:45:00,0.5958,0.59605,0.59552,0.59555
2026-05-12 04:00:00,0.59556,0.59583,0.59542,0.59558
2026-05-12 04:15:00,0.59559,0.59562,0.59505,0.59517
2026-05-12 04:30:00,0.59517,0.59554,0.59475,0.59518
2026-05-12 04:45:00,0.59519,0.59546,0.59503,0.59538
2026-05-12 05:00:00,0.59539,0.59566,0.59534,0.59557
2026-05-12 05:15:00,0.59558,0.59559,0.59522,0.59547
2026-05-12 05:30:00,0.59546,0.59561,0.59535,0.59561
2026-05-12 05:45:00,0.59563,0.59619,0.59562,0.596
2026-05-12 06:00:00,0.596,0.59601,0.59571,0.59584
2026-05-12 06:15:00,0.59583,0.59586,0.59556,0.59561
2026-05-12 06:30:00,0.59557,0.59563,0.59538,0.59558
2026-05-12 06:45:00,0.59558,0.59559,0.59534,0.59537
2026-05-12 07:00:00,0.59536,0.59552,0.59534,0.59535
2026-05-12 07:15:00,0.59535,0.5957,0.59535,0.5957
2026-05-12 07:30:00,0.5957,0.59585,0.59569,0.59578
2026-05-12 07:45:00,0.59578,0.59581,0.59554,0.59563
2026-05-12 08:00:00,0.59564,0.59574,0.59525,0.59532
2026-05-12 08:15:00,0.59533,0.59551,0.59524,0.59542
2026-05-12 08:30:00,0.59542,0.59551,0.59525,0.59529
2026-05-12 08:45:00,0.59528,0.59588,0.59527,0.59555
2026-05-12 09:00:00,0.59554,0.59564,0.5951,0.59516
2026-05-12 09:15:00,0.59516,0.59526,0.59455,0.59473
2026-05-12 09:30:00,0.59474,0.59496,0.5944,0.59445
2026-05-12 09:45:00,0.59444,0.59457,0.59418,0.59421
2026-05-12 10:00:00,0.59422,0.59445,0.59373,0.59425
2026-05-12 10:15:00,0.59425,0.59463,0.59415,0.59456
2026-05-12 10:30:00,0.59455,0.59484,0.5944,0.59451
2026-05-12 10:45:00,0.59451,0.59458,0.5943,0.59446
2026-05-12 11:00:00,0.59446,0.59462,0.59406,0.59421
2026-05-12 11:15:00,0.59422,0.59484,0.59414,0.59453
2026-05-12 11:30:00,0.59455,0.59461,0.59403,0.59423
2026-05-12 11:45:00,0.59424,0.59485,0.59423,0.59447
2026-05-12 12:00:00,0.59447,0.59475,0.59427,0.59453
2026-05-12 12:15:00,0.59452,0.59456,0.59426,0.59444
2026-05-12 12:30:00,0.59445,0.59499,0.59442,0.59465
2026-05-12 12:45:00,0.59465,0.59495,0.59457,0.59488
2026-05-12 13:00:00,0.59489,0.59521,0.59481,0.59514
2026-05-12 13:15:00,0.59514,0.59518,0.59499,0.59517
2026-05-12 13:30:00,0.59517,0.59523,0.59487,0.59496
2026-05-12 13:45:00,0.59497,0.5951,0.59482,0.59489
2026-05-12 14:00:00,0.5949,0.5951,0.59449,0.59484
2026-05-12 14:15:00,0.59484,0.59493,0.59467,0.59484
2026-05-12 14:30:00,0.59485,0.5953,0.59484,0.59519
2026-05-12 14:45:00,0.5952,0.59527,0.59485,0.5951
2026-05-12 15:00:00,0.59512,0.59513,0.59453,0.59488
2026-05-12 15:15:00,0.59487,0.59499,0.59457,0.59481
2026-05-12 15:30:00,0.5948,0.59544,0.59433,0.59539
2026-05-12 15:45:00,0.59538,0.59585,0.59525,0.59569
2026-05-12 16:00:00,0.59568,0.59578,0.59526,0.59527
2026-05-12 16:15:00,0.59528,0.59528,0.59476,0.59509
2026-05-12 16:30:00,0.59508,0.59535,0.59487,0.5952
2026-05-12 16:45:00,0.5952,0.59541,0.5941,0.59423
2026-05-12 17:00:00,0.59426,0.59495,0.5942,0.59489
2026-05-12 17:15:00,0.59489,0.59502,0.59442,0.59456
2026-05-12 17:30:00,0.59455,0.59473,0.59407,0.59454
2026-05-12 17:45:00,0.59453,0.59462,0.59418,0.5946
2026-05-12 18:00:00,0.59462,0.59483,0.59413,0.59416
2026-05-12 18:15:00,0.59415,0.59425,0.59341,0.5936
2026-05-12 18:30:00,0.59362,0.59433,0.59362,0.59431
2026-05-12 18:45:00,0.59431,0.59441,0.59413,0.59424
2026-05-12 19:00:00,0.59424,0.59439,0.59406,0.59436
2026-05-12 19:15:00,0.59435,0.59444,0.594,0.59414
2026-05-12 19:30:00,0.59413,0.59414,0.59384,0.59385
2026-05-12 19:45:00,0.59385,0.5939,0.59355,0.59374
2026-05-12 20:00:00,0.59374,0.59428,0.59374,0.59415
2026-05-12 20:15:00,0.59416,0.59451,0.59412,0.59427
2026-05-12 20:30:00,0.59426,0.5944,0.59419,0.59434
2026-05-12 20:45:00,0.59435,0.59453,0.59426,0.59453
2026-05-12 21:00:00,0.59452,0.5946,0.5942,0.5945
2026-05-12 21:15:00,0.5945,0.59501,0.59446,0.5949
2026-05-12 21:30:00,0.59491,0.59508,0.5949,0.59506
2026-05-12 21:45:00,0.59507,0.59525,0.59485,0.59508
2026-05-12 22:00:00,0.59506,0.59551,0.59503,0.59544
2026-05-12 22:15:00,0.59544,0.5955,0.5951,0.59521
2026-05-12 22:30:00,0.59522,0.59555,0.59522,0.59538
2026-05-12 22:45:00,0.59537,0.59549,0.59525,0.59528
2026-05-12 23:00:00,0.59529,0.59532,0.59516,0.59527
2026-05-12 23:15:00,0.59527,0.59534,0.59524,0.59525
2026-05-12 23:30:00,0.59524,0.5953,0.59516,0.5953
2026-05-12 23:45:00,0.59529,0.59531,0.59511,0.59513
2026-05-13 00:00:00,0.5951,0.5951,0.59388,0.59443
2026-05-13 00:15:00,0.5947,0.59521,0.59396,0.59506
2026-05-13 00:30:00,0.59493,0.59523,0.59455,0.59468
2026-05-13 00:45:00,0.59467,0.59533,0.5945,0.59466
2026-05-13 01:00:00,0.59466,0.59522,0.59445,0.59514
2026-05-13 01:15:00,0.59513,0.59525,0.59513,0.59525
2026-05-13 01:30:00,0.59524,0.59534,0.59522,0.59529
2026-05-13 01:45:00,0.5953,0.59535,0.59525,0.59525
2026-05-13 02:00:00,0.59526,0.59546,0.59524,0.59529
2026-05-13 02:15:00,0.5953,0.59541,0.59524,0.59541
2026-05-13 02:30:00,0.5954,0.59545,0.59522,0.59523
2026-05-13 02:45:00,0.59523,0.59534,0.59506,0.59514
2026-05-13 03:00:00,0.59515,0.59555,0.59498,0.59509
2026-05-13 03:15:00,0.5951,0.59553,0.59505,0.59539
2026-05-13 03:30:00,0.5954,0.59558,0.5953,0.59541
2026-05-13 03:45:00,0.59541,0.59557,0.59515,0.59555
2026-05-13 04:00:00,0.59554,0.59569,0.59539,0.5954
2026-05-13 04:15:00,0.5954,0.59571,0.59519,0.59569
2026-05-13 04:30:00,0.59567,0.59618,0.59561,0.59605
2026-05-13 04:45:00,0.59605,0.5966,0.59605,0.59627
2026-05-13 05:00:00,0.59627,0.59649,0.59608,0.5961
2026-05-13 05:15:00,0.5961,0.59619,0.59599,0.59618
2026-05-13 05:30:00,0.59619,0.59624,0.59604,0.59615
2026-05-13 05:45:00,0.59616,0.59623,0.59594,0.59595
2026-05-13 06:00:00,0.59594,0.5961,0.5943,0.59456
2026-05-13 06:15:00,0.59457,0.59459,0.59395,0.59424
2026-05-13 06:30:00,0.59424,0.59475,0.59422,0.59469
2026-05-13 06:45:00,0.59469,0.59478,0.59441,0.59455
2026-05-13 07:00:00,0.59455,0.59465,0.5941,0.5941
2026-05-13 07:15:00,0.5941,0.59425,0.5938,0.59386
2026-05-13 07:30:00,0.59385,0.5941,0.59382,0.59397
2026-05-13 07:45:00,0.59396,0.59404,0.59386,0.59394
2026-05-13 08:00:00,0.59393,0.59421,0.5939,0.59408
2026-05-13 08:15:00,0.59407,0.5943,0.59403,0.59428
2026-05-13 08:30:00,0.59429,0.59429,0.59403,0.59419
2026-05-13 08:45:00,0.59421,0.5944,0.594,0.59429
2026-05-13 09:00:00,0.59429,0.59452,0.59391,0.5941
2026-05-13 09:15:00,0.5941,0.59415,0.59376,0.59404
2026-05-13 09:30:00,0.59403,0.59421,0.59387,0.5941
2026-05-13 09:45:00,0.59411,0.59412,0.59357,0.59378
2026-05-13 10:00:00,0.59378,0.59407,0.5937,0.59392
2026-05-13 10:15:00,0.59393,0.59403,0.59382,0.59395
2026-05-13 10:30:00,0.59395,0.59395,0.59327,0.59359
2026-05-13 10:45:00,0.59359,0.59372,0.59316,0.59319
2026-05-13 11:00:00,0.59318,0.5935,0.59308,0.5933
2026-05-13 11:15:00,0.5933,0.59344,0.59322,0.59339
2026-05-13 11:30:00,0.59338,0.59342,0.59286,0.59289
2026-05-13 11:45:00,0.5929,0.59318,0.59288,0.59297
2026-05-13 12:00:00,0.59298,0.59308,0.59269,0.5927
2026-05-13 12:15:00,0.59269,0.5928,0.59231,0.59231
2026-05-13 12:30:00,0.59232,0.5926,0.59231,0.59246
2026-05-13 12:45:00,0.59247,0.59303,0.59246,0.59301
2026-05-13 13:00:00,0.59301,0.59334,0.59265,0.59293
2026-05-13 13:15:00,0.59294,0.59306,0.59259,0.5927
2026-05-13 13:30:00,0.59271,0.59297,0.59251,0.59296
2026-05-13 13:45:00,0.59296,0.59335,0.59288,0.5931
2026-05-13 14:00:00,0.59311,0.59325,0.593,0.5931
2026-05-13 14:15:00,0.59311,0.59322,0.59274,0.59288
2026-05-13 14:30:00,0.59287,0.59319,0.59281,0.59295
2026-05-13 14:45:00,0.59295,0.59315,0.5929,0.593
2026-05-13 15:00:00,0.59299,0.59338,0.59295,0.59299
2026-05-13 15:15:00,0.59299,0.59301,0.59235,0.59249
2026-05-13 15:30:00,0.59251,0.59288,0.59199,0.59238
2026-05-13 15:45:00,0.59238,0.59241,0.59209,0.59235
2026-05-13 16:00:00,0.59235,0.59269,0.59234,0.59263
2026-05-13 16:15:00,0.59263,0.59274,0.59236,0.59248
2026-05-13 16:30:00,0.59251,0.59272,0.59223,0.59266
2026-05-13 16:45:00,0.59266,0.5929,0.59214,0.59265
2026-05-13 17:00:00,0.59264,0.593,0.59246,0.5929
2026-05-13 17:15:00,0.59291,0.59308,0.59264,0.59305
2026-05-13 17:30:00,0.59305,0.59327,0.5929,0.59294
2026-05-13 17:45:00,0.59295,0.59327,0.59271,0.59298
2026-05-13 18:00:00,0.59297,0.59345,0.59294,0.59317
2026-05-13 18:15:00,0.59317,0.59362,0.59317,0.59362
2026-05-13 18:30:00,0.59363,0.59411,0.59349,0.59404
2026-05-13 18:45:00,0.59403,0.59404,0.5935,0.59355
2026-05-13 19:00:00,0.59355,0.59392,0.59352,0.59381
2026-05-13 19:15:00,0.59381,0.59427,0.59363,0.59414
2026-05-13 19:30:00,0.59414,0.59419,0.59383,0.59384
2026-05-13 19:45:00,0.59383,0.59392,0.59358,0.59362
2026-05-13 20:00:00,0.5936,0.59375,0.59351,0.59365
2026-05-13 20:15:00,0.59364,0.5938,0.59363,0.59367
2026-05-13 20:30:00,0.59366,0.59369,0.59347,0.59348
2026-05-13 20:45:00,0.59348,0.59353,0.59313,0.59316
2026-05-13 21:00:00,0.59316,0.59347,0.59309,0.59337
2026-05-13 21:15:00,0.59337,0.59349,0.59318,0.59326
2026-05-13 21:30:00,0.59326,0.59341,0.59323,0.59327
2026-05-13 21:45:00,0.59327,0.59342,0.59284,0.59321
2026-05-13 22:00:00,0.59321,0.59356,0.59319,0.5935
2026-05-13 22:15:00,0.5935,0.59354,0.59334,0.59349
2026-05-13 22:30:00,0.5935,0.59355,0.59338,0.59349
2026-05-13 22:45:00,0.5935,0.59357,0.59337,0.59343
2026-05-13 23:00:00,0.59344,0.59363,0.59326,0.5936
2026-05-13 23:15:00,0.59362,0.59376,0.5936,0.59362
2026-05-13 23:30:00,0.59363,0.59372,0.59356,0.5937
2026-05-13 23:45:00,0.59368,0.59369,0.59349,0.59352
2026-05-14 00:00:00,0.5934,0.5934,0.59168,0.59301
2026-05-14 00:15:00,0.59303,0.59373,0.59268,0.59362
2026-05-14 00:30:00,0.59359,0.59382,0.59334,0.59337
2026-05-14 00:45:00,0.59338,0.59344,0.5932,0.59326
2026-05-14 01:00:00,0.59326,0.59368,0.59316,0.59364
2026-05-14 01:15:00,0.59365,0.59376,0.59361,0.59373
2026-05-14 01:30:00,0.59374,0.59376,0.59366,0.59367
2026-05-14 01:45:00,0.59367,0.5937,0.59357,0.59364
2026-05-14 02:00:00,0.59364,0.59372,0.59342,0.59347
2026-05-14 02:15:00,0.59346,0.59358,0.59341,0.59347
2026-05-14 02:30:00,0.59347,0.59349,0.5932,0.59323
2026-05-14 02:45:00,0.59324,0.59333,0.59302,0.59307
2026-05-14 03:00:00,0.59306,0.59323,0.59279,0.59322
2026-05-14 03:15:00,0.59323,0.59348,0.59304,0.59333
2026-05-14 03:30:00,0.59334,0.59345,0.59304,0.59309
2026-05-14 03:45:00,0.5931,0.59321,0.59288,0.59318
2026-05-14 04:00:00,0.59318,0.59324,0.59277,0.59286
2026-05-14 04:15:00,0.59286,0.59311,0.59278,0.59303
2026-05-14 04:30:00,0.59302,0.59334,0.59295,0.59317
2026-05-14 04:45:00,0.59316,0.59323,0.59277,0.59283
2026-05-14 05:00:00,0.59284,0.59312,0.59267,0.5929
2026-05-14 05:15:00,0.59291,0.5931,0.59278,0.59304
2026-05-14 05:30:00,0.59303,0.59332,0.59302,0.59322
2026-05-14 05:45:00,0.59322,0.59325,0.59292,0.59303
2026-05-14 06:00:00,0.59302,0.59305,0.59284,0.59289
2026-05-14 06:15:00,0.59288,0.59303,0.59267,0.59302
2026-05-14 06:30:00,0.59301,0.59303,0.5928,0.59283
2026-05-14 06:45:00,0.59282,0.59293,0.59268,0.59271
2026-05-14 07:00:00,0.59272,0.5932,0.59267,0.59315
2026-05-14 07:15:00,0.59315,0.5935,0.59307,0.59331
2026-05-14 07:30:00,0.5933,0.59334,0.59317,0.59329
2026-05-14 07:45:00,0.5933,0.59351,0.59325,0.59326
2026-05-14 08:00:00,0.59327,0.59332,0.59299,0.59311
2026-05-14 08:15:00,0.59312,0.59332,0.59311,0.59319
2026-05-14 08:30:00,0.5932,0.59333,0.59301,0.59332
2026-05-14 08:45:00,0.59333,0.59376,0.59321,0.59333
2026-05-14 09:00:00,0.59332,0.5939,0.59332,0.59361
2026-05-14 09:15:00,0.5936,0.59392,0.59348,0.59377
2026-05-14 09:30:00,0.59378,0.59398,0.59368,0.59387
2026-05-14 09:45:00,0.59388,0.5942,0.59388,0.59399
2026-05-14 10:00:00,0.59398,0.594,0.59352,0.59358
2026-05-14 10:15:00,0.59355,0.59363,0.59338,0.59359
2026-05-14 10:30:00,0.59362,0.59388,0.59348,0.5937
2026-05-14 10:45:00,0.59369,0.59391,0.59276,0.59288
2026-05-14 11:00:00,0.59288,0.59353,0.59281,0.59348
2026-05-14 11:15:00,0.59348,0.59377,0.5934,0.59377
2026-05-14 11:30:00,0.59376,0.5939,0.5935,0.59362
2026-05-14 11:45:00,0.59362,0.59399,0.5936,0.59393
2026-05-14 12:00:00,0.59395,0.5941,0.59372,0.594
2026-05-14 12:15:00,0.594,0.594,0.59378,0.5938
2026-05-14 12:30:00,0.59379,0.59385,0.59329,0.59361
2026-05-14 12:45:00,0.59362,0.59379,0.59354,0.59358
2026-05-14 13:00:00,0.59357,0.594,0.5935,0.59366
2026-05-14 13:15:00,0.59366,0.59378,0.59354,0.59368
2026-05-14 13:30:00,0.59367,0.59374,0.59307,0.59319
2026-05-14 13:45:00,0.59319,0.59345,0.59313,0.59327
2026-05-14 14:00:00,0.59327,0.59337,0.5929,0.59335
2026-05-14 14:15:00,0.59334,0.59345,0.59315,0.59315
2026-05-14 14:30:00,0.59316,0.59329,0.59307,0.5931
2026-05-14 14:45:00,0.5931,0.59341,0.59296,0.59296
2026-05-14 15:00:00,0.59296,0.59327,0.59281,0.59321
2026-05-14 15:15:00,0.5932,0.59335,0.59314,0.59325
2026-05-14 15:30:00,0.59324,0.59324,0.5929,0.5929
2026-05-14 15:45:00,0.5929,0.59312,0.59283,0.59285
2026-05-14 16:00:00,0.59284,0.59298,0.59255,0.59259
2026-05-14 16:15:00,0.59257,0.59262,0.59238,0.59248
2026-05-14 16:30:00,0.59246,0.59246,0.59191,0.59237
2026-05-14 16:45:00,0.59235,0.5927,0.59203,0.59206
2026-05-14 17:00:00,0.59206,0.5928,0.59193,0.59278
2026-05-14 17:15:00,0.59277,0.59301,0.5925,0.5928
2026-05-14 17:30:00,0.5928,0.59284,0.59262,0.59268
2026-05-14 17:45:00,0.59269,0.59278,0.59219,0.59222
2026-05-14 18:00:00,0.59222,0.59225,0.59188,0.59204
2026-05-14 18:15:00,0.59203,0.59208,0.59177,0.59191
2026-05-14 18:30:00,0.5919,0.5922,0.59182,0.59205
2026-05-14 18:45:00,0.59205,0.59231,0.59201,0.59219
2026-05-14 19:00:00,0.59218,0.59219,0.5918,0.59206
2026-05-14 19:15:00,0.59205,0.59223,0.59183,0.59187
2026-05-14 19:30:00,0.59188,0.59194,0.59154,0.59155
2026-05-14 19:45:00,0.59154,0.59188,0.59143,0.59186
2026-05-14 20:00:00,0.59185,0.59216,0.59173,0.59179
2026-05-14 20:15:00,0.59177,0.59189,0.59167,0.59179
2026-05-14 20:30:00,0.59179,0.59199,0.5917,0.59194
2026-05-14 20:45:00,0.59195,0.59205,0.59178,0.59179
2026-05-14 21:00:00,0.59177,0.59183,0.59146,0.59182
2026-05-14 21:15:00,0.59182,0.59189,0.59169,0.59175
2026-05-14 21:30:00,0.59175,0.59183,0.5916,0.59172
2026-05-14 21:45:00,0.59173,0.5918,0.59164,0.59179
2026-05-14 22:00:00,0.59179,0.59182,0.59169,0.59174
2026-05-14 22:15:00,0.59173,0.59177,0.59152,0.59152
2026-05-14 22:30:00,0.59152,0.59159,0.59125,0.59129
2026-05-14 22:45:00,0.59128,0.59132,0.59117,0.59131
2026-05-14 23:00:00,0.59131,0.5914,0.59112,0.59113
2026-05-14 23:15:00,0.59112,0.59114,0.59091,0.591
2026-05-14 23:30:00,0.59101,0.59111,0.59101,0.59108
2026-05-14 23:45:00,0.59108,0.59116,0.59103,0.59103
2026-05-15 00:00:00,0.59088,0.59139,0.58943,0.59097
2026-05-15 00:15:00,0.59097,0.59126,0.59045,0.59125
2026-05-15 00:30:00,0.59126,0.59147,0.59097,0.59106
2026-05-15 00:45:00,0.59107,0.59115,0.59105,0.59112
2026-05-15 01:00:00,0.59111,0.59133,0.59097,0.59126
2026-05-15 01:15:00,0.59125,0.59128,0.59116,0.59119
2026-05-15 01:30:00,0.59119,0.59125,0.59109,0.59124
2026-05-15 01:45:00,0.59123,0.59125,0.59101,0.59103
2026-05-15 02:00:00,0.59103,0.59104,0.59043,0.59055
2026-05-15 02:15:00,0.59055,0.59071,0.59045,0.5907
2026-05-15 02:30:00,0.5907,0.5907,0.59057,0.59069
2026-05-15 02:45:00,0.59068,0.59075,0.59019,0.59026
2026-05-15 03:00:00,0.59025,0.59043,0.59007,0.59013
2026-05-15 03:15:00,0.59014,0.59045,0.59006,0.59007
2026-05-15 03:30:00,0.59008,0.5901,0.58922,0.58934
2026-05-15 03:45:00,0.58934,0.58949,0.58891,0.58917
2026-05-15 04:00:00,0.58917,0.58931,0.58896,0.58914
2026-05-15 04:15:00,0.58914,0.58916,0.58842,0.58843
2026-05-15 04:30:00,0.58844,0.58899,0.58824,0.58892
2026-05-15 04:45:00,0.58893,0.58895,0.58823,0.58825
2026-05-15 05:00:00,0.58825,0.5884,0.58798,0.58818
2026-05-15 05:15:00,0.58817,0.5885,0.5881,0.5883
2026-05-15 05:30:00,0.5883,0.58865,0.58821,0.58864
2026-05-15 05:45:00,0.58865,0.5891,0.58857,0.58862
2026-05-15 06:00:00,0.58862,0.58881,0.58852,0.58858
2026-05-15 06:15:00,0.58858,0.58862,0.58839,0.58848
2026-05-15 06:30:00,0.58847,0.58857,0.58827,0.58844
2026-05-15 06:45:00,0.58844,0.5885,0.58834,0.58842
2026-05-15 07:00:00,0.58841,0.58842,0.58805,0.58831
2026-05-15 07:15:00,0.58832,0.58836,0.58788,0.58789
2026-05-15 07:30:00,0.58788,0.5881,0.58769,0.58771
2026-05-15 07:45:00,0.5877,0.58771,0.58729,0.58735
2026-05-15 08:00:00,0.58736,0.58738,0.58641,0.5866
2026-05-15 08:15:00,0.58659,0.58702,0.58648,0.58701
2026-05-15 08:30:00,0.58701,0.58714,0.5868,0.58683
2026-05-15 08:45:00,0.58682,0.58683,0.58571,0.58611
2026-05-15 09:00:00,0.58609,0.5867,0.586,0.5864
2026-05-15 09:15:00,0.5864,0.58668,0.58619,0.58628
2026-05-15 09:30:00,0.58628,0.58675,0.58618,0.58644
2026-05-15 09:45:00,0.58642,0.58661,0.5858,0.58589
2026-05-15 10:00:00,0.5859,0.58663,0.58565,0.58658
2026-05-15 10:15:00,0.58659,0.58699,0.58638,0.58671
2026-05-15 10:30:00,0.58672,0.58674,0.58639,0.58653
2026-05-15 10:45:00,0.58652,0.58655,0.58592,0.58594
2026-05-15 11:00:00,0.58599,0.58605,0.58538,0.58545
2026-05-15 11:15:00,0.58545,0.58553,0.58514,0.58527
2026-05-15 11:30:00,0.58527,0.58535,0.585,0.58523
2026-05-15 11:45:00,0.58525,0.5853,0.58477,0.58494
2026-05-15 12:00:00,0.58495,0.58499,0.58414,0.58415
2026-05-15 12:15:00,0.58415,0.58432,0.58391,0.58428
2026-05-15 12:30:00,0.58426,0.5846,0.58418,0.58432
2026-05-15 12:45:00,0.5843,0.58454,0.58408,0.58448
2026-05-15 13:00:00,0.58449,0.58515,0.58443,0.58509
2026-05-15 13:15:00,0.5851,0.58565,0.58492,0.58531
2026-05-15 13:30:00,0.58531,0.58585,0.58526,0.58584
2026-05-15 13:45:00,0.58584,0.5867,0.58577,0.58605
2026-05-15 14:00:00,0.58604,0.58613,0.58531,0.58543
2026-05-15 14:15:00,0.58544,0.58555,0.58495,0.58498
2026-05-15 14:30:00,0.58499,0.58503,0.58432,0.58432
2026-05-15 14:45:00,0.58432,0.58474,0.58429,0.5845
2026-05-15 15:00:00,0.58448,0.58448,0.58396,0.58406
2026-05-15 15:15:00,0.58407,0.58443,0.58402,0.5842
2026-05-15 15:30:00,0.58421,0.58422,0.58382,0.58398
2026-05-15 15:45:00,0.58397,0.5846,0.58392,0.58447
2026-05-15 16:00:00,0.58448,0.58456,0.58424,0.5845
2026-05-15 16:15:00,0.5845,0.5849,0.58434,0.58467
2026-05-15 16:30:00,0.58466,0.58475,0.58389,0.58395
2026-05-15 16:45:00,0.58395,0.58419,0.58378,0.58386
2026-05-15 17:00:00,0.58385,0.58439,0.58362,0.58439
2026-05-15 17:15:00,0.58439,0.5852,0.58435,0.58485
2026-05-15 17:30:00,0.58486,0.58507,0.58459,0.58459
2026-05-15 17:45:00,0.58458,0.58469,0.58415,0.58461
2026-05-15 18:00:00,0.58461,0.5847,0.58424,0.58455
2026-05-15 18:15:00,0.58454,0.58461,0.58387,0.58414
2026-05-15 18:30:00,0.58415,0.5843,0.58367,0.58381
2026-05-15 18:45:00,0.58382,0.58408,0.58369,0.58402
2026-05-15 19:00:00,0.58403,0.58412,0.58385,0.58407
2026-05-15 19:15:00,0.58407,0.58432,0.58401,0.58428
2026-05-15 19:30:00,0.58429,0.58456,0.58421,0.58453
2026-05-15 19:45:00,0.58454,0.58461,0.58417,0.58442
2026-05-15 20:00:00,0.58442,0.58479,0.58433,0.58477
2026-05-15 20:15:00,0.58477,0.58497,0.58463,0.58469
2026-05-15 20:30:00,0.58467,0.58487,0.58454,0.58455
2026-05-15 20:45:00,0.58456,0.5847,0.58455,0.58456
2026-05-15 21:00:00,0.58458,0.58466,0.58433,0.58449
2026-05-15 21:15:00,0.58449,0.58449,0.58412,0.58424
2026-05-15 21:30:00,0.58425,0.58428,0.58384,0.58416
2026-05-15 21:45:00,0.58416,0.58425,0.584,0.58415
2026-05-15 22:00:00,0.58415,0.58421,0.58395,0.58395
2026-05-15 22:15:00,0.58396,0.58412,0.58392,0.5841
2026-05-15 22:30:00,0.5841,0.58421,0.5839,0.58393
2026-05-15 22:45:00,0.58392,0.58408,0.58377,0.5839
2026-05-15 23:00:00,0.5839,0.5839,0.58368,0.58381
2026-05-15 23:15:00,0.5838,0.5839,0.58357,0.58357
2026-05-15 23:30:00,0.58358,0.58378,0.58356,0.58376
2026-05-15 23:45:00,0.58377,0.58384,0.5836,0.58366
2026-05-18 00:00:00,0.58275,0.58415,0.5827,0.5841
2026-05-18 00:15:00,0.58411,0.58424,0.58403,0.58409
2026-05-18 00:30:00,0.58409,0.58451,0.58373,0.58385
2026-05-18 00:45:00,0.58385,0.58411,0.58364,0.584
2026-05-18 01:00:00,0.58407,0.58417,0.58362,0.58394
2026-05-18 01:15:00,0.58394,0.58399,0.58374,0.58387
2026-05-18 01:30:00,0.58392,0.5841,0.58389,0.58405
2026-05-18 01:45:00,0.58407,0.58411,0.58399,0.58409
2026-05-18 02:00:00,0.5841,0.58423,0.58395,0.58399
2026-05-18 02:15:00,0.584,0.58405,0.58361,0.58363
2026-05-18 02:30:00,0.58362,0.58367,0.58301,0.58329
2026-05-18 02:45:00,0.58329,0.58346,0.58305,0.58317
2026-05-18 03:00:00,0.58321,0.5837,0.583,0.58302
2026-05-18 03:15:00,0.58303,0.58358,0.58291,0.58305
2026-05-18 03:30:00,0.58305,0.58318,0.58262,0.58262
2026-05-18 03:45:00,0.58262,0.58289,0.58252,0.58265
2026-05-18 04:00:00,0.58265,0.58298,0.58232,0.58279
2026-05-18 04:15:00,0.58278,0.58288,0.58247,0.58273
2026-05-18 04:30:00,0.58275,0.58315,0.58268,0.58278
2026-05-18 04:45:00,0.58279,0.58331,0.5826,0.58307
2026-05-18 05:00:00,0.58308,0.58311,0.58269,0.58307
2026-05-18 05:15:00,0.58306,0.58337,0.58304,0.5833
2026-05-18 05:30:00,0.58329,0.58352,0.58322,0.5834
2026-05-18 05:45:00,0.5834,0.58346,0.58301,0.58315
2026-05-18 06:00:00,0.58315,0.58353,0.58315,0.58345
2026-05-18 06:15:00,0.58344,0.58371,0.58329,0.58364
2026-05-18 06:30:00,0.58365,0.58393,0.58335,0.58393
2026-05-18 06:45:00,0.58392,0.58406,0.58375,0.58402
2026-05-18 07:00:00,0.58401,0.58421,0.5839,0.58408
2026-05-18 07:15:00,0.58407,0.5842,0.58365,0.5837
2026-05-18 07:30:00,0.58369,0.58388,0.58363,0.58385
2026-05-18 07:45:00,0.58384,0.58395,0.58356,0.58366
2026-05-18 08:00:00,0.58368,0.58382,0.58354,0.58356
2026-05-18 08:15:00,0.58356,0.58392,0.5833,0.58391
2026-05-18 08:30:00,0.58391,0.58408,0.58381,0.58387
2026-05-18 08:45:00,0.58387,0.584,0.58379,0.58391
2026-05-18 09:00:00,0.58389,0.5843,0.58378,0.58427
2026-05-18 09:15:00,0.58428,0.58471,0.58427,0.5844
2026-05-18 09:30:00,0.5844,0.58481,0.58437,0.58464
2026-05-18 09:45:00,0.58463,0.58491,0.58458,0.5849
2026-05-18 10:00:00,0.58493,0.58494,0.58461,0.58468
2026-05-18 10:15:00,0.58467,0.58517,0.58445,0.58514
2026-05-18 10:30:00,0.58514,0.58557,0.58512,0.58519
2026-05-18 10:45:00,0.58518,0.58527,0.58488,0.58508
2026-05-18 11:00:00,0.58507,0.58542,0.58507,0.58534
2026-05-18 11:15:00,0.58532,0.58585,0.58524,0.58575
2026-05-18 11:30:00,0.58576,0.58619,0.58569,0.58571
2026-05-18 11:45:00,0.58573,0.58628,0.58571,0.58608
2026-05-18 12:00:00,0.58606,0.58618,0.58576,0.58582
2026-05-18 12:15:00,0.58582,0.58605,0.58576,0.58596
2026-05-18 12:30:00,0.58594,0.58601,0.58582,0.58582
2026-05-18 12:45:00,0.58582,0.58593,0.58575,0.58575
2026-05-18 13:00:00,0.58574,0.58582,0.58542,0.58563
2026-05-18 13:15:00,0.58564,0.58577,0.58557,0.58566
2026-05-18 13:30:00,0.58565,0.58581,0.58543,0.58566
2026-05-18 13:45:00,0.58566,0.58572,0.58529,0.58534
2026-05-18 14:00:00,0.58534,0.58555,0.58518,0.58537
2026-05-18 14:15:00,0.58536,0.58543,0.58519,0.58524
2026-05-18 14:30:00,0.58525,0.58684,0.58522,0.58662
2026-05-18 14:45:00,0.58663,0.58663,0.58585,0.5862
2026-05-18 15:00:00,0.5862,0.58663,0.58608,0.5864
2026-05-18 15:15:00,0.5864,0.5866,0.5862,0.58654
2026-05-18 15:30:00,0.58655,0.5876,0.58648,0.58756
2026-05-18 15:45:00,0.58757,0.58815,0.5875,0.58774
2026-05-18 16:00:00,0.58775,0.58794,0.58735,0.58757
2026-05-18 16:15:00,0.58755,0.58787,0.5873,0.58782
2026-05-18 16:30:00,0.58783,0.58788,0.5871,0.5874
2026-05-18 16:45:00,0.58739,0.58812,0.58733,0.58766
2026-05-18 17:00:00,0.58767,0.58771,0.58667,0.58678
2026-05-18 17:15:00,0.58679,0.58711,0.58658,0.5867
2026-05-18 17:30:00,0.5867,0.58674,0.58608,0.58619
2026-05-18 17:45:00,0.58619,0.58674,0.58608,0.58637
2026-05-18 18:00:00,0.58638,0.58643,0.58566,0.58606
2026-05-18 18:15:00,0.58605,0.58628,0.58582,0.58602
2026-05-18 18:30:00,0.58601,0.58659,0.5859,0.58637
2026-05-18 18:45:00,0.58636,0.58686,0.5863,0.58665
2026-05-18 19:00:00,0.58664,0.58706,0.58647,0.58705
2026-05-18 19:15:00,0.58705,0.58727,0.5864,0.58649
2026-05-18 19:30:00,0.58648,0.58706,0.58637,0.5869
2026-05-18 19:45:00,0.58688,0.58735,0.58686,0.5871
2026-05-18 20:00:00,0.58708,0.58735,0.58687,0.58717
2026-05-18 20:15:00,0.58718,0.58745,0.58712,0.58724
2026-05-18 20:30:00,0.58725,0.58731,0.58712,0.5872
2026-05-18 20:45:00,0.5872,0.58733,0.58713,0.58714
2026-05-18 21:00:00,0.58714,0.58718,0.58675,0.58676
2026-05-18 21:15:00,0.58675,0.58676,0.58605,0.58634
2026-05-18 21:30:00,0.58634,0.58655,0.58613,0.58635
2026-05-18 21:45:00,0.58637,0.58638,0.5859,0.58595
2026-05-18 22:00:00,0.58596,0.58822,0.58591,0.58718
2026-05-18 22:15:00,0.58719,0.58741,0.58686,0.58715
2026-05-18 22:30:00,0.58716,0.58768,0.58712,0.58768
2026-05-18 22:45:00,0.58766,0.58801,0.58751,0.58758
2026-05-18 23:00:00,0.58759,0.58782,0.5875,0.58778
2026-05-18 23:15:00,0.58777,0.58788,0.58775,0.58783
2026-05-18 23:30:00,0.58783,0.58784,0.58752,0.58769
2026-05-18 23:45:00,0.58769,0.58769,0.58741,0.58744
2026-05-19 00:00:00,0.58736,0.58736,0.5857,0.58705
2026-05-19 00:15:00,0.58707,0.58737,0.58663,0.58733
2026-05-19 00:30:00,0.58739,0.58745,0.58685,0.58733
2026-05-19 00:45:00,0.58733,0.58751,0.58727,0.58743
2026-05-19 01:00:00,0.58743,0.58789,0.58743,0.58771
2026-05-19 01:15:00,0.58769,0.58781,0.58768,0.58776
2026-05-19 01:30:00,0.58777,0.58783,0.58772,0.58773
2026-05-19 01:45:00,0.58773,0.58783,0.5877,0.5878
2026-05-19 02:00:00,0.5878,0.58788,0.58764,0.58765
2026-05-19 02:15:00,0.58765,0.58791,0.58764,0.58779
2026-05-19 02:30:00,0.5878,0.58786,0.58769,0.58785
2026-05-19 02:45:00,0.58785,0.58785,0.58732,0.58734
2026-05-19 03:00:00,0.58732,0.58754,0.58675,0.58688
2026-05-19 03:15:00,0.58689,0.58724,0.58663,0.58685
2026-05-19 03:30:00,0.58686,0.58691,0.5863,0.58636
2026-05-19 03:45:00,0.58636,0.58644,0.58596,0.58601
2026-05-19 04:00:00,0.58601,0.58603,0.58563,0.58592
2026-05-19 04:15:00,0.58593,0.58605,0.58562,0.58576
2026-05-19 04:30:00,0.58575,0.58627,0.58535,0.58624
2026-05-19 04:45:00,0.58625,0.58629,0.58573,0.58575
2026-05-19 05:00:00,0.58574,0.58574,0.58521,0.58531
2026-05-19 05:15:00,0.58532,0.58587,0.58518,0.58566
2026-05-19 05:30:00,0.58565,0.58582,0.58557,0.58574
2026-05-19 05:45:00,0.58575,0.58578,0.58537,0.58559
2026-05-19 06:00:00,0.58558,0.58567,0.58533,0.58566
2026-05-19 06:15:00,0.58566,0.58583,0.58561,0.58569
2026-05-19 06:30:00,0.58569,0.58594,0.58569,0.58573
2026-05-19 06:45:00,0.58572,0.58572,0.58536,0.58546
2026-05-19 07:00:00,0.58547,0.5858,0.58536,0.5857
2026-05-19 07:15:00,0.5857,0.58575,0.58536,0.58544
2026-05-19 07:30:00,0.58545,0.58565,0.58519,0.58523
2026-05-19 07:45:00,0.58524,0.5853,0.58506,0.58517
2026-05-19 08:00:00,0.58517,0.5855,0.58508,0.58544
2026-05-19 08:15:00,0.58544,0.58544,0.58494,0.58504
2026-05-19 08:30:00,0.58505,0.58533,0.58493,0.58528
2026-05-19 08:45:00,0.58527,0.58575,0.58511,0.58562
2026-05-19 09:00:00,0.58561,0.58583,0.58534,0.58565
2026-05-19 09:15:00,0.58564,0.58595,0.58546,0.58574
2026-05-19 09:30:00,0.58573,0.58599,0.58558,0.58594
2026-05-19 09:45:00,0.58595,0.58595,0.58565,0.58573
2026-05-19 10:00:00,0.58572,0.58572,0.58526,0.58543
2026-05-19 10:15:00,0.58544,0.58569,0.58538,0.58562
2026-05-19 10:30:00,0.58563,0.58565,0.5853,0.58531
2026-05-19 10:45:00,0.58532,0.58574,0.58504,0.58508
2026-05-19 11:00:00,0.58509,0.58514,0.58434,0.5845
2026-05-19 11:15:00,0.5845,0.58483,0.58443,0.58465
2026-05-19 11:30:00,0.58466,0.58495,0.58446,0.58452
2026-05-19 11:45:00,0.58453,0.58489,0.58452,0.58457
2026-05-19 12:00:00,0.58457,0.58457,0.58427,0.58435
2026-05-19 12:15:00,0.58435,0.58438,0.58395,0.58423
2026-05-19 12:30:00,0.58425,0.58445,0.58395,0.5842
2026-05-19 12:45:00,0.5842,0.58437,0.58402,0.58415
2026-05-19 13:00:00,0.58415,0.5844,0.58402,0.58439
2026-05-19 13:15:00,0.5844,0.5847,0.5843,0.58455
2026-05-19 13:30:00,0.58455,0.58471,0.58365,0.58373
2026-05-19 13:45:00,0.58375,0.58458,0.58372,0.58448
2026-05-19 14:00:00,0.58447,0.58463,0.58418,0.58425
2026-05-19 14:15:00,0.58426,0.58457,0.58419,0.58455
2026-05-19 14:30:00,0.58454,0.58479,0.58452,0.5847
2026-05-19 14:45:00,0.5847,0.58476,0.58436,0.58438
2026-05-19 15:00:00,0.58438,0.5847,0.58424,0.58463
2026-05-19 15:15:00,0.58462,0.58485,0.58443,0.58472
2026-05-19 15:30:00,0.5847,0.58476,0.58429,0.58436
2026-05-19 15:45:00,0.58436,0.58458,0.58403,0.58405
2026-05-19 16:00:00,0.58404,0.58408,0.58336,0.58371
2026-05-19 16:15:00,0.5837,0.58375,0.5828,0.58287
2026-05-19 16:30:00,0.58289,0.5834,0.58264,0.58331
2026-05-19 16:45:00,0.58331,0.58376,0.583,0.58351
2026-05-19 17:00:00,0.58351,0.58374,0.58277,0.58278
2026-05-19 17:15:00,0.58277,0.5828,0.58175,0.58206
2026-05-19 17:30:00,0.58206,0.58229,0.58185,0.58217
2026-05-19 17:45:00,0.58218,0.58237,0.58192,0.58225
2026-05-19 18:00:00,0.58225,0.58257,0.58216,0.58231
2026-05-19 18:15:00,0.58233,0.58264,0.58228,0.58254
2026-05-19 18:30:00,0.58254,0.58314,0.58245,0.58297
2026-05-19 18:45:00,0.58296,0.5832,0.58289,0.58309
2026-05-19 19:00:00,0.58308,0.5832,0.58264,0.58281
2026-05-19 19:15:00,0.58282,0.58348,0.58274,0.58342
2026-05-19 19:30:00,0.58341,0.5838,0.58337,0.58374
2026-05-19 19:45:00,0.58374,0.58376,0.58356,0.5837
2026-05-19 20:00:00,0.5837,0.5841,0.58369,0.58405
2026-05-19 20:15:00,0.58404,0.58413,0.58388,0.58394
2026-05-19 20:30:00,0.58393,0.58404,0.58366,0.58384
2026-05-19 20:45:00,0.58383,0.58397,0.5837,0.5839
2026-05-19 21:00:00,0.5839,0.58413,0.58389,0.584
2026-05-19 21:15:00,0.584,0.584,0.5836,0.58362
2026-05-19 21:30:00,0.58361,0.58383,0.58345,0.58379
2026-05-19 21:45:00,0.58378,0.58379,0.58333,0.58343
2026-05-19 22:00:00,0.58343,0.5838,0.58336,0.58378
2026-05-19 22:15:00,0.58378,0.58381,0.58333,0.58348
2026-05-19 22:30:00,0.5835,0.58377,0.58344,0.58376
2026-05-19 22:45:00,0.58375,0.58377,0.58349,0.58362
2026-05-19 23:00:00,0.58363,0.58368,0.58351,0.58359
2026-05-19 23:15:00,0.58356,0.5836,0.58342,0.58349
2026-05-19 23:30:00,0.5835,0.58367,0.58349,0.58356
2026-05-19 23:45:00,0.58356,0.58356,0.5834,0.58341
2026-05-20 00:00:00,0.58325,0.58342,0.58223,0.58318
2026-05-20 00:15:00,0.58324,0.58382,0.58264,0.58373
2026-05-20 00:30:00,0.58369,0.58382,0.58356,0.58369
2026-05-20 00:45:00,0.58369,0.58382,0.58359,0.5837
2026-05-20 01:00:00,0.5837,0.58376,0.58333,0.58341
2026-05-20 01:15:00,0.58341,0.5836,0.58341,0.58357
2026-05-20 01:30:00,0.58353,0.58358,0.58347,0.58348
2026-05-20 01:45:00,0.58349,0.58356,0.58345,0.58356
2026-05-20 02:00:00,0.58355,0.58371,0.58355,0.58367
2026-05-20 02:15:00,0.58368,0.58379,0.58366,0.58374
2026-05-20 02:30:00,0.58373,0.58401,0.58373,0.58375
2026-05-20 02:45:00,0.58373,0.58376,0.58319,0.58324
2026-05-20 03:00:00,0.58324,0.58324,0.58275,0.58283
2026-05-20 03:15:00,0.58282,0.58308,0.58268,0.58275
2026-05-20 03:30:00,0.58275,0.58301,0.5825,0.58255
2026-05-20 03:45:00,0.58255,0.5827,0.58209,0.58214
2026-05-20 04:00:00,0.58214,0.58259,0.58206,0.58219
2026-05-20 04:15:00,0.58218,0.58223,0.58162,0.58169
2026-05-20 04:30:00,0.5817,0.58195,0.58151,0.58188
2026-05-20 04:45:00,0.58189,0.58247,0.58178,0.58232
2026-05-20 05:00:00,0.58234,0.58267,0.5823,0.58257
2026-05-20 05:15:00,0.58256,0.58283,0.58237,0.58245
2026-05-20 05:30:00,0.58244,0.58247,0.58179,0.58214
2026-05-20 05:45:00,0.58216,0.58239,0.5821,0.58215
2026-05-20 06:00:00,0.58215,0.58249,0.582,0.5822
2026-05-20 06:15:00,0.58219,0.58294,0.58219,0.58289
2026-05-20 06:30:00,0.58288,0.5835,0.58281,0.58339
2026-05-20 06:45:00,0.5834,0.58345,0.5832,0.58335
2026-05-20 07:00:00,0.58336,0.58388,0.58336,0.5838
2026-05-20 07:15:00,0.5838,0.5838,0.5833,0.58339
2026-05-20 07:30:00,0.58338,0.5834,0.58263,0.583
2026-05-20 07:45:00,0.583,0.58301,0.58273,0.5828
2026-05-20 08:00:00,0.58279,0.5833,0.58277,0.583
2026-05-20 08:15:00,0.583,0.58321,0.58281,0.58286
2026-05-20 08:30:00,0.58287,0.58328,0.58286,0.58291
2026-05-20 08:45:00,0.5829,0.58299,0.58257,0.58297
2026-05-20 09:00:00,0.58298,0.58322,0.58282,0.5832
2026-05-20 09:15:00,0.58321,0.58387,0.58321,0.5837
2026-05-20 09:30:00,0.58371,0.58374,0.58327,0.58338
2026-05-20 09:45:00,0.58339,0.58348,0.58314,0.58342
2026-05-20 10:00:00,0.5834,0.58406,0.58328,0.58379
2026-05-20 10:15:00,0.58379,0.58396,0.58361,0.5838
2026-05-20 10:30:00,0.5838,0.58382,0.58354,0.58354
2026-05-20 10:45:00,0.58354,0.58359,0.58336,0.58343
2026-05-20 11:00:00,0.58343,0.584,0.58336,0.58354
2026-05-20 11:15:00,0.58353,0.58378,0.58333,0.58364
2026-05-20 11:30:00,0.58365,0.58415,0.58354,0.58405
2026-05-20 11:45:00,0.58405,0.58422,0.5839,0.5839
2026-05-20 12:00:00,0.5839,0.58422,0.58385,0.58395
2026-05-20 12:15:00,0.58395,0.58403,0.58351,0.58373
2026-05-20 12:30:00,0.58372,0.58396,0.58356,0.58357
2026-05-20 12:45:00,0.58357,0.58383,0.58356,0.58365
2026-05-20 13:00:00,0.58365,0.58404,0.58363,0.584
2026-05-20 13:15:00,0.58399,0.58423,0.58393,0.58403
2026-05-20 13:30:00,0.58404,0.5846,0.58404,0.58433
2026-05-20 13:45:00,0.58435,0.58453,0.58429,0.58445
2026-05-20 14:00:00,0.58445,0.58445,0.58424,0.58432
2026-05-20 14:15:00,0.58431,0.58482,0.58429,0.58481
2026-05-20 14:30:00,0.58481,0.5851,0.58474,0.58483
2026-05-20 14:45:00,0.58483,0.58489,0.58436,0.58465
2026-05-20 15:00:00,0.58464,0.5849,0.58457,0.58468
2026-05-20 15:15:00,0.58467,0.58467,0.58418,0.58443
2026-05-20 15:30:00,0.58444,0.58471,0.58431,0.58439
2026-05-20 15:45:00,0.58438,0.58445,0.584,0.5841
2026-05-20 16:00:00,0.5841,0.58429,0.58397,0.58417
2026-05-20 16:15:00,0.58416,0.58421,0.58376,0.58382
2026-05-20 16:30:00,0.58381,0.58436,0.58372,0.58428
2026-05-20 16:45:00,0.58429,0.58461,0.58379,0.58393
2026-05-20 17:00:00,0.58395,0.58418,0.58352,0.584
2026-05-20 17:15:00,0.584,0.58587,0.584,0.5857
2026-05-20 17:30:00,0.5857,0.58646,0.58569,0.58627
2026-05-20 17:45:00,0.58628,0.587,0.58609,0.5869
2026-05-20 18:00:00,0.58692,0.58733,0.58635,0.5865
2026-05-20 18:15:00,0.5865,0.58882,0.58647,0.58708
2026-05-20 18:30:00,0.58709,0.58805,0.58708,0.58755
2026-05-20 18:45:00,0.58758,0.58764,0.5868,0.58688
2026-05-20 19:00:00,0.58688,0.58764,0.58683,0.58746
2026-05-20 19:15:00,0.58747,0.58758,0.58672,0.5869
2026-05-20 19:30:00,0.5869,0.58715,0.58655,0.58715
2026-05-20 19:45:00,0.58714,0.58736,0.5869,0.5871
2026-05-20 20:00:00,0.58709,0.58724,0.58684,0.58713
2026-05-20 20:15:00,0.58712,0.58727,0.58687,0.58715
2026-05-20 20:30:00,0.58716,0.58736,0.58685,0.58687
2026-05-20 20:45:00,0.58687,0.58708,0.58675,0.58676
2026-05-20 21:00:00,0.58675,0.58711,0.58657,0.58705
2026-05-20 21:15:00,0.58704,0.58734,0.58699,0.5873
2026-05-20 21:30:00,0.58731,0.58753,0.58698,0.587
2026-05-20 21:45:00,0.58701,0.58767,0.58696,0.58737
2026-05-20 22:00:00,0.58739,0.58777,0.58733,0.58744
2026-05-20 22:15:00,0.58743,0.58764,0.58743,0.58759
2026-05-20 22:30:00,0.58758,0.58778,0.5874,0.58745
2026-05-20 22:45:00,0.58742,0.58751,0.58724,0.58736
2026-05-20 23:00:00,0.58735,0.58739,0.58725,0.58729
2026-05-20 23:15:00,0.58729,0.5873,0.5871,0.58722
2026-05-20 23:30:00,0.58723,0.58727,0.58706,0.58706
2026-05-20 23:45:00,0.58705,0.58706,0.58691,0.58691
2026-05-21 00:00:00,0.58542,0.58629,0.58505,0.58622
2026-05-21 00:15:00,0.58645,0.58702,0.58643,0.5869
2026-05-21 00:30:00,0.58687,0.58702,0.58679,0.58696
2026-05-21 00:45:00,0.58696,0.58703,0.58663,0.58678
2026-05-21 01:00:00,0.58676,0.58702,0.58665,0.58701
2026-05-21 01:15:00,0.58702,0.58706,0.58683,0.58694
2026-05-21 01:30:00,0.58695,0.58704,0.58692,0.58701
2026-05-21 01:45:00,0.58702,0.58703,0.58693,0.58702
2026-05-21 02:00:00,0.58701,0.58705,0.58691,0.58696
2026-05-21 02:15:00,0.58697,0.58698,0.58677,0.58682
2026-05-21 02:30:00,0.58681,0.58684,0.58667,0.58671
2026-05-21 02:45:00,0.5867,0.58694,0.58668,0.58673
2026-05-21 03:00:00,0.58675,0.58677,0.58619,0.58629
2026-05-21 03:15:00,0.5863,0.58648,0.58603,0.58641
2026-05-21 03:30:00,0.58641,0.58645,0.58625,0.58639
2026-05-21 03:45:00,0.58638,0.58658,0.5863,0.5863
2026-05-21 04:00:00,0.58631,0.58693,0.58629,0.58681
2026-05-21 04:15:00,0.58682,0.58697,0.58665,0.58666
2026-05-21 04:30:00,0.58665,0.58745,0.5864,0.58712
2026-05-21 04:45:00,0.58712,0.58715,0.58579,0.58585
2026-05-21 05:00:00,0.58586,0.58644,0.58582,0.58595
2026-05-21 05:15:00,0.58598,0.58598,0.58535,0.58556
2026-05-21 05:30:00,0.58556,0.58587,0.58531,0.58554
2026-05-21 05:45:00,0.58554,0.58566,0.58501,0.58562
2026-05-21 06:00:00,0.58562,0.58586,0.58553,0.58558
2026-05-21 06:15:00,0.58558,0.58592,0.58551,0.58576
2026-05-21 06:30:00,0.58576,0.586,0.58569,0.58598
2026-05-21 06:45:00,0.58597,0.58604,0.58577,0.58593
2026-05-21 07:00:00,0.58593,0.58613,0.58586,0.58607
2026-05-21 07:15:00,0.58607,0.58637,0.58603,0.58633
2026-05-21 07:30:00,0.58632,0.58644,0.58613,0.58633
2026-05-21 07:45:00,0.58632,0.58645,0.58623,0.58634
2026-05-21 08:00:00,0.58634,0.58648,0.58603,0.58612
2026-05-21 08:15:00,0.58611,0.58618,0.58586,0.58596
2026-05-21 08:30:00,0.58597,0.58614,0.58589,0.58596
2026-05-21 08:45:00,0.58596,0.58621,0.58559,0.58615
2026-05-21 09:00:00,0.58614,0.58634,0.58602,0.58619
2026-05-21 09:15:00,0.58619,0.58625,0.58567,0.58601
2026-05-21 09:30:00,0.586,0.58603,0.58515,0.58534
2026-05-21 09:45:00,0.58535,0.58563,0.58526,0.58554
2026-05-21 10:00:00,0.58554,0.58577,0.58533,0.5857
2026-05-21 10:15:00,0.58565,0.58569,0.58497,0.58505
2026-05-21 10:30:00,0.58507,0.58579,0.58507,0.58576
2026-05-21 10:45:00,0.58577,0.58621,0.58576,0.58589
2026-05-21 11:00:00,0.5859,0.58699,0.58579,0.58697
2026-05-21 11:15:00,0.58697,0.58738,0.5865,0.5872
2026-05-21 11:30:00,0.58719,0.5872,0.5866,0.5866
2026-05-21 11:45:00,0.58661,0.58697,0.58649,0.58653
2026-05-21 12:00:00,0.58651,0.58706,0.58642,0.58697
2026-05-21 12:15:00,0.58697,0.58735,0.58685,0.58729
2026-05-21 12:30:00,0.58728,0.58741,0.58685,0.58687
2026-05-21 12:45:00,0.58688,0.587,0.58674,0.58698
2026-05-21 13:00:00,0.58699,0.58711,0.58683,0.58684
2026-05-21 13:15:00,0.58683,0.58693,0.58558,0.58575
2026-05-21 13:30:00,0.58577,0.58578,0.58492,0.58542
2026-05-21 13:45:00,0.58543,0.58572,0.58517,0.58543
2026-05-21 14:00:00,0.58543,0.58601,0.5854,0.58599
2026-05-21 14:15:00,0.58599,0.5865,0.58595,0.58625
2026-05-21 14:30:00,0.58624,0.58638,0.5858,0.58595
2026-05-21 14:45:00,0.58594,0.58601,0.58538,0.58555
2026-05-21 15:00:00,0.58557,0.58583,0.58551,0.5858
2026-05-21 15:15:00,0.5858,0.58584,0.58536,0.5854
2026-05-21 15:30:00,0.58541,0.58627,0.58535,0.58595
2026-05-21 15:45:00,0.58596,0.58614,0.5853,0.58535
2026-05-21 16:00:00,0.58533,0.5856,0.58505,0.58525
2026-05-21 16:15:00,0.58525,0.58536,0.58492,0.5853
2026-05-21 16:30:00,0.58531,0.58535,0.58465,0.5847
2026-05-21 16:45:00,0.58472,0.5861,0.58468,0.58584
2026-05-21 17:00:00,0.58583,0.58594,0.58548,0.58579
2026-05-21 17:15:00,0.5858,0.58582,0.58525,0.58571
2026-05-21 17:30:00,0.58572,0.58611,0.58565,0.58584
2026-05-21 17:45:00,0.58586,0.58637,0.58583,0.5861
2026-05-21 18:00:00,0.58611,0.58614,0.58507,0.58564
2026-05-21 18:15:00,0.58564,0.58571,0.58527,0.58535
2026-05-21 18:30:00,0.58535,0.58566,0.58522,0.58538
2026-05-21 18:45:00,0.58538,0.58561,0.58538,0.58555
2026-05-21 19:00:00,0.58555,0.58605,0.58554,0.58583
2026-05-21 19:15:00,0.58582,0.58599,0.58565,0.58597
2026-05-21 19:30:00,0.58598,0.5861,0.5858,0.58589
2026-05-21 19:45:00,0.5859,0.58605,0.58569,0.58601
2026-05-21 20:00:00,0.58601,0.58677,0.58581,0.5867
2026-05-21 20:15:00,0.58671,0.58809,0.58671,0.58796
2026-05-21 20:30:00,0.58795,0.58852,0.5877,0.58852
2026-05-21 20:45:00,0.58851,0.5888,0.58809,0.58832
2026-05-21 21:00:00,0.58832,0.58868,0.58769,0.58786
2026-05-21 21:15:00,0.58786,0.58825,0.58776,0.58809
2026-05-21 21:30:00,0.5881,0.58823,0.58797,0.58804
2026-05-21 21:45:00,0.58804,0.5881,0.58669,0.58701
2026-05-21 22:00:00,0.58701,0.58747,0.58695,0.58734
2026-05-21 22:15:00,0.58736,0.58772,0.58734,0.58767
2026-05-21 22:30:00,0.58766,0.58798,0.5876,0.58761
2026-05-21 22:45:00,0.5876,0.58793,0.58721,0.58771
2026-05-21 23:00:00,0.58773,0.58781,0.58733,0.58742
2026-05-21 23:15:00,0.5874,0.58754,0.58733,0.58747
2026-05-21 23:30:00,0.58747,0.58751,0.5874,0.58742
2026-05-21 23:45:00,0.58742,0.58751,0.58727,0.58732
2026-05-22 00:00:00,0.58724,0.58781,0.58541,0.58742
2026-05-22 00:15:00,0.58762,0.58785,0.58742,0.58778
2026-05-22 00:30:00,0.5875,0.58785,0.58703,0.58735
2026-05-22 00:45:00,0.58736,0.58744,0.58686,0.58686
2026-05-22 01:00:00,0.58692,0.58757,0.58692,0.58756
2026-05-22 01:15:00,0.58759,0.58765,0.5875,0.58751
2026-05-22 01:30:00,0.5875,0.58765,0.58745,0.58763
2026-05-22 01:45:00,0.58766,0.58785,0.58765,0.58782
2026-05-22 02:00:00,0.58781,0.58797,0.58766,0.58769
2026-05-22 02:15:00,0.5877,0.58775,0.58753,0.58775
2026-05-22 02:30:00,0.58775,0.58777,0.58762,0.58762
2026-05-22 02:45:00,0.58762,0.58796,0.58761,0.58775
2026-05-22 03:00:00,0.58776,0.5878,0.58726,0.58731
2026-05-22 03:15:00,0.58732,0.58738,0.58717,0.58734
2026-05-22 03:30:00,0.58734,0.58741,0.58711,0.58738
2026-05-22 03:45:00,0.58738,0.58747,0.58727,0.58728
2026-05-22 04:00:00,0.58726,0.58731,0.58695,0.58717
2026-05-22 04:15:00,0.58717,0.58737,0.58704,0.58731
2026-05-22 04:30:00,0.5873,0.58752,0.58713,0.58749
2026-05-22 04:45:00,0.58749,0.58782,0.58723,0.58725
2026-05-22 05:00:00,0.58724,0.58748,0.58723,0.58726
2026-05-22 05:15:00,0.58727,0.58739,0.58722,0.58733
2026-05-22 05:30:00,0.58732,0.58761,0.58728,0.58755
2026-05-22 05:45:00,0.58754,0.58761,0.58717,0.58739
2026-05-22 06:00:00,0.58738,0.58746,0.58697,0.58697
2026-05-22 06:15:00,0.58698,0.58718,0.58695,0.58713
2026-05-22 06:30:00,0.58713,0.58719,0.58704,0.58706
2026-05-22 06:45:00,0.58706,0.58721,0.58696,0.58719
2026-05-22 07:00:00,0.58718,0.5875,0.58718,0.58742
2026-05-22 07:15:00,0.58742,0.58749,0.58735,0.5874
2026-05-22 07:30:00,0.5874,0.5874,0.58722,0.58731
2026-05-22 07:45:00,0.58731,0.58741,0.58725,0.5874
2026-05-22 08:00:00,0.5874,0.58759,0.58735,0.58751
2026-05-22 08:15:00,0.5875,0.58754,0.58739,0.58746
2026-05-22 08:30:00,0.58745,0.58762,0.58733,0.58743
2026-05-22 08:45:00,0.58743,0.5877,0.5869,0.58702
2026-05-22 09:00:00,0.58702,0.58725,0.5869,0.58711
2026-05-22 09:15:00,0.5871,0.5871,0.58667,0.58688
2026-05-22 09:30:00,0.58689,0.58698,0.58661,0.58673
2026-05-22 09:45:00,0.58674,0.58675,0.58654,0.58665
2026-05-22 10:00:00,0.58665,0.58669,0.5859,0.586
2026-05-22 10:15:00,0.586,0.58623,0.58595,0.58616
2026-05-22 10:30:00,0.58616,0.58621,0.58592,0.58618
2026-05-22 10:45:00,0.58619,0.58634,0.586,0.58632
2026-05-22 11:00:00,0.58632,0.58638,0.58605,0.58613
2026-05-22 11:15:00,0.58614,0.58701,0.58611,0.58642
2026-05-22 11:30:00,0.58643,0.58655,0.58586,0.58622
2026-05-22 11:45:00,0.58622,0.5864,0.58607,0.58612
2026-05-22 12:00:00,0.58611,0.58612,0.58552,0.58555
2026-05-22 12:15:00,0.58554,0.58569,0.58536,0.58558
2026-05-22 12:30:00,0.58559,0.58572,0.58545,0.58553
2026-05-22 12:45:00,0.58554,0.58576,0.5855,0.58562
2026-05-22 13:00:00,0.58563,0.58587,0.58555,0.58565
2026-05-22 13:15:00,0.58565,0.58586,0.58554,0.58554
2026-05-22 13:30:00,0.58554,0.58563,0.58518,0.58558
2026-05-22 13:45:00,0.58558,0.58559,0.58533,0.58536
2026-05-22 14:00:00,0.58536,0.58545,0.58513,0.58516
2026-05-22 14:15:00,0.58515,0.58535,0.58506,0.58525
2026-05-22 14:30:00,0.58524,0.58528,0.58503,0.58518
2026-05-22 14:45:00,0.58517,0.58559,0.58517,0.58529
2026-05-22 15:00:00,0.58528,0.58608,0.585,0.5858
2026-05-22 15:15:00,0.58579,0.58605,0.58522,0.58527
2026-05-22 15:30:00,0.58526,0.58552,0.58514,0.5853
2026-05-22 15:45:00,0.58531,0.58593,0.5853,0.5859
2026-05-22 16:00:00,0.58591,0.58679,0.58578,0.58645
2026-05-22 16:15:00,0.58642,0.58653,0.58589,0.58599
2026-05-22 16:30:00,0.586,0.58612,0.58544,0.58558
2026-05-22 16:45:00,0.58557,0.58564,0.5851,0.5855
2026-05-22 17:00:00,0.5855,0.5855,0.58453,0.58475
2026-05-22 17:15:00,0.58474,0.58485,0.58446,0.58484
2026-05-22 17:30:00,0.58486,0.58514,0.58475,0.5851
2026-05-22 17:45:00,0.58511,0.58534,0.58465,0.58509
2026-05-22 18:00:00,0.58508,0.5855,0.58485,0.5853
2026-05-22 18:15:00,0.5853,0.58545,0.58512,0.58536
2026-05-22 18:30:00,0.58535,0.58553,0.58528,0.58541
2026-05-22 18:45:00,0.58541,0.58555,0.58525,0.58541
2026-05-22 19:00:00,0.58541,0.58566,0.5852,0.58557
2026-05-22 19:15:00,0.58556,0.58582,0.5854,0.5858
2026-05-22 19:30:00,0.58581,0.58595,0.58558,0.58564
2026-05-22 19:45:00,0.58564,0.58587,0.58564,0.58583
2026-05-22 20:00:00,0.58584,0.58611,0.5858,0.58604
2026-05-22 20:15:00,0.58604,0.58631,0.58568,0.58626
2026-05-22 20:30:00,0.58631,0.5865,0.58599,0.586
2026-05-22 20:45:00,0.58601,0.58615,0.58588,0.58601
2026-05-22 21:00:00,0.58601,0.58606,0.58571,0.58592
2026-05-22 21:15:00,0.58592,0.58596,0.58582,0.58583
2026-05-22 21:30:00,0.58583,0.58608,0.58569,0.58585
2026-05-22 21:45:00,0.58588,0.58593,0.58573,0.58581
2026-05-22 22:00:00,0.5858,0.58584,0.58543,0.58558
2026-05-22 22:15:00,0.58557,0.5857,0.58542,0.58544
2026-05-22 22:30:00,0.58547,0.58549,0.58537,0.58542
2026-05-22 22:45:00,0.58542,0.58549,0.58528,0.58538
2026-05-22 23:00:00,0.58538,0.58544,0.58531,0.58538
2026-05-22 23:15:00,0.58538,0.58538,0.58519,0.58519
2026-05-22 23:30:00,0.58518,0.58519,0.58493,0.58498
2026-05-22 23:45:00,0.58498,0.58508,0.58464,0.58476
2026-05-25 00:00:00,0.58712,0.58754,0.58612,0.58715
2026-05-25 00:15:00,0.58715,0.58733,0.58683,0.58701
2026-05-25 00:30:00,0.58733,0.58733,0.58694,0.58702
2026-05-25 00:45:00,0.58697,0.58726,0.58672,0.58672
2026-05-25 01:00:00,0.58676,0.58746,0.58674,0.58735
2026-05-25 01:15:00,0.58736,0.58751,0.58721,0.5873
2026-05-25 01:30:00,0.5873,0.58762,0.58726,0.58761
2026-05-25 01:45:00,0.58761,0.58786,0.58758,0.58774
2026-05-25 02:00:00,0.58774,0.58802,0.58774,0.58785
2026-05-25 02:15:00,0.58786,0.58789,0.5877,0.58773
2026-05-25 02:30:00,0.58774,0.58778,0.58762,0.58762
2026-05-25 02:45:00,0.58761,0.58765,0.5872,0.58724
2026-05-25 03:00:00,0.58722,0.58733,0.58697,0.58727
2026-05-25 03:15:00,0.58726,0.58755,0.58712,0.58754
2026-05-25 03:30:00,0.58755,0.5877,0.5873,0.58733
2026-05-25 03:45:00,0.58735,0.58801,0.58713,0.58726
2026-05-25 04:00:00,0.58725,0.58791,0.58725,0.58791
2026-05-25 04:15:00,0.5879,0.58817,0.58777,0.58816
2026-05-25 04:30:00,0.58816,0.58816,0.58768,0.58769
2026-05-25 04:45:00,0.5877,0.58785,0.58746,0.58747
2026-05-25 05:00:00,0.58747,0.58781,0.58747,0.58758
2026-05-25 05:15:00,0.58759,0.58784,0.5875,0.58774
2026-05-25 05:30:00,0.58775,0.58778,0.5875,0.58759
2026-05-25 05:45:00,0.5876,0.58763,0.58714,0.58725
2026-05-25 06:00:00,0.58724,0.5874,0.58712,0.58724
2026-05-25 06:15:00,0.58723,0.58732,0.58711,0.58722
2026-05-25 06:30:00,0.58722,0.58731,0.58709,0.5871
2026-05-25 06:45:00,0.58709,0.5871,0.58688,0.58701
2026-05-25 07:00:00,0.587,0.58715,0.58696,0.58697
2026-05-25 07:15:00,0.58697,0.5873,0.58694,0.58729
2026-05-25 07:30:00,0.5873,0.58762,0.58725,0.58756
2026-05-25 07:45:00,0.58757,0.58778,0.58755,0.58761
2026-05-25 08:00:00,0.58762,0.58784,0.58758,0.58774
2026-05-25 08:15:00,0.58773,0.5878,0.58752,0.58755
2026-05-25 08:30:00,0.58755,0.58778,0.58747,0.58772
2026-05-25 08:45:00,0.58771,0.58777,0.58729,0.58738
2026-05-25 09:00:00,0.58737,0.5876,0.58728,0.58752
2026-05-25 09:15:00,0.58752,0.58753,0.58723,0.58732
2026-05-25 09:30:00,0.58731,0.58755,0.58725,0.58731
2026-05-25 09:45:00,0.58731,0.58751,0.5873,0.58736
2026-05-25 10:00:00,0.58737,0.5874,0.58685,0.587
2026-05-25 10:15:00,0.587,0.58701,0.58623,0.58663
2026-05-25 10:30:00,0.58664,0.5871,0.58663,0.58685
2026-05-25 10:45:00,0.58685,0.58694,0.58676,0.58693
2026-05-25 11:00:00,0.58694,0.58715,0.58668,0.58701
2026-05-25 11:15:00,0.587,0.58714,0.58686,0.58688
2026-05-25 11:30:00,0.58688,0.58722,0.58685,0.58705
2026-05-25 11:45:00,0.58704,0.58723,0.58703,0.5872
2026-05-25 12:00:00,0.58719,0.5874,0.58718,0.58721
2026-05-25 12:15:00,0.58721,0.58725,0.58709,0.58709
2026-05-25 12:30:00,0.58709,0.58726,0.58707,0.58726
2026-05-25 12:45:00,0.58726,0.58729,0.58702,0.58702
2026-05-25 13:00:00,0.58703,0.58713,0.58702,0.58708
2026-05-25 13:15:00,0.58708,0.58714,0.58692,0.58693
2026-05-25 13:30:00,0.58693,0.58704,0.58686,0.58704
2026-05-25 13:45:00,0.58705,0.58707,0.58688,0.58697
2026-05-25 14:00:00,0.58697,0.58711,0.58675,0.58704
2026-05-25 14:15:00,0.58705,0.58725,0.58704,0.58721
2026-05-25 14:30:00,0.58722,0.58773,0.5872,0.58771
2026-05-25 14:45:00,0.5877,0.58783,0.58741,0.58742
2026-05-25 15:00:00,0.58742,0.58757,0.58726,0.5875
2026-05-25 15:15:00,0.5875,0.58763,0.58738,0.5875
2026-05-25 15:30:00,0.5875,0.58785,0.5875,0.58784
2026-05-25 15:45:00,0.58783,0.58787,0.5875,0.58753
2026-05-25 16:00:00,0.58753,0.58766,0.58747,0.58754
2026-05-25 16:15:00,0.58753,0.58754,0.58734,0.58746
2026-05-25 16:30:00,0.58748,0.58752,0.58718,0.58719
2026-05-25 16:45:00,0.58718,0.58729,0.58701,0.58703
2026-05-25 17:00:00,0.58702,0.58729,0.58702,0.58709
2026-05-25 17:15:00,0.5871,0.58734,0.58709,0.58723
2026-05-25 17:30:00,0.58723,0.5875,0.58712,0.58749
2026-05-25 17:45:00,0.5875,0.58758,0.58733,0.58752
2026-05-25 18:00:00,0.58752,0.58779,0.58715,0.58746
2026-05-25 18:15:00,0.58745,0.58759,0.58736,0.58747
2026-05-25 18:30:00,0.58746,0.58758,0.58738,0.58756
2026-05-25 18:45:00,0.58755,0.58763,0.58726,0.58729
2026-05-25 19:00:00,0.58729,0.5873,0.58702,0.58715
2026-05-25 19:15:00,0.58715,0.58721,0.58701,0.58707
2026-05-25 19:30:00,0.58705,0.58709,0.58689,0.58701
2026-05-25 19:45:00,0.58702,0.58728,0.58702,0.58724
2026-05-25 20:00:00,0.58723,0.58725,0.58716,0.5872
2026-05-25 20:15:00,0.5872,0.5874,0.5872,0.58738
2026-05-25 20:30:00,0.58738,0.5874,0.58729,0.58737
2026-05-25 20:45:00,0.58738,0.58738,0.58727,0.58734
2026-05-25 21:00:00,0.58735,0.5874,0.5873,0.58739
2026-05-25 21:15:00,0.5874,0.5874,0.58726,0.58726
2026-05-25 21:30:00,0.58727,0.5873,0.58714,0.58716
2026-05-25 21:45:00,0.58717,0.58728,0.58717,0.58722
2026-05-25 22:00:00,0.58721,0.58728,0.58718,0.58719
2026-05-25 22:15:00,0.58719,0.58723,0.58718,0.58723
2026-05-25 22:30:00,0.58723,0.5873,0.58719,0.58727
2026-05-25 22:45:00,0.58727,0.58732,0.58724,0.5873
2026-05-25 23:00:00,0.58731,0.58738,0.58728,0.58732
2026-05-25 23:15:00,0.58731,0.58739,0.58722,0.58739
2026-05-25 23:30:00,0.5874,0.58744,0.58718,0.58723
2026-05-25 23:45:00,0.58722,0.58731,0.58721,0.58721
2026-05-26 00:00:00,0.58704,0.58704,0.58541,0.58654
2026-05-26 00:15:00,0.58665,0.58689,0.5866,0.58669
2026-05-26 00:30:00,0.58669,0.58693,0.58656,0.58676
2026-05-26 00:45:00,0.58676,0.58713,0.58661,0.58695
2026-05-26 01:00:00,0.58699,0.58711,0.58683,0.58699
2026-05-26 01:15:00,0.587,0.58704,0.58689,0.58703
2026-05-26 01:30:00,0.58703,0.5871,0.58698,0.58709
2026-05-26 01:45:00,0.58708,0.58723,0.58705,0.5871
2026-05-26 02:00:00,0.5871,0.58716,0.58703,0.58706
2026-05-26 02:15:00,0.58706,0.58712,0.58684,0.58685
2026-05-26 02:30:00,0.58684,0.5869,0.58626,0.58634
2026-05-26 02:45:00,0.58634,0.58652,0.58608,0.58612
2026-05-26 03:00:00,0.58612,0.58619,0.58582,0.5859
2026-05-26 03:15:00,0.5859,0.586,0.58554,0.58574
2026-05-26 03:30:00,0.58574,0.58592,0.58563,0.58585
2026-05-26 03:45:00,0.58584,0.58604,0.58573,0.58594
2026-05-26 04:00:00,0.58594,0.58606,0.58573,0.58589
2026-05-26 04:15:00,0.5859,0.586,0.5856,0.58568
2026-05-26 04:30:00,0.58567,0.58577,0.58504,0.58514
2026-05-26 04:45:00,0.58514,0.58538,0.58512,0.58522
2026-05-26 05:00:00,0.58521,0.58548,0.58514,0.58523
2026-05-26 05:15:00,0.58524,0.58536,0.58518,0.58523
2026-05-26 05:30:00,0.58523,0.58526,0.58487,0.58489
2026-05-26 05:45:00,0.5849,0.58524,0.58479,0.58515
2026-05-26 06:00:00,0.58516,0.58548,0.58514,0.58543
2026-05-26 06:15:00,0.58542,0.58586,0.58538,0.5856
2026-05-26 06:30:00,0.58561,0.58571,0.58559,0.58569
2026-05-26 06:45:00,0.58569,0.58569,0.58544,0.58559
2026-05-26 07:00:00,0.58559,0.58561,0.58536,0.5855
2026-05-26 07:15:00,0.5855,0.58551,0.58533,0.58534
2026-05-26 07:30:00,0.58534,0.58543,0.58506,0.5851
2026-05-26 07:45:00,0.5851,0.58517,0.58498,0.58499
2026-05-26 08:00:00,0.58498,0.58502,0.58471,0.58484
2026-05-26 08:15:00,0.58484,0.58492,0.5847,0.58482
2026-05-26 08:30:00,0.58481,0.58492,0.58473,0.58484
2026-05-26 08:45:00,0.58482,0.58484,0.58453,0.5846
2026-05-26 09:00:00,0.5846,0.58501,0.5845,0.58499
2026-05-26 09:15:00,0.58496,0.58546,0.58484,0.5851
2026-05-26 09:30:00,0.5851,0.58541,0.585,0.58537
2026-05-26 09:45:00,0.58537,0.58539,0.58506,0.58512
2026-05-26 10:00:00,0.58516,0.58517,0.58441,0.58479
2026-05-26 10:15:00,0.5848,0.58487,0.58458,0.58468
2026-05-26 10:30:00,0.58467,0.58504,0.58435,0.5845
2026-05-26 10:45:00,0.5845,0.58476,0.58432,0.58463
2026-05-26 11:00:00,0.58464,0.58489,0.58455,0.58471
2026-05-26 11:15:00,0.58471,0.5849,0.58467,0.58481
2026-05-26 11:30:00,0.5848,0.58489,0.5845,0.58452
2026-05-26 11:45:00,0.58451,0.58466,0.5844,0.5845
2026-05-26 12:00:00,0.58451,0.58451,0.58428,0.58431
2026-05-26 12:15:00,0.5843,0.5846,0.58427,0.58458
2026-05-26 12:30:00,0.58457,0.58461,0.58437,0.58438
2026-05-26 12:45:00,0.58437,0.58464,0.58437,0.58456
2026-05-26 13:00:00,0.58456,0.58456,0.58429,0.58451
2026-05-26 13:15:00,0.58451,0.58457,0.58432,0.58449
2026-05-26 13:30:00,0.58448,0.58478,0.58438,0.58458
2026-05-26 13:45:00,0.58459,0.58485,0.58441,0.58468
2026-05-26 14:00:00,0.58469,0.58485,0.5846,0.58474
2026-05-26 14:15:00,0.58477,0.58483,0.58461,0.58464
2026-05-26 14:30:00,0.58464,0.58479,0.5842,0.58428
2026-05-26 14:45:00,0.58428,0.58436,0.5841,0.58413
2026-05-26 15:00:00,0.58413,0.5843,0.58393,0.58416
2026-05-26 15:15:00,0.58411,0.58426,0.58405,0.58424
2026-05-26 15:30:00,0.58425,0.58428,0.58403,0.58405
2026-05-26 15:45:00,0.58406,0.58414,0.58397,0.58399
2026-05-26 16:00:00,0.584,0.58411,0.5838,0.5839
2026-05-26 16:15:00,0.58391,0.58417,0.5839,0.58398
2026-05-26 16:30:00,0.58397,0.58446,0.58381,0.58424
2026-05-26 16:45:00,0.58425,0.58455,0.5835,0.58392
2026-05-26 17:00:00,0.58393,0.58441,0.58377,0.58428
2026-05-26 17:15:00,0.58427,0.58457,0.58416,0.5843
2026-05-26 17:30:00,0.58425,0.58447,0.58398,0.58426
2026-05-26 17:45:00,0.58425,0.58439,0.58405,0.58414
2026-05-26 18:00:00,0.58414,0.58418,0.58374,0.58405
2026-05-26 18:15:00,0.58403,0.58406,0.58358,0.58365
2026-05-26 18:30:00,0.58366,0.58378,0.58345,0.5836
2026-05-26 18:45:00,0.5836,0.58369,0.58331,0.58339
2026-05-26 19:00:00,0.5834,0.58363,0.58339,0.58349
2026-05-26 19:15:00,0.58349,0.58373,0.58348,0.58363
2026-05-26 19:30:00,0.58363,0.5838,0.58341,0.58348
2026-05-26 19:45:00,0.58349,0.58355,0.5833,0.58343
2026-05-26 20:00:00,0.58344,0.58365,0.58342,0.58358
2026-05-26 20:15:00,0.58358,0.58364,0.58344,0.58345
2026-05-26 20:30:00,0.58345,0.58358,0.58331,0.58332
2026-05-26 20:45:00,0.58332,0.58335,0.58318,0.58325
2026-05-26 21:00:00,0.58326,0.58348,0.58322,0.58342
2026-05-26 21:15:00,0.58344,0.58356,0.58336,0.58355
2026-05-26 21:30:00,0.58357,0.58364,0.58343,0.5835
2026-05-26 21:45:00,0.58351,0.58369,0.58349,0.58362
2026-05-26 22:00:00,0.58361,0.58361,0.58338,0.58338
2026-05-26 22:15:00,0.58337,0.58357,0.58336,0.5835
2026-05-26 22:30:00,0.58351,0.58367,0.58351,0.58365
2026-05-26 22:45:00,0.58363,0.58389,0.58362,0.58385
2026-05-26 23:00:00,0.58385,0.58389,0.58374,0.5838
2026-05-26 23:15:00,0.5838,0.58381,0.5836,0.5836
2026-05-26 23:30:00,0.58361,0.58366,0.58356,0.5836
2026-05-26 23:45:00,0.58358,0.58365,0.58356,0.58357
2026-05-27 00:00:00,0.58344,0.58362,0.58327,0.58362
2026-05-27 00:15:00,0.58362,0.58364,0.58356,0.58363
2026-05-27 00:30:00,0.58363,0.58371,0.58358,0.58363
2026-05-27 00:45:00,0.58363,0.5841,0.58349,0.58351
2026-05-27 01:00:00,0.58351,0.58377,0.58348,0.58367
2026-05-27 01:15:00,0.58367,0.5837,0.58357,0.58358
2026-05-27 01:30:00,0.58359,0.58373,0.58358,0.58372
2026-05-27 01:45:00,0.58371,0.58374,0.58364,0.58372
2026-05-27 02:00:00,0.58373,0.58379,0.58371,0.58378
2026-05-27 02:15:00,0.58377,0.58411,0.58377,0.5841
2026-05-27 02:30:00,0.58409,0.58441,0.58408,0.58439
2026-05-27 02:45:00,0.58439,0.58447,0.58405,0.58415
2026-05-27 03:00:00,0.58415,0.58443,0.58408,0.58443
2026-05-27 03:15:00,0.58443,0.58454,0.58431,0.58453
2026-05-27 03:30:00,0.58453,0.58478,0.58448,0.58451
2026-05-27 03:45:00,0.58452,0.58466,0.58438,0.58456
2026-05-27 04:00:00,0.58456,0.58483,0.58451,0.58474
2026-05-27 04:15:00,0.58474,0.58483,0.58456,0.5847
2026-05-27 04:30:00,0.58468,0.58474,0.58373,0.58418
2026-05-27 04:45:00,0.58418,0.58447,0.58384,0.58439
2026-05-27 05:00:00,0.58442,0.58771,0.58435,0.58693
2026-05-27 05:15:00,0.58692,0.58782,0.58686,0.58753
2026-05-27 05:30:00,0.58751,0.5877,0.58704,0.58705
2026-05-27 05:45:00,0.58706,0.58757,0.58706,0.58729
2026-05-27 06:00:00,0.5873,0.58784,0.58718,0.58724
2026-05-27 06:15:00,0.58725,0.58742,0.58703,0.58709
2026-05-27 06:30:00,0.58709,0.58715,0.58647,0.58669
2026-05-27 06:45:00,0.58669,0.5868,0.58653,0.5866
2026-05-27 07:00:00,0.58659,0.58714,0.58653,0.58709
2026-05-27 07:15:00,0.58708,0.5872,0.58694,0.58704
2026-05-27 07:30:00,0.58704,0.58757,0.58701,0.58755
2026-05-27 07:45:00,0.58755,0.58772,0.58748,0.58772
2026-05-27 08:00:00,0.58772,0.58796,0.58752,0.58795
2026-05-27 08:15:00,0.58795,0.58798,0.58775,0.58798
2026-05-27 08:30:00,0.58797,0.58802,0.58739,0.58756
2026-05-27 08:45:00,0.58756,0.58775,0.58724,0.58725
2026-05-27 09:00:00,0.58723,0.58754,0.58704,0.5871
2026-05-27 09:15:00,0.58711,0.58732,0.58682,0.58717
2026-05-27 09:30:00,0.58718,0.58759,0.58684,0.58757
2026-05-27 09:45:00,0.58757,0.58807,0.58743,0.58751
2026-05-27 10:00:00,0.58753,0.58788,0.58716,0.5873
2026-05-27 10:15:00,0.58729,0.5874,0.58706,0.58728
2026-05-27 10:30:00,0.58728,0.58747,0.58701,0.58736
2026-05-27 10:45:00,0.58735,0.58737,0.587,0.58716
2026-05-27 11:00:00,0.58716,0.58765,0.5871,0.58753
2026-05-27 11:15:00,0.58754,0.58776,0.58735,0.58754
2026-05-27 11:30:00,0.58754,0.58764,0.58738,0.5876
2026-05-27 11:45:00,0.5876,0.58786,0.58746,0.58776
2026-05-27 12:00:00,0.58775,0.58794,0.58765,0.58793
2026-05-27 12:15:00,0.58791,0.58848,0.58791,0.58821
2026-05-27 12:30:00,0.58821,0.58833,0.58813,0.58816
2026-05-27 12:45:00,0.58816,0.58857,0.58816,0.58843
2026-05-27 13:00:00,0.58844,0.5885,0.5881,0.58827
2026-05-27 13:15:00,0.58826,0.5883,0.5878,0.58794
2026-05-27 13:30:00,0.58794,0.58805,0.58783,0.58797
2026-05-27 13:45:00,0.58797,0.58802,0.58777,0.58801
2026-05-27 14:00:00,0.588,0.58825,0.58784,0.58812
2026-05-27 14:15:00,0.58811,0.58819,0.58786,0.58799
2026-05-27 14:30:00,0.588,0.58874,0.58783,0.58868
2026-05-27 14:45:00,0.58867,0.58878,0.58823,0.58845
2026-05-27 15:00:00,0.58846,0.58884,0.58817,0.58873
2026-05-27 15:15:00,0.58873,0.59038,0.58855,0.59016
2026-05-27 15:30:00,0.59017,0.59045,0.5899,0.58991
2026-05-27 15:45:00,0.58992,0.58994,0.58934,0.58958
2026-05-27 16:00:00,0.58958,0.59046,0.58953,0.59016
2026-05-27 16:15:00,0.59017,0.59031,0.58965,0.58971
2026-05-27 16:30:00,0.58969,0.5901,0.58955,0.58973
2026-05-27 16:45:00,0.58972,0.59016,0.58966,0.59015
2026-05-27 17:00:00,0.59018,0.59059,0.58985,0.59059
2026-05-27 17:15:00,0.59059,0.59119,0.59004,0.59012
2026-05-27 17:30:00,0.59011,0.59044,0.58957,0.59005
2026-05-27 17:45:00,0.59004,0.59045,0.58914,0.58928
2026-05-27 18:00:00,0.58927,0.58981,0.58911,0.58943
2026-05-27 18:15:00,0.58944,0.5897,0.58918,0.58967
2026-05-27 18:30:00,0.58966,0.58993,0.58932,0.58934
2026-05-27 18:45:00,0.58933,0.5896,0.58894,0.58928
2026-05-27 19:00:00,0.58928,0.58936,0.58894,0.58923
2026-05-27 19:15:00,0.58923,0.58946,0.58923,0.58927
2026-05-27 19:30:00,0.58928,0.58949,0.58915,0.58936
2026-05-27 19:45:00,0.58936,0.58947,0.58927,0.58935
2026-05-27 20:00:00,0.58936,0.58939,0.58865,0.5887
2026-05-27 20:15:00,0.58871,0.5889,0.58865,0.58881
2026-05-27 20:30:00,0.5888,0.58909,0.58878,0.58902
2026-05-27 20:45:00,0.58901,0.58929,0.589,0.58914
2026-05-27 21:00:00,0.58913,0.58916,0.58899,0.58908
2026-05-27 21:15:00,0.58907,0.58943,0.58905,0.58943
2026-05-27 21:30:00,0.58942,0.58957,0.58931,0.58956
2026-05-27 21:45:00,0.58956,0.58977,0.58952,0.58965
2026-05-27 22:00:00,0.58965,0.59004,0.58959,0.58994
2026-05-27 22:15:00,0.58995,0.59009,0.58982,0.59008
2026-05-27 22:30:00,0.59009,0.59018,0.58994,0.59
2026-05-27 22:45:00,0.58999,0.59004,0.58983,0.59002
2026-05-27 23:00:00,0.59003,0.59018,0.58999,0.59008
2026-05-27 23:15:00,0.59008,0.59025,0.59002,0.59021
2026-05-27 23:30:00,0.59022,0.59025,0.59013,0.59023
2026-05-27 23:45:00,0.59023,0.5903,0.59012,0.59017
2026-05-28 00:00:00,0.58983,0.58983,0.58883,0.58945
2026-05-28 00:15:00,0.5896,0.5898,0.58948,0.58977
2026-05-28 00:30:00,0.58978,0.58995,0.58978,0.58984
2026-05-28 00:45:00,0.58983,0.59034,0.58952,0.58961
2026-05-28 01:00:00,0.58962,0.59024,0.58955,0.59009
2026-05-28 01:15:00,0.59008,0.59015,0.58994,0.58995
2026-05-28 01:30:00,0.58994,0.59004,0.58984,0.58996
2026-05-28 01:45:00,0.58996,0.59,0.58992,0.58996
2026-05-28 02:00:00,0.58995,0.59,0.58989,0.58998
2026-05-28 02:15:00,0.58998,0.59015,0.58943,0.58952
2026-05-28 02:30:00,0.58951,0.58955,0.58917,0.58931
2026-05-28 02:45:00,0.5893,0.58935,0.58901,0.58914
2026-05-28 03:00:00,0.58913,0.5895,0.58905,0.58944
2026-05-28 03:15:00,0.58944,0.58973,0.5894,0.58967
2026-05-28 03:30:00,0.58967,0.58979,0.58944,0.58974
2026-05-28 03:45:00,0.58974,0.5902,0.58971,0.5901
2026-05-28 04:00:00,0.5901,0.59107,0.59002,0.59074
2026-05-28 04:15:00,0.59073,0.59074,0.59019,0.59021
2026-05-28 04:30:00,0.5902,0.59042,0.58981,0.58993
2026-05-28 04:45:00,0.58993,0.59021,0.58972,0.58983
2026-05-28 05:00:00,0.58984,0.59024,0.58984,0.59023
2026-05-28 05:15:00,0.59023,0.59035,0.59004,0.59004
2026-05-28 05:30:00,0.59004,0.59016,0.5895,0.58963
2026-05-28 05:45:00,0.58963,0.58963,0.58904,0.58915
2026-05-28 06:00:00,0.58915,0.58951,0.58878,0.58886
2026-05-28 06:15:00,0.58885,0.58887,0.58821,0.5884
2026-05-28 06:30:00,0.5884,0.5884,0.5876,0.58775
2026-05-28 06:45:00,0.58774,0.58787,0.58718,0.58732
2026-05-28 07:00:00,0.58733,0.5875,0.58685,0.5871
2026-05-28 07:15:00,0.58709,0.58722,0.58675,0.58683
2026-05-28 07:30:00,0.58683,0.58715,0.58668,0.58686
2026-05-28 07:45:00,0.58685,0.58693,0.58642,0.5866
2026-05-28 08:00:00,0.58662,0.58716,0.58661,0.58709
2026-05-28 08:15:00,0.58709,0.58741,0.58704,0.58718
2026-05-28 08:30:00,0.58717,0.58775,0.58712,0.58766
2026-05-28 08:45:00,0.58766,0.58796,0.58758,0.58777
2026-05-28 09:00:00,0.58776,0.58828,0.58768,0.58818
2026-05-28 09:15:00,0.58817,0.58869,0.5881,0.58846
2026-05-28 09:30:00,0.58847,0.58879,0.58839,0.58868
2026-05-28 09:45:00,0.58867,0.58879,0.58852,0.58867
2026-05-28 10:00:00,0.58869,0.58923,0.58869,0.58918
2026-05-28 10:15:00,0.58916,0.58928,0.58887,0.58888
2026-05-28 10:30:00,0.58889,0.58902,0.58858,0.58877
2026-05-28 10:45:00,0.58878,0.58886,0.58867,0.5888
2026-05-28 11:00:00,0.5888,0.58897,0.58865,0.58873
2026-05-28 11:15:00,0.58872,0.58872,0.58822,0.5885
2026-05-28 11:30:00,0.58852,0.58865,0.58843,0.58855
2026-05-28 11:45:00,0.58856,0.58877,0.58852,0.58873
2026-05-28 12:00:00,0.58872,0.58888,0.5886,0.58887
2026-05-28 12:15:00,0.58887,0.58917,0.58881,0.58911
2026-05-28 12:30:00,0.58912,0.58932,0.58898,0.5891
2026-05-28 12:45:00,0.58909,0.58931,0.58903,0.58913
2026-05-28 13:00:00,0.58913,0.5894,0.58894,0.58932
2026-05-28 13:15:00,0.58933,0.58944,0.58917,0.58936
2026-05-28 13:30:00,0.58936,0.58936,0.58872,0.58873
2026-05-28 13:45:00,0.58874,0.58915,0.58849,0.5885
2026-05-28 14:00:00,0.5885,0.58891,0.58848,0.58891
2026-05-28 14:15:00,0.5889,0.589,0.5888,0.58893
2026-05-28 14:30:00,0.58893,0.58908,0.58879,0.58905
2026-05-28 14:45:00,0.58905,0.58918,0.58884,0.58907
2026-05-28 15:00:00,0.58905,0.58948,0.58904,0.5894
2026-05-28 15:15:00,0.5894,0.5897,0.58926,0.58961
2026-05-28 15:30:00,0.58961,0.59073,0.58959,0.59051
2026-05-28 15:45:00,0.59056,0.59089,0.59043,0.59066
2026-05-28 16:00:00,0.5908,0.5913,0.59056,0.59058
2026-05-28 16:15:00,0.59058,0.59085,0.59055,0.59067
2026-05-28 16:30:00,0.59068,0.59079,0.59049,0.59066
2026-05-28 16:45:00,0.59066,0.59083,0.5902,0.59032
2026-05-28 17:00:00,0.59032,0.59213,0.59011,0.59164
2026-05-28 17:15:00,0.59163,0.59232,0.59116,0.59217
2026-05-28 17:30:00,0.59218,0.59271,0.59176,0.59231
2026-05-28 17:45:00,0.59231,0.59256,0.59165,0.59198
2026-05-28 18:00:00,0.59197,0.59305,0.59197,0.59295
2026-05-28 18:15:00,0.59295,0.59299,0.59262,0.59283
2026-05-28 18:30:00,0.59282,0.59312,0.59264,0.59269
2026-05-28 18:45:00,0.5927,0.59277,0.5925,0.59256
2026-05-28 19:00:00,0.59255,0.59284,0.59241,0.59272
2026-05-28 19:15:00,0.59273,0.59356,0.59264,0.59326
2026-05-28 19:30:00,0.59327,0.59332,0.59308,0.5932
2026-05-28 19:45:00,0.59322,0.59339,0.59301,0.5933
2026-05-28 20:00:00,0.59331,0.59339,0.59297,0.59299
2026-05-28 20:15:00,0.59299,0.59314,0.59292,0.59295
2026-05-28 20:30:00,0.59297,0.5932,0.59297,0.59315
2026-05-28 20:45:00,0.59315,0.5933,0.59313,0.59326
2026-05-28 21:00:00,0.59326,0.59342,0.59309,0.59321
2026-05-28 21:15:00,0.59321,0.59345,0.59285,0.59289
2026-05-28 21:30:00,0.59288,0.59293,0.59271,0.59277
2026-05-28 21:45:00,0.59276,0.59302,0.59274,0.59294
2026-05-28 22:00:00,0.59294,0.59307,0.59286,0.59295
2026-05-28 22:15:00,0.59295,0.5932,0.59295,0.59319
2026-05-28 22:30:00,0.5932,0.59339,0.5932,0.59326
2026-05-28 22:45:00,0.59325,0.59334,0.59294,0.59296
2026-05-28 23:00:00,0.59294,0.593,0.59286,0.59293
2026-05-28 23:15:00,0.59293,0.5931,0.59291,0.59307
2026-05-28 23:30:00,0.59306,0.59321,0.59306,0.59317
2026-05-28 23:45:00,0.59318,0.59346,0.59318,0.59339
2026-05-29 00:00:00,0.59316,0.59316,0.59234,0.59273
2026-05-29 00:15:00,0.59274,0.59274,0.59273,0.59273
2026-05-29 00:30:00,0.59273,0.59326,0.59273,0.59284
2026-05-29 00:45:00,0.59284,0.59338,0.59267,0.59328
2026-05-29 01:00:00,0.59313,0.5935,0.59305,0.59337
2026-05-29 01:15:00,0.59338,0.59342,0.59331,0.59333
2026-05-29 01:30:00,0.59331,0.59335,0.59321,0.59328
2026-05-29 01:45:00,0.59329,0.59345,0.59324,0.59339
2026-05-29 02:00:00,0.5934,0.59466,0.59338,0.59413
2026-05-29 02:15:00,0.59413,0.59458,0.59407,0.59422
2026-05-29 02:30:00,0.59422,0.59438,0.59413,0.5942
2026-05-29 02:45:00,0.59416,0.59454,0.59411,0.59448
2026-05-29 03:00:00,0.59449,0.5946,0.59425,0.59443
2026-05-29 03:15:00,0.59443,0.59478,0.59437,0.59468
2026-05-29 03:30:00,0.59467,0.59501,0.59437,0.59498
2026-05-29 03:45:00,0.59498,0.59503,0.59457,0.59461
2026-05-29 04:00:00,0.59461,0.5955,0.59456,0.59546
2026-05-29 04:15:00,0.59546,0.59562,0.5953,0.59533
2026-05-29 04:30:00,0.59532,0.59539,0.59513,0.59529
2026-05-29 04:45:00,0.59527,0.59527,0.59494,0.5951
2026-05-29 05:00:00,0.5951,0.59523,0.59498,0.59517
2026-05-29 05:15:00,0.59518,0.59519,0.59483,0.59488
2026-05-29 05:30:00,0.59487,0.59519,0.59487,0.59512
2026-05-29 05:45:00,0.59513,0.59525,0.59469,0.59478
2026-05-29 06:00:00,0.5948,0.59484,0.59454,0.59467
2026-05-29 06:15:00,0.59467,0.59503,0.59464,0.59503
2026-05-29 06:30:00,0.595,0.59511,0.59472,0.59488
2026-05-29 06:45:00,0.59488,0.59509,0.59481,0.59509
2026-05-29 07:00:00,0.5951,0.59568,0.59509,0.59561
2026-05-29 07:15:00,0.59561,0.59591,0.59559,0.5958
2026-05-29 07:30:00,0.59579,0.59603,0.59566,0.59586
2026-05-29 07:45:00,0.59586,0.59589,0.59563,0.59585
2026-05-29 08:00:00,0.59585,0.59615,0.59582,0.59599
2026-05-29 08:15:00,0.59598,0.596,0.59583,0.59586
2026-05-29 08:30:00,0.59586,0.59596,0.59564,0.59568
2026-05-29 08:45:00,0.59567,0.59592,0.59563,0.59575
2026-05-29 09:00:00,0.59575,0.59625,0.59575,0.59625
2026-05-29 09:15:00,0.59624,0.59633,0.59572,0.59583
2026-05-29 09:30:00,0.59584,0.596,0.59556,0.59577
2026-05-29 09:45:00,0.59577,0.59608,0.59563,0.59593
2026-05-29 10:00:00,0.59594,0.59603,0.59574,0.59598
2026-05-29 10:15:00,0.59597,0.59614,0.59558,0.59568
2026-05-29 10:30:00,0.59568,0.59588,0.59541,0.59585
2026-05-29 10:45:00,0.59584,0.59613,0.59566,0.59609
2026-05-29 11:00:00,0.59609,0.59609,0.59561,0.59567
2026-05-29 11:15:00,0.59567,0.59597,0.59553,0.59595
2026-05-29 11:30:00,0.59594,0.59612,0.59581,0.59609
2026-05-29 11:45:00,0.59608,0.59608,0.59579,0.59603
2026-05-29 12:00:00,0.59603,0.59673,0.59603,0.59668
2026-05-29 12:15:00,0.59667,0.59669,0.59624,0.5964
2026-05-29 12:30:00,0.5964,0.59644,0.59608,0.5963
2026-05-29 12:45:00,0.59629,0.59651,0.59616,0.59648
2026-05-29 13:00:00,0.59648,0.59659,0.5963,0.59654
2026-05-29 13:15:00,0.59653,0.59665,0.59625,0.59638
2026-05-29 13:30:00,0.59638,0.59645,0.59628,0.59642
2026-05-29 13:45:00,0.59643,0.59661,0.59638,0.59655
2026-05-29 14:00:00,0.59653,0.59677,0.59647,0.59677
2026-05-29 14:15:00,0.59678,0.59688,0.59648,0.59669
2026-05-29 14:30:00,0.59669,0.59694,0.59647,0.59685
2026-05-29 14:45:00,0.59684,0.59741,0.59676,0.5974
2026-05-29 15:00:00,0.5974,0.59779,0.59713,0.59763
2026-05-29 15:15:00,0.59762,0.59772,0.59742,0.59755
2026-05-29 15:30:00,0.59754,0.59756,0.59726,0.59754
2026-05-29 15:45:00,0.59753,0.59801,0.59743,0.59794
2026-05-29 16:00:00,0.59795,0.59815,0.59782,0.59798
2026-05-29 16:15:00,0.59799,0.59848,0.59794,0.59847
2026-05-29 16:30:00,0.59847,0.59884,0.5983,0.59872
2026-05-29 16:45:00,0.59873,0.59904,0.59823,0.59829
2026-05-29 17:00:00,0.5983,0.59859,0.59813,0.5982
2026-05-29 17:15:00,0.59819,0.59845,0.59806,0.59844
2026-05-29 17:30:00,0.59844,0.59855,0.59802,0.59831
2026-05-29 17:45:00,0.59831,0.59903,0.59809,0.59865
2026-05-29 18:00:00,0.59866,0.59941,0.5986,0.59926
2026-05-29 18:15:00,0.59927,0.59928,0.59879,0.59899
2026-05-29 18:30:00,0.599,0.59938,0.59882,0.599
