datetime,open,high,low,close
2026-04-30 18:30:00,0.71853,0.71905,0.71853,0.7188
2026-04-30 18:45:00,0.7188,0.7188,0.71818,0.71826
2026-04-30 19:00:00,0.71825,0.71903,0.71818,0.71825
2026-04-30 19:15:00,0.71824,0.71825,0.71776,0.71796
2026-04-30 19:30:00,0.71797,0.71841,0.71781,0.71819
2026-04-30 19:45:00,0.71819,0.71836,0.71803,0.71821
2026-04-30 20:00:00,0.71821,0.71865,0.71805,0.71815
2026-04-30 20:15:00,0.71815,0.71849,0.71803,0.71839
2026-04-30 20:30:00,0.71839,0.7188,0.71832,0.7185
2026-04-30 20:45:00,0.71849,0.71862,0.71837,0.7184
2026-04-30 21:00:00,0.71841,0.71902,0.7184,0.71897
2026-04-30 21:15:00,0.71897,0.71927,0.71895,0.7191
2026-04-30 21:30:00,0.71911,0.71961,0.71911,0.71958
2026-04-30 21:45:00,0.71958,0.72003,0.71957,0.71982
2026-04-30 22:00:00,0.71982,0.72028,0.71979,0.72005
2026-04-30 22:15:00,0.72006,0.7201,0.71969,0.71983
2026-04-30 22:30:00,0.71982,0.72013,0.71968,0.71996
2026-04-30 22:45:00,0.71995,0.72006,0.7197,0.7197
2026-04-30 23:00:00,0.71969,0.71996,0.7196,0.71974
2026-04-30 23:15:00,0.71975,0.72003,0.71973,0.71995
2026-04-30 23:30:00,0.71991,0.7203,0.71987,0.71993
2026-04-30 23:45:00,0.71994,0.7202,0.71985,0.72
2026-05-01 00:00:00,0.71986,0.71986,0.7189,0.71969
2026-05-01 00:15:00,0.71969,0.71969,0.71944,0.71944
2026-05-01 00:30:00,0.71944,0.71953,0.71943,0.7195
2026-05-01 00:45:00,0.71946,0.71988,0.71946,0.7198
2026-05-01 01:00:00,0.71978,0.72016,0.71969,0.72
2026-05-01 01:15:00,0.72,0.72008,0.71999,0.72007
2026-05-01 01:30:00,0.72007,0.7201,0.71973,0.71987
2026-05-01 01:45:00,0.71987,0.71999,0.71975,0.71995
2026-05-01 02:00:00,0.71996,0.72023,0.71994,0.72022
2026-05-01 02:15:00,0.72022,0.72027,0.72013,0.72021
2026-05-01 02:30:00,0.72022,0.72046,0.72021,0.7203
2026-05-01 02:45:00,0.72028,0.72046,0.71999,0.72003
2026-05-01 03:00:00,0.72004,0.72027,0.71965,0.71978
2026-05-01 03:15:00,0.71979,0.72,0.71967,0.71983
2026-05-01 03:30:00,0.71983,0.71997,0.71952,0.71995
2026-05-01 03:45:00,0.71995,0.72017,0.71975,0.72005
2026-05-01 04:00:00,0.72006,0.72007,0.71962,0.71998
2026-05-01 04:15:00,0.72001,0.72002,0.7196,0.71987
2026-05-01 04:30:00,0.71987,0.72013,0.71987,0.71997
2026-05-01 04:45:00,0.71997,0.72027,0.71988,0.72016
2026-05-01 05:00:00,0.72015,0.7205,0.72002,0.72024
2026-05-01 05:15:00,0.72023,0.72034,0.72009,0.72019
2026-05-01 05:30:00,0.72021,0.72024,0.71974,0.71984
2026-05-01 05:45:00,0.71983,0.71994,0.71952,0.71993
2026-05-01 06:00:00,0.71994,0.71999,0.7198,0.71999
2026-05-01 06:15:00,0.71999,0.72029,0.71993,0.72023
2026-05-01 06:30:00,0.72024,0.72025,0.7197,0.71973
2026-05-01 06:45:00,0.71975,0.71979,0.71943,0.71955
2026-05-01 07:00:00,0.71955,0.71959,0.71909,0.71917
2026-05-01 07:15:00,0.71916,0.71924,0.71898,0.71904
2026-05-01 07:30:00,0.71904,0.7192,0.71895,0.71907
2026-05-01 07:45:00,0.71906,0.71918,0.71902,0.71907
2026-05-01 08:00:00,0.71907,0.71921,0.71903,0.71919
2026-05-01 08:15:00,0.71919,0.71924,0.71888,0.71923
2026-05-01 08:30:00,0.71924,0.71936,0.71915,0.71933
2026-05-01 08:45:00,0.71932,0.71934,0.71886,0.71892
2026-05-01 09:00:00,0.71891,0.71933,0.71888,0.71909
2026-05-01 09:15:00,0.7191,0.71919,0.71887,0.71896
2026-05-01 09:30:00,0.71897,0.719,0.7186,0.71885
2026-05-01 09:45:00,0.71885,0.71995,0.71885,0.71954
2026-05-01 10:00:00,0.71954,0.71999,0.71939,0.71996
2026-05-01 10:15:00,0.71995,0.72026,0.71979,0.72026
2026-05-01 10:30:00,0.72026,0.72028,0.71961,0.71984
2026-05-01 10:45:00,0.71983,0.72012,0.71927,0.71952
2026-05-01 11:00:00,0.71953,0.7197,0.71909,0.7191
2026-05-01 11:15:00,0.71911,0.7198,0.71909,0.7197
2026-05-01 11:30:00,0.7197,0.71984,0.71937,0.71963
2026-05-01 11:45:00,0.71963,0.7197,0.71934,0.71948
2026-05-01 12:00:00,0.71949,0.71955,0.71904,0.7191
2026-05-01 12:15:00,0.71909,0.71921,0.71871,0.71879
2026-05-01 12:30:00,0.71879,0.71904,0.71867,0.719
2026-05-01 12:45:00,0.71899,0.71905,0.71831,0.7185
2026-05-01 13:00:00,0.71851,0.71891,0.71841,0.71882
2026-05-01 13:15:00,0.71883,0.7192,0.71881,0.71901
2026-05-01 13:30:00,0.719,0.71915,0.7188,0.71893
2026-05-01 13:45:00,0.71892,0.71914,0.71888,0.719
2026-05-01 14:00:00,0.719,0.71946,0.71896,0.71942
2026-05-01 14:15:00,0.71941,0.71997,0.71932,0.71981
2026-05-01 14:30:00,0.7198,0.71995,0.71951,0.71952
2026-05-01 14:45:00,0.71953,0.71968,0.71933,0.71964
2026-05-01 15:00:00,0.71964,0.72068,0.71941,0.72025
2026-05-01 15:15:00,0.72024,0.72083,0.72005,0.72061
2026-05-01 15:30:00,0.7206,0.72062,0.72013,0.72024
2026-05-01 15:45:00,0.72025,0.72047,0.72015,0.72021
2026-05-01 16:00:00,0.7202,0.72081,0.72016,0.72049
2026-05-01 16:15:00,0.72048,0.72069,0.72037,0.72055
2026-05-01 16:30:00,0.72054,0.72085,0.72035,0.72065
2026-05-01 16:45:00,0.72064,0.72146,0.71998,0.72124
2026-05-01 17:00:00,0.72127,0.72276,0.72119,0.72238
2026-05-01 17:15:00,0.72239,0.72273,0.72212,0.72235
2026-05-01 17:30:00,0.72234,0.72238,0.72143,0.7218
2026-05-01 17:45:00,0.72179,0.72198,0.72131,0.72163
2026-05-01 18:00:00,0.72163,0.72211,0.72136,0.72206
2026-05-01 18:15:00,0.72206,0.72232,0.72189,0.72205
2026-05-01 18:30:00,0.72204,0.72231,0.72173,0.722
2026-05-01 18:45:00,0.72199,0.72231,0.72128,0.72172
2026-05-01 19:00:00,0.72171,0.72199,0.72155,0.72177
2026-05-01 19:15:00,0.72176,0.7221,0.72125,0.72149
2026-05-01 19:30:00,0.72149,0.72161,0.72118,0.72136
2026-05-01 19:45:00,0.72137,0.72141,0.72104,0.72111
2026-05-01 20:00:00,0.72111,0.7214,0.72107,0.72132
2026-05-01 20:15:00,0.72133,0.72155,0.721,0.72116
2026-05-01 20:30:00,0.72115,0.72123,0.72079,0.72083
2026-05-01 20:45:00,0.72083,0.72132,0.72074,0.72101
2026-05-01 21:00:00,0.72101,0.72109,0.72025,0.72041
2026-05-01 21:15:00,0.72041,0.72071,0.72018,0.72062
2026-05-01 21:30:00,0.72062,0.72079,0.72028,0.72063
2026-05-01 21:45:00,0.72063,0.72105,0.72053,0.72091
2026-05-01 22:00:00,0.72091,0.72103,0.72068,0.72074
2026-05-01 22:15:00,0.72074,0.72097,0.72071,0.72087
2026-05-01 22:30:00,0.72087,0.72088,0.72064,0.72065
2026-05-01 22:45:00,0.72064,0.7207,0.72043,0.72047
2026-05-01 23:00:00,0.72047,0.72058,0.72043,0.72045
2026-05-01 23:15:00,0.72045,0.72049,0.72027,0.72028
2026-05-01 23:30:00,0.72028,0.72034,0.71997,0.72021
2026-05-01 23:45:00,0.72021,0.72034,0.71963,0.7199
2026-05-04 00:00:00,0.72091,0.72111,0.72018,0.72109
2026-05-04 00:15:00,0.72103,0.72166,0.72064,0.72155
2026-05-04 00:30:00,0.72155,0.72172,0.72136,0.72158
2026-05-04 00:45:00,0.7217,0.72173,0.7215,0.72167
2026-05-04 01:00:00,0.72164,0.72198,0.72143,0.72162
2026-05-04 01:15:00,0.72162,0.72163,0.72103,0.72124
2026-05-04 01:30:00,0.72123,0.72164,0.72103,0.72146
2026-05-04 01:45:00,0.72148,0.72154,0.72128,0.72143
2026-05-04 02:00:00,0.72144,0.72144,0.72118,0.72124
2026-05-04 02:15:00,0.72123,0.72129,0.72105,0.72129
2026-05-04 02:30:00,0.72129,0.72139,0.72101,0.72102
2026-05-04 02:45:00,0.72102,0.72121,0.72086,0.72091
2026-05-04 03:00:00,0.7209,0.72128,0.7206,0.72108
2026-05-04 03:15:00,0.72108,0.72118,0.72056,0.7207
2026-05-04 03:30:00,0.72073,0.72109,0.72067,0.72085
2026-05-04 03:45:00,0.72085,0.72109,0.72065,0.72091
2026-05-04 04:00:00,0.7209,0.72094,0.72006,0.72042
2026-05-04 04:15:00,0.72044,0.72089,0.72016,0.7202
2026-05-04 04:30:00,0.72021,0.72077,0.72017,0.72073
2026-05-04 04:45:00,0.72075,0.7209,0.72048,0.72088
2026-05-04 05:00:00,0.72088,0.72095,0.72061,0.7208
2026-05-04 05:15:00,0.72079,0.7208,0.72013,0.72019
2026-05-04 05:30:00,0.72018,0.72056,0.72016,0.72054
2026-05-04 05:45:00,0.72054,0.72097,0.72052,0.72081
2026-05-04 06:00:00,0.72079,0.7209,0.72058,0.72076
2026-05-04 06:15:00,0.72077,0.72085,0.72064,0.72065
2026-05-04 06:30:00,0.72064,0.72074,0.72048,0.72071
2026-05-04 06:45:00,0.72072,0.72172,0.72072,0.72136
2026-05-04 07:00:00,0.72136,0.72142,0.72104,0.72104
2026-05-04 07:15:00,0.72105,0.72125,0.72082,0.72088
2026-05-04 07:30:00,0.72088,0.72091,0.72079,0.72083
2026-05-04 07:45:00,0.72082,0.72085,0.72064,0.72075
2026-05-04 08:00:00,0.72074,0.72094,0.72065,0.72073
2026-05-04 08:15:00,0.72073,0.721,0.72038,0.72039
2026-05-04 08:30:00,0.72039,0.72063,0.72026,0.72059
2026-05-04 08:45:00,0.7206,0.72079,0.72048,0.72075
2026-05-04 09:00:00,0.72075,0.72091,0.72055,0.72085
2026-05-04 09:15:00,0.72084,0.72092,0.72063,0.7208
2026-05-04 09:30:00,0.72081,0.72089,0.7198,0.71984
2026-05-04 09:45:00,0.71984,0.71989,0.71933,0.7198
2026-05-04 10:00:00,0.71979,0.7198,0.71928,0.71943
2026-05-04 10:15:00,0.71942,0.71977,0.71904,0.7191
2026-05-04 10:30:00,0.71909,0.71929,0.71884,0.71895
2026-05-04 10:45:00,0.71894,0.71944,0.7189,0.71909
2026-05-04 11:00:00,0.71908,0.7191,0.71875,0.71901
2026-05-04 11:15:00,0.719,0.71943,0.71879,0.71943
2026-05-04 11:30:00,0.71942,0.71982,0.71933,0.71961
2026-05-04 11:45:00,0.71962,0.71972,0.71939,0.71945
2026-05-04 12:00:00,0.71945,0.71982,0.71941,0.71959
2026-05-04 12:15:00,0.7196,0.7198,0.71953,0.71977
2026-05-04 12:30:00,0.71978,0.71995,0.71965,0.71987
2026-05-04 12:45:00,0.71988,0.71991,0.71962,0.71965
2026-05-04 13:00:00,0.71966,0.71967,0.71682,0.71716
2026-05-04 13:15:00,0.71719,0.71831,0.71678,0.7181
2026-05-04 13:30:00,0.7181,0.71914,0.71793,0.7187
2026-05-04 13:45:00,0.71869,0.71892,0.7183,0.71846
2026-05-04 14:00:00,0.71845,0.71883,0.71775,0.71796
2026-05-04 14:15:00,0.71796,0.71825,0.71793,0.71805
2026-05-04 14:30:00,0.71804,0.71805,0.71755,0.7179
2026-05-04 14:45:00,0.71789,0.71791,0.7176,0.71783
2026-05-04 15:00:00,0.71785,0.71842,0.7178,0.71835
2026-05-04 15:15:00,0.71835,0.71901,0.7182,0.71895
2026-05-04 15:30:00,0.71893,0.71912,0.7186,0.71895
2026-05-04 15:45:00,0.71893,0.71914,0.71865,0.71873
2026-05-04 16:00:00,0.71875,0.71957,0.71772,0.71863
2026-05-04 16:15:00,0.71862,0.71878,0.71827,0.71846
2026-05-04 16:30:00,0.7185,0.71896,0.71835,0.71876
2026-05-04 16:45:00,0.71877,0.71895,0.71843,0.71858
2026-05-04 17:00:00,0.71856,0.7188,0.71817,0.71862
2026-05-04 17:15:00,0.71863,0.71906,0.71858,0.71874
2026-05-04 17:30:00,0.71874,0.7191,0.7185,0.71853
2026-05-04 17:45:00,0.71853,0.71891,0.71823,0.71842
2026-05-04 18:00:00,0.71843,0.71887,0.71815,0.71831
2026-05-04 18:15:00,0.71831,0.71871,0.71679,0.71761
2026-05-04 18:30:00,0.71762,0.71765,0.71662,0.71688
2026-05-04 18:45:00,0.71687,0.71708,0.71619,0.71655
2026-05-04 19:00:00,0.71654,0.71684,0.71537,0.71543
2026-05-04 19:15:00,0.71542,0.71669,0.7153,0.71623
2026-05-04 19:30:00,0.71622,0.71639,0.7159,0.71607
2026-05-04 19:45:00,0.71605,0.71623,0.71573,0.71573
2026-05-04 20:00:00,0.71574,0.71683,0.7157,0.71674
2026-05-04 20:15:00,0.71673,0.71721,0.71666,0.71714
2026-05-04 20:30:00,0.71714,0.71724,0.71662,0.71687
2026-05-04 20:45:00,0.71687,0.717,0.71669,0.71689
2026-05-04 21:00:00,0.71688,0.7173,0.71682,0.71699
2026-05-04 21:15:00,0.71698,0.71701,0.71657,0.71687
2026-05-04 21:30:00,0.71687,0.71698,0.71667,0.71672
2026-05-04 21:45:00,0.71671,0.71723,0.71649,0.71723
2026-05-04 22:00:00,0.71721,0.71744,0.71677,0.71723
2026-05-04 22:15:00,0.71722,0.71745,0.71692,0.71714
2026-05-04 22:30:00,0.71716,0.71739,0.71712,0.71719
2026-05-04 22:45:00,0.71718,0.71725,0.71691,0.71712
2026-05-04 23:00:00,0.71713,0.71713,0.71674,0.71675
2026-05-04 23:15:00,0.71673,0.71675,0.71646,0.71653
2026-05-04 23:30:00,0.71653,0.71663,0.71641,0.71661
2026-05-04 23:45:00,0.71661,0.71669,0.7165,0.71652
2026-05-05 00:00:00,0.71642,0.71652,0.71597,0.71651
2026-05-05 00:15:00,0.7165,0.7166,0.71646,0.71652
2026-05-05 00:30:00,0.71648,0.71652,0.71646,0.71649
2026-05-05 00:45:00,0.71649,0.71659,0.71646,0.71651
2026-05-05 01:00:00,0.71649,0.7167,0.71643,0.71661
2026-05-05 01:15:00,0.71663,0.71672,0.71657,0.7167
2026-05-05 01:30:00,0.71669,0.71682,0.71668,0.7168
2026-05-05 01:45:00,0.7168,0.71681,0.71665,0.71671
2026-05-05 02:00:00,0.71671,0.71681,0.71668,0.71671
2026-05-05 02:15:00,0.71672,0.71682,0.71671,0.71677
2026-05-05 02:30:00,0.71676,0.71681,0.7167,0.71676
2026-05-05 02:45:00,0.71677,0.71685,0.71666,0.71669
2026-05-05 03:00:00,0.71671,0.71712,0.71665,0.71685
2026-05-05 03:15:00,0.71685,0.71685,0.71591,0.71603
2026-05-05 03:30:00,0.71603,0.71609,0.71577,0.71593
2026-05-05 03:45:00,0.71593,0.7163,0.71593,0.71597
2026-05-05 04:00:00,0.71595,0.71599,0.71567,0.71588
2026-05-05 04:15:00,0.71587,0.71594,0.71527,0.71553
2026-05-05 04:30:00,0.71553,0.71585,0.71541,0.71552
2026-05-05 04:45:00,0.71553,0.71586,0.71549,0.71568
2026-05-05 05:00:00,0.71567,0.71626,0.71563,0.7162
2026-05-05 05:15:00,0.71621,0.71639,0.71617,0.71622
2026-05-05 05:30:00,0.71622,0.71645,0.71612,0.71619
2026-05-05 05:45:00,0.71617,0.71637,0.71597,0.71598
2026-05-05 06:00:00,0.71595,0.71603,0.71576,0.71601
2026-05-05 06:15:00,0.716,0.7161,0.71577,0.71582
2026-05-05 06:30:00,0.71581,0.71581,0.71542,0.71561
2026-05-05 06:45:00,0.71561,0.71567,0.71524,0.71529
2026-05-05 07:00:00,0.71528,0.71567,0.71522,0.71551
2026-05-05 07:15:00,0.71551,0.71593,0.71541,0.71579
2026-05-05 07:30:00,0.71572,0.71706,0.71526,0.71639
2026-05-05 07:45:00,0.71639,0.7164,0.71512,0.71512
2026-05-05 08:00:00,0.71511,0.71538,0.71482,0.71482
2026-05-05 08:15:00,0.71481,0.71493,0.71426,0.71441
2026-05-05 08:30:00,0.71441,0.7146,0.71356,0.71372
2026-05-05 08:45:00,0.71373,0.71438,0.71357,0.71392
2026-05-05 09:00:00,0.7139,0.7148,0.71384,0.71435
2026-05-05 09:15:00,0.71436,0.71453,0.71388,0.71449
2026-05-05 09:30:00,0.71449,0.71483,0.71431,0.71455
2026-05-05 09:45:00,0.71457,0.71459,0.71429,0.71434
2026-05-05 10:00:00,0.71438,0.71503,0.71426,0.71491
2026-05-05 10:15:00,0.7149,0.71508,0.71478,0.71487
2026-05-05 10:30:00,0.71487,0.71581,0.71487,0.71556
2026-05-05 10:45:00,0.71563,0.71574,0.71518,0.71519
2026-05-05 11:00:00,0.71517,0.71593,0.71516,0.71583
2026-05-05 11:15:00,0.71583,0.71635,0.71579,0.71608
2026-05-05 11:30:00,0.71607,0.71608,0.71551,0.71575
2026-05-05 11:45:00,0.71574,0.71608,0.71562,0.71572
2026-05-05 12:00:00,0.71572,0.71603,0.71535,0.71562
2026-05-05 12:15:00,0.71562,0.71569,0.71532,0.71556
2026-05-05 12:30:00,0.71556,0.71613,0.71556,0.71592
2026-05-05 12:45:00,0.71591,0.71645,0.71589,0.71635
2026-05-05 13:00:00,0.71634,0.71654,0.71608,0.71648
2026-05-05 13:15:00,0.71648,0.71704,0.7164,0.71696
2026-05-05 13:30:00,0.71696,0.71739,0.71666,0.71673
2026-05-05 13:45:00,0.71674,0.71678,0.71649,0.71677
2026-05-05 14:00:00,0.71676,0.71684,0.71628,0.71661
2026-05-05 14:15:00,0.71661,0.71733,0.71641,0.71728
2026-05-05 14:30:00,0.71729,0.71742,0.71701,0.71718
2026-05-05 14:45:00,0.71717,0.71739,0.71708,0.71718
2026-05-05 15:00:00,0.71717,0.71751,0.71669,0.71727
2026-05-05 15:15:00,0.71728,0.71825,0.71724,0.71813
2026-05-05 15:30:00,0.71813,0.71813,0.71727,0.71729
2026-05-05 15:45:00,0.71728,0.71756,0.7172,0.71751
2026-05-05 16:00:00,0.71751,0.71845,0.71751,0.71826
2026-05-05 16:15:00,0.71825,0.71854,0.71804,0.71812
2026-05-05 16:30:00,0.71815,0.7182,0.71782,0.71792
2026-05-05 16:45:00,0.71793,0.71829,0.71785,0.71798
2026-05-05 17:00:00,0.71797,0.7188,0.71764,0.7178
2026-05-05 17:15:00,0.71779,0.7187,0.71748,0.71848
2026-05-05 17:30:00,0.71848,0.7188,0.71825,0.71869
2026-05-05 17:45:00,0.71869,0.71885,0.71834,0.71882
2026-05-05 18:00:00,0.71883,0.71942,0.71864,0.71923
2026-05-05 18:15:00,0.71923,0.71924,0.71894,0.7191
2026-05-05 18:30:00,0.71909,0.71974,0.71894,0.71963
2026-05-05 18:45:00,0.71963,0.71976,0.7194,0.71941
2026-05-05 19:00:00,0.71941,0.71953,0.71901,0.71903
2026-05-05 19:15:00,0.71901,0.71908,0.71881,0.71902
2026-05-05 19:30:00,0.71901,0.71903,0.71876,0.71897
2026-05-05 19:45:00,0.71896,0.71905,0.71862,0.71869
2026-05-05 20:00:00,0.71869,0.71889,0.71845,0.71856
2026-05-05 20:15:00,0.71857,0.71874,0.7185,0.71869
2026-05-05 20:30:00,0.71869,0.7191,0.71865,0.71872
2026-05-05 20:45:00,0.71873,0.71886,0.71864,0.71872
2026-05-05 21:00:00,0.71873,0.71901,0.71867,0.71881
2026-05-05 21:15:00,0.71882,0.71891,0.7188,0.71886
2026-05-05 21:30:00,0.71887,0.71892,0.71872,0.71877
2026-05-05 21:45:00,0.71877,0.71887,0.71867,0.71876
2026-05-05 22:00:00,0.71878,0.71883,0.71859,0.71861
2026-05-05 22:15:00,0.71862,0.71867,0.71844,0.71845
2026-05-05 22:30:00,0.71846,0.7186,0.71824,0.71832
2026-05-05 22:45:00,0.71831,0.71837,0.71811,0.71828
2026-05-05 23:00:00,0.71828,0.71837,0.71824,0.71832
2026-05-05 23:15:00,0.71831,0.71843,0.71824,0.71837
2026-05-05 23:30:00,0.71837,0.71837,0.7182,0.7182
2026-05-05 23:45:00,0.71819,0.71829,0.71813,0.71814
2026-05-06 00:00:00,0.71794,0.71794,0.71746,0.71777
2026-05-06 00:15:00,0.71777,0.71788,0.71773,0.71778
2026-05-06 00:30:00,0.71778,0.71801,0.71778,0.71782
2026-05-06 00:45:00,0.71782,0.71821,0.71779,0.71819
2026-05-06 01:00:00,0.71819,0.71834,0.71803,0.71824
2026-05-06 01:15:00,0.71824,0.71825,0.71815,0.7182
2026-05-06 01:30:00,0.7182,0.71834,0.7182,0.71829
2026-05-06 01:45:00,0.71831,0.72005,0.71825,0.71963
2026-05-06 02:00:00,0.71962,0.72061,0.71944,0.72046
2026-05-06 02:15:00,0.72047,0.72081,0.72024,0.72037
2026-05-06 02:30:00,0.72038,0.72069,0.7203,0.72039
2026-05-06 02:45:00,0.7204,0.72052,0.72023,0.72028
2026-05-06 03:00:00,0.72031,0.72095,0.72019,0.72051
2026-05-06 03:15:00,0.7205,0.72129,0.72032,0.72088
2026-05-06 03:30:00,0.72088,0.72194,0.72074,0.72188
2026-05-06 03:45:00,0.72188,0.72239,0.72173,0.72234
2026-05-06 04:00:00,0.72233,0.72253,0.72212,0.72218
2026-05-06 04:15:00,0.72219,0.72315,0.72212,0.72275
2026-05-06 04:30:00,0.72274,0.72288,0.72205,0.72279
2026-05-06 04:45:00,0.7228,0.7234,0.72276,0.72287
2026-05-06 05:00:00,0.72287,0.72305,0.72277,0.72295
2026-05-06 05:15:00,0.72295,0.72337,0.72292,0.72307
2026-05-06 05:30:00,0.72306,0.72336,0.72296,0.72298
2026-05-06 05:45:00,0.72297,0.72341,0.72291,0.72337
2026-05-06 06:00:00,0.72337,0.72421,0.72335,0.72377
2026-05-06 06:15:00,0.72377,0.72391,0.7236,0.72363
2026-05-06 06:30:00,0.72363,0.72388,0.72337,0.72376
2026-05-06 06:45:00,0.72377,0.72377,0.72317,0.7232
2026-05-06 07:00:00,0.72321,0.72367,0.72308,0.72366
2026-05-06 07:15:00,0.72367,0.72411,0.72334,0.7241
2026-05-06 07:30:00,0.7241,0.72482,0.72403,0.72449
2026-05-06 07:45:00,0.72448,0.72507,0.7244,0.72441
2026-05-06 08:00:00,0.7244,0.72493,0.72431,0.7247
2026-05-06 08:15:00,0.72469,0.7247,0.72423,0.72452
2026-05-06 08:30:00,0.72452,0.72463,0.72436,0.72456
2026-05-06 08:45:00,0.72455,0.72491,0.72453,0.72477
2026-05-06 09:00:00,0.72477,0.72485,0.72407,0.72457
2026-05-06 09:15:00,0.72458,0.72487,0.72442,0.72471
2026-05-06 09:30:00,0.72472,0.72475,0.72418,0.72443
2026-05-06 09:45:00,0.72444,0.72494,0.7244,0.72486
2026-05-06 10:00:00,0.72486,0.72503,0.72356,0.72365
2026-05-06 10:15:00,0.72365,0.72387,0.72332,0.72376
2026-05-06 10:30:00,0.72376,0.72382,0.72334,0.7237
2026-05-06 10:45:00,0.72371,0.72422,0.72358,0.72417
2026-05-06 11:00:00,0.72416,0.72436,0.72325,0.72349
2026-05-06 11:15:00,0.72347,0.72417,0.7234,0.72401
2026-05-06 11:30:00,0.72402,0.72503,0.72396,0.72498
2026-05-06 11:45:00,0.72497,0.72674,0.72491,0.726
2026-05-06 12:00:00,0.72601,0.72615,0.72505,0.72519
2026-05-06 12:15:00,0.72521,0.7262,0.72515,0.72567
2026-05-06 12:30:00,0.72567,0.72638,0.72559,0.72586
2026-05-06 12:45:00,0.72586,0.72621,0.72572,0.72616
2026-05-06 13:00:00,0.72618,0.72632,0.72521,0.72524
2026-05-06 13:15:00,0.72523,0.72568,0.72513,0.72538
2026-05-06 13:30:00,0.72538,0.72686,0.72537,0.72671
2026-05-06 13:45:00,0.72671,0.72773,0.72635,0.72682
2026-05-06 14:00:00,0.72683,0.72683,0.72584,0.72598
2026-05-06 14:15:00,0.72599,0.72641,0.7258,0.72606
2026-05-06 14:30:00,0.72606,0.72633,0.72492,0.725
2026-05-06 14:45:00,0.725,0.72552,0.72483,0.72502
2026-05-06 15:00:00,0.72502,0.72503,0.7236,0.72373
2026-05-06 15:15:00,0.72374,0.72474,0.72314,0.72457
2026-05-06 15:30:00,0.72458,0.7247,0.72397,0.72434
2026-05-06 15:45:00,0.72435,0.72435,0.7237,0.72375
2026-05-06 16:00:00,0.72373,0.72408,0.72286,0.72378
2026-05-06 16:15:00,0.72378,0.72402,0.72323,0.7233
2026-05-06 16:30:00,0.72329,0.72383,0.72303,0.72358
2026-05-06 16:45:00,0.72358,0.72375,0.72319,0.72343
2026-05-06 17:00:00,0.72342,0.72363,0.72292,0.72343
2026-05-06 17:15:00,0.72345,0.72361,0.72306,0.72314
2026-05-06 17:30:00,0.72315,0.72466,0.72312,0.72464
2026-05-06 17:45:00,0.72464,0.72475,0.72367,0.72395
2026-05-06 18:00:00,0.72395,0.72402,0.72326,0.7234
2026-05-06 18:15:00,0.72339,0.7237,0.72332,0.72354
2026-05-06 18:30:00,0.72355,0.72379,0.72333,0.72349
2026-05-06 18:45:00,0.72351,0.72362,0.72334,0.72337
2026-05-06 19:00:00,0.72336,0.72336,0.72295,0.72316
2026-05-06 19:15:00,0.72315,0.72326,0.72295,0.72305
2026-05-06 19:30:00,0.72305,0.72325,0.72304,0.72308
2026-05-06 19:45:00,0.72307,0.72307,0.72237,0.72265
2026-05-06 20:00:00,0.72265,0.72326,0.72255,0.72315
2026-05-06 20:15:00,0.72315,0.72344,0.72304,0.72336
2026-05-06 20:30:00,0.72337,0.72341,0.72291,0.72301
2026-05-06 20:45:00,0.72302,0.72319,0.72289,0.72319
2026-05-06 21:00:00,0.72319,0.72348,0.72317,0.72323
2026-05-06 21:15:00,0.72323,0.72347,0.72323,0.72334
2026-05-06 21:30:00,0.72336,0.7235,0.72333,0.72343
2026-05-06 21:45:00,0.72342,0.72388,0.72336,0.72368
2026-05-06 22:00:00,0.72367,0.72411,0.72367,0.72404
2026-05-06 22:15:00,0.72404,0.72412,0.7239,0.72391
2026-05-06 22:30:00,0.7239,0.72392,0.72365,0.72366
2026-05-06 22:45:00,0.72365,0.72396,0.72359,0.72376
2026-05-06 23:00:00,0.72374,0.7238,0.72359,0.72377
2026-05-06 23:15:00,0.72377,0.72382,0.72368,0.72376
2026-05-06 23:30:00,0.72375,0.72378,0.72358,0.72359
2026-05-06 23:45:00,0.72358,0.72375,0.72346,0.72358
2026-05-07 00:00:00,0.72341,0.72341,0.72257,0.72319
2026-05-07 00:15:00,0.72319,0.72336,0.72271,0.72308
2026-05-07 00:30:00,0.72308,0.72395,0.72296,0.72389
2026-05-07 00:45:00,0.72389,0.72392,0.72343,0.72373
2026-05-07 01:00:00,0.72372,0.72383,0.72353,0.72383
2026-05-07 01:15:00,0.72384,0.72389,0.72373,0.72379
2026-05-07 01:30:00,0.72378,0.72382,0.72359,0.72373
2026-05-07 01:45:00,0.7237,0.72376,0.72364,0.72376
2026-05-07 02:00:00,0.72375,0.7239,0.72367,0.72384
2026-05-07 02:15:00,0.72383,0.72383,0.72362,0.72365
2026-05-07 02:30:00,0.72364,0.72368,0.72361,0.72368
2026-05-07 02:45:00,0.72368,0.72385,0.72342,0.72349
2026-05-07 03:00:00,0.72349,0.72397,0.72319,0.72397
2026-05-07 03:15:00,0.72398,0.724,0.72361,0.72364
2026-05-07 03:30:00,0.72363,0.72367,0.72329,0.72344
2026-05-07 03:45:00,0.72343,0.72361,0.72322,0.72358
2026-05-07 04:00:00,0.72358,0.72414,0.72316,0.72385
2026-05-07 04:15:00,0.72384,0.72425,0.72384,0.72419
2026-05-07 04:30:00,0.72419,0.72462,0.72392,0.72461
2026-05-07 04:45:00,0.72459,0.72485,0.72448,0.72448
2026-05-07 05:00:00,0.72447,0.72466,0.72419,0.72421
2026-05-07 05:15:00,0.72422,0.72428,0.72396,0.72413
2026-05-07 05:30:00,0.72414,0.72441,0.72412,0.72432
2026-05-07 05:45:00,0.72433,0.72445,0.72424,0.72428
2026-05-07 06:00:00,0.72427,0.72428,0.72396,0.72402
2026-05-07 06:15:00,0.72403,0.72434,0.72402,0.72414
2026-05-07 06:30:00,0.72414,0.72446,0.72404,0.72431
2026-05-07 06:45:00,0.7243,0.72434,0.72408,0.72417
2026-05-07 07:00:00,0.72417,0.72457,0.72413,0.72438
2026-05-07 07:15:00,0.72436,0.72479,0.72436,0.72476
2026-05-07 07:30:00,0.72476,0.72503,0.72463,0.72494
2026-05-07 07:45:00,0.72495,0.72495,0.72452,0.72472
2026-05-07 08:00:00,0.72472,0.72488,0.72463,0.72482
2026-05-07 08:15:00,0.7248,0.72487,0.7246,0.72469
2026-05-07 08:30:00,0.7247,0.72506,0.72469,0.72499
2026-05-07 08:45:00,0.72499,0.72499,0.72459,0.72464
2026-05-07 09:00:00,0.72462,0.72467,0.72425,0.72435
2026-05-07 09:15:00,0.72434,0.72454,0.72412,0.72416
2026-05-07 09:30:00,0.72417,0.72567,0.72402,0.72558
2026-05-07 09:45:00,0.72555,0.72558,0.72486,0.72505
2026-05-07 10:00:00,0.72504,0.72629,0.72499,0.72629
2026-05-07 10:15:00,0.72628,0.72633,0.72545,0.72559
2026-05-07 10:30:00,0.7256,0.72597,0.72524,0.7258
2026-05-07 10:45:00,0.72581,0.72619,0.72549,0.72615
2026-05-07 11:00:00,0.72617,0.72635,0.72603,0.72632
2026-05-07 11:15:00,0.72632,0.72639,0.72566,0.72612
2026-05-07 11:30:00,0.72613,0.72625,0.72572,0.72583
2026-05-07 11:45:00,0.72584,0.72624,0.72571,0.72586
2026-05-07 12:00:00,0.72587,0.72587,0.72552,0.72563
2026-05-07 12:15:00,0.72563,0.72566,0.72535,0.72539
2026-05-07 12:30:00,0.72538,0.72619,0.72535,0.72611
2026-05-07 12:45:00,0.72613,0.72618,0.72571,0.726
2026-05-07 13:00:00,0.72599,0.72626,0.72589,0.7262
2026-05-07 13:15:00,0.7262,0.72636,0.72601,0.72609
2026-05-07 13:30:00,0.7261,0.72627,0.72572,0.726
2026-05-07 13:45:00,0.72601,0.72604,0.72554,0.72556
2026-05-07 14:00:00,0.72557,0.72578,0.72543,0.72544
2026-05-07 14:15:00,0.72543,0.72558,0.72515,0.72553
2026-05-07 14:30:00,0.72554,0.72578,0.72551,0.72554
2026-05-07 14:45:00,0.72554,0.72588,0.72552,0.72582
2026-05-07 15:00:00,0.72583,0.72597,0.72561,0.72566
2026-05-07 15:15:00,0.72565,0.72597,0.72502,0.7253
2026-05-07 15:30:00,0.72529,0.7255,0.72515,0.72542
2026-05-07 15:45:00,0.72544,0.72563,0.72518,0.72524
2026-05-07 16:00:00,0.72524,0.72524,0.72447,0.72485
2026-05-07 16:15:00,0.72485,0.72546,0.72478,0.7253
2026-05-07 16:30:00,0.72529,0.72529,0.7248,0.72482
2026-05-07 16:45:00,0.72483,0.72498,0.72447,0.72482
2026-05-07 17:00:00,0.72481,0.72505,0.72424,0.72504
2026-05-07 17:15:00,0.72504,0.72535,0.72461,0.72522
2026-05-07 17:30:00,0.72524,0.72543,0.72508,0.72526
2026-05-07 17:45:00,0.72525,0.72579,0.72507,0.72578
2026-05-07 18:00:00,0.72577,0.72581,0.72538,0.72541
2026-05-07 18:15:00,0.7254,0.72547,0.72426,0.7245
2026-05-07 18:30:00,0.72452,0.72509,0.72444,0.72456
2026-05-07 18:45:00,0.72456,0.72458,0.72387,0.72394
2026-05-07 19:00:00,0.72395,0.72417,0.72351,0.72366
2026-05-07 19:15:00,0.72364,0.72417,0.72326,0.72412
2026-05-07 19:30:00,0.72412,0.72425,0.72366,0.7238
2026-05-07 19:45:00,0.7238,0.72396,0.72353,0.72383
2026-05-07 20:00:00,0.72385,0.72398,0.72363,0.72375
2026-05-07 20:15:00,0.72375,0.72415,0.72285,0.72289
2026-05-07 20:30:00,0.7229,0.72315,0.72247,0.72281
2026-05-07 20:45:00,0.7228,0.72344,0.72272,0.7234
2026-05-07 21:00:00,0.72342,0.72358,0.72303,0.72334
2026-05-07 21:15:00,0.72334,0.72341,0.72312,0.72317
2026-05-07 21:30:00,0.72317,0.72332,0.72218,0.72254
2026-05-07 21:45:00,0.72253,0.72301,0.72203,0.72297
2026-05-07 22:00:00,0.72297,0.72316,0.72263,0.72292
2026-05-07 22:15:00,0.72293,0.72296,0.72182,0.72226
2026-05-07 22:30:00,0.72226,0.72277,0.72223,0.72263
2026-05-07 22:45:00,0.72262,0.72279,0.72142,0.72145
2026-05-07 23:00:00,0.72145,0.72275,0.72141,0.72205
2026-05-07 23:15:00,0.72205,0.7221,0.72176,0.72177
2026-05-07 23:30:00,0.72177,0.7219,0.72066,0.72111
2026-05-07 23:45:00,0.72111,0.7212,0.72038,0.72043
2026-05-08 00:00:00,0.72035,0.72113,0.72022,0.72026
2026-05-08 00:15:00,0.72024,0.72029,0.72012,0.72014
2026-05-08 00:30:00,0.72014,0.72035,0.72014,0.72022
2026-05-08 00:45:00,0.72028,0.72066,0.72022,0.72031
2026-05-08 01:00:00,0.72034,0.72054,0.72006,0.7204
2026-05-08 01:15:00,0.72039,0.72084,0.72034,0.72065
2026-05-08 01:30:00,0.72066,0.72081,0.72044,0.72053
2026-05-08 01:45:00,0.72053,0.72055,0.72027,0.72029
2026-05-08 02:00:00,0.72029,0.7206,0.72026,0.72051
2026-05-08 02:15:00,0.72053,0.72065,0.7205,0.72057
2026-05-08 02:30:00,0.72058,0.72071,0.72033,0.72049
2026-05-08 02:45:00,0.72054,0.7209,0.7205,0.72081
2026-05-08 03:00:00,0.72082,0.72118,0.72069,0.72093
2026-05-08 03:15:00,0.72093,0.72093,0.71998,0.72036
2026-05-08 03:30:00,0.72036,0.7208,0.7203,0.72059
2026-05-08 03:45:00,0.7206,0.72089,0.72037,0.72072
2026-05-08 04:00:00,0.72073,0.72136,0.7207,0.72126
2026-05-08 04:15:00,0.72126,0.72145,0.7211,0.72116
2026-05-08 04:30:00,0.72116,0.72139,0.72089,0.72097
2026-05-08 04:45:00,0.72098,0.72118,0.72082,0.72102
2026-05-08 05:00:00,0.72103,0.72126,0.72079,0.72111
2026-05-08 05:15:00,0.72111,0.72138,0.72078,0.72105
2026-05-08 05:30:00,0.72106,0.72114,0.72036,0.72076
2026-05-08 05:45:00,0.72076,0.72137,0.72076,0.72102
2026-05-08 06:00:00,0.72102,0.72139,0.72094,0.72135
2026-05-08 06:15:00,0.72136,0.7216,0.72117,0.72153
2026-05-08 06:30:00,0.72154,0.72208,0.72152,0.72196
2026-05-08 06:45:00,0.72196,0.72204,0.72149,0.72149
2026-05-08 07:00:00,0.7215,0.72169,0.72138,0.72148
2026-05-08 07:15:00,0.72147,0.72168,0.72135,0.72147
2026-05-08 07:30:00,0.72147,0.7217,0.72141,0.72169
2026-05-08 07:45:00,0.72169,0.72221,0.72165,0.72204
2026-05-08 08:00:00,0.72204,0.72213,0.72175,0.72196
2026-05-08 08:15:00,0.72197,0.72238,0.72194,0.72236
2026-05-08 08:30:00,0.72236,0.72263,0.72214,0.72233
2026-05-08 08:45:00,0.72231,0.72249,0.7221,0.72232
2026-05-08 09:00:00,0.72234,0.7228,0.72219,0.72237
2026-05-08 09:15:00,0.72237,0.72296,0.72234,0.72295
2026-05-08 09:30:00,0.72296,0.72304,0.7226,0.7229
2026-05-08 09:45:00,0.72289,0.72291,0.72263,0.72263
2026-05-08 10:00:00,0.72262,0.72272,0.72231,0.72231
2026-05-08 10:15:00,0.72231,0.72246,0.72212,0.72224
2026-05-08 10:30:00,0.72226,0.72263,0.72216,0.72231
2026-05-08 10:45:00,0.72232,0.72258,0.72227,0.72237
2026-05-08 11:00:00,0.72237,0.72259,0.72218,0.72237
2026-05-08 11:15:00,0.72236,0.72309,0.72233,0.72296
2026-05-08 11:30:00,0.72296,0.72339,0.72294,0.72317
2026-05-08 11:45:00,0.72317,0.72361,0.72304,0.72342
2026-05-08 12:00:00,0.72343,0.72383,0.72325,0.72374
2026-05-08 12:15:00,0.72374,0.7241,0.72372,0.72376
2026-05-08 12:30:00,0.72375,0.7239,0.72351,0.72357
2026-05-08 12:45:00,0.72356,0.72367,0.72304,0.72337
2026-05-08 13:00:00,0.72338,0.72368,0.72328,0.72367
2026-05-08 13:15:00,0.72367,0.72395,0.72361,0.72379
2026-05-08 13:30:00,0.72379,0.72412,0.72377,0.72396
2026-05-08 13:45:00,0.72396,0.72396,0.72325,0.72363
2026-05-08 14:00:00,0.72363,0.72397,0.72348,0.72361
2026-05-08 14:15:00,0.72362,0.72374,0.72336,0.72356
2026-05-08 14:30:00,0.72356,0.72372,0.7233,0.7233
2026-05-08 14:45:00,0.7233,0.72362,0.72313,0.72355
2026-05-08 15:00:00,0.72356,0.72367,0.72301,0.72313
2026-05-08 15:15:00,0.72312,0.72353,0.72296,0.72336
2026-05-08 15:30:00,0.72335,0.72487,0.72275,0.72454
2026-05-08 15:45:00,0.72455,0.72459,0.72363,0.72381
2026-05-08 16:00:00,0.7238,0.72401,0.72287,0.72324
2026-05-08 16:15:00,0.72326,0.72424,0.72307,0.72421
2026-05-08 16:30:00,0.72425,0.72481,0.72404,0.7245
2026-05-08 16:45:00,0.72449,0.7247,0.72418,0.72429
2026-05-08 17:00:00,0.72428,0.72449,0.72357,0.72425
2026-05-08 17:15:00,0.72425,0.7244,0.72383,0.72386
2026-05-08 17:30:00,0.72385,0.72448,0.72382,0.72424
2026-05-08 17:45:00,0.72423,0.72456,0.72418,0.72434
2026-05-08 18:00:00,0.72434,0.7246,0.7239,0.72402
2026-05-08 18:15:00,0.72403,0.72436,0.72366,0.72434
2026-05-08 18:30:00,0.72434,0.72457,0.72389,0.72401
2026-05-08 18:45:00,0.72401,0.72456,0.72386,0.72414
2026-05-08 19:00:00,0.72414,0.72462,0.72408,0.72414
2026-05-08 19:15:00,0.72413,0.72448,0.72411,0.72448
2026-05-08 19:30:00,0.72446,0.72454,0.72399,0.72414
2026-05-08 19:45:00,0.72414,0.72429,0.72403,0.72403
2026-05-08 20:00:00,0.72401,0.72421,0.72398,0.72408
2026-05-08 20:15:00,0.72408,0.72448,0.72406,0.72439
2026-05-08 20:30:00,0.7244,0.72448,0.72425,0.72434
2026-05-08 20:45:00,0.72432,0.72445,0.72423,0.72424
2026-05-08 21:00:00,0.72423,0.72476,0.72409,0.72467
2026-05-08 21:15:00,0.72468,0.72471,0.72439,0.72447
2026-05-08 21:30:00,0.72445,0.72453,0.72434,0.72445
2026-05-08 21:45:00,0.72445,0.72449,0.72403,0.7242
2026-05-08 22:00:00,0.72419,0.72456,0.72416,0.72454
2026-05-08 22:15:00,0.72453,0.7246,0.72448,0.72451
2026-05-08 22:30:00,0.72451,0.72479,0.72447,0.7247
2026-05-08 22:45:00,0.72469,0.72473,0.7243,0.7246
2026-05-08 23:00:00,0.7246,0.72466,0.72443,0.72465
2026-05-08 23:15:00,0.72465,0.7248,0.72464,0.72469
2026-05-08 23:30:00,0.7247,0.72489,0.72464,0.72474
2026-05-08 23:45:00,0.72476,0.72482,0.72421,0.72421
2026-05-11 00:00:00,0.72154,0.72233,0.7214,0.72226
2026-05-11 00:15:00,0.72226,0.72247,0.72197,0.72207
2026-05-11 00:30:00,0.72207,0.72225,0.72198,0.722
2026-05-11 00:45:00,0.722,0.72219,0.72164,0.72177
2026-05-11 01:00:00,0.72176,0.72303,0.72176,0.72288
2026-05-11 01:15:00,0.72291,0.72333,0.72256,0.72329
2026-05-11 01:30:00,0.72327,0.72346,0.72313,0.72329
2026-05-11 01:45:00,0.72329,0.72344,0.72319,0.72335
2026-05-11 02:00:00,0.72335,0.72354,0.72325,0.72338
2026-05-11 02:15:00,0.72337,0.72382,0.72337,0.72364
2026-05-11 02:30:00,0.72365,0.72372,0.72351,0.72362
2026-05-11 02:45:00,0.72361,0.72374,0.72333,0.7234
2026-05-11 03:00:00,0.72341,0.72378,0.72324,0.72332
2026-05-11 03:15:00,0.72333,0.7238,0.72325,0.72373
2026-05-11 03:30:00,0.72375,0.72401,0.72365,0.72376
2026-05-11 03:45:00,0.72377,0.72393,0.72323,0.72377
2026-05-11 04:00:00,0.72375,0.72393,0.72308,0.7234
2026-05-11 04:15:00,0.72341,0.72373,0.72333,0.72356
2026-05-11 04:30:00,0.72356,0.72357,0.72276,0.72299
2026-05-11 04:45:00,0.72299,0.72333,0.72292,0.72332
2026-05-11 05:00:00,0.72333,0.72357,0.72327,0.72342
2026-05-11 05:15:00,0.72341,0.72365,0.72331,0.72362
2026-05-11 05:30:00,0.72361,0.72375,0.72318,0.72323
2026-05-11 05:45:00,0.72322,0.72323,0.72296,0.72297
2026-05-11 06:00:00,0.72296,0.72313,0.72282,0.72312
2026-05-11 06:15:00,0.72311,0.72317,0.72294,0.72313
2026-05-11 06:30:00,0.72313,0.72323,0.72297,0.72322
2026-05-11 06:45:00,0.72321,0.72321,0.72288,0.72288
2026-05-11 07:00:00,0.72287,0.72291,0.72268,0.72278
2026-05-11 07:15:00,0.72279,0.72282,0.7225,0.72259
2026-05-11 07:30:00,0.72258,0.72269,0.72251,0.72256
2026-05-11 07:45:00,0.72257,0.72273,0.72252,0.72269
2026-05-11 08:00:00,0.7227,0.72311,0.72265,0.72307
2026-05-11 08:15:00,0.72308,0.72318,0.72295,0.72309
2026-05-11 08:30:00,0.72308,0.72315,0.72271,0.72273
2026-05-11 08:45:00,0.72274,0.723,0.72262,0.72293
2026-05-11 09:00:00,0.72293,0.72395,0.72284,0.7238
2026-05-11 09:15:00,0.72379,0.72379,0.72334,0.72374
2026-05-11 09:30:00,0.72374,0.72403,0.72355,0.72395
2026-05-11 09:45:00,0.72394,0.72426,0.72359,0.72409
2026-05-11 10:00:00,0.72409,0.72417,0.72375,0.72401
2026-05-11 10:15:00,0.72401,0.7242,0.7239,0.72397
2026-05-11 10:30:00,0.72396,0.72402,0.72361,0.7239
2026-05-11 10:45:00,0.7239,0.72404,0.7236,0.72402
2026-05-11 11:00:00,0.72403,0.72442,0.72397,0.7242
2026-05-11 11:15:00,0.72423,0.72475,0.72421,0.72426
2026-05-11 11:30:00,0.72426,0.72441,0.72411,0.72415
2026-05-11 11:45:00,0.72414,0.7242,0.72381,0.72381
2026-05-11 12:00:00,0.72381,0.72412,0.72378,0.72387
2026-05-11 12:15:00,0.72387,0.72404,0.72375,0.72378
2026-05-11 12:30:00,0.72377,0.7241,0.72361,0.72398
2026-05-11 12:45:00,0.72399,0.72405,0.72363,0.72363
2026-05-11 13:00:00,0.72362,0.72375,0.72353,0.72374
2026-05-11 13:15:00,0.72374,0.724,0.72368,0.72393
2026-05-11 13:30:00,0.72393,0.72425,0.72363,0.72412
2026-05-11 13:45:00,0.72413,0.7244,0.72402,0.72423
2026-05-11 14:00:00,0.72424,0.72462,0.72422,0.72451
2026-05-11 14:15:00,0.72452,0.72463,0.72441,0.72463
2026-05-11 14:30:00,0.72462,0.72483,0.7245,0.72454
2026-05-11 14:45:00,0.72455,0.72461,0.72394,0.72429
2026-05-11 15:00:00,0.72432,0.72439,0.72394,0.72408
2026-05-11 15:15:00,0.72405,0.7245,0.72388,0.72436
2026-05-11 15:30:00,0.72435,0.72453,0.72407,0.72428
2026-05-11 15:45:00,0.72428,0.72434,0.72373,0.72432
2026-05-11 16:00:00,0.72433,0.72503,0.72426,0.72491
2026-05-11 16:15:00,0.7249,0.7252,0.72485,0.72505
2026-05-11 16:30:00,0.72512,0.72554,0.72496,0.72552
2026-05-11 16:45:00,0.72551,0.72569,0.72537,0.72539
2026-05-11 17:00:00,0.7254,0.72556,0.72497,0.7254
2026-05-11 17:15:00,0.72542,0.7258,0.72536,0.72565
2026-05-11 17:30:00,0.72564,0.72592,0.72494,0.72585
2026-05-11 17:45:00,0.72584,0.7259,0.72531,0.72556
2026-05-11 18:00:00,0.72555,0.72564,0.72534,0.72543
2026-05-11 18:15:00,0.72544,0.7259,0.72534,0.72577
2026-05-11 18:30:00,0.72577,0.72592,0.72557,0.72567
2026-05-11 18:45:00,0.72566,0.72593,0.72551,0.72574
2026-05-11 19:00:00,0.72573,0.72578,0.72562,0.72572
2026-05-11 19:15:00,0.72573,0.72573,0.72531,0.72538
2026-05-11 19:30:00,0.72537,0.72554,0.72465,0.72499
2026-05-11 19:45:00,0.72498,0.7253,0.72492,0.72504
2026-05-11 20:00:00,0.72504,0.72512,0.72472,0.725
2026-05-11 20:15:00,0.725,0.72524,0.72493,0.72515
2026-05-11 20:30:00,0.72514,0.72542,0.72511,0.72534
2026-05-11 20:45:00,0.72535,0.72542,0.7252,0.72522
2026-05-11 21:00:00,0.72523,0.72553,0.72522,0.72533
2026-05-11 21:15:00,0.72533,0.72543,0.72519,0.72532
2026-05-11 21:30:00,0.72532,0.72539,0.72503,0.72503
2026-05-11 21:45:00,0.72502,0.72506,0.72485,0.72486
2026-05-11 22:00:00,0.72485,0.72502,0.7248,0.72483
2026-05-11 22:15:00,0.72482,0.72494,0.72473,0.72477
2026-05-11 22:30:00,0.72476,0.72491,0.7247,0.72478
2026-05-11 22:45:00,0.72474,0.72489,0.72469,0.72488
2026-05-11 23:00:00,0.72489,0.7249,0.7244,0.72478
2026-05-11 23:15:00,0.72479,0.7249,0.72472,0.72484
2026-05-11 23:30:00,0.72485,0.725,0.72485,0.72496
2026-05-11 23:45:00,0.72496,0.72496,0.72473,0.72476
2026-05-12 00:00:00,0.72469,0.72469,0.72437,0.72444
2026-05-12 00:15:00,0.72444,0.72467,0.72435,0.72445
2026-05-12 00:30:00,0.72439,0.72453,0.72439,0.72452
2026-05-12 00:45:00,0.72453,0.72496,0.72453,0.72479
2026-05-12 01:00:00,0.72479,0.72514,0.72474,0.72511
2026-05-12 01:15:00,0.7251,0.72518,0.72503,0.72504
2026-05-12 01:30:00,0.72502,0.7251,0.72501,0.72505
2026-05-12 01:45:00,0.72507,0.72507,0.72495,0.72496
2026-05-12 02:00:00,0.72497,0.72508,0.7249,0.72507
2026-05-12 02:15:00,0.72506,0.72508,0.72481,0.72482
2026-05-12 02:30:00,0.72486,0.72489,0.72474,0.72479
2026-05-12 02:45:00,0.72477,0.72477,0.72448,0.72456
2026-05-12 03:00:00,0.72456,0.72456,0.72406,0.72414
2026-05-12 03:15:00,0.72414,0.7243,0.72367,0.72388
2026-05-12 03:30:00,0.72387,0.7239,0.72365,0.72367
2026-05-12 03:45:00,0.72368,0.72402,0.72328,0.72346
2026-05-12 04:00:00,0.72346,0.72378,0.72329,0.72352
2026-05-12 04:15:00,0.72352,0.72352,0.72285,0.72302
2026-05-12 04:30:00,0.72302,0.72344,0.7222,0.7229
2026-05-12 04:45:00,0.7229,0.72329,0.72282,0.72314
2026-05-12 05:00:00,0.72316,0.72344,0.72305,0.72333
2026-05-12 05:15:00,0.72333,0.72334,0.7229,0.72303
2026-05-12 05:30:00,0.72302,0.72318,0.72292,0.72317
2026-05-12 05:45:00,0.72318,0.72367,0.72317,0.72349
2026-05-12 06:00:00,0.72349,0.72356,0.72307,0.72325
2026-05-12 06:15:00,0.72324,0.72324,0.72285,0.72295
2026-05-12 06:30:00,0.72296,0.7231,0.72286,0.72309
2026-05-12 06:45:00,0.72308,0.72316,0.72283,0.7229
2026-05-12 07:00:00,0.72289,0.72322,0.72289,0.72307
2026-05-12 07:15:00,0.72308,0.72338,0.72307,0.72331
2026-05-12 07:30:00,0.72333,0.72353,0.72332,0.72341
2026-05-12 07:45:00,0.7234,0.72345,0.72308,0.72317
2026-05-12 08:00:00,0.72317,0.72335,0.72275,0.72278
2026-05-12 08:15:00,0.72279,0.72299,0.72261,0.72291
2026-05-12 08:30:00,0.72292,0.72302,0.72268,0.72285
2026-05-12 08:45:00,0.72284,0.72348,0.72275,0.72299
2026-05-12 09:00:00,0.72298,0.72313,0.72239,0.72244
2026-05-12 09:15:00,0.72243,0.72255,0.72174,0.72187
2026-05-12 09:30:00,0.72187,0.72208,0.72148,0.72158
2026-05-12 09:45:00,0.72158,0.72182,0.72108,0.72121
2026-05-12 10:00:00,0.72124,0.72178,0.72085,0.72167
2026-05-12 10:15:00,0.72166,0.722,0.7215,0.72191
2026-05-12 10:30:00,0.72191,0.72218,0.72172,0.72176
2026-05-12 10:45:00,0.72177,0.72184,0.72147,0.7217
2026-05-12 11:00:00,0.72171,0.72188,0.72124,0.72152
2026-05-12 11:15:00,0.72152,0.72222,0.72147,0.722
2026-05-12 11:30:00,0.72203,0.72205,0.72143,0.72159
2026-05-12 11:45:00,0.72159,0.72224,0.72157,0.72174
2026-05-12 12:00:00,0.72175,0.72194,0.72142,0.72177
2026-05-12 12:15:00,0.72174,0.72192,0.72161,0.72186
2026-05-12 12:30:00,0.72188,0.72244,0.72166,0.72215
2026-05-12 12:45:00,0.72215,0.72253,0.72207,0.72232
2026-05-12 13:00:00,0.72231,0.72265,0.72216,0.72265
2026-05-12 13:15:00,0.72265,0.72265,0.7223,0.72263
2026-05-12 13:30:00,0.72265,0.72269,0.72234,0.72243
2026-05-12 13:45:00,0.72242,0.72262,0.72229,0.72243
2026-05-12 14:00:00,0.72244,0.72283,0.72203,0.72253
2026-05-12 14:15:00,0.72253,0.72263,0.72231,0.72253
2026-05-12 14:30:00,0.72253,0.72312,0.72253,0.72295
2026-05-12 14:45:00,0.72296,0.72306,0.72274,0.72284
2026-05-12 15:00:00,0.72286,0.72287,0.72218,0.72253
2026-05-12 15:15:00,0.72251,0.72256,0.72198,0.72241
2026-05-12 15:30:00,0.72239,0.72271,0.72168,0.72268
2026-05-12 15:45:00,0.72267,0.72328,0.72251,0.72305
2026-05-12 16:00:00,0.72306,0.72319,0.72254,0.72255
2026-05-12 16:15:00,0.72255,0.72274,0.72209,0.72254
2026-05-12 16:30:00,0.72252,0.72279,0.72216,0.72248
2026-05-12 16:45:00,0.72248,0.72273,0.72144,0.72174
2026-05-12 17:00:00,0.72177,0.72302,0.7217,0.72295
2026-05-12 17:15:00,0.72294,0.72307,0.72237,0.72254
2026-05-12 17:30:00,0.72252,0.72303,0.72205,0.72275
2026-05-12 17:45:00,0.72274,0.72302,0.72214,0.723
2026-05-12 18:00:00,0.72301,0.7232,0.72228,0.72231
2026-05-12 18:15:00,0.72229,0.72243,0.72143,0.72178
2026-05-12 18:30:00,0.72178,0.72254,0.72177,0.72249
2026-05-12 18:45:00,0.7225,0.72261,0.72217,0.72221
2026-05-12 19:00:00,0.72222,0.72247,0.72201,0.72242
2026-05-12 19:15:00,0.72241,0.72255,0.72203,0.7222
2026-05-12 19:30:00,0.72219,0.7222,0.72178,0.7218
2026-05-12 19:45:00,0.72179,0.72184,0.7214,0.72152
2026-05-12 20:00:00,0.72152,0.72207,0.72151,0.72199
2026-05-12 20:15:00,0.72199,0.72251,0.72194,0.72223
2026-05-12 20:30:00,0.72223,0.72238,0.72213,0.72229
2026-05-12 20:45:00,0.72229,0.72255,0.72216,0.72253
2026-05-12 21:00:00,0.72253,0.72264,0.72228,0.72262
2026-05-12 21:15:00,0.72263,0.72322,0.72259,0.72306
2026-05-12 21:30:00,0.72307,0.72341,0.72306,0.72338
2026-05-12 21:45:00,0.72338,0.72365,0.72322,0.72345
2026-05-12 22:00:00,0.72346,0.72399,0.72336,0.72389
2026-05-12 22:15:00,0.72388,0.72397,0.72354,0.72369
2026-05-12 22:30:00,0.7237,0.72417,0.7237,0.72391
2026-05-12 22:45:00,0.72391,0.72404,0.72377,0.72384
2026-05-12 23:00:00,0.72385,0.72385,0.72365,0.72376
2026-05-12 23:15:00,0.72377,0.72388,0.72372,0.72374
2026-05-12 23:30:00,0.72373,0.72384,0.72369,0.72383
2026-05-12 23:45:00,0.72383,0.72403,0.72376,0.72385
2026-05-13 00:00:00,0.72381,0.7241,0.72375,0.72391
2026-05-13 00:15:00,0.72391,0.72391,0.72352,0.72387
2026-05-13 00:30:00,0.72384,0.72384,0.72358,0.72359
2026-05-13 00:45:00,0.72367,0.72383,0.72363,0.72374
2026-05-13 01:00:00,0.72375,0.72415,0.72375,0.72401
2026-05-13 01:15:00,0.72402,0.72413,0.72402,0.72412
2026-05-13 01:30:00,0.72412,0.72419,0.72409,0.72409
2026-05-13 01:45:00,0.7241,0.72413,0.72396,0.72397
2026-05-13 02:00:00,0.72397,0.72411,0.7239,0.72391
2026-05-13 02:15:00,0.7239,0.72407,0.72385,0.72405
2026-05-13 02:30:00,0.72405,0.72412,0.72378,0.72383
2026-05-13 02:45:00,0.72382,0.72404,0.72367,0.72371
2026-05-13 03:00:00,0.72371,0.72402,0.72344,0.72348
2026-05-13 03:15:00,0.72349,0.72382,0.72344,0.72359
2026-05-13 03:30:00,0.7236,0.72367,0.72343,0.72351
2026-05-13 03:45:00,0.72351,0.72366,0.72323,0.72363
2026-05-13 04:00:00,0.72363,0.72379,0.72336,0.7234
2026-05-13 04:15:00,0.72339,0.7237,0.72303,0.72364
2026-05-13 04:30:00,0.72362,0.7242,0.72353,0.72409
2026-05-13 04:45:00,0.7241,0.72474,0.72403,0.72437
2026-05-13 05:00:00,0.72436,0.72458,0.72429,0.7243
2026-05-13 05:15:00,0.7243,0.72441,0.72415,0.7243
2026-05-13 05:30:00,0.7243,0.72431,0.72405,0.72408
2026-05-13 05:45:00,0.7241,0.72415,0.72384,0.72386
2026-05-13 06:00:00,0.72387,0.72387,0.72313,0.72347
2026-05-13 06:15:00,0.72347,0.72352,0.72328,0.72339
2026-05-13 06:30:00,0.7234,0.72383,0.72339,0.72378
2026-05-13 06:45:00,0.72378,0.72388,0.72349,0.72351
2026-05-13 07:00:00,0.7235,0.72363,0.72335,0.72337
2026-05-13 07:15:00,0.72336,0.72358,0.72326,0.72338
2026-05-13 07:30:00,0.72338,0.72352,0.72313,0.72328
2026-05-13 07:45:00,0.72327,0.72355,0.72321,0.72346
2026-05-13 08:00:00,0.72345,0.72372,0.7234,0.72359
2026-05-13 08:15:00,0.72357,0.72387,0.7234,0.72381
2026-05-13 08:30:00,0.72381,0.72394,0.72355,0.72373
2026-05-13 08:45:00,0.72374,0.72397,0.72373,0.72395
2026-05-13 09:00:00,0.72395,0.72425,0.7237,0.72385
2026-05-13 09:15:00,0.72384,0.72388,0.72339,0.72367
2026-05-13 09:30:00,0.72366,0.72385,0.72352,0.72376
2026-05-13 09:45:00,0.72375,0.72376,0.72325,0.72357
2026-05-13 10:00:00,0.72357,0.72396,0.72351,0.72381
2026-05-13 10:15:00,0.72381,0.7239,0.72371,0.72382
2026-05-13 10:30:00,0.72381,0.72391,0.72328,0.72355
2026-05-13 10:45:00,0.72355,0.72369,0.72333,0.72337
2026-05-13 11:00:00,0.72336,0.72386,0.72326,0.72376
2026-05-13 11:15:00,0.72378,0.72416,0.72372,0.72416
2026-05-13 11:30:00,0.72415,0.72418,0.72372,0.72385
2026-05-13 11:45:00,0.72386,0.72423,0.72377,0.7241
2026-05-13 12:00:00,0.72412,0.72417,0.72387,0.7239
2026-05-13 12:15:00,0.7239,0.7239,0.7235,0.72351
2026-05-13 12:30:00,0.7235,0.72393,0.72348,0.72376
2026-05-13 12:45:00,0.72377,0.72447,0.72376,0.72446
2026-05-13 13:00:00,0.72446,0.72471,0.72406,0.7244
2026-05-13 13:15:00,0.72441,0.72467,0.7242,0.72431
2026-05-13 13:30:00,0.7243,0.72457,0.72411,0.72456
2026-05-13 13:45:00,0.72456,0.72489,0.72447,0.72478
2026-05-13 14:00:00,0.72479,0.72487,0.72454,0.72481
2026-05-13 14:15:00,0.72479,0.72493,0.72465,0.72492
2026-05-13 14:30:00,0.72491,0.72532,0.72486,0.72516
2026-05-13 14:45:00,0.72518,0.72522,0.72484,0.72498
2026-05-13 15:00:00,0.72496,0.72523,0.72487,0.72491
2026-05-13 15:15:00,0.7249,0.7249,0.72408,0.72426
2026-05-13 15:30:00,0.72425,0.7247,0.72355,0.72452
2026-05-13 15:45:00,0.72452,0.72453,0.724,0.72415
2026-05-13 16:00:00,0.72416,0.72465,0.72408,0.72464
2026-05-13 16:15:00,0.72464,0.72471,0.72437,0.72451
2026-05-13 16:30:00,0.7245,0.7247,0.72396,0.72457
2026-05-13 16:45:00,0.72457,0.72482,0.72395,0.72465
2026-05-13 17:00:00,0.72465,0.72523,0.72446,0.72515
2026-05-13 17:15:00,0.72514,0.72546,0.72477,0.72539
2026-05-13 17:30:00,0.72539,0.7257,0.72534,0.72548
2026-05-13 17:45:00,0.72548,0.72576,0.72511,0.7257
2026-05-13 18:00:00,0.7257,0.72606,0.72548,0.72577
2026-05-13 18:15:00,0.72577,0.72651,0.72576,0.72651
2026-05-13 18:30:00,0.72651,0.72715,0.72639,0.72695
2026-05-13 18:45:00,0.72694,0.72696,0.72615,0.72618
2026-05-13 19:00:00,0.72619,0.72662,0.72614,0.72641
2026-05-13 19:15:00,0.72642,0.72691,0.72627,0.7266
2026-05-13 19:30:00,0.7266,0.72673,0.72629,0.7263
2026-05-13 19:45:00,0.72631,0.72638,0.72598,0.726
2026-05-13 20:00:00,0.726,0.72626,0.72588,0.72619
2026-05-13 20:15:00,0.72619,0.7264,0.72616,0.72623
2026-05-13 20:30:00,0.72622,0.72624,0.72608,0.72617
2026-05-13 20:45:00,0.72617,0.72621,0.7256,0.72563
2026-05-13 21:00:00,0.72564,0.7261,0.72551,0.72602
2026-05-13 21:15:00,0.72601,0.72617,0.72565,0.72576
2026-05-13 21:30:00,0.72576,0.72594,0.7256,0.72561
2026-05-13 21:45:00,0.7256,0.72588,0.72516,0.7257
2026-05-13 22:00:00,0.7257,0.72591,0.72566,0.72582
2026-05-13 22:15:00,0.72583,0.72586,0.72552,0.72564
2026-05-13 22:30:00,0.72563,0.72568,0.72543,0.72555
2026-05-13 22:45:00,0.72556,0.72563,0.72528,0.72529
2026-05-13 23:00:00,0.72528,0.72553,0.72504,0.7255
2026-05-13 23:15:00,0.7255,0.72578,0.7255,0.72559
2026-05-13 23:30:00,0.72559,0.72587,0.72557,0.72585
2026-05-13 23:45:00,0.72586,0.72591,0.72564,0.72565
2026-05-14 00:00:00,0.72554,0.72581,0.72516,0.72579
2026-05-14 00:15:00,0.7257,0.72579,0.72552,0.72554
2026-05-14 00:30:00,0.72554,0.72592,0.72527,0.72529
2026-05-14 00:45:00,0.72529,0.72575,0.72527,0.72546
2026-05-14 01:00:00,0.72546,0.72587,0.72543,0.72582
2026-05-14 01:15:00,0.72584,0.72604,0.72584,0.72603
2026-05-14 01:30:00,0.72603,0.72607,0.72595,0.72598
2026-05-14 01:45:00,0.72597,0.72602,0.7259,0.72595
2026-05-14 02:00:00,0.72595,0.72604,0.7257,0.72587
2026-05-14 02:15:00,0.72586,0.72586,0.7257,0.72582
2026-05-14 02:30:00,0.72581,0.72582,0.72526,0.7253
2026-05-14 02:45:00,0.72531,0.72544,0.72518,0.72538
2026-05-14 03:00:00,0.72539,0.72545,0.72489,0.72539
2026-05-14 03:15:00,0.7254,0.72571,0.72517,0.72543
2026-05-14 03:30:00,0.72545,0.72561,0.7251,0.72516
2026-05-14 03:45:00,0.72515,0.72523,0.72482,0.7251
2026-05-14 04:00:00,0.7251,0.72517,0.72466,0.72475
2026-05-14 04:15:00,0.72473,0.725,0.72467,0.7249
2026-05-14 04:30:00,0.7249,0.72509,0.72477,0.72491
2026-05-14 04:45:00,0.7249,0.72495,0.7245,0.72457
2026-05-14 05:00:00,0.72457,0.72497,0.72435,0.72473
2026-05-14 05:15:00,0.72474,0.72494,0.72453,0.72494
2026-05-14 05:30:00,0.72493,0.72521,0.72492,0.72512
2026-05-14 05:45:00,0.72511,0.72527,0.72474,0.72519
2026-05-14 06:00:00,0.72518,0.72525,0.72486,0.72494
2026-05-14 06:15:00,0.72493,0.72534,0.72476,0.72527
2026-05-14 06:30:00,0.72527,0.72539,0.725,0.72505
2026-05-14 06:45:00,0.72505,0.72534,0.72502,0.72511
2026-05-14 07:00:00,0.72512,0.72548,0.72507,0.72542
2026-05-14 07:15:00,0.72541,0.72572,0.72532,0.72559
2026-05-14 07:30:00,0.72559,0.72584,0.72554,0.72578
2026-05-14 07:45:00,0.7258,0.72596,0.72561,0.72562
2026-05-14 08:00:00,0.72563,0.72571,0.72523,0.72546
2026-05-14 08:15:00,0.72545,0.72568,0.72545,0.72558
2026-05-14 08:30:00,0.7256,0.72579,0.72539,0.72578
2026-05-14 08:45:00,0.7258,0.72626,0.72546,0.72556
2026-05-14 09:00:00,0.72556,0.72614,0.72555,0.72575
2026-05-14 09:15:00,0.72574,0.72612,0.72553,0.72603
2026-05-14 09:30:00,0.72603,0.72614,0.72589,0.72601
2026-05-14 09:45:00,0.72601,0.72642,0.726,0.72609
2026-05-14 10:00:00,0.72607,0.72613,0.72541,0.72554
2026-05-14 10:15:00,0.72554,0.72569,0.72527,0.72565
2026-05-14 10:30:00,0.72565,0.72593,0.72546,0.72569
2026-05-14 10:45:00,0.7257,0.72578,0.72404,0.72421
2026-05-14 11:00:00,0.72421,0.72513,0.72412,0.72511
2026-05-14 11:15:00,0.72511,0.7253,0.72491,0.72525
2026-05-14 11:30:00,0.72525,0.72537,0.72475,0.72487
2026-05-14 11:45:00,0.72489,0.72528,0.72486,0.72521
2026-05-14 12:00:00,0.72521,0.72537,0.725,0.72517
2026-05-14 12:15:00,0.72515,0.72515,0.72479,0.7249
2026-05-14 12:30:00,0.7249,0.72495,0.72419,0.72467
2026-05-14 12:45:00,0.72467,0.7249,0.72458,0.72459
2026-05-14 13:00:00,0.72458,0.72496,0.72449,0.72455
2026-05-14 13:15:00,0.72457,0.72472,0.72427,0.72456
2026-05-14 13:30:00,0.72456,0.72463,0.72383,0.72391
2026-05-14 13:45:00,0.72392,0.7244,0.72392,0.72425
2026-05-14 14:00:00,0.72426,0.72435,0.7238,0.72435
2026-05-14 14:15:00,0.72436,0.72449,0.72403,0.72403
2026-05-14 14:30:00,0.72403,0.72422,0.7239,0.72396
2026-05-14 14:45:00,0.72397,0.72428,0.72388,0.72388
2026-05-14 15:00:00,0.72388,0.72423,0.72371,0.72414
2026-05-14 15:15:00,0.72414,0.7243,0.72396,0.72397
2026-05-14 15:30:00,0.72398,0.72407,0.72361,0.72361
2026-05-14 15:45:00,0.72361,0.72377,0.72344,0.72346
2026-05-14 16:00:00,0.72346,0.72361,0.72305,0.72321
2026-05-14 16:15:00,0.72319,0.72321,0.72252,0.72266
2026-05-14 16:30:00,0.72266,0.72266,0.72196,0.72252
2026-05-14 16:45:00,0.7225,0.72304,0.72202,0.72203
2026-05-14 17:00:00,0.72201,0.72283,0.72194,0.72281
2026-05-14 17:15:00,0.72281,0.72316,0.72257,0.72295
2026-05-14 17:30:00,0.72296,0.72299,0.7227,0.72276
2026-05-14 17:45:00,0.72277,0.723,0.72227,0.72279
2026-05-14 18:00:00,0.72277,0.72277,0.72218,0.72245
2026-05-14 18:15:00,0.72244,0.72257,0.72223,0.72234
2026-05-14 18:30:00,0.72234,0.72264,0.72223,0.72237
2026-05-14 18:45:00,0.72236,0.72249,0.72223,0.72239
2026-05-14 19:00:00,0.72238,0.72241,0.72202,0.72221
2026-05-14 19:15:00,0.7222,0.72244,0.72181,0.72186
2026-05-14 19:30:00,0.72186,0.72204,0.72156,0.72177
2026-05-14 19:45:00,0.72177,0.7221,0.72164,0.72209
2026-05-14 20:00:00,0.72211,0.72248,0.72211,0.72221
2026-05-14 20:15:00,0.7222,0.72227,0.72203,0.72215
2026-05-14 20:30:00,0.72215,0.72261,0.72205,0.72253
2026-05-14 20:45:00,0.72254,0.72268,0.7223,0.72232
2026-05-14 21:00:00,0.7223,0.72237,0.72184,0.72237
2026-05-14 21:15:00,0.72237,0.72252,0.7222,0.72229
2026-05-14 21:30:00,0.7223,0.72236,0.72213,0.72226
2026-05-14 21:45:00,0.72226,0.72245,0.72224,0.72245
2026-05-14 22:00:00,0.72246,0.72258,0.72238,0.72244
2026-05-14 22:15:00,0.72244,0.72247,0.7222,0.72222
2026-05-14 22:30:00,0.7222,0.72229,0.7219,0.72196
2026-05-14 22:45:00,0.72195,0.72198,0.72175,0.72196
2026-05-14 23:00:00,0.72196,0.72212,0.72185,0.72194
2026-05-14 23:15:00,0.72194,0.72209,0.72183,0.72191
2026-05-14 23:30:00,0.72193,0.72202,0.72182,0.72187
2026-05-14 23:45:00,0.72186,0.72203,0.72184,0.72184
2026-05-15 00:00:00,0.72177,0.72201,0.72155,0.72187
2026-05-15 00:15:00,0.72187,0.72189,0.72184,0.72188
2026-05-15 00:30:00,0.72187,0.72208,0.72161,0.72166
2026-05-15 00:45:00,0.72165,0.72192,0.72163,0.72192
2026-05-15 01:00:00,0.72191,0.72214,0.72188,0.72203
2026-05-15 01:15:00,0.72204,0.72211,0.72195,0.72206
2026-05-15 01:30:00,0.72206,0.72218,0.72203,0.72218
2026-05-15 01:45:00,0.72217,0.72227,0.72213,0.72221
2026-05-15 02:00:00,0.72219,0.72223,0.72183,0.72193
2026-05-15 02:15:00,0.72192,0.72216,0.72181,0.72215
2026-05-15 02:30:00,0.72215,0.72215,0.72192,0.72204
2026-05-15 02:45:00,0.72203,0.72213,0.7213,0.72136
2026-05-15 03:00:00,0.72137,0.72173,0.72113,0.7215
2026-05-15 03:15:00,0.72151,0.72182,0.72138,0.72138
2026-05-15 03:30:00,0.7214,0.7214,0.72039,0.72058
2026-05-15 03:45:00,0.72058,0.72078,0.72009,0.72056
2026-05-15 04:00:00,0.72056,0.7207,0.72031,0.72043
2026-05-15 04:15:00,0.72044,0.72045,0.71946,0.71949
2026-05-15 04:30:00,0.71949,0.71998,0.71919,0.71972
2026-05-15 04:45:00,0.71972,0.71977,0.71869,0.71872
2026-05-15 05:00:00,0.71874,0.71884,0.71847,0.71877
2026-05-15 05:15:00,0.71877,0.71909,0.71864,0.71888
2026-05-15 05:30:00,0.71888,0.71925,0.71882,0.71924
2026-05-15 05:45:00,0.71924,0.71996,0.71921,0.71929
2026-05-15 06:00:00,0.71927,0.71956,0.71916,0.71922
2026-05-15 06:15:00,0.71923,0.7193,0.71902,0.71911
2026-05-15 06:30:00,0.71912,0.71943,0.71892,0.71928
2026-05-15 06:45:00,0.71929,0.71935,0.71911,0.71933
2026-05-15 07:00:00,0.71933,0.71936,0.71897,0.71932
2026-05-15 07:15:00,0.71931,0.71935,0.71897,0.71898
2026-05-15 07:30:00,0.71897,0.71916,0.71864,0.71866
2026-05-15 07:45:00,0.71867,0.71869,0.71808,0.71812
2026-05-15 08:00:00,0.71814,0.71814,0.71666,0.71684
2026-05-15 08:15:00,0.71684,0.7173,0.71678,0.71722
2026-05-15 08:30:00,0.71723,0.71727,0.71693,0.71694
2026-05-15 08:45:00,0.71693,0.71693,0.71556,0.71585
2026-05-15 09:00:00,0.71585,0.71658,0.71574,0.71622
2026-05-15 09:15:00,0.71626,0.71648,0.71602,0.71617
2026-05-15 09:30:00,0.71617,0.71688,0.71609,0.71664
2026-05-15 09:45:00,0.71665,0.7168,0.71569,0.71599
2026-05-15 10:00:00,0.71598,0.71709,0.71571,0.71704
2026-05-15 10:15:00,0.71703,0.71764,0.71673,0.71727
2026-05-15 10:30:00,0.71728,0.7173,0.71678,0.71723
2026-05-15 10:45:00,0.71721,0.71724,0.71666,0.71668
2026-05-15 11:00:00,0.71676,0.71683,0.71609,0.71623
2026-05-15 11:15:00,0.71623,0.71632,0.71584,0.71595
2026-05-15 11:30:00,0.71594,0.71609,0.71562,0.71606
2026-05-15 11:45:00,0.7161,0.71612,0.71546,0.71566
2026-05-15 12:00:00,0.71567,0.71568,0.71451,0.71454
2026-05-15 12:15:00,0.71454,0.71454,0.71395,0.71451
2026-05-15 12:30:00,0.71451,0.71478,0.71435,0.71442
2026-05-15 12:45:00,0.71441,0.71478,0.71415,0.7147
2026-05-15 13:00:00,0.71471,0.71576,0.71465,0.7157
2026-05-15 13:15:00,0.71568,0.71622,0.71551,0.71568
2026-05-15 13:30:00,0.7157,0.71669,0.71567,0.71669
2026-05-15 13:45:00,0.71667,0.718,0.71663,0.71721
2026-05-15 14:00:00,0.71721,0.71735,0.71638,0.71647
2026-05-15 14:15:00,0.71648,0.71657,0.71592,0.71592
2026-05-15 14:30:00,0.71593,0.71599,0.71511,0.71512
2026-05-15 14:45:00,0.71512,0.71553,0.71501,0.71521
2026-05-15 15:00:00,0.71519,0.7152,0.7147,0.7148
2026-05-15 15:15:00,0.71481,0.71537,0.71475,0.71508
2026-05-15 15:30:00,0.71509,0.71512,0.71435,0.7144
2026-05-15 15:45:00,0.71439,0.71545,0.71433,0.71528
2026-05-15 16:00:00,0.71529,0.71533,0.71491,0.71528
2026-05-15 16:15:00,0.71529,0.71575,0.7151,0.7155
2026-05-15 16:30:00,0.71549,0.71556,0.71442,0.71449
2026-05-15 16:45:00,0.71449,0.71513,0.71433,0.7147
2026-05-15 17:00:00,0.71469,0.71557,0.71445,0.71553
2026-05-15 17:15:00,0.71553,0.71661,0.7155,0.71602
2026-05-15 17:30:00,0.71602,0.71642,0.7158,0.71588
2026-05-15 17:45:00,0.71588,0.71591,0.71518,0.71542
2026-05-15 18:00:00,0.71542,0.71567,0.71497,0.71537
2026-05-15 18:15:00,0.71536,0.71542,0.71466,0.71502
2026-05-15 18:30:00,0.71501,0.71527,0.71459,0.71476
2026-05-15 18:45:00,0.71475,0.71503,0.71461,0.71502
2026-05-15 19:00:00,0.71503,0.71513,0.71479,0.71509
2026-05-15 19:15:00,0.71509,0.7154,0.71503,0.71539
2026-05-15 19:30:00,0.71539,0.7158,0.71536,0.7158
2026-05-15 19:45:00,0.71581,0.71588,0.7153,0.71563
2026-05-15 20:00:00,0.71565,0.71603,0.71551,0.71601
2026-05-15 20:15:00,0.71602,0.71633,0.71578,0.71599
2026-05-15 20:30:00,0.71595,0.71621,0.7157,0.71572
2026-05-15 20:45:00,0.71573,0.71598,0.71572,0.71585
2026-05-15 21:00:00,0.71586,0.71596,0.71557,0.71574
2026-05-15 21:15:00,0.71574,0.71574,0.71517,0.71536
2026-05-15 21:30:00,0.71537,0.71541,0.71475,0.71533
2026-05-15 21:45:00,0.71532,0.71545,0.71509,0.71528
2026-05-15 22:00:00,0.71531,0.71534,0.71487,0.71489
2026-05-15 22:15:00,0.7149,0.71517,0.71486,0.71509
2026-05-15 22:30:00,0.71508,0.71523,0.71489,0.71491
2026-05-15 22:45:00,0.71491,0.71513,0.71477,0.71493
2026-05-15 23:00:00,0.71493,0.71493,0.71459,0.71478
2026-05-15 23:15:00,0.71479,0.71484,0.71453,0.71459
2026-05-15 23:30:00,0.7146,0.71466,0.71446,0.71465
2026-05-15 23:45:00,0.71464,0.71481,0.71428,0.71439
2026-05-18 00:00:00,0.714,0.71462,0.714,0.71462
2026-05-18 00:15:00,0.71459,0.71517,0.71444,0.71508
2026-05-18 00:30:00,0.71508,0.71523,0.71481,0.71481
2026-05-18 00:45:00,0.71481,0.71493,0.7146,0.71471
2026-05-18 01:00:00,0.7147,0.71536,0.71455,0.71511
2026-05-18 01:15:00,0.71513,0.71519,0.71485,0.715
2026-05-18 01:30:00,0.71502,0.71528,0.71498,0.71522
2026-05-18 01:45:00,0.71521,0.71523,0.71488,0.71497
2026-05-18 02:00:00,0.71498,0.71511,0.71474,0.71482
2026-05-18 02:15:00,0.71482,0.71483,0.71415,0.71416
2026-05-18 02:30:00,0.71413,0.71425,0.71323,0.71356
2026-05-18 02:45:00,0.71357,0.71357,0.71273,0.71294
2026-05-18 03:00:00,0.71297,0.71319,0.71241,0.71248
2026-05-18 03:15:00,0.71247,0.71292,0.71223,0.7124
2026-05-18 03:30:00,0.7124,0.71256,0.71205,0.71208
2026-05-18 03:45:00,0.71206,0.71249,0.71185,0.71245
2026-05-18 04:00:00,0.71244,0.71264,0.712,0.71225
2026-05-18 04:15:00,0.71224,0.7127,0.71206,0.71246
2026-05-18 04:30:00,0.71249,0.71288,0.7123,0.7124
2026-05-18 04:45:00,0.71241,0.71317,0.71212,0.71282
2026-05-18 05:00:00,0.71281,0.71295,0.71232,0.71289
2026-05-18 05:15:00,0.71288,0.71314,0.71274,0.71282
2026-05-18 05:30:00,0.71281,0.7132,0.71271,0.71288
2026-05-18 05:45:00,0.71287,0.71296,0.71223,0.71247
2026-05-18 06:00:00,0.71248,0.71285,0.71248,0.71259
2026-05-18 06:15:00,0.7126,0.71301,0.71242,0.71296
2026-05-18 06:30:00,0.71297,0.71338,0.71259,0.71337
2026-05-18 06:45:00,0.71337,0.71347,0.71303,0.71342
2026-05-18 07:00:00,0.71341,0.71377,0.71326,0.71363
2026-05-18 07:15:00,0.71362,0.71376,0.71313,0.71321
2026-05-18 07:30:00,0.7132,0.71353,0.71314,0.71342
2026-05-18 07:45:00,0.71341,0.71359,0.71303,0.71313
2026-05-18 08:00:00,0.71314,0.71335,0.7129,0.71296
2026-05-18 08:15:00,0.71296,0.7134,0.71263,0.71339
2026-05-18 08:30:00,0.71339,0.71353,0.71312,0.71316
2026-05-18 08:45:00,0.71315,0.71327,0.713,0.71316
2026-05-18 09:00:00,0.71314,0.71369,0.71303,0.71357
2026-05-18 09:15:00,0.71356,0.71433,0.71352,0.71392
2026-05-18 09:30:00,0.71391,0.71442,0.71387,0.71422
2026-05-18 09:45:00,0.71421,0.71489,0.71412,0.71488
2026-05-18 10:00:00,0.71489,0.71495,0.71452,0.71464
2026-05-18 10:15:00,0.71462,0.71543,0.71429,0.71532
2026-05-18 10:30:00,0.71531,0.71578,0.71508,0.71509
2026-05-18 10:45:00,0.71508,0.71544,0.71469,0.71517
2026-05-18 11:00:00,0.71518,0.71548,0.71478,0.71498
2026-05-18 11:15:00,0.71498,0.71578,0.71489,0.71573
2026-05-18 11:30:00,0.71575,0.71646,0.71555,0.7156
2026-05-18 11:45:00,0.71562,0.71635,0.71559,0.71582
2026-05-18 12:00:00,0.71581,0.71596,0.71545,0.71566
2026-05-18 12:15:00,0.71565,0.71613,0.71562,0.71598
2026-05-18 12:30:00,0.71599,0.71607,0.71575,0.71577
2026-05-18 12:45:00,0.71576,0.71593,0.71553,0.71554
2026-05-18 13:00:00,0.71553,0.71565,0.71501,0.71542
2026-05-18 13:15:00,0.71543,0.7155,0.71532,0.71538
2026-05-18 13:30:00,0.71538,0.71558,0.7151,0.71532
2026-05-18 13:45:00,0.71531,0.71548,0.71478,0.71485
2026-05-18 14:00:00,0.71486,0.71503,0.71459,0.71491
2026-05-18 14:15:00,0.71491,0.71523,0.71477,0.71504
2026-05-18 14:30:00,0.71504,0.71682,0.71501,0.71653
2026-05-18 14:45:00,0.71656,0.71657,0.71561,0.71599
2026-05-18 15:00:00,0.716,0.71664,0.71584,0.71642
2026-05-18 15:15:00,0.71642,0.71665,0.71619,0.71653
2026-05-18 15:30:00,0.71653,0.71778,0.71646,0.71775
2026-05-18 15:45:00,0.71775,0.71842,0.71742,0.71783
2026-05-18 16:00:00,0.71782,0.71808,0.71735,0.71756
2026-05-18 16:15:00,0.71754,0.71762,0.71706,0.71748
2026-05-18 16:30:00,0.7175,0.71763,0.71664,0.71697
2026-05-18 16:45:00,0.71698,0.71775,0.71689,0.71731
2026-05-18 17:00:00,0.7173,0.71736,0.71619,0.71631
2026-05-18 17:15:00,0.71631,0.71676,0.71585,0.71637
2026-05-18 17:30:00,0.71636,0.7166,0.71564,0.71584
2026-05-18 17:45:00,0.71588,0.71627,0.71565,0.71585
2026-05-18 18:00:00,0.71585,0.71595,0.71483,0.7153
2026-05-18 18:15:00,0.7153,0.71546,0.71491,0.7151
2026-05-18 18:30:00,0.71509,0.71576,0.7149,0.71551
2026-05-18 18:45:00,0.7155,0.71609,0.71536,0.71586
2026-05-18 19:00:00,0.71586,0.71628,0.71565,0.71628
2026-05-18 19:15:00,0.71627,0.71658,0.71544,0.71553
2026-05-18 19:30:00,0.71551,0.71622,0.71535,0.71591
2026-05-18 19:45:00,0.7159,0.71649,0.71587,0.71617
2026-05-18 20:00:00,0.71615,0.7165,0.71589,0.71622
2026-05-18 20:15:00,0.71622,0.71654,0.71614,0.7163
2026-05-18 20:30:00,0.71631,0.71634,0.71608,0.71621
2026-05-18 20:45:00,0.71619,0.71644,0.71615,0.71627
2026-05-18 21:00:00,0.71627,0.71633,0.71582,0.71582
2026-05-18 21:15:00,0.71583,0.71583,0.71489,0.71536
2026-05-18 21:30:00,0.71538,0.71551,0.71504,0.71527
2026-05-18 21:45:00,0.71527,0.7153,0.71481,0.71485
2026-05-18 22:00:00,0.71486,0.71743,0.71475,0.7163
2026-05-18 22:15:00,0.7163,0.71667,0.71603,0.71634
2026-05-18 22:30:00,0.71634,0.71707,0.71625,0.71698
2026-05-18 22:45:00,0.71696,0.71745,0.71673,0.71681
2026-05-18 23:00:00,0.71678,0.71708,0.71664,0.71703
2026-05-18 23:15:00,0.717,0.71718,0.717,0.71708
2026-05-18 23:30:00,0.71708,0.71711,0.71675,0.717
2026-05-18 23:45:00,0.71701,0.71702,0.7167,0.71672
2026-05-19 00:00:00,0.71661,0.71661,0.71545,0.71578
2026-05-19 00:15:00,0.71584,0.71686,0.71557,0.71651
2026-05-19 00:30:00,0.71651,0.71676,0.71639,0.71673
2026-05-19 00:45:00,0.71669,0.71677,0.71669,0.71673
2026-05-19 01:00:00,0.71672,0.71723,0.71672,0.71708
2026-05-19 01:15:00,0.71709,0.71714,0.71703,0.71709
2026-05-19 01:30:00,0.71709,0.71719,0.71702,0.71708
2026-05-19 01:45:00,0.71708,0.71729,0.71705,0.71723
2026-05-19 02:00:00,0.71723,0.71734,0.7172,0.71728
2026-05-19 02:15:00,0.71728,0.71767,0.71725,0.71735
2026-05-19 02:30:00,0.71735,0.71743,0.71723,0.71734
2026-05-19 02:45:00,0.71733,0.71733,0.71701,0.71702
2026-05-19 03:00:00,0.71701,0.71724,0.7163,0.71643
2026-05-19 03:15:00,0.71642,0.71683,0.71614,0.71642
2026-05-19 03:30:00,0.71642,0.71646,0.71548,0.71561
2026-05-19 03:45:00,0.71561,0.7157,0.71502,0.71507
2026-05-19 04:00:00,0.71506,0.71517,0.7147,0.71509
2026-05-19 04:15:00,0.71509,0.71526,0.71463,0.71487
2026-05-19 04:30:00,0.71487,0.71516,0.71393,0.71512
2026-05-19 04:45:00,0.71513,0.7152,0.71447,0.71451
2026-05-19 05:00:00,0.71449,0.71452,0.71374,0.71386
2026-05-19 05:15:00,0.71387,0.7145,0.71358,0.71413
2026-05-19 05:30:00,0.71415,0.71442,0.71399,0.71434
2026-05-19 05:45:00,0.71434,0.71438,0.71389,0.71414
2026-05-19 06:00:00,0.71412,0.71416,0.7137,0.71409
2026-05-19 06:15:00,0.7141,0.71443,0.71405,0.71422
2026-05-19 06:30:00,0.71422,0.71447,0.71411,0.71412
2026-05-19 06:45:00,0.7141,0.71411,0.71362,0.71369
2026-05-19 07:00:00,0.71369,0.71385,0.71351,0.71366
2026-05-19 07:15:00,0.71366,0.71372,0.71326,0.71338
2026-05-19 07:30:00,0.7134,0.71361,0.71298,0.713
2026-05-19 07:45:00,0.713,0.7132,0.71273,0.71292
2026-05-19 08:00:00,0.71293,0.71333,0.71281,0.71324
2026-05-19 08:15:00,0.71323,0.71323,0.71253,0.71275
2026-05-19 08:30:00,0.71276,0.71283,0.71246,0.71272
2026-05-19 08:45:00,0.71272,0.7134,0.71258,0.71321
2026-05-19 09:00:00,0.71322,0.71363,0.713,0.71323
2026-05-19 09:15:00,0.71324,0.71352,0.71292,0.7133
2026-05-19 09:30:00,0.7133,0.71359,0.71304,0.71354
2026-05-19 09:45:00,0.71353,0.71364,0.71322,0.71339
2026-05-19 10:00:00,0.7134,0.71342,0.71293,0.71325
2026-05-19 10:15:00,0.71326,0.71355,0.71317,0.71339
2026-05-19 10:30:00,0.71339,0.71357,0.71309,0.7131
2026-05-19 10:45:00,0.71311,0.71364,0.71249,0.71251
2026-05-19 11:00:00,0.7125,0.71259,0.71143,0.71178
2026-05-19 11:15:00,0.71181,0.71219,0.71164,0.71182
2026-05-19 11:30:00,0.71182,0.71218,0.71176,0.71187
2026-05-19 11:45:00,0.71187,0.71213,0.71171,0.71174
2026-05-19 12:00:00,0.71173,0.71173,0.71138,0.71148
2026-05-19 12:15:00,0.71147,0.7115,0.71096,0.71136
2026-05-19 12:30:00,0.71137,0.71145,0.71084,0.71119
2026-05-19 12:45:00,0.71118,0.71156,0.71108,0.71151
2026-05-19 13:00:00,0.71151,0.71184,0.71143,0.71182
2026-05-19 13:15:00,0.71182,0.712,0.71161,0.71186
2026-05-19 13:30:00,0.71187,0.71214,0.71084,0.71093
2026-05-19 13:45:00,0.71095,0.7118,0.71091,0.71164
2026-05-19 14:00:00,0.71164,0.71189,0.71143,0.7116
2026-05-19 14:15:00,0.71159,0.71184,0.71147,0.71182
2026-05-19 14:30:00,0.71182,0.71212,0.71178,0.71201
2026-05-19 14:45:00,0.71201,0.7121,0.71167,0.71168
2026-05-19 15:00:00,0.71166,0.71198,0.71138,0.71181
2026-05-19 15:15:00,0.7118,0.71227,0.71168,0.71211
2026-05-19 15:30:00,0.71211,0.71216,0.71161,0.71169
2026-05-19 15:45:00,0.71169,0.71198,0.71141,0.71143
2026-05-19 16:00:00,0.71141,0.71148,0.71067,0.71121
2026-05-19 16:15:00,0.7112,0.71123,0.71021,0.71031
2026-05-19 16:30:00,0.71031,0.71079,0.71003,0.71054
2026-05-19 16:45:00,0.71055,0.71123,0.71004,0.71091
2026-05-19 17:00:00,0.71091,0.71119,0.70974,0.70977
2026-05-19 17:15:00,0.70977,0.70977,0.70838,0.70887
2026-05-19 17:30:00,0.70887,0.70911,0.70824,0.70824
2026-05-19 17:45:00,0.70825,0.70861,0.70792,0.70846
2026-05-19 18:00:00,0.70845,0.70877,0.7082,0.70853
2026-05-19 18:15:00,0.70854,0.70894,0.70847,0.70885
2026-05-19 18:30:00,0.70882,0.70992,0.70873,0.70975
2026-05-19 18:45:00,0.70976,0.71009,0.70968,0.70995
2026-05-19 19:00:00,0.70994,0.71012,0.70954,0.70979
2026-05-19 19:15:00,0.70978,0.71072,0.70966,0.71062
2026-05-19 19:30:00,0.71061,0.71123,0.71055,0.71114
2026-05-19 19:45:00,0.71114,0.71121,0.71099,0.71108
2026-05-19 20:00:00,0.71108,0.71161,0.71107,0.71154
2026-05-19 20:15:00,0.71153,0.7116,0.71129,0.71132
2026-05-19 20:30:00,0.71131,0.71142,0.71103,0.7112
2026-05-19 20:45:00,0.7112,0.71134,0.71102,0.71122
2026-05-19 21:00:00,0.71123,0.71147,0.71122,0.71133
2026-05-19 21:15:00,0.71132,0.71135,0.71097,0.71098
2026-05-19 21:30:00,0.71098,0.71119,0.71077,0.71113
2026-05-19 21:45:00,0.71113,0.71113,0.71056,0.71061
2026-05-19 22:00:00,0.7106,0.71107,0.71058,0.71103
2026-05-19 22:15:00,0.71106,0.71107,0.71052,0.71074
2026-05-19 22:30:00,0.71074,0.71107,0.71069,0.71105
2026-05-19 22:45:00,0.71104,0.71107,0.71066,0.71086
2026-05-19 23:00:00,0.71087,0.71088,0.71064,0.71074
2026-05-19 23:15:00,0.71074,0.71075,0.71052,0.7106
2026-05-19 23:30:00,0.71061,0.71085,0.7106,0.71073
2026-05-19 23:45:00,0.7107,0.71071,0.71052,0.71054
2026-05-20 00:00:00,0.71044,0.71049,0.71026,0.71045
2026-05-20 00:15:00,0.7105,0.71056,0.71037,0.71054
2026-05-20 00:30:00,0.71054,0.71074,0.7105,0.7105
2026-05-20 00:45:00,0.71051,0.71067,0.71042,0.7106
2026-05-20 01:00:00,0.7106,0.71073,0.71043,0.71065
2026-05-20 01:15:00,0.71063,0.71081,0.71062,0.71078
2026-05-20 01:30:00,0.7108,0.7108,0.71048,0.71058
2026-05-20 01:45:00,0.71057,0.71074,0.71053,0.71073
2026-05-20 02:00:00,0.71072,0.71084,0.71071,0.71077
2026-05-20 02:15:00,0.71076,0.7109,0.71075,0.71085
2026-05-20 02:30:00,0.71084,0.71127,0.71084,0.71092
2026-05-20 02:45:00,0.71092,0.71098,0.71038,0.71039
2026-05-20 03:00:00,0.71037,0.71037,0.70959,0.70968
2026-05-20 03:15:00,0.70969,0.71038,0.70955,0.71011
2026-05-20 03:30:00,0.71012,0.71043,0.70994,0.71007
2026-05-20 03:45:00,0.71006,0.71026,0.7092,0.70923
2026-05-20 04:00:00,0.70922,0.70993,0.70916,0.70957
2026-05-20 04:15:00,0.70957,0.70969,0.70879,0.70886
2026-05-20 04:30:00,0.70887,0.70944,0.70867,0.70937
2026-05-20 04:45:00,0.70938,0.71023,0.70919,0.71012
2026-05-20 05:00:00,0.71017,0.71047,0.70994,0.71035
2026-05-20 05:15:00,0.71034,0.71069,0.71005,0.71016
2026-05-20 05:30:00,0.71014,0.71017,0.70915,0.70975
2026-05-20 05:45:00,0.70976,0.71005,0.70943,0.70954
2026-05-20 06:00:00,0.70954,0.70981,0.70935,0.70959
2026-05-20 06:15:00,0.70962,0.71033,0.70957,0.71028
2026-05-20 06:30:00,0.71027,0.71059,0.71009,0.71041
2026-05-20 06:45:00,0.71042,0.71051,0.71025,0.71028
2026-05-20 07:00:00,0.71028,0.71094,0.71028,0.71082
2026-05-20 07:15:00,0.71082,0.71082,0.71031,0.71044
2026-05-20 07:30:00,0.71043,0.71043,0.70977,0.71008
2026-05-20 07:45:00,0.71008,0.71021,0.70985,0.70995
2026-05-20 08:00:00,0.70995,0.71057,0.70994,0.71014
2026-05-20 08:15:00,0.71013,0.71032,0.70978,0.70985
2026-05-20 08:30:00,0.70985,0.71045,0.70985,0.71013
2026-05-20 08:45:00,0.71011,0.71022,0.70971,0.71019
2026-05-20 09:00:00,0.7102,0.71043,0.71001,0.71042
2026-05-20 09:15:00,0.71041,0.71123,0.71041,0.71083
2026-05-20 09:30:00,0.71085,0.71085,0.71033,0.71044
2026-05-20 09:45:00,0.71044,0.71057,0.71011,0.71046
2026-05-20 10:00:00,0.71046,0.71131,0.71029,0.71088
2026-05-20 10:15:00,0.71087,0.71113,0.71067,0.71086
2026-05-20 10:30:00,0.71085,0.71098,0.71061,0.71073
2026-05-20 10:45:00,0.71073,0.71093,0.71058,0.71068
2026-05-20 11:00:00,0.71069,0.71126,0.71048,0.71078
2026-05-20 11:15:00,0.71077,0.71105,0.71045,0.71101
2026-05-20 11:30:00,0.71102,0.71152,0.71083,0.71141
2026-05-20 11:45:00,0.7114,0.7116,0.71112,0.71113
2026-05-20 12:00:00,0.71113,0.71152,0.71105,0.71113
2026-05-20 12:15:00,0.71112,0.71135,0.71085,0.71123
2026-05-20 12:30:00,0.71122,0.71143,0.71114,0.71115
2026-05-20 12:45:00,0.71116,0.71137,0.7111,0.71123
2026-05-20 13:00:00,0.71122,0.71185,0.71118,0.7118
2026-05-20 13:15:00,0.71179,0.71209,0.71173,0.71203
2026-05-20 13:30:00,0.71205,0.71259,0.71203,0.71241
2026-05-20 13:45:00,0.71241,0.71249,0.71216,0.71247
2026-05-20 14:00:00,0.71247,0.71249,0.71219,0.71237
2026-05-20 14:15:00,0.71237,0.71303,0.71237,0.71301
2026-05-20 14:30:00,0.71302,0.71347,0.71299,0.71314
2026-05-20 14:45:00,0.71312,0.71314,0.7125,0.71275
2026-05-20 15:00:00,0.71277,0.71313,0.71272,0.71305
2026-05-20 15:15:00,0.71304,0.71304,0.7126,0.71282
2026-05-20 15:30:00,0.71281,0.71326,0.71273,0.71283
2026-05-20 15:45:00,0.71283,0.71293,0.71228,0.71241
2026-05-20 16:00:00,0.71242,0.71254,0.71195,0.71223
2026-05-20 16:15:00,0.71223,0.71228,0.71195,0.712
2026-05-20 16:30:00,0.71201,0.71256,0.71184,0.71248
2026-05-20 16:45:00,0.71247,0.7129,0.71191,0.7121
2026-05-20 17:00:00,0.71213,0.71228,0.71148,0.71204
2026-05-20 17:15:00,0.71209,0.71452,0.71209,0.71406
2026-05-20 17:30:00,0.71406,0.71489,0.71405,0.71473
2026-05-20 17:45:00,0.71475,0.71553,0.71446,0.7153
2026-05-20 18:00:00,0.71531,0.7157,0.71463,0.71487
2026-05-20 18:15:00,0.71486,0.71743,0.71483,0.7155
2026-05-20 18:30:00,0.71549,0.71649,0.71549,0.716
2026-05-20 18:45:00,0.71604,0.7161,0.71494,0.71505
2026-05-20 19:00:00,0.71504,0.71605,0.715,0.71586
2026-05-20 19:15:00,0.71586,0.71611,0.71506,0.71529
2026-05-20 19:30:00,0.7153,0.71564,0.71487,0.71563
2026-05-20 19:45:00,0.71564,0.71586,0.7152,0.71543
2026-05-20 20:00:00,0.71544,0.71562,0.71515,0.71546
2026-05-20 20:15:00,0.71548,0.71566,0.71516,0.71556
2026-05-20 20:30:00,0.71558,0.71578,0.71512,0.71521
2026-05-20 20:45:00,0.7152,0.71544,0.71511,0.71515
2026-05-20 21:00:00,0.71516,0.71555,0.71487,0.71548
2026-05-20 21:15:00,0.71547,0.71581,0.71541,0.71573
2026-05-20 21:30:00,0.71573,0.71605,0.7154,0.71541
2026-05-20 21:45:00,0.71542,0.71616,0.71539,0.71575
2026-05-20 22:00:00,0.71574,0.71612,0.71571,0.7158
2026-05-20 22:15:00,0.71579,0.71606,0.71579,0.716
2026-05-20 22:30:00,0.71601,0.71621,0.7158,0.71586
2026-05-20 22:45:00,0.71585,0.71596,0.71564,0.71586
2026-05-20 23:00:00,0.71586,0.71587,0.71556,0.7156
2026-05-20 23:15:00,0.7156,0.71561,0.71533,0.71556
2026-05-20 23:30:00,0.71557,0.7156,0.71532,0.71532
2026-05-20 23:45:00,0.71533,0.71536,0.71511,0.71512
2026-05-21 00:00:00,0.71461,0.71489,0.71423,0.71483
2026-05-21 00:15:00,0.71483,0.71517,0.71481,0.71492
2026-05-21 00:30:00,0.71492,0.71538,0.71481,0.71534
2026-05-21 00:45:00,0.71541,0.71544,0.71503,0.71526
2026-05-21 01:00:00,0.71526,0.71529,0.71494,0.71516
2026-05-21 01:15:00,0.71517,0.71519,0.71505,0.71519
2026-05-21 01:30:00,0.71518,0.71529,0.71513,0.71524
2026-05-21 01:45:00,0.71524,0.71527,0.71512,0.71521
2026-05-21 02:00:00,0.71521,0.71521,0.71501,0.71512
2026-05-21 02:15:00,0.71512,0.71516,0.71496,0.71505
2026-05-21 02:30:00,0.71506,0.71506,0.71491,0.71496
2026-05-21 02:45:00,0.71495,0.71525,0.71487,0.71491
2026-05-21 03:00:00,0.71493,0.71496,0.71458,0.71478
2026-05-21 03:15:00,0.71479,0.71501,0.71441,0.71481
2026-05-21 03:30:00,0.71481,0.71482,0.71455,0.71461
2026-05-21 03:45:00,0.71462,0.71489,0.71454,0.71477
2026-05-21 04:00:00,0.71478,0.71548,0.71473,0.71537
2026-05-21 04:15:00,0.7154,0.71566,0.71508,0.71524
2026-05-21 04:30:00,0.71522,0.71522,0.71305,0.71346
2026-05-21 04:45:00,0.71345,0.71348,0.71106,0.71191
2026-05-21 05:00:00,0.71192,0.71245,0.71152,0.71182
2026-05-21 05:15:00,0.71182,0.71208,0.711,0.711
2026-05-21 05:30:00,0.71101,0.71138,0.71055,0.71083
2026-05-21 05:45:00,0.71084,0.71098,0.70994,0.71073
2026-05-21 06:00:00,0.71073,0.71158,0.71067,0.71133
2026-05-21 06:15:00,0.71134,0.71173,0.71114,0.71154
2026-05-21 06:30:00,0.71154,0.71185,0.71131,0.71179
2026-05-21 06:45:00,0.71181,0.71196,0.71166,0.71188
2026-05-21 07:00:00,0.71186,0.71228,0.71181,0.71228
2026-05-21 07:15:00,0.71228,0.71265,0.71216,0.71265
2026-05-21 07:30:00,0.71265,0.71274,0.71234,0.71261
2026-05-21 07:45:00,0.71262,0.71298,0.71255,0.71269
2026-05-21 08:00:00,0.7127,0.7129,0.7123,0.71247
2026-05-21 08:15:00,0.71248,0.71257,0.71192,0.71197
2026-05-21 08:30:00,0.71198,0.71219,0.71169,0.7121
2026-05-21 08:45:00,0.71209,0.71253,0.71155,0.7124
2026-05-21 09:00:00,0.7124,0.71276,0.71234,0.71256
2026-05-21 09:15:00,0.71257,0.71269,0.71203,0.71243
2026-05-21 09:30:00,0.71243,0.71251,0.71083,0.71104
2026-05-21 09:45:00,0.71102,0.71142,0.71088,0.7113
2026-05-21 10:00:00,0.7113,0.7117,0.71116,0.71159
2026-05-21 10:15:00,0.7115,0.71158,0.71078,0.71095
2026-05-21 10:30:00,0.71097,0.71149,0.7109,0.71143
2026-05-21 10:45:00,0.71142,0.71215,0.71141,0.71182
2026-05-21 11:00:00,0.71182,0.71324,0.71158,0.71323
2026-05-21 11:15:00,0.71323,0.71393,0.7127,0.71377
2026-05-21 11:30:00,0.71376,0.71377,0.71316,0.71322
2026-05-21 11:45:00,0.71323,0.71366,0.71305,0.71314
2026-05-21 12:00:00,0.71312,0.71398,0.71306,0.71388
2026-05-21 12:15:00,0.71389,0.7142,0.71378,0.71409
2026-05-21 12:30:00,0.71409,0.7142,0.71341,0.71347
2026-05-21 12:45:00,0.71348,0.71362,0.71333,0.71355
2026-05-21 13:00:00,0.71356,0.71393,0.71352,0.71363
2026-05-21 13:15:00,0.71363,0.71382,0.7122,0.71251
2026-05-21 13:30:00,0.71252,0.71263,0.71171,0.71239
2026-05-21 13:45:00,0.7124,0.71279,0.71213,0.71244
2026-05-21 14:00:00,0.71244,0.71305,0.71242,0.71301
2026-05-21 14:15:00,0.71301,0.71377,0.71293,0.71345
2026-05-21 14:30:00,0.71344,0.71359,0.71294,0.7131
2026-05-21 14:45:00,0.71311,0.7132,0.71235,0.71254
2026-05-21 15:00:00,0.71253,0.71298,0.71244,0.71266
2026-05-21 15:15:00,0.71265,0.71272,0.71221,0.71241
2026-05-21 15:30:00,0.7124,0.71326,0.71234,0.71306
2026-05-21 15:45:00,0.71306,0.71332,0.71247,0.71251
2026-05-21 16:00:00,0.71248,0.71279,0.71205,0.71224
2026-05-21 16:15:00,0.71223,0.71233,0.71183,0.71227
2026-05-21 16:30:00,0.7123,0.71234,0.71159,0.71159
2026-05-21 16:45:00,0.71161,0.71341,0.71161,0.71307
2026-05-21 17:00:00,0.71308,0.71317,0.71225,0.71268
2026-05-21 17:15:00,0.7127,0.71278,0.71219,0.71269
2026-05-21 17:30:00,0.7127,0.71303,0.71263,0.71285
2026-05-21 17:45:00,0.71286,0.71376,0.71277,0.71359
2026-05-21 18:00:00,0.71357,0.71364,0.71228,0.71302
2026-05-21 18:15:00,0.71302,0.71309,0.71265,0.71286
2026-05-21 18:30:00,0.71286,0.71327,0.71274,0.71292
2026-05-21 18:45:00,0.71293,0.7133,0.7129,0.71324
2026-05-21 19:00:00,0.71325,0.7139,0.71323,0.71356
2026-05-21 19:15:00,0.71355,0.71371,0.71333,0.71368
2026-05-21 19:30:00,0.71367,0.71378,0.71346,0.71356
2026-05-21 19:45:00,0.71357,0.71369,0.7133,0.71367
2026-05-21 20:00:00,0.71367,0.71456,0.71347,0.7144
2026-05-21 20:15:00,0.7144,0.716,0.7144,0.7159
2026-05-21 20:30:00,0.71589,0.71655,0.71559,0.71654
2026-05-21 20:45:00,0.71654,0.71683,0.71608,0.71626
2026-05-21 21:00:00,0.71627,0.71666,0.71554,0.71572
2026-05-21 21:15:00,0.71573,0.71629,0.71556,0.71611
2026-05-21 21:30:00,0.71612,0.71621,0.71585,0.71601
2026-05-21 21:45:00,0.71601,0.71607,0.7143,0.7147
2026-05-21 22:00:00,0.71469,0.7152,0.71454,0.71503
2026-05-21 22:15:00,0.71503,0.71545,0.71502,0.71539
2026-05-21 22:30:00,0.7154,0.71578,0.71527,0.71531
2026-05-21 22:45:00,0.71534,0.71573,0.71481,0.71543
2026-05-21 23:00:00,0.71544,0.71554,0.71495,0.71506
2026-05-21 23:15:00,0.71506,0.71511,0.71493,0.71506
2026-05-21 23:30:00,0.71506,0.71512,0.71497,0.715
2026-05-21 23:45:00,0.715,0.71511,0.71474,0.71477
2026-05-22 00:00:00,0.71441,0.71512,0.71406,0.71502
2026-05-22 00:15:00,0.71494,0.71529,0.71471,0.71492
2026-05-22 00:30:00,0.71488,0.715,0.71465,0.71465
2026-05-22 00:45:00,0.71465,0.71479,0.71464,0.71468
2026-05-22 01:00:00,0.71475,0.71515,0.71464,0.7151
2026-05-22 01:15:00,0.71509,0.71519,0.71503,0.71507
2026-05-22 01:30:00,0.71507,0.71526,0.71499,0.71519
2026-05-22 01:45:00,0.7152,0.71526,0.71508,0.71511
2026-05-22 02:00:00,0.71509,0.71517,0.715,0.71504
2026-05-22 02:15:00,0.71504,0.71505,0.7147,0.71501
2026-05-22 02:30:00,0.71501,0.71505,0.71475,0.71476
2026-05-22 02:45:00,0.71475,0.71497,0.71459,0.71476
2026-05-22 03:00:00,0.71477,0.71478,0.71427,0.71427
2026-05-22 03:15:00,0.71428,0.71454,0.71405,0.7145
2026-05-22 03:30:00,0.71452,0.71455,0.71417,0.71453
2026-05-22 03:45:00,0.71453,0.71462,0.71402,0.7141
2026-05-22 04:00:00,0.71411,0.71411,0.71362,0.71388
2026-05-22 04:15:00,0.71388,0.71416,0.71355,0.7141
2026-05-22 04:30:00,0.71409,0.71417,0.71372,0.7139
2026-05-22 04:45:00,0.7139,0.7144,0.71365,0.71367
2026-05-22 05:00:00,0.71364,0.71404,0.71364,0.71398
2026-05-22 05:15:00,0.71398,0.71411,0.71387,0.71403
2026-05-22 05:30:00,0.71402,0.71433,0.71398,0.71425
2026-05-22 05:45:00,0.71426,0.71426,0.7137,0.71395
2026-05-22 06:00:00,0.71396,0.71404,0.71344,0.71347
2026-05-22 06:15:00,0.71347,0.71368,0.71343,0.71368
2026-05-22 06:30:00,0.71369,0.71385,0.71367,0.71371
2026-05-22 06:45:00,0.7137,0.71402,0.71357,0.71396
2026-05-22 07:00:00,0.71396,0.71415,0.71381,0.71411
2026-05-22 07:15:00,0.71413,0.7142,0.71403,0.71406
2026-05-22 07:30:00,0.71407,0.71407,0.71381,0.71395
2026-05-22 07:45:00,0.71395,0.71404,0.71388,0.71403
2026-05-22 08:00:00,0.71403,0.71431,0.71398,0.71418
2026-05-22 08:15:00,0.71418,0.71423,0.71408,0.71418
2026-05-22 08:30:00,0.71419,0.71434,0.71404,0.7142
2026-05-22 08:45:00,0.71418,0.7146,0.71365,0.71375
2026-05-22 09:00:00,0.71372,0.71405,0.71368,0.71374
2026-05-22 09:15:00,0.71374,0.71374,0.71315,0.71359
2026-05-22 09:30:00,0.71359,0.71368,0.71318,0.71339
2026-05-22 09:45:00,0.71338,0.71359,0.71323,0.71358
2026-05-22 10:00:00,0.71359,0.71359,0.7127,0.71282
2026-05-22 10:15:00,0.71283,0.71333,0.71281,0.71318
2026-05-22 10:30:00,0.71319,0.71333,0.71288,0.71322
2026-05-22 10:45:00,0.71321,0.71341,0.71294,0.71341
2026-05-22 11:00:00,0.7134,0.71347,0.71311,0.71322
2026-05-22 11:15:00,0.71323,0.7144,0.71322,0.71372
2026-05-22 11:30:00,0.71373,0.71391,0.71299,0.71342
2026-05-22 11:45:00,0.71343,0.71365,0.71331,0.71333
2026-05-22 12:00:00,0.71332,0.71337,0.71273,0.71281
2026-05-22 12:15:00,0.7128,0.71283,0.71243,0.71277
2026-05-22 12:30:00,0.71276,0.71303,0.71254,0.71283
2026-05-22 12:45:00,0.71283,0.7131,0.71277,0.71288
2026-05-22 13:00:00,0.71288,0.71322,0.7128,0.71293
2026-05-22 13:15:00,0.71293,0.71316,0.71274,0.71274
2026-05-22 13:30:00,0.71273,0.71286,0.71224,0.71255
2026-05-22 13:45:00,0.71256,0.71261,0.71238,0.71249
2026-05-22 14:00:00,0.7125,0.71257,0.71204,0.71209
2026-05-22 14:15:00,0.71209,0.7124,0.71205,0.71228
2026-05-22 14:30:00,0.71227,0.71231,0.71195,0.71211
2026-05-22 14:45:00,0.71211,0.71257,0.71206,0.71214
2026-05-22 15:00:00,0.71213,0.71337,0.71195,0.71295
2026-05-22 15:15:00,0.71296,0.7133,0.7123,0.71239
2026-05-22 15:30:00,0.71239,0.71267,0.71218,0.7124
2026-05-22 15:45:00,0.71241,0.71318,0.71241,0.71316
2026-05-22 16:00:00,0.71315,0.71427,0.71303,0.71391
2026-05-22 16:15:00,0.71391,0.71399,0.71309,0.71328
2026-05-22 16:30:00,0.71326,0.71341,0.71261,0.71286
2026-05-22 16:45:00,0.71285,0.71302,0.71229,0.7129
2026-05-22 17:00:00,0.71285,0.71292,0.71164,0.71189
2026-05-22 17:15:00,0.71189,0.71221,0.71162,0.7122
2026-05-22 17:30:00,0.71221,0.71257,0.71209,0.71246
2026-05-22 17:45:00,0.71246,0.71287,0.7121,0.71267
2026-05-22 18:00:00,0.71266,0.71319,0.71245,0.71293
2026-05-22 18:15:00,0.71294,0.71308,0.7127,0.71294
2026-05-22 18:30:00,0.71296,0.71322,0.71285,0.71312
2026-05-22 18:45:00,0.71312,0.71332,0.71289,0.71305
2026-05-22 19:00:00,0.71305,0.71337,0.71284,0.71323
2026-05-22 19:15:00,0.71322,0.71352,0.71302,0.7135
2026-05-22 19:30:00,0.71351,0.71366,0.7132,0.71326
2026-05-22 19:45:00,0.71327,0.71354,0.71326,0.7135
2026-05-22 20:00:00,0.71349,0.71386,0.71349,0.71376
2026-05-22 20:15:00,0.71377,0.71404,0.71331,0.71399
2026-05-22 20:30:00,0.714,0.71423,0.71365,0.71375
2026-05-22 20:45:00,0.71376,0.71396,0.71364,0.71376
2026-05-22 21:00:00,0.71376,0.71389,0.71339,0.71378
2026-05-22 21:15:00,0.71377,0.71385,0.71365,0.71368
2026-05-22 21:30:00,0.71368,0.71403,0.71358,0.71379
2026-05-22 21:45:00,0.71381,0.7139,0.7137,0.7138
2026-05-22 22:00:00,0.7138,0.71387,0.71339,0.71348
2026-05-22 22:15:00,0.71348,0.71361,0.71333,0.71336
2026-05-22 22:30:00,0.71338,0.71338,0.71318,0.71324
2026-05-22 22:45:00,0.71325,0.71332,0.71309,0.71318
2026-05-22 23:00:00,0.71318,0.71322,0.71304,0.71315
2026-05-22 23:15:00,0.71315,0.71315,0.7129,0.7129
2026-05-22 23:30:00,0.71289,0.71295,0.71261,0.71288
2026-05-22 23:45:00,0.71287,0.71293,0.71255,0.71262
2026-05-25 00:00:00,0.71526,0.71553,0.715,0.71542
2026-05-25 00:15:00,0.71541,0.71552,0.7153,0.71552
2026-05-25 00:30:00,0.71555,0.71555,0.71531,0.71535
2026-05-25 00:45:00,0.71535,0.71537,0.7152,0.71526
2026-05-25 01:00:00,0.71528,0.71594,0.71522,0.71575
2026-05-25 01:15:00,0.71576,0.71592,0.7155,0.71552
2026-05-25 01:30:00,0.71552,0.71567,0.71547,0.71562
2026-05-25 01:45:00,0.71561,0.71594,0.7156,0.71577
2026-05-25 02:00:00,0.71578,0.71612,0.71578,0.71593
2026-05-25 02:15:00,0.71594,0.71606,0.71585,0.71593
2026-05-25 02:30:00,0.71593,0.71615,0.71585,0.71609
2026-05-25 02:45:00,0.7161,0.71614,0.71561,0.71566
2026-05-25 03:00:00,0.71566,0.71584,0.71537,0.71573
2026-05-25 03:15:00,0.71572,0.71613,0.71557,0.71613
2026-05-25 03:30:00,0.71613,0.71624,0.71572,0.71579
2026-05-25 03:45:00,0.71579,0.7165,0.71571,0.71585
2026-05-25 04:00:00,0.71584,0.71674,0.71581,0.7167
2026-05-25 04:15:00,0.71669,0.71725,0.71655,0.71725
2026-05-25 04:30:00,0.7172,0.7172,0.71653,0.71684
2026-05-25 04:45:00,0.71685,0.71689,0.71649,0.71658
2026-05-25 05:00:00,0.71659,0.71709,0.71659,0.71683
2026-05-25 05:15:00,0.71684,0.71714,0.71669,0.71698
2026-05-25 05:30:00,0.71699,0.71706,0.71664,0.71682
2026-05-25 05:45:00,0.71684,0.71686,0.71629,0.7164
2026-05-25 06:00:00,0.71639,0.71662,0.71622,0.71631
2026-05-25 06:15:00,0.71629,0.71642,0.71615,0.71628
2026-05-25 06:30:00,0.71629,0.71643,0.71612,0.71617
2026-05-25 06:45:00,0.71616,0.71621,0.71599,0.7161
2026-05-25 07:00:00,0.71611,0.71628,0.71606,0.7161
2026-05-25 07:15:00,0.71609,0.71644,0.71607,0.71642
2026-05-25 07:30:00,0.71641,0.71677,0.71637,0.71676
2026-05-25 07:45:00,0.71676,0.71707,0.71676,0.71687
2026-05-25 08:00:00,0.71686,0.71714,0.71683,0.71703
2026-05-25 08:15:00,0.71702,0.71711,0.71675,0.71679
2026-05-25 08:30:00,0.71678,0.71704,0.71667,0.71692
2026-05-25 08:45:00,0.71692,0.71699,0.71639,0.71651
2026-05-25 09:00:00,0.7165,0.7168,0.71639,0.71678
2026-05-25 09:15:00,0.71679,0.71679,0.71641,0.71652
2026-05-25 09:30:00,0.71653,0.71677,0.71644,0.7165
2026-05-25 09:45:00,0.71649,0.71676,0.71648,0.71658
2026-05-25 10:00:00,0.71661,0.71663,0.71593,0.71611
2026-05-25 10:15:00,0.7161,0.71612,0.71518,0.71571
2026-05-25 10:30:00,0.71575,0.71631,0.71571,0.71589
2026-05-25 10:45:00,0.71588,0.71603,0.71581,0.71602
2026-05-25 11:00:00,0.71603,0.71623,0.71579,0.71611
2026-05-25 11:15:00,0.7161,0.71626,0.71602,0.7162
2026-05-25 11:30:00,0.7162,0.71669,0.71616,0.71651
2026-05-25 11:45:00,0.71651,0.71672,0.71644,0.71665
2026-05-25 12:00:00,0.71667,0.71689,0.71663,0.71664
2026-05-25 12:15:00,0.71665,0.71672,0.71654,0.71656
2026-05-25 12:30:00,0.71657,0.71696,0.71656,0.71695
2026-05-25 12:45:00,0.71694,0.71694,0.71664,0.71666
2026-05-25 13:00:00,0.71666,0.71687,0.71666,0.71679
2026-05-25 13:15:00,0.71679,0.71692,0.71665,0.71668
2026-05-25 13:30:00,0.71668,0.71674,0.71653,0.71671
2026-05-25 13:45:00,0.71672,0.71675,0.71654,0.71662
2026-05-25 14:00:00,0.71663,0.71665,0.7164,0.71659
2026-05-25 14:15:00,0.71659,0.71677,0.71659,0.71677
2026-05-25 14:30:00,0.71677,0.71744,0.71677,0.71739
2026-05-25 14:45:00,0.7174,0.71749,0.71692,0.71693
2026-05-25 15:00:00,0.71693,0.71714,0.71679,0.71705
2026-05-25 15:15:00,0.71704,0.71718,0.71689,0.71704
2026-05-25 15:30:00,0.71704,0.71738,0.71704,0.71737
2026-05-25 15:45:00,0.71739,0.71743,0.71689,0.71694
2026-05-25 16:00:00,0.71693,0.71725,0.71689,0.7171
2026-05-25 16:15:00,0.7171,0.71716,0.71694,0.71709
2026-05-25 16:30:00,0.7171,0.71718,0.71697,0.71698
2026-05-25 16:45:00,0.71698,0.71703,0.71668,0.71685
2026-05-25 17:00:00,0.71685,0.71716,0.71685,0.71697
2026-05-25 17:15:00,0.71699,0.71726,0.71699,0.71714
2026-05-25 17:30:00,0.71715,0.71742,0.71703,0.71739
2026-05-25 17:45:00,0.71738,0.71786,0.71728,0.71779
2026-05-25 18:00:00,0.71779,0.71819,0.71744,0.71772
2026-05-25 18:15:00,0.71771,0.71783,0.71758,0.71762
2026-05-25 18:30:00,0.71761,0.71764,0.71739,0.71756
2026-05-25 18:45:00,0.71756,0.71767,0.71723,0.71726
2026-05-25 19:00:00,0.71727,0.71731,0.717,0.71719
2026-05-25 19:15:00,0.7172,0.71729,0.71704,0.7171
2026-05-25 19:30:00,0.71709,0.71717,0.71701,0.71717
2026-05-25 19:45:00,0.71716,0.71737,0.71711,0.71731
2026-05-25 20:00:00,0.71732,0.71737,0.71726,0.71731
2026-05-25 20:15:00,0.71732,0.71764,0.71732,0.7176
2026-05-25 20:30:00,0.7176,0.71765,0.7175,0.71755
2026-05-25 20:45:00,0.71754,0.71755,0.71745,0.71752
2026-05-25 21:00:00,0.71753,0.71755,0.71747,0.71754
2026-05-25 21:15:00,0.71754,0.71754,0.71744,0.71744
2026-05-25 21:30:00,0.71745,0.7175,0.71737,0.7174
2026-05-25 21:45:00,0.71739,0.71751,0.71739,0.71749
2026-05-25 22:00:00,0.7175,0.71754,0.71746,0.71749
2026-05-25 22:15:00,0.71749,0.71755,0.71748,0.71754
2026-05-25 22:30:00,0.71754,0.71762,0.71751,0.71755
2026-05-25 22:45:00,0.71754,0.7176,0.71753,0.71754
2026-05-25 23:00:00,0.71756,0.71763,0.71754,0.71758
2026-05-25 23:15:00,0.71758,0.71763,0.71751,0.71756
2026-05-25 23:30:00,0.71756,0.71762,0.71733,0.71744
2026-05-25 23:45:00,0.71746,0.71752,0.71737,0.71737
2026-05-26 00:00:00,0.71689,0.7169,0.71628,0.7169
2026-05-26 00:15:00,0.7169,0.71704,0.71687,0.71688
2026-05-26 00:30:00,0.71688,0.71706,0.71674,0.7168
2026-05-26 00:45:00,0.71681,0.71716,0.71679,0.71695
2026-05-26 01:00:00,0.7169,0.71737,0.7169,0.71732
2026-05-26 01:15:00,0.71733,0.71734,0.71712,0.71726
2026-05-26 01:30:00,0.71728,0.71731,0.71718,0.71727
2026-05-26 01:45:00,0.71727,0.71745,0.71727,0.71734
2026-05-26 02:00:00,0.71734,0.71755,0.71733,0.71742
2026-05-26 02:15:00,0.71741,0.71753,0.71732,0.71733
2026-05-26 02:30:00,0.71733,0.71733,0.71697,0.71702
2026-05-26 02:45:00,0.71703,0.71722,0.71674,0.71677
2026-05-26 03:00:00,0.71678,0.71706,0.71656,0.71684
2026-05-26 03:15:00,0.71687,0.71691,0.71637,0.71675
2026-05-26 03:30:00,0.71676,0.71696,0.71667,0.71677
2026-05-26 03:45:00,0.71676,0.71705,0.71663,0.71701
2026-05-26 04:00:00,0.71701,0.71711,0.71648,0.71683
2026-05-26 04:15:00,0.71683,0.71694,0.7164,0.71679
2026-05-26 04:30:00,0.7168,0.71687,0.71612,0.71632
2026-05-26 04:45:00,0.71633,0.71674,0.71628,0.71649
2026-05-26 05:00:00,0.71648,0.71668,0.71635,0.71637
2026-05-26 05:15:00,0.71638,0.71665,0.71636,0.71656
2026-05-26 05:30:00,0.71657,0.71665,0.71622,0.71622
2026-05-26 05:45:00,0.71623,0.71664,0.71621,0.71657
2026-05-26 06:00:00,0.71658,0.71699,0.71653,0.71681
2026-05-26 06:15:00,0.7168,0.71723,0.71675,0.71695
2026-05-26 06:30:00,0.71696,0.71711,0.71689,0.71707
2026-05-26 06:45:00,0.71703,0.71709,0.71695,0.71706
2026-05-26 07:00:00,0.71707,0.71714,0.71672,0.7171
2026-05-26 07:15:00,0.71709,0.7171,0.7168,0.71682
2026-05-26 07:30:00,0.71681,0.71682,0.71622,0.7163
2026-05-26 07:45:00,0.71629,0.71639,0.71606,0.71606
2026-05-26 08:00:00,0.71605,0.7161,0.71563,0.71582
2026-05-26 08:15:00,0.71581,0.71601,0.71579,0.71599
2026-05-26 08:30:00,0.71598,0.71614,0.71589,0.71601
2026-05-26 08:45:00,0.71601,0.71605,0.71584,0.71592
2026-05-26 09:00:00,0.71593,0.71629,0.71582,0.71625
2026-05-26 09:15:00,0.71624,0.71688,0.71609,0.71643
2026-05-26 09:30:00,0.71644,0.71679,0.71629,0.71674
2026-05-26 09:45:00,0.71675,0.7168,0.71642,0.71649
2026-05-26 10:00:00,0.71652,0.71653,0.7155,0.7163
2026-05-26 10:15:00,0.7163,0.7163,0.71584,0.71594
2026-05-26 10:30:00,0.71594,0.7165,0.71565,0.71593
2026-05-26 10:45:00,0.71594,0.71639,0.71574,0.71634
2026-05-26 11:00:00,0.71635,0.71661,0.71598,0.71638
2026-05-26 11:15:00,0.71638,0.71669,0.71636,0.71655
2026-05-26 11:30:00,0.71654,0.71663,0.71621,0.71623
2026-05-26 11:45:00,0.71623,0.71646,0.71613,0.71634
2026-05-26 12:00:00,0.71634,0.71637,0.71589,0.71609
2026-05-26 12:15:00,0.71609,0.71638,0.716,0.71635
2026-05-26 12:30:00,0.71637,0.7165,0.71614,0.71617
2026-05-26 12:45:00,0.71617,0.7165,0.71616,0.71639
2026-05-26 13:00:00,0.71638,0.71639,0.71598,0.71629
2026-05-26 13:15:00,0.7163,0.71661,0.71622,0.71643
2026-05-26 13:30:00,0.71643,0.71671,0.71624,0.71654
2026-05-26 13:45:00,0.71654,0.71678,0.71634,0.71653
2026-05-26 14:00:00,0.71654,0.71685,0.71647,0.71675
2026-05-26 14:15:00,0.71675,0.71686,0.71663,0.7167
2026-05-26 14:30:00,0.71669,0.71685,0.71609,0.71627
2026-05-26 14:45:00,0.71628,0.7166,0.71617,0.7164
2026-05-26 15:00:00,0.71639,0.71657,0.71617,0.71642
2026-05-26 15:15:00,0.71642,0.71673,0.71637,0.71671
2026-05-26 15:30:00,0.71671,0.71685,0.71653,0.71668
2026-05-26 15:45:00,0.71668,0.71686,0.71657,0.71679
2026-05-26 16:00:00,0.71678,0.71699,0.71671,0.71696
2026-05-26 16:15:00,0.71695,0.71732,0.71688,0.71702
2026-05-26 16:30:00,0.71702,0.71733,0.7167,0.71715
2026-05-26 16:45:00,0.71716,0.71761,0.71625,0.71684
2026-05-26 17:00:00,0.71687,0.71736,0.71667,0.71711
2026-05-26 17:15:00,0.71711,0.71729,0.71661,0.71678
2026-05-26 17:30:00,0.71677,0.71724,0.71653,0.71687
2026-05-26 17:45:00,0.71686,0.71692,0.7165,0.71677
2026-05-26 18:00:00,0.71676,0.71679,0.71641,0.71667
2026-05-26 18:15:00,0.71666,0.71669,0.71608,0.71614
2026-05-26 18:30:00,0.71615,0.71629,0.7158,0.71605
2026-05-26 18:45:00,0.71605,0.71617,0.71589,0.71603
2026-05-26 19:00:00,0.71607,0.71642,0.71599,0.71634
2026-05-26 19:15:00,0.71633,0.71665,0.71633,0.71647
2026-05-26 19:30:00,0.71646,0.71666,0.71615,0.71628
2026-05-26 19:45:00,0.71627,0.71635,0.71607,0.71626
2026-05-26 20:00:00,0.71625,0.71641,0.71622,0.71633
2026-05-26 20:15:00,0.71634,0.71645,0.71629,0.71631
2026-05-26 20:30:00,0.71631,0.71643,0.71614,0.71614
2026-05-26 20:45:00,0.71614,0.71627,0.71607,0.7162
2026-05-26 21:00:00,0.7162,0.71652,0.71614,0.71648
2026-05-26 21:15:00,0.71649,0.71662,0.7164,0.71662
2026-05-26 21:30:00,0.71664,0.71677,0.71652,0.71663
2026-05-26 21:45:00,0.71664,0.71687,0.71663,0.71677
2026-05-26 22:00:00,0.71677,0.71678,0.7166,0.71663
2026-05-26 22:15:00,0.71662,0.71683,0.71659,0.71672
2026-05-26 22:30:00,0.71671,0.71692,0.71671,0.71691
2026-05-26 22:45:00,0.7169,0.71699,0.71678,0.71685
2026-05-26 23:00:00,0.71686,0.71696,0.71675,0.71678
2026-05-26 23:15:00,0.71681,0.71682,0.71673,0.71677
2026-05-26 23:30:00,0.71677,0.71684,0.71675,0.71676
2026-05-26 23:45:00,0.71676,0.71676,0.71652,0.71654
2026-05-27 00:00:00,0.71632,0.71673,0.71603,0.71653
2026-05-27 00:15:00,0.71653,0.71677,0.71636,0.71643
2026-05-27 00:30:00,0.71642,0.71657,0.71642,0.71652
2026-05-27 00:45:00,0.71652,0.71658,0.71645,0.71656
2026-05-27 01:00:00,0.71655,0.71676,0.71655,0.71666
2026-05-27 01:15:00,0.71666,0.71675,0.71665,0.71666
2026-05-27 01:30:00,0.71666,0.71676,0.71665,0.71671
2026-05-27 01:45:00,0.71671,0.71676,0.7166,0.71672
2026-05-27 02:00:00,0.71672,0.71684,0.71671,0.71677
2026-05-27 02:15:00,0.71678,0.71701,0.71676,0.71697
2026-05-27 02:30:00,0.71696,0.71732,0.71696,0.71732
2026-05-27 02:45:00,0.71732,0.71744,0.71701,0.71704
2026-05-27 03:00:00,0.71704,0.71721,0.71683,0.71711
2026-05-27 03:15:00,0.7171,0.71749,0.717,0.71747
2026-05-27 03:30:00,0.71746,0.71777,0.71743,0.71773
2026-05-27 03:45:00,0.71774,0.71793,0.71739,0.71754
2026-05-27 04:00:00,0.71753,0.71776,0.71743,0.71767
2026-05-27 04:15:00,0.71765,0.71784,0.71751,0.71763
2026-05-27 04:30:00,0.71764,0.71764,0.71554,0.71617
2026-05-27 04:45:00,0.71615,0.71617,0.71524,0.71564
2026-05-27 05:00:00,0.71564,0.71638,0.71549,0.71615
2026-05-27 05:15:00,0.71614,0.7162,0.71565,0.71571
2026-05-27 05:30:00,0.71571,0.71604,0.71567,0.71586
2026-05-27 05:45:00,0.71586,0.71653,0.71585,0.71616
2026-05-27 06:00:00,0.71616,0.71671,0.71613,0.71622
2026-05-27 06:15:00,0.71622,0.71631,0.71593,0.71613
2026-05-27 06:30:00,0.71613,0.71625,0.71576,0.7158
2026-05-27 06:45:00,0.71581,0.71605,0.71569,0.71596
2026-05-27 07:00:00,0.71595,0.71625,0.71574,0.71623
2026-05-27 07:15:00,0.71622,0.71632,0.71592,0.71594
2026-05-27 07:30:00,0.71594,0.7163,0.71587,0.7163
2026-05-27 07:45:00,0.71631,0.71636,0.716,0.71608
2026-05-27 08:00:00,0.71607,0.71624,0.7159,0.71617
2026-05-27 08:15:00,0.71617,0.71618,0.7159,0.71613
2026-05-27 08:30:00,0.71613,0.71621,0.71557,0.71573
2026-05-27 08:45:00,0.71573,0.71586,0.71543,0.71545
2026-05-27 09:00:00,0.71544,0.71558,0.71508,0.7151
2026-05-27 09:15:00,0.7151,0.71522,0.71465,0.71493
2026-05-27 09:30:00,0.71493,0.7153,0.71483,0.71526
2026-05-27 09:45:00,0.71525,0.7153,0.71458,0.71461
2026-05-27 10:00:00,0.71462,0.71499,0.71445,0.71462
2026-05-27 10:15:00,0.71462,0.71476,0.71425,0.71445
2026-05-27 10:30:00,0.71446,0.71454,0.71393,0.71415
2026-05-27 10:45:00,0.71416,0.71437,0.71373,0.7138
2026-05-27 11:00:00,0.71381,0.71412,0.71355,0.71368
2026-05-27 11:15:00,0.71369,0.71399,0.71354,0.71381
2026-05-27 11:30:00,0.71381,0.71397,0.71368,0.71393
2026-05-27 11:45:00,0.71392,0.7142,0.71383,0.71413
2026-05-27 12:00:00,0.71413,0.71421,0.71395,0.71413
2026-05-27 12:15:00,0.71415,0.71458,0.71415,0.71441
2026-05-27 12:30:00,0.71441,0.71454,0.71424,0.71427
2026-05-27 12:45:00,0.71429,0.71452,0.71414,0.71421
2026-05-27 13:00:00,0.7142,0.71445,0.71414,0.71427
2026-05-27 13:15:00,0.71428,0.71434,0.71383,0.71391
2026-05-27 13:30:00,0.71391,0.71409,0.71371,0.71378
2026-05-27 13:45:00,0.7138,0.71386,0.71318,0.71338
2026-05-27 14:00:00,0.71342,0.7136,0.71308,0.71341
2026-05-27 14:15:00,0.71342,0.71349,0.71305,0.71305
2026-05-27 14:30:00,0.71305,0.71329,0.71285,0.71328
2026-05-27 14:45:00,0.71327,0.7133,0.71296,0.71322
2026-05-27 15:00:00,0.71323,0.71328,0.71255,0.71255
2026-05-27 15:15:00,0.71256,0.71471,0.71235,0.71455
2026-05-27 15:30:00,0.71454,0.71493,0.71378,0.7139
2026-05-27 15:45:00,0.71389,0.71389,0.71318,0.71336
2026-05-27 16:00:00,0.71335,0.71388,0.71331,0.71348
2026-05-27 16:15:00,0.71348,0.71362,0.71308,0.71315
2026-05-27 16:30:00,0.71315,0.71376,0.71304,0.71336
2026-05-27 16:45:00,0.71337,0.71376,0.71313,0.71373
2026-05-27 17:00:00,0.71375,0.71387,0.71323,0.71373
2026-05-27 17:15:00,0.71372,0.71421,0.71335,0.71358
2026-05-27 17:30:00,0.71357,0.71385,0.71277,0.71358
2026-05-27 17:45:00,0.71357,0.71391,0.71244,0.7127
2026-05-27 18:00:00,0.71269,0.71361,0.71258,0.71354
2026-05-27 18:15:00,0.71355,0.71377,0.71341,0.71369
2026-05-27 18:30:00,0.71371,0.71392,0.71331,0.71334
2026-05-27 18:45:00,0.71334,0.71362,0.71305,0.71352
2026-05-27 19:00:00,0.71353,0.71366,0.71312,0.71359
2026-05-27 19:15:00,0.71358,0.71394,0.71358,0.71374
2026-05-27 19:30:00,0.71375,0.71396,0.71362,0.71389
2026-05-27 19:45:00,0.7139,0.71405,0.71382,0.71387
2026-05-27 20:00:00,0.71388,0.71393,0.71317,0.7133
2026-05-27 20:15:00,0.71329,0.7135,0.71324,0.71329
2026-05-27 20:30:00,0.7133,0.7135,0.71327,0.71343
2026-05-27 20:45:00,0.71342,0.71368,0.7134,0.71352
2026-05-27 21:00:00,0.71351,0.71354,0.71331,0.71337
2026-05-27 21:15:00,0.71338,0.71365,0.7133,0.71364
2026-05-27 21:30:00,0.71364,0.71375,0.71348,0.71373
2026-05-27 21:45:00,0.71371,0.71395,0.71367,0.71388
2026-05-27 22:00:00,0.71387,0.7142,0.71378,0.71413
2026-05-27 22:15:00,0.71414,0.71418,0.71395,0.714
2026-05-27 22:30:00,0.71399,0.71419,0.7139,0.71407
2026-05-27 22:45:00,0.71406,0.71417,0.71398,0.71415
2026-05-27 23:00:00,0.71415,0.71424,0.71412,0.71421
2026-05-27 23:15:00,0.7142,0.71424,0.71415,0.71415
2026-05-27 23:30:00,0.71416,0.7142,0.71403,0.7141
2026-05-27 23:45:00,0.71409,0.71414,0.71398,0.71401
2026-05-28 00:00:00,0.71326,0.71357,0.71317,0.71357
2026-05-28 00:15:00,0.71352,0.71379,0.71352,0.71353
2026-05-28 00:30:00,0.71353,0.71398,0.71327,0.71385
2026-05-28 00:45:00,0.71378,0.71388,0.71338,0.71368
2026-05-28 01:00:00,0.71362,0.71426,0.71362,0.71423
2026-05-28 01:15:00,0.71423,0.71429,0.71416,0.71416
2026-05-28 01:30:00,0.71415,0.71421,0.71406,0.71415
2026-05-28 01:45:00,0.71417,0.71422,0.71407,0.71416
2026-05-28 02:00:00,0.71416,0.71429,0.71412,0.71427
2026-05-28 02:15:00,0.71427,0.71443,0.71379,0.71391
2026-05-28 02:30:00,0.71389,0.71397,0.71353,0.71367
2026-05-28 02:45:00,0.71368,0.7137,0.71321,0.71327
2026-05-28 03:00:00,0.71325,0.71328,0.71296,0.71307
2026-05-28 03:15:00,0.71306,0.71354,0.71303,0.71338
2026-05-28 03:30:00,0.71338,0.71338,0.71279,0.71291
2026-05-28 03:45:00,0.71291,0.71318,0.7128,0.71313
2026-05-28 04:00:00,0.71312,0.71329,0.71294,0.71299
2026-05-28 04:15:00,0.71299,0.71307,0.71248,0.71255
2026-05-28 04:30:00,0.71255,0.71259,0.71198,0.71216
2026-05-28 04:45:00,0.71217,0.71228,0.71176,0.71189
2026-05-28 05:00:00,0.71189,0.71231,0.71181,0.71229
2026-05-28 05:15:00,0.71229,0.71243,0.71217,0.7124
2026-05-28 05:30:00,0.7124,0.71255,0.7121,0.71218
2026-05-28 05:45:00,0.71218,0.71243,0.71192,0.71242
2026-05-28 06:00:00,0.71241,0.71278,0.7117,0.71179
2026-05-28 06:15:00,0.71178,0.7118,0.71108,0.71122
2026-05-28 06:30:00,0.71121,0.71122,0.71026,0.71035
2026-05-28 06:45:00,0.71034,0.71052,0.7099,0.71016
2026-05-28 07:00:00,0.71016,0.7104,0.70975,0.71036
2026-05-28 07:15:00,0.71037,0.71046,0.70987,0.71
2026-05-28 07:30:00,0.70999,0.71033,0.70997,0.71024
2026-05-28 07:45:00,0.71023,0.71049,0.7101,0.71041
2026-05-28 08:00:00,0.71041,0.71073,0.71015,0.71067
2026-05-28 08:15:00,0.71066,0.71139,0.71055,0.71132
2026-05-28 08:30:00,0.71133,0.71186,0.71131,0.71145
2026-05-28 08:45:00,0.71146,0.71203,0.71146,0.71161
2026-05-28 09:00:00,0.71161,0.71217,0.71155,0.7121
2026-05-28 09:15:00,0.7121,0.71259,0.71202,0.71223
2026-05-28 09:30:00,0.71224,0.71239,0.71203,0.71221
2026-05-28 09:45:00,0.71221,0.71232,0.71193,0.712
2026-05-28 10:00:00,0.71201,0.71257,0.71201,0.71251
2026-05-28 10:15:00,0.71251,0.7127,0.71212,0.71214
2026-05-28 10:30:00,0.71214,0.71238,0.71176,0.71201
2026-05-28 10:45:00,0.71202,0.71227,0.71196,0.71215
2026-05-28 11:00:00,0.71217,0.71236,0.71186,0.71198
2026-05-28 11:15:00,0.71196,0.71197,0.71136,0.71155
2026-05-28 11:30:00,0.71153,0.71173,0.71151,0.71154
2026-05-28 11:45:00,0.71155,0.7119,0.71154,0.71172
2026-05-28 12:00:00,0.71172,0.71208,0.71164,0.71207
2026-05-28 12:15:00,0.71207,0.71243,0.71203,0.71226
2026-05-28 12:30:00,0.71227,0.71227,0.71187,0.71206
2026-05-28 12:45:00,0.71206,0.71225,0.71192,0.71202
2026-05-28 13:00:00,0.71201,0.71223,0.71176,0.71208
2026-05-28 13:15:00,0.71208,0.71231,0.71185,0.712
2026-05-28 13:30:00,0.712,0.71201,0.7112,0.71125
2026-05-28 13:45:00,0.71125,0.71169,0.7108,0.71118
2026-05-28 14:00:00,0.71114,0.71159,0.71114,0.71152
2026-05-28 14:15:00,0.71151,0.71173,0.71147,0.7117
2026-05-28 14:30:00,0.71169,0.71178,0.71157,0.71171
2026-05-28 14:45:00,0.71172,0.71188,0.71151,0.71178
2026-05-28 15:00:00,0.71177,0.71211,0.71174,0.71209
2026-05-28 15:15:00,0.71208,0.7122,0.71191,0.712
2026-05-28 15:30:00,0.71204,0.713,0.712,0.71286
2026-05-28 15:45:00,0.71293,0.71329,0.71281,0.71303
2026-05-28 16:00:00,0.71321,0.71361,0.71263,0.71265
2026-05-28 16:15:00,0.71266,0.71305,0.71262,0.71278
2026-05-28 16:30:00,0.71279,0.71299,0.71262,0.71282
2026-05-28 16:45:00,0.71279,0.71313,0.71252,0.71272
2026-05-28 17:00:00,0.71272,0.71535,0.7125,0.71478
2026-05-28 17:15:00,0.71479,0.71538,0.71414,0.71536
2026-05-28 17:30:00,0.71537,0.71556,0.71445,0.71521
2026-05-28 17:45:00,0.71522,0.71548,0.71426,0.7148
2026-05-28 18:00:00,0.71482,0.71606,0.71482,0.71589
2026-05-28 18:15:00,0.71589,0.71607,0.71567,0.71585
2026-05-28 18:30:00,0.71584,0.71617,0.7157,0.71592
2026-05-28 18:45:00,0.71589,0.71602,0.71573,0.71577
2026-05-28 19:00:00,0.71576,0.71624,0.71561,0.71617
2026-05-28 19:15:00,0.71617,0.71694,0.71606,0.71678
2026-05-28 19:30:00,0.71679,0.71679,0.71644,0.71658
2026-05-28 19:45:00,0.7166,0.71687,0.71644,0.71679
2026-05-28 20:00:00,0.71681,0.71685,0.71647,0.71656
2026-05-28 20:15:00,0.71655,0.71661,0.71637,0.71639
2026-05-28 20:30:00,0.7164,0.71668,0.7164,0.71651
2026-05-28 20:45:00,0.71651,0.71664,0.71646,0.7165
2026-05-28 21:00:00,0.71649,0.71672,0.71636,0.71648
2026-05-28 21:15:00,0.71648,0.71676,0.71615,0.7162
2026-05-28 21:30:00,0.7162,0.71621,0.71601,0.71613
2026-05-28 21:45:00,0.71613,0.71643,0.71606,0.71628
2026-05-28 22:00:00,0.71626,0.71637,0.71613,0.71617
2026-05-28 22:15:00,0.71618,0.71643,0.71617,0.71641
2026-05-28 22:30:00,0.71642,0.71662,0.71642,0.71646
2026-05-28 22:45:00,0.71646,0.71656,0.71612,0.71615
2026-05-28 23:00:00,0.71614,0.7163,0.71608,0.71626
2026-05-28 23:15:00,0.71627,0.71632,0.7161,0.71617
2026-05-28 23:30:00,0.71616,0.71623,0.71615,0.71619
2026-05-28 23:45:00,0.71623,0.71625,0.7161,0.71611
2026-05-29 00:00:00,0.71603,0.71603,0.7155,0.71581
2026-05-29 00:15:00,0.71577,0.71586,0.71567,0.71582
2026-05-29 00:30:00,0.71582,0.71602,0.71582,0.71591
2026-05-29 00:45:00,0.71591,0.7163,0.71586,0.71628
2026-05-29 01:00:00,0.71626,0.71658,0.71604,0.71637
2026-05-29 01:15:00,0.71635,0.71635,0.7163,0.71633
2026-05-29 01:30:00,0.71631,0.71634,0.71622,0.71629
2026-05-29 01:45:00,0.7163,0.71635,0.71621,0.71624
2026-05-29 02:00:00,0.71624,0.71649,0.71624,0.71638
2026-05-29 02:15:00,0.71637,0.71642,0.71625,0.71628
2026-05-29 02:30:00,0.71625,0.71648,0.71615,0.71631
2026-05-29 02:45:00,0.71631,0.71633,0.7161,0.71628
2026-05-29 03:00:00,0.71629,0.71652,0.71619,0.71634
2026-05-29 03:15:00,0.71633,0.7167,0.71625,0.71648
2026-05-29 03:30:00,0.71647,0.71648,0.71583,0.716
2026-05-29 03:45:00,0.71599,0.71612,0.71583,0.716
2026-05-29 04:00:00,0.71601,0.71632,0.71562,0.71631
2026-05-29 04:15:00,0.71632,0.71653,0.71626,0.71627
2026-05-29 04:30:00,0.71625,0.71643,0.71612,0.71635
2026-05-29 04:45:00,0.71634,0.71634,0.71594,0.71605
2026-05-29 05:00:00,0.71604,0.71617,0.71581,0.71596
2026-05-29 05:15:00,0.71595,0.71597,0.7156,0.71562
2026-05-29 05:30:00,0.71562,0.71615,0.71562,0.71609
2026-05-29 05:45:00,0.7161,0.71632,0.71565,0.71572
2026-05-29 06:00:00,0.71574,0.71575,0.71538,0.71549
2026-05-29 06:15:00,0.7155,0.71569,0.71544,0.71552
2026-05-29 06:30:00,0.71552,0.71567,0.71539,0.71552
2026-05-29 06:45:00,0.71553,0.71556,0.7153,0.71542
2026-05-29 07:00:00,0.71545,0.71575,0.71542,0.7156
2026-05-29 07:15:00,0.71559,0.71582,0.71553,0.71572
2026-05-29 07:30:00,0.71572,0.7162,0.71566,0.71615
2026-05-29 07:45:00,0.71616,0.71635,0.71606,0.71631
2026-05-29 08:00:00,0.71632,0.71657,0.71626,0.71651
2026-05-29 08:15:00,0.7165,0.7166,0.71641,0.71649
2026-05-29 08:30:00,0.71649,0.7167,0.71628,0.71629
2026-05-29 08:45:00,0.71629,0.71643,0.7162,0.71631
2026-05-29 09:00:00,0.7163,0.7167,0.71624,0.7166
2026-05-29 09:15:00,0.7166,0.71661,0.71589,0.71604
2026-05-29 09:30:00,0.71605,0.71632,0.71567,0.71586
2026-05-29 09:45:00,0.71585,0.71625,0.71575,0.71606
2026-05-29 10:00:00,0.71606,0.71614,0.71579,0.71608
2026-05-29 10:15:00,0.71608,0.71643,0.71579,0.71588
2026-05-29 10:30:00,0.71587,0.71598,0.7152,0.7158
2026-05-29 10:45:00,0.7158,0.71615,0.71567,0.71605
2026-05-29 11:00:00,0.71604,0.71604,0.71535,0.71539
2026-05-29 11:15:00,0.7154,0.71565,0.71539,0.71553
2026-05-29 11:30:00,0.71555,0.71561,0.71524,0.71533
2026-05-29 11:45:00,0.71533,0.71534,0.71489,0.71526
2026-05-29 12:00:00,0.71527,0.71553,0.71507,0.71551
2026-05-29 12:15:00,0.71551,0.71572,0.71532,0.71546
2026-05-29 12:30:00,0.71546,0.71551,0.71509,0.7153
2026-05-29 12:45:00,0.71529,0.71559,0.71525,0.71552
2026-05-29 13:00:00,0.71551,0.71567,0.71523,0.71563
2026-05-29 13:15:00,0.71562,0.71569,0.71539,0.71553
2026-05-29 13:30:00,0.71554,0.71568,0.71545,0.71553
2026-05-29 13:45:00,0.71552,0.71581,0.71545,0.71575
2026-05-29 14:00:00,0.71574,0.71597,0.71571,0.71592
2026-05-29 14:15:00,0.71591,0.71609,0.71586,0.71607
2026-05-29 14:30:00,0.71606,0.7166,0.71593,0.7165
2026-05-29 14:45:00,0.71651,0.71697,0.71629,0.71696
2026-05-29 15:00:00,0.71696,0.71746,0.71672,0.71735
2026-05-29 15:15:00,0.71734,0.71749,0.71709,0.71735
2026-05-29 15:30:00,0.71736,0.71744,0.71701,0.71731
2026-05-29 15:45:00,0.7173,0.7179,0.71719,0.71788
2026-05-29 16:00:00,0.71791,0.7181,0.71777,0.71787
2026-05-29 16:15:00,0.71788,0.71834,0.7178,0.71833
2026-05-29 16:30:00,0.71832,0.71883,0.71817,0.7187
2026-05-29 16:45:00,0.71871,0.71901,0.7184,0.71876
2026-05-29 17:00:00,0.71878,0.71892,0.71831,0.71833
2026-05-29 17:15:00,0.71832,0.7185,0.71803,0.71822
2026-05-29 17:30:00,0.71822,0.71831,0.71755,0.71824
2026-05-29 17:45:00,0.71824,0.71977,0.71793,0.71939
2026-05-29 18:00:00,0.71939,0.72003,0.71914,0.71977
2026-05-29 18:15:00,0.71976,0.71978,0.71892,0.71916
2026-05-29 18:30:00,0.71917,0.71956,0.71886,0.71902
