datetime,open,high,low,close
2026-04-30 18:30:00,0.56185,0.56212,0.56163,0.56196
2026-04-30 18:45:00,0.56195,0.5622,0.56181,0.562
2026-04-30 19:00:00,0.56199,0.56247,0.56194,0.56199
2026-04-30 19:15:00,0.56199,0.56205,0.56166,0.56176
2026-04-30 19:30:00,0.56177,0.56213,0.56174,0.562
2026-04-30 19:45:00,0.56201,0.56223,0.5619,0.562
2026-04-30 20:00:00,0.562,0.56221,0.56184,0.56187
2026-04-30 20:15:00,0.56187,0.56207,0.56175,0.56176
2026-04-30 20:30:00,0.56177,0.56213,0.56175,0.5621
2026-04-30 20:45:00,0.56209,0.56217,0.5619,0.562
2026-04-30 21:00:00,0.56201,0.56249,0.56201,0.56245
2026-04-30 21:15:00,0.56244,0.56246,0.56213,0.5622
2026-04-30 21:30:00,0.56221,0.56233,0.5622,0.56229
2026-04-30 21:45:00,0.56229,0.56248,0.56228,0.56237
2026-04-30 22:00:00,0.56235,0.56237,0.56216,0.56218
2026-04-30 22:15:00,0.56217,0.56258,0.56215,0.56247
2026-04-30 22:30:00,0.56248,0.56253,0.5624,0.56248
2026-04-30 22:45:00,0.56247,0.56254,0.56238,0.56238
2026-04-30 23:00:00,0.56238,0.56247,0.5623,0.56235
2026-04-30 23:15:00,0.56236,0.56251,0.56228,0.56246
2026-04-30 23:30:00,0.56244,0.56273,0.56236,0.56261
2026-04-30 23:45:00,0.56259,0.56276,0.56255,0.56256
2026-05-01 00:00:00,0.5617,0.56285,0.56142,0.56257
2026-05-01 00:15:00,0.56259,0.5626,0.56239,0.56246
2026-05-01 00:30:00,0.56245,0.56247,0.56171,0.56187
2026-05-01 00:45:00,0.56183,0.56221,0.56179,0.56188
2026-05-01 01:00:00,0.56195,0.56287,0.56195,0.56283
2026-05-01 01:15:00,0.56283,0.56287,0.56275,0.56279
2026-05-01 01:30:00,0.56279,0.56279,0.56261,0.56263
2026-05-01 01:45:00,0.56264,0.56268,0.56255,0.56259
2026-05-01 02:00:00,0.5626,0.5628,0.56256,0.5628
2026-05-01 02:15:00,0.56279,0.56279,0.56268,0.56277
2026-05-01 02:30:00,0.56278,0.56301,0.56277,0.56296
2026-05-01 02:45:00,0.56295,0.56306,0.5628,0.56282
2026-05-01 03:00:00,0.56283,0.56297,0.56251,0.56262
2026-05-01 03:15:00,0.56263,0.56276,0.56261,0.56271
2026-05-01 03:30:00,0.56271,0.56272,0.56241,0.56265
2026-05-01 03:45:00,0.56267,0.56283,0.5626,0.5628
2026-05-01 04:00:00,0.56281,0.56293,0.56263,0.56288
2026-05-01 04:15:00,0.56288,0.56289,0.56263,0.5627
2026-05-01 04:30:00,0.5627,0.56282,0.56261,0.56274
2026-05-01 04:45:00,0.56275,0.56297,0.56272,0.56282
2026-05-01 05:00:00,0.56282,0.56291,0.56267,0.5628
2026-05-01 05:15:00,0.56279,0.56284,0.5627,0.56279
2026-05-01 05:30:00,0.5628,0.56281,0.56252,0.5626
2026-05-01 05:45:00,0.5626,0.56264,0.56246,0.56257
2026-05-01 06:00:00,0.56258,0.56266,0.56252,0.56259
2026-05-01 06:15:00,0.56259,0.56276,0.56252,0.56272
2026-05-01 06:30:00,0.56272,0.56275,0.56242,0.56244
2026-05-01 06:45:00,0.56244,0.56246,0.56229,0.56237
2026-05-01 07:00:00,0.56237,0.5624,0.56214,0.5622
2026-05-01 07:15:00,0.5622,0.56232,0.56218,0.56232
2026-05-01 07:30:00,0.56231,0.56241,0.56225,0.56233
2026-05-01 07:45:00,0.56232,0.56252,0.56232,0.56246
2026-05-01 08:00:00,0.56245,0.56268,0.56244,0.56267
2026-05-01 08:15:00,0.56267,0.56283,0.5625,0.56282
2026-05-01 08:30:00,0.56282,0.56288,0.5627,0.56286
2026-05-01 08:45:00,0.56286,0.5629,0.56261,0.56267
2026-05-01 09:00:00,0.56267,0.56298,0.5626,0.56282
2026-05-01 09:15:00,0.56282,0.56297,0.56274,0.56284
2026-05-01 09:30:00,0.56286,0.5629,0.56248,0.56258
2026-05-01 09:45:00,0.56259,0.5626,0.56124,0.56188
2026-05-01 10:00:00,0.56189,0.56273,0.56189,0.56271
2026-05-01 10:15:00,0.56271,0.5628,0.56233,0.56254
2026-05-01 10:30:00,0.56254,0.56257,0.56228,0.56255
2026-05-01 10:45:00,0.56255,0.56267,0.56241,0.56253
2026-05-01 11:00:00,0.56256,0.56259,0.56234,0.56237
2026-05-01 11:15:00,0.56236,0.56241,0.56195,0.56206
2026-05-01 11:30:00,0.56205,0.56231,0.56196,0.56217
2026-05-01 11:45:00,0.56216,0.56225,0.56182,0.56184
2026-05-01 12:00:00,0.56185,0.56218,0.56178,0.56197
2026-05-01 12:15:00,0.56196,0.56203,0.5618,0.56191
2026-05-01 12:30:00,0.56191,0.56197,0.56175,0.56182
2026-05-01 12:45:00,0.56184,0.56194,0.5613,0.56151
2026-05-01 13:00:00,0.56151,0.56175,0.56146,0.56148
2026-05-01 13:15:00,0.56148,0.56154,0.56135,0.56143
2026-05-01 13:30:00,0.56143,0.56157,0.5614,0.56155
2026-05-01 13:45:00,0.56156,0.56161,0.56134,0.56137
2026-05-01 14:00:00,0.56137,0.56165,0.56134,0.5616
2026-05-01 14:15:00,0.56159,0.56175,0.56143,0.56154
2026-05-01 14:30:00,0.56153,0.56177,0.5615,0.56174
2026-05-01 14:45:00,0.56172,0.56173,0.56155,0.56168
2026-05-01 15:00:00,0.56167,0.56189,0.56162,0.56173
2026-05-01 15:15:00,0.56171,0.56174,0.56131,0.56166
2026-05-01 15:30:00,0.56166,0.56182,0.56147,0.56176
2026-05-01 15:45:00,0.56177,0.56203,0.56176,0.56192
2026-05-01 16:00:00,0.56193,0.56234,0.56186,0.56231
2026-05-01 16:15:00,0.56231,0.56241,0.56216,0.5624
2026-05-01 16:30:00,0.56241,0.56252,0.56233,0.56245
2026-05-01 16:45:00,0.56245,0.5627,0.56238,0.56245
2026-05-01 17:00:00,0.56244,0.56267,0.56208,0.56228
2026-05-01 17:15:00,0.56227,0.56246,0.56208,0.5622
2026-05-01 17:30:00,0.56222,0.56244,0.56188,0.56242
2026-05-01 17:45:00,0.56241,0.56253,0.56203,0.56203
2026-05-01 18:00:00,0.56203,0.56255,0.56202,0.56245
2026-05-01 18:15:00,0.56245,0.56282,0.56239,0.56272
2026-05-01 18:30:00,0.56272,0.56278,0.56251,0.5626
2026-05-01 18:45:00,0.56261,0.56282,0.56256,0.56263
2026-05-01 19:00:00,0.56264,0.56276,0.56254,0.5626
2026-05-01 19:15:00,0.5626,0.56276,0.56255,0.56268
2026-05-01 19:30:00,0.56269,0.56285,0.56257,0.56272
2026-05-01 19:45:00,0.56273,0.56294,0.56264,0.56287
2026-05-01 20:00:00,0.56286,0.56301,0.56282,0.563
2026-05-01 20:15:00,0.56301,0.56313,0.56284,0.56299
2026-05-01 20:30:00,0.563,0.56309,0.56297,0.56303
2026-05-01 20:45:00,0.56302,0.56311,0.56292,0.56301
2026-05-01 21:00:00,0.563,0.56302,0.5627,0.56285
2026-05-01 21:15:00,0.56285,0.56303,0.56277,0.563
2026-05-01 21:30:00,0.56299,0.56304,0.56288,0.56297
2026-05-01 21:45:00,0.56297,0.56317,0.5629,0.56316
2026-05-01 22:00:00,0.56315,0.56326,0.5631,0.56315
2026-05-01 22:15:00,0.56316,0.56335,0.56315,0.56333
2026-05-01 22:30:00,0.56334,0.56336,0.56325,0.56332
2026-05-01 22:45:00,0.56331,0.56334,0.56318,0.56319
2026-05-01 23:00:00,0.56318,0.5632,0.56312,0.56314
2026-05-01 23:15:00,0.56313,0.56326,0.56308,0.5631
2026-05-01 23:30:00,0.56309,0.5631,0.56282,0.56294
2026-05-01 23:45:00,0.56293,0.56322,0.56273,0.56288
2026-05-04 00:00:00,0.56204,0.56308,0.56058,0.56303
2026-05-04 00:15:00,0.56303,0.56332,0.5628,0.56322
2026-05-04 00:30:00,0.56322,0.56333,0.5622,0.56248
2026-05-04 00:45:00,0.56263,0.56349,0.56254,0.5632
2026-05-04 01:00:00,0.5632,0.56381,0.56304,0.56345
2026-05-04 01:15:00,0.56347,0.56352,0.56329,0.56329
2026-05-04 01:30:00,0.56329,0.56338,0.563,0.56329
2026-05-04 01:45:00,0.56329,0.56336,0.56328,0.56329
2026-05-04 02:00:00,0.56329,0.56334,0.56318,0.56327
2026-05-04 02:15:00,0.56328,0.56329,0.56312,0.56329
2026-05-04 02:30:00,0.56329,0.56331,0.56326,0.56329
2026-05-04 02:45:00,0.56329,0.5633,0.5632,0.56328
2026-05-04 03:00:00,0.56327,0.56337,0.56309,0.56334
2026-05-04 03:15:00,0.56334,0.56344,0.56318,0.56329
2026-05-04 03:30:00,0.56329,0.56341,0.56327,0.5633
2026-05-04 03:45:00,0.5633,0.56337,0.56298,0.563
2026-05-04 04:00:00,0.56299,0.56325,0.56287,0.56304
2026-05-04 04:15:00,0.56305,0.56319,0.56284,0.56299
2026-05-04 04:30:00,0.56298,0.56329,0.56297,0.56315
2026-05-04 04:45:00,0.56315,0.56327,0.56304,0.56317
2026-05-04 05:00:00,0.56318,0.56326,0.56297,0.56301
2026-05-04 05:15:00,0.563,0.56301,0.5627,0.56275
2026-05-04 05:30:00,0.56274,0.56294,0.5627,0.56288
2026-05-04 05:45:00,0.56288,0.56315,0.56288,0.56294
2026-05-04 06:00:00,0.56294,0.5631,0.5629,0.56298
2026-05-04 06:15:00,0.56298,0.56308,0.56289,0.56293
2026-05-04 06:30:00,0.56292,0.56306,0.56291,0.56303
2026-05-04 06:45:00,0.56302,0.56316,0.56275,0.56288
2026-05-04 07:00:00,0.56288,0.56295,0.56277,0.56282
2026-05-04 07:15:00,0.56281,0.56302,0.5628,0.56294
2026-05-04 07:30:00,0.56292,0.56301,0.56285,0.56299
2026-05-04 07:45:00,0.563,0.56301,0.56284,0.56288
2026-05-04 08:00:00,0.56288,0.56292,0.56281,0.56287
2026-05-04 08:15:00,0.56288,0.5629,0.56266,0.56269
2026-05-04 08:30:00,0.5627,0.56279,0.56252,0.56275
2026-05-04 08:45:00,0.56275,0.56277,0.56263,0.56277
2026-05-04 09:00:00,0.56277,0.5628,0.56257,0.56276
2026-05-04 09:15:00,0.56275,0.56282,0.56258,0.56274
2026-05-04 09:30:00,0.56275,0.56277,0.5623,0.56231
2026-05-04 09:45:00,0.56231,0.5624,0.56209,0.56239
2026-05-04 10:00:00,0.56238,0.56242,0.56221,0.56229
2026-05-04 10:15:00,0.56229,0.56267,0.56224,0.56258
2026-05-04 10:30:00,0.56257,0.56275,0.56242,0.56272
2026-05-04 10:45:00,0.56273,0.56309,0.56264,0.5629
2026-05-04 11:00:00,0.5629,0.56314,0.56284,0.56309
2026-05-04 11:15:00,0.56308,0.56352,0.56294,0.56344
2026-05-04 11:30:00,0.56344,0.56359,0.56316,0.56329
2026-05-04 11:45:00,0.56329,0.56333,0.56293,0.56297
2026-05-04 12:00:00,0.56297,0.56328,0.56289,0.56315
2026-05-04 12:15:00,0.56316,0.56342,0.56307,0.56336
2026-05-04 12:30:00,0.56336,0.56345,0.56329,0.56343
2026-05-04 12:45:00,0.56342,0.56362,0.56337,0.56356
2026-05-04 13:00:00,0.56356,0.56365,0.56215,0.56238
2026-05-04 13:15:00,0.56239,0.563,0.56232,0.56283
2026-05-04 13:30:00,0.56282,0.56325,0.56264,0.56303
2026-05-04 13:45:00,0.56302,0.56316,0.56296,0.56311
2026-05-04 14:00:00,0.56313,0.5633,0.5629,0.56305
2026-05-04 14:15:00,0.56305,0.56315,0.56281,0.56292
2026-05-04 14:30:00,0.56292,0.56302,0.5628,0.56299
2026-05-04 14:45:00,0.56299,0.56304,0.56283,0.56299
2026-05-04 15:00:00,0.56299,0.56328,0.56294,0.56318
2026-05-04 15:15:00,0.56318,0.56332,0.56307,0.56326
2026-05-04 15:30:00,0.56326,0.56326,0.5629,0.56302
2026-05-04 15:45:00,0.56301,0.56318,0.5629,0.56292
2026-05-04 16:00:00,0.56294,0.56313,0.56226,0.56262
2026-05-04 16:15:00,0.56262,0.56268,0.56222,0.56232
2026-05-04 16:30:00,0.56232,0.5627,0.5623,0.56254
2026-05-04 16:45:00,0.56253,0.56267,0.56224,0.56238
2026-05-04 17:00:00,0.56237,0.56263,0.56231,0.56257
2026-05-04 17:15:00,0.56257,0.56262,0.56226,0.56232
2026-05-04 17:30:00,0.56232,0.56268,0.56232,0.56253
2026-05-04 17:45:00,0.56253,0.56272,0.56223,0.56223
2026-05-04 18:00:00,0.56224,0.5624,0.56195,0.56198
2026-05-04 18:15:00,0.56197,0.56208,0.56152,0.56189
2026-05-04 18:30:00,0.5619,0.56195,0.5613,0.56147
2026-05-04 18:45:00,0.56147,0.56157,0.5613,0.56142
2026-05-04 19:00:00,0.56142,0.56147,0.56093,0.56109
2026-05-04 19:15:00,0.56108,0.56157,0.56103,0.56153
2026-05-04 19:30:00,0.56154,0.56175,0.56152,0.56171
2026-05-04 19:45:00,0.56172,0.5618,0.5616,0.56163
2026-05-04 20:00:00,0.56163,0.56209,0.56162,0.56206
2026-05-04 20:15:00,0.56205,0.56214,0.5618,0.56186
2026-05-04 20:30:00,0.56185,0.56191,0.56161,0.56171
2026-05-04 20:45:00,0.56172,0.56183,0.56167,0.56176
2026-05-04 21:00:00,0.56174,0.56186,0.56171,0.56174
2026-05-04 21:15:00,0.56173,0.56182,0.56164,0.56177
2026-05-04 21:30:00,0.56177,0.5619,0.56169,0.56175
2026-05-04 21:45:00,0.56174,0.56182,0.56169,0.56174
2026-05-04 22:00:00,0.56175,0.56189,0.56162,0.56186
2026-05-04 22:15:00,0.56186,0.56191,0.56172,0.56181
2026-05-04 22:30:00,0.56181,0.56199,0.56181,0.5619
2026-05-04 22:45:00,0.56191,0.56205,0.56181,0.56199
2026-05-04 23:00:00,0.562,0.56205,0.56187,0.56194
2026-05-04 23:15:00,0.56194,0.56204,0.56185,0.56185
2026-05-04 23:30:00,0.56186,0.56188,0.56178,0.56184
2026-05-04 23:45:00,0.56184,0.56186,0.56164,0.5617
2026-05-05 00:00:00,0.56129,0.56209,0.56092,0.56209
2026-05-05 00:15:00,0.56209,0.56209,0.56171,0.56175
2026-05-05 00:30:00,0.56176,0.5618,0.56144,0.56149
2026-05-05 00:45:00,0.56154,0.562,0.56149,0.56193
2026-05-05 01:00:00,0.56145,0.56197,0.56145,0.56189
2026-05-05 01:15:00,0.56189,0.56192,0.5618,0.56183
2026-05-05 01:30:00,0.56184,0.56194,0.56182,0.56193
2026-05-05 01:45:00,0.56194,0.56198,0.56189,0.56195
2026-05-05 02:00:00,0.56195,0.56202,0.56194,0.56196
2026-05-05 02:15:00,0.56199,0.562,0.56194,0.56196
2026-05-05 02:30:00,0.56195,0.56198,0.56192,0.56196
2026-05-05 02:45:00,0.56196,0.56203,0.56188,0.56191
2026-05-05 03:00:00,0.56192,0.56223,0.56189,0.56202
2026-05-05 03:15:00,0.56202,0.56202,0.56161,0.56163
2026-05-05 03:30:00,0.56163,0.56167,0.56151,0.56159
2026-05-05 03:45:00,0.56161,0.5617,0.56158,0.56161
2026-05-05 04:00:00,0.5616,0.56161,0.56138,0.5615
2026-05-05 04:15:00,0.5615,0.56154,0.56117,0.56132
2026-05-05 04:30:00,0.56134,0.56138,0.56111,0.56116
2026-05-05 04:45:00,0.56116,0.56134,0.56113,0.56117
2026-05-05 05:00:00,0.56118,0.56166,0.56114,0.56163
2026-05-05 05:15:00,0.56164,0.56174,0.56145,0.56146
2026-05-05 05:30:00,0.56147,0.56159,0.56139,0.5614
2026-05-05 05:45:00,0.5614,0.56157,0.56131,0.56146
2026-05-05 06:00:00,0.56145,0.5615,0.56135,0.56143
2026-05-05 06:15:00,0.56143,0.56145,0.56119,0.56123
2026-05-05 06:30:00,0.56124,0.56124,0.56102,0.56114
2026-05-05 06:45:00,0.56114,0.56116,0.56089,0.56093
2026-05-05 07:00:00,0.56093,0.56113,0.56088,0.56101
2026-05-05 07:15:00,0.56102,0.56128,0.56092,0.56115
2026-05-05 07:30:00,0.56114,0.56231,0.56088,0.56184
2026-05-05 07:45:00,0.56185,0.56185,0.56117,0.56117
2026-05-05 08:00:00,0.56116,0.56131,0.56084,0.56084
2026-05-05 08:15:00,0.56084,0.56087,0.56038,0.56043
2026-05-05 08:30:00,0.56042,0.56053,0.55949,0.55964
2026-05-05 08:45:00,0.55964,0.56015,0.55963,0.55993
2026-05-05 09:00:00,0.55992,0.56049,0.5599,0.56016
2026-05-05 09:15:00,0.56016,0.56035,0.56,0.56029
2026-05-05 09:30:00,0.56029,0.5606,0.56024,0.56038
2026-05-05 09:45:00,0.5604,0.5604,0.56019,0.5602
2026-05-05 10:00:00,0.56022,0.56051,0.56009,0.56037
2026-05-05 10:15:00,0.56036,0.56045,0.5602,0.56043
2026-05-05 10:30:00,0.56045,0.56071,0.56041,0.56059
2026-05-05 10:45:00,0.56061,0.56072,0.56032,0.56038
2026-05-05 11:00:00,0.56036,0.56066,0.56027,0.56062
2026-05-05 11:15:00,0.5606,0.56091,0.56055,0.56081
2026-05-05 11:30:00,0.5608,0.56081,0.5605,0.56068
2026-05-05 11:45:00,0.56067,0.56094,0.56057,0.56075
2026-05-05 12:00:00,0.56074,0.56096,0.56068,0.56079
2026-05-05 12:15:00,0.56079,0.56091,0.56065,0.56075
2026-05-05 12:30:00,0.56075,0.56099,0.56075,0.56096
2026-05-05 12:45:00,0.56095,0.5612,0.56093,0.56105
2026-05-05 13:00:00,0.56105,0.56109,0.56085,0.56108
2026-05-05 13:15:00,0.56108,0.56129,0.56103,0.56125
2026-05-05 13:30:00,0.56125,0.56147,0.56121,0.56132
2026-05-05 13:45:00,0.56132,0.56141,0.56126,0.56135
2026-05-05 14:00:00,0.56135,0.56173,0.56129,0.56171
2026-05-05 14:15:00,0.56171,0.562,0.56166,0.56197
2026-05-05 14:30:00,0.56198,0.56216,0.56187,0.56215
2026-05-05 14:45:00,0.56214,0.56236,0.56202,0.56205
2026-05-05 15:00:00,0.56205,0.5623,0.5619,0.56219
2026-05-05 15:15:00,0.56219,0.56263,0.56204,0.56248
2026-05-05 15:30:00,0.56248,0.5625,0.56211,0.56216
2026-05-05 15:45:00,0.56217,0.56238,0.56211,0.56229
2026-05-05 16:00:00,0.56229,0.56254,0.56223,0.5623
2026-05-05 16:15:00,0.56229,0.56244,0.56225,0.56241
2026-05-05 16:30:00,0.56242,0.56248,0.56226,0.56241
2026-05-05 16:45:00,0.5624,0.56251,0.56227,0.56229
2026-05-05 17:00:00,0.56225,0.56264,0.56217,0.56218
2026-05-05 17:15:00,0.56217,0.56257,0.56208,0.5623
2026-05-05 17:30:00,0.56229,0.5624,0.56219,0.56232
2026-05-05 17:45:00,0.56231,0.56242,0.56189,0.56193
2026-05-05 18:00:00,0.56191,0.56239,0.56174,0.56235
2026-05-05 18:15:00,0.56235,0.5624,0.56211,0.56226
2026-05-05 18:30:00,0.56227,0.5624,0.56212,0.56235
2026-05-05 18:45:00,0.56236,0.56288,0.56227,0.56274
2026-05-05 19:00:00,0.56274,0.56274,0.56249,0.56266
2026-05-05 19:15:00,0.56265,0.56281,0.5625,0.56273
2026-05-05 19:30:00,0.56274,0.56277,0.56256,0.56258
2026-05-05 19:45:00,0.56258,0.56269,0.56253,0.56266
2026-05-05 20:00:00,0.56266,0.56279,0.56264,0.56267
2026-05-05 20:15:00,0.56267,0.56268,0.56251,0.56263
2026-05-05 20:30:00,0.56264,0.56266,0.56251,0.56254
2026-05-05 20:45:00,0.56254,0.56268,0.56248,0.5626
2026-05-05 21:00:00,0.56261,0.56273,0.56259,0.56267
2026-05-05 21:15:00,0.56267,0.56274,0.56259,0.56263
2026-05-05 21:30:00,0.56263,0.56281,0.56263,0.56265
2026-05-05 21:45:00,0.56266,0.56269,0.56251,0.5626
2026-05-05 22:00:00,0.5626,0.56264,0.56254,0.56257
2026-05-05 22:15:00,0.56258,0.56271,0.56257,0.56257
2026-05-05 22:30:00,0.56258,0.56265,0.56244,0.5625
2026-05-05 22:45:00,0.56249,0.56252,0.56237,0.56249
2026-05-05 23:00:00,0.56249,0.56255,0.56235,0.56242
2026-05-05 23:15:00,0.56242,0.56248,0.56234,0.56244
2026-05-05 23:30:00,0.56243,0.56254,0.5624,0.5625
2026-05-05 23:45:00,0.56248,0.56248,0.56239,0.5624
2026-05-06 00:00:00,0.56143,0.56211,0.56143,0.56209
2026-05-06 00:15:00,0.56211,0.56257,0.56204,0.56234
2026-05-06 00:30:00,0.56233,0.56238,0.56182,0.56182
2026-05-06 00:45:00,0.56182,0.56258,0.56178,0.56246
2026-05-06 01:00:00,0.56246,0.56255,0.56212,0.5625
2026-05-06 01:15:00,0.56251,0.56259,0.56248,0.56253
2026-05-06 01:30:00,0.56252,0.56257,0.56247,0.56251
2026-05-06 01:45:00,0.5625,0.56297,0.56248,0.56287
2026-05-06 02:00:00,0.56288,0.56309,0.56263,0.56275
2026-05-06 02:15:00,0.56274,0.56296,0.5627,0.56292
2026-05-06 02:30:00,0.56292,0.56304,0.56287,0.563
2026-05-06 02:45:00,0.563,0.56306,0.56282,0.56286
2026-05-06 03:00:00,0.56286,0.56346,0.56285,0.56326
2026-05-06 03:15:00,0.56325,0.56364,0.56325,0.56355
2026-05-06 03:30:00,0.56355,0.56408,0.56344,0.56407
2026-05-06 03:45:00,0.56407,0.5644,0.564,0.56437
2026-05-06 04:00:00,0.56438,0.5645,0.56426,0.56431
2026-05-06 04:15:00,0.56431,0.56485,0.56428,0.56462
2026-05-06 04:30:00,0.56462,0.56472,0.56425,0.56463
2026-05-06 04:45:00,0.56463,0.56503,0.56463,0.56485
2026-05-06 05:00:00,0.56485,0.5649,0.5647,0.56487
2026-05-06 05:15:00,0.56489,0.5652,0.56483,0.56515
2026-05-06 05:30:00,0.56515,0.5654,0.56509,0.56523
2026-05-06 05:45:00,0.56523,0.56551,0.56522,0.56551
2026-05-06 06:00:00,0.5655,0.56588,0.56549,0.56558
2026-05-06 06:15:00,0.56557,0.56572,0.56548,0.56551
2026-05-06 06:30:00,0.5655,0.56562,0.56538,0.56559
2026-05-06 06:45:00,0.56559,0.56561,0.56524,0.56527
2026-05-06 07:00:00,0.56526,0.56562,0.56521,0.5656
2026-05-06 07:15:00,0.56559,0.5656,0.5652,0.56531
2026-05-06 07:30:00,0.56531,0.5656,0.56496,0.56509
2026-05-06 07:45:00,0.56509,0.56528,0.5646,0.56474
2026-05-06 08:00:00,0.56473,0.56525,0.5647,0.56521
2026-05-06 08:15:00,0.56522,0.56529,0.56507,0.56525
2026-05-06 08:30:00,0.56526,0.56536,0.56516,0.5653
2026-05-06 08:45:00,0.56529,0.56553,0.56529,0.56541
2026-05-06 09:00:00,0.5654,0.56549,0.56494,0.56536
2026-05-06 09:15:00,0.56536,0.56553,0.5653,0.56548
2026-05-06 09:30:00,0.5655,0.56572,0.56532,0.56549
2026-05-06 09:45:00,0.56548,0.56578,0.56537,0.56575
2026-05-06 10:00:00,0.56573,0.5661,0.56531,0.56536
2026-05-06 10:15:00,0.56536,0.56564,0.56499,0.5655
2026-05-06 10:30:00,0.56551,0.56577,0.56545,0.56556
2026-05-06 10:45:00,0.56556,0.56556,0.56462,0.56471
2026-05-06 11:00:00,0.56472,0.56504,0.5645,0.56486
2026-05-06 11:15:00,0.56484,0.5652,0.56466,0.56499
2026-05-06 11:30:00,0.56499,0.56542,0.56486,0.5654
2026-05-06 11:45:00,0.5654,0.56559,0.56509,0.56546
2026-05-06 12:00:00,0.56547,0.56559,0.56508,0.56557
2026-05-06 12:15:00,0.56557,0.56607,0.56556,0.56581
2026-05-06 12:30:00,0.56581,0.56594,0.56561,0.56577
2026-05-06 12:45:00,0.56578,0.56582,0.56549,0.56557
2026-05-06 13:00:00,0.56558,0.56563,0.56495,0.56506
2026-05-06 13:15:00,0.56506,0.56536,0.56503,0.56512
2026-05-06 13:30:00,0.56511,0.56571,0.56499,0.56561
2026-05-06 13:45:00,0.56561,0.56576,0.56515,0.56515
2026-05-06 14:00:00,0.56513,0.56513,0.56481,0.56499
2026-05-06 14:15:00,0.56499,0.56509,0.56469,0.56484
2026-05-06 14:30:00,0.56485,0.56491,0.5643,0.56431
2026-05-06 14:45:00,0.56432,0.56472,0.56424,0.56445
2026-05-06 15:00:00,0.56444,0.56448,0.56406,0.56409
2026-05-06 15:15:00,0.5641,0.56453,0.5638,0.5644
2026-05-06 15:30:00,0.56441,0.56441,0.56402,0.56418
2026-05-06 15:45:00,0.56417,0.56427,0.56393,0.56403
2026-05-06 16:00:00,0.56404,0.56422,0.56375,0.56422
2026-05-06 16:15:00,0.56421,0.56431,0.56397,0.56404
2026-05-06 16:30:00,0.56403,0.56435,0.56392,0.56431
2026-05-06 16:45:00,0.56431,0.56435,0.56409,0.56416
2026-05-06 17:00:00,0.56416,0.56442,0.56411,0.56437
2026-05-06 17:15:00,0.56438,0.56444,0.56403,0.56409
2026-05-06 17:30:00,0.56408,0.56437,0.56407,0.56437
2026-05-06 17:45:00,0.56437,0.56439,0.56372,0.56402
2026-05-06 18:00:00,0.56401,0.56417,0.5637,0.56381
2026-05-06 18:15:00,0.5638,0.56399,0.56373,0.5638
2026-05-06 18:30:00,0.56381,0.56388,0.56369,0.56374
2026-05-06 18:45:00,0.56377,0.56384,0.56342,0.56377
2026-05-06 19:00:00,0.56378,0.56389,0.56365,0.56382
2026-05-06 19:15:00,0.56381,0.56386,0.56364,0.5637
2026-05-06 19:30:00,0.5637,0.56373,0.56362,0.56364
2026-05-06 19:45:00,0.56365,0.56365,0.56337,0.56351
2026-05-06 20:00:00,0.56351,0.56355,0.56339,0.56345
2026-05-06 20:15:00,0.56344,0.56349,0.56335,0.56345
2026-05-06 20:30:00,0.56346,0.56354,0.56334,0.5634
2026-05-06 20:45:00,0.5634,0.56355,0.56332,0.56351
2026-05-06 21:00:00,0.56351,0.56359,0.56346,0.56348
2026-05-06 21:15:00,0.56349,0.56356,0.56346,0.56354
2026-05-06 21:30:00,0.56354,0.56359,0.56339,0.56342
2026-05-06 21:45:00,0.56342,0.56354,0.56334,0.56345
2026-05-06 22:00:00,0.56345,0.5637,0.56342,0.56367
2026-05-06 22:15:00,0.56366,0.56371,0.56359,0.56366
2026-05-06 22:30:00,0.56365,0.56368,0.56353,0.56355
2026-05-06 22:45:00,0.56354,0.56369,0.56348,0.56358
2026-05-06 23:00:00,0.56357,0.56362,0.56341,0.56353
2026-05-06 23:15:00,0.56354,0.56362,0.56345,0.56361
2026-05-06 23:30:00,0.56361,0.56369,0.56359,0.56364
2026-05-06 23:45:00,0.56363,0.56367,0.56352,0.56354
2026-05-07 00:00:00,0.56266,0.56374,0.56247,0.56368
2026-05-07 00:15:00,0.56375,0.56381,0.5628,0.56287
2026-05-07 00:30:00,0.56287,0.56374,0.56254,0.56374
2026-05-07 00:45:00,0.56371,0.56373,0.56324,0.56355
2026-05-07 01:00:00,0.56355,0.56356,0.56329,0.56352
2026-05-07 01:15:00,0.56352,0.56358,0.5635,0.56353
2026-05-07 01:30:00,0.56353,0.56356,0.56334,0.56342
2026-05-07 01:45:00,0.56342,0.5635,0.56339,0.5635
2026-05-07 02:00:00,0.56349,0.5636,0.56344,0.56357
2026-05-07 02:15:00,0.56357,0.5636,0.5635,0.5635
2026-05-07 02:30:00,0.56348,0.56355,0.56347,0.56355
2026-05-07 02:45:00,0.56358,0.56361,0.56347,0.56351
2026-05-07 03:00:00,0.56352,0.56379,0.56347,0.56361
2026-05-07 03:15:00,0.56361,0.56387,0.56357,0.56379
2026-05-07 03:30:00,0.56379,0.56382,0.56358,0.56368
2026-05-07 03:45:00,0.56368,0.56375,0.56353,0.56368
2026-05-07 04:00:00,0.56368,0.56373,0.56347,0.56359
2026-05-07 04:15:00,0.56359,0.56376,0.56359,0.5637
2026-05-07 04:30:00,0.56369,0.56374,0.56353,0.5637
2026-05-07 04:45:00,0.56368,0.56394,0.56364,0.5638
2026-05-07 05:00:00,0.5638,0.56403,0.56379,0.56392
2026-05-07 05:15:00,0.56392,0.56393,0.5638,0.56389
2026-05-07 05:30:00,0.5639,0.5641,0.56384,0.564
2026-05-07 05:45:00,0.56401,0.56411,0.56394,0.56394
2026-05-07 06:00:00,0.56395,0.56398,0.5638,0.56397
2026-05-07 06:15:00,0.56397,0.56409,0.56396,0.564
2026-05-07 06:30:00,0.564,0.56434,0.56396,0.56425
2026-05-07 06:45:00,0.56426,0.5643,0.56416,0.56427
2026-05-07 07:00:00,0.56426,0.56454,0.56425,0.56437
2026-05-07 07:15:00,0.56436,0.56461,0.56434,0.56455
2026-05-07 07:30:00,0.56455,0.56463,0.56444,0.56461
2026-05-07 07:45:00,0.5646,0.56461,0.56434,0.56456
2026-05-07 08:00:00,0.56456,0.56464,0.56446,0.56459
2026-05-07 08:15:00,0.5646,0.56468,0.56451,0.56453
2026-05-07 08:30:00,0.56453,0.56472,0.56448,0.56467
2026-05-07 08:45:00,0.56467,0.56474,0.56446,0.5645
2026-05-07 09:00:00,0.56449,0.5645,0.56419,0.56432
2026-05-07 09:15:00,0.56432,0.5644,0.56424,0.56426
2026-05-07 09:30:00,0.56428,0.5647,0.56423,0.5646
2026-05-07 09:45:00,0.5646,0.56476,0.56439,0.56441
2026-05-07 10:00:00,0.5644,0.56481,0.56437,0.56476
2026-05-07 10:15:00,0.56475,0.56477,0.56433,0.56446
2026-05-07 10:30:00,0.56446,0.56458,0.56405,0.56454
2026-05-07 10:45:00,0.56454,0.56475,0.56442,0.56468
2026-05-07 11:00:00,0.56469,0.56494,0.56465,0.56486
2026-05-07 11:15:00,0.56485,0.56496,0.56443,0.5645
2026-05-07 11:30:00,0.56449,0.56457,0.56434,0.56446
2026-05-07 11:45:00,0.56447,0.56466,0.56437,0.5644
2026-05-07 12:00:00,0.5644,0.56445,0.56417,0.56432
2026-05-07 12:15:00,0.5643,0.56435,0.56416,0.56417
2026-05-07 12:30:00,0.56416,0.56447,0.56406,0.56442
2026-05-07 12:45:00,0.56443,0.56448,0.56428,0.56444
2026-05-07 13:00:00,0.56446,0.56463,0.56437,0.56451
2026-05-07 13:15:00,0.56451,0.56458,0.56437,0.56438
2026-05-07 13:30:00,0.56436,0.56448,0.5641,0.56434
2026-05-07 13:45:00,0.56434,0.5645,0.56428,0.56441
2026-05-07 14:00:00,0.56443,0.56446,0.56428,0.56432
2026-05-07 14:15:00,0.56432,0.56447,0.56405,0.56441
2026-05-07 14:30:00,0.56441,0.5646,0.56437,0.56445
2026-05-07 14:45:00,0.56444,0.56481,0.56442,0.56464
2026-05-07 15:00:00,0.56463,0.56478,0.5643,0.5643
2026-05-07 15:15:00,0.5643,0.56442,0.56382,0.56385
2026-05-07 15:30:00,0.56381,0.56402,0.56374,0.56389
2026-05-07 15:45:00,0.5639,0.56405,0.56372,0.56373
2026-05-07 16:00:00,0.56373,0.56375,0.56318,0.56342
2026-05-07 16:15:00,0.56342,0.56367,0.56337,0.56341
2026-05-07 16:30:00,0.56341,0.56354,0.56319,0.56319
2026-05-07 16:45:00,0.56319,0.56346,0.56309,0.56328
2026-05-07 17:00:00,0.56328,0.56354,0.56309,0.56351
2026-05-07 17:15:00,0.56351,0.56379,0.5634,0.56367
2026-05-07 17:30:00,0.56366,0.5639,0.56363,0.5638
2026-05-07 17:45:00,0.56382,0.56384,0.56342,0.56371
2026-05-07 18:00:00,0.5637,0.56386,0.56356,0.5638
2026-05-07 18:15:00,0.56379,0.56385,0.56344,0.56361
2026-05-07 18:30:00,0.56362,0.56373,0.56335,0.56341
2026-05-07 18:45:00,0.56342,0.56343,0.563,0.56304
2026-05-07 19:00:00,0.56304,0.56321,0.56288,0.56308
2026-05-07 19:15:00,0.56307,0.56318,0.56283,0.56315
2026-05-07 19:30:00,0.56315,0.56326,0.56304,0.56316
2026-05-07 19:45:00,0.56317,0.56337,0.5631,0.56335
2026-05-07 20:00:00,0.56336,0.56348,0.56329,0.56341
2026-05-07 20:15:00,0.5634,0.56371,0.56316,0.56335
2026-05-07 20:30:00,0.56336,0.56349,0.56325,0.5634
2026-05-07 20:45:00,0.5634,0.56353,0.56334,0.56351
2026-05-07 21:00:00,0.56351,0.56354,0.56329,0.5634
2026-05-07 21:15:00,0.5634,0.56343,0.56312,0.56316
2026-05-07 21:30:00,0.56317,0.56325,0.56297,0.5631
2026-05-07 21:45:00,0.56307,0.56316,0.56282,0.56314
2026-05-07 22:00:00,0.56313,0.56321,0.56305,0.56316
2026-05-07 22:15:00,0.56317,0.56321,0.56288,0.56303
2026-05-07 22:30:00,0.56304,0.56312,0.56291,0.5631
2026-05-07 22:45:00,0.56309,0.56324,0.56282,0.56288
2026-05-07 23:00:00,0.56289,0.56341,0.56286,0.56316
2026-05-07 23:15:00,0.56316,0.56322,0.56304,0.56305
2026-05-07 23:30:00,0.56306,0.56315,0.56253,0.56276
2026-05-07 23:45:00,0.56276,0.56278,0.56239,0.56244
2026-05-08 00:00:00,0.56142,0.5617,0.56081,0.56128
2026-05-08 00:15:00,0.56128,0.5617,0.56128,0.56169
2026-05-08 00:30:00,0.56169,0.56191,0.56122,0.5618
2026-05-08 00:45:00,0.56176,0.56209,0.56131,0.56167
2026-05-08 01:00:00,0.56167,0.56233,0.56159,0.56227
2026-05-08 01:15:00,0.56226,0.56246,0.56226,0.56243
2026-05-08 01:30:00,0.56243,0.56255,0.56238,0.56244
2026-05-08 01:45:00,0.56245,0.56246,0.56233,0.56236
2026-05-08 02:00:00,0.56237,0.56264,0.56234,0.56259
2026-05-08 02:15:00,0.56259,0.56264,0.56251,0.56252
2026-05-08 02:30:00,0.56252,0.5626,0.56229,0.56241
2026-05-08 02:45:00,0.56243,0.56266,0.56242,0.5626
2026-05-08 03:00:00,0.5626,0.5627,0.5624,0.5626
2026-05-08 03:15:00,0.56259,0.56261,0.56214,0.56236
2026-05-08 03:30:00,0.56237,0.56263,0.56232,0.56245
2026-05-08 03:45:00,0.56245,0.56269,0.56236,0.56255
2026-05-08 04:00:00,0.56256,0.56283,0.56246,0.56272
2026-05-08 04:15:00,0.56272,0.5628,0.56259,0.56262
2026-05-08 04:30:00,0.56261,0.56274,0.56254,0.56259
2026-05-08 04:45:00,0.5626,0.56266,0.56244,0.56261
2026-05-08 05:00:00,0.56262,0.56286,0.56252,0.5628
2026-05-08 05:15:00,0.56282,0.56299,0.56264,0.56284
2026-05-08 05:30:00,0.56285,0.56286,0.56255,0.56277
2026-05-08 05:45:00,0.56278,0.56298,0.56278,0.56284
2026-05-08 06:00:00,0.56285,0.56315,0.5628,0.56314
2026-05-08 06:15:00,0.56315,0.56331,0.56308,0.56327
2026-05-08 06:30:00,0.56327,0.56351,0.56326,0.56336
2026-05-08 06:45:00,0.56337,0.56343,0.56317,0.56317
2026-05-08 07:00:00,0.56317,0.56328,0.56311,0.5632
2026-05-08 07:15:00,0.56318,0.56331,0.56312,0.56318
2026-05-08 07:30:00,0.56318,0.56325,0.56291,0.56293
2026-05-08 07:45:00,0.56295,0.56327,0.56295,0.5631
2026-05-08 08:00:00,0.5631,0.56321,0.56291,0.56316
2026-05-08 08:15:00,0.56316,0.56333,0.56313,0.56332
2026-05-08 08:30:00,0.56333,0.56342,0.56317,0.56326
2026-05-08 08:45:00,0.56326,0.56336,0.56314,0.56327
2026-05-08 09:00:00,0.56328,0.5633,0.56299,0.563
2026-05-08 09:15:00,0.56299,0.56314,0.56298,0.56306
2026-05-08 09:30:00,0.56306,0.56331,0.56303,0.5632
2026-05-08 09:45:00,0.56319,0.56329,0.56305,0.56307
2026-05-08 10:00:00,0.56307,0.56315,0.56289,0.56289
2026-05-08 10:15:00,0.5629,0.56304,0.56272,0.56296
2026-05-08 10:30:00,0.56296,0.56304,0.56281,0.56287
2026-05-08 10:45:00,0.56288,0.56306,0.56283,0.56288
2026-05-08 11:00:00,0.56287,0.56295,0.56275,0.56283
2026-05-08 11:15:00,0.56283,0.56306,0.56269,0.56279
2026-05-08 11:30:00,0.56279,0.56303,0.56267,0.56269
2026-05-08 11:45:00,0.5627,0.56297,0.56266,0.56297
2026-05-08 12:00:00,0.56296,0.56298,0.56272,0.56293
2026-05-08 12:15:00,0.56293,0.56314,0.56287,0.56306
2026-05-08 12:30:00,0.56306,0.56314,0.56277,0.56287
2026-05-08 12:45:00,0.56286,0.56292,0.56251,0.56269
2026-05-08 13:00:00,0.56268,0.56295,0.56264,0.56295
2026-05-08 13:15:00,0.56294,0.56319,0.56286,0.56308
2026-05-08 13:30:00,0.56308,0.56336,0.56305,0.56335
2026-05-08 13:45:00,0.56335,0.56342,0.56314,0.56329
2026-05-08 14:00:00,0.56328,0.56365,0.56327,0.56337
2026-05-08 14:15:00,0.56336,0.56347,0.56316,0.56324
2026-05-08 14:30:00,0.56323,0.56336,0.56295,0.56295
2026-05-08 14:45:00,0.56296,0.56302,0.56281,0.56299
2026-05-08 15:00:00,0.56297,0.56312,0.5629,0.56298
2026-05-08 15:15:00,0.56296,0.56312,0.56286,0.5629
2026-05-08 15:30:00,0.56285,0.56351,0.5627,0.56321
2026-05-08 15:45:00,0.56322,0.56322,0.56276,0.56284
2026-05-08 16:00:00,0.56284,0.563,0.56237,0.56263
2026-05-08 16:15:00,0.56263,0.56297,0.56258,0.56293
2026-05-08 16:30:00,0.56294,0.56301,0.56269,0.563
2026-05-08 16:45:00,0.563,0.56313,0.56277,0.563
2026-05-08 17:00:00,0.56301,0.56329,0.56295,0.56327
2026-05-08 17:15:00,0.56327,0.56352,0.5632,0.56323
2026-05-08 17:30:00,0.56323,0.56345,0.563,0.56327
2026-05-08 17:45:00,0.56326,0.56335,0.56308,0.56308
2026-05-08 18:00:00,0.56308,0.5633,0.56287,0.5631
2026-05-08 18:15:00,0.5631,0.56322,0.56295,0.56319
2026-05-08 18:30:00,0.56319,0.56323,0.56285,0.56285
2026-05-08 18:45:00,0.56284,0.56317,0.56277,0.5629
2026-05-08 19:00:00,0.56292,0.56302,0.56279,0.56281
2026-05-08 19:15:00,0.56279,0.56297,0.56276,0.56293
2026-05-08 19:30:00,0.56291,0.563,0.56285,0.56292
2026-05-08 19:45:00,0.56293,0.56298,0.56271,0.56273
2026-05-08 20:00:00,0.56272,0.56282,0.56268,0.56279
2026-05-08 20:15:00,0.56278,0.56282,0.56267,0.56278
2026-05-08 20:30:00,0.56279,0.56287,0.56271,0.56274
2026-05-08 20:45:00,0.56274,0.56287,0.56271,0.56283
2026-05-08 21:00:00,0.56284,0.56296,0.56265,0.56273
2026-05-08 21:15:00,0.56274,0.56275,0.56259,0.56266
2026-05-08 21:30:00,0.56266,0.56269,0.56249,0.5625
2026-05-08 21:45:00,0.5625,0.56258,0.56228,0.56237
2026-05-08 22:00:00,0.56238,0.56252,0.56238,0.56249
2026-05-08 22:15:00,0.5625,0.56254,0.56241,0.56242
2026-05-08 22:30:00,0.56242,0.56262,0.56241,0.56253
2026-05-08 22:45:00,0.56252,0.56298,0.56252,0.56296
2026-05-08 23:00:00,0.56297,0.56305,0.56271,0.56271
2026-05-08 23:15:00,0.56271,0.56274,0.56265,0.56269
2026-05-08 23:30:00,0.56269,0.56275,0.56256,0.5626
2026-05-08 23:45:00,0.56261,0.56271,0.56217,0.5623
2026-05-11 00:00:00,0.5602,0.56124,0.5602,0.5612
2026-05-11 00:15:00,0.56116,0.56161,0.56109,0.56154
2026-05-11 00:30:00,0.56127,0.56143,0.56091,0.56116
2026-05-11 00:45:00,0.56115,0.56146,0.56091,0.56128
2026-05-11 01:00:00,0.56125,0.56238,0.56105,0.56231
2026-05-11 01:15:00,0.56233,0.5626,0.56212,0.56256
2026-05-11 01:30:00,0.56255,0.56277,0.56255,0.56264
2026-05-11 01:45:00,0.56265,0.56273,0.5626,0.56267
2026-05-11 02:00:00,0.56267,0.5628,0.56262,0.56269
2026-05-11 02:15:00,0.56269,0.56293,0.56268,0.56287
2026-05-11 02:30:00,0.56287,0.56293,0.56266,0.56269
2026-05-11 02:45:00,0.5627,0.56277,0.56258,0.56266
2026-05-11 03:00:00,0.56265,0.56275,0.56257,0.56261
2026-05-11 03:15:00,0.56262,0.56285,0.56255,0.56285
2026-05-11 03:30:00,0.56285,0.56306,0.5628,0.563
2026-05-11 03:45:00,0.56301,0.56311,0.56283,0.563
2026-05-11 04:00:00,0.56301,0.56307,0.56279,0.56288
2026-05-11 04:15:00,0.56289,0.5631,0.56286,0.56296
2026-05-11 04:30:00,0.56296,0.56297,0.56272,0.56273
2026-05-11 04:45:00,0.56274,0.56308,0.56271,0.56307
2026-05-11 05:00:00,0.56308,0.56325,0.56308,0.56315
2026-05-11 05:15:00,0.56314,0.56326,0.56304,0.56322
2026-05-11 05:30:00,0.56323,0.56334,0.56304,0.56312
2026-05-11 05:45:00,0.56311,0.56312,0.56298,0.56304
2026-05-11 06:00:00,0.56303,0.56316,0.563,0.56312
2026-05-11 06:15:00,0.56313,0.56324,0.56305,0.56323
2026-05-11 06:30:00,0.56323,0.5633,0.56312,0.56326
2026-05-11 06:45:00,0.56326,0.56329,0.56316,0.56316
2026-05-11 07:00:00,0.56316,0.56321,0.56304,0.5631
2026-05-11 07:15:00,0.56311,0.56314,0.56295,0.56305
2026-05-11 07:30:00,0.56305,0.56316,0.56303,0.56315
2026-05-11 07:45:00,0.56316,0.5633,0.56311,0.5633
2026-05-11 08:00:00,0.56329,0.56337,0.56322,0.56331
2026-05-11 08:15:00,0.56331,0.56355,0.56331,0.56354
2026-05-11 08:30:00,0.56354,0.56356,0.56323,0.56325
2026-05-11 08:45:00,0.56325,0.56354,0.56323,0.56344
2026-05-11 09:00:00,0.56344,0.56384,0.56319,0.56372
2026-05-11 09:15:00,0.56373,0.56374,0.56341,0.56347
2026-05-11 09:30:00,0.56348,0.56349,0.56322,0.56323
2026-05-11 09:45:00,0.56323,0.56331,0.56304,0.56318
2026-05-11 10:00:00,0.5632,0.56337,0.56309,0.56324
2026-05-11 10:15:00,0.56325,0.56341,0.56306,0.56316
2026-05-11 10:30:00,0.56316,0.56327,0.56305,0.5632
2026-05-11 10:45:00,0.56321,0.56347,0.5631,0.56343
2026-05-11 11:00:00,0.56345,0.56372,0.5634,0.56365
2026-05-11 11:15:00,0.56366,0.56375,0.56332,0.56333
2026-05-11 11:30:00,0.56334,0.56341,0.56321,0.56333
2026-05-11 11:45:00,0.56332,0.56348,0.56316,0.56344
2026-05-11 12:00:00,0.56346,0.56364,0.56339,0.56346
2026-05-11 12:15:00,0.56346,0.5637,0.5634,0.56353
2026-05-11 12:30:00,0.56353,0.56369,0.56344,0.56366
2026-05-11 12:45:00,0.56366,0.56369,0.5635,0.5636
2026-05-11 13:00:00,0.5636,0.56373,0.56357,0.56368
2026-05-11 13:15:00,0.56368,0.56383,0.56359,0.56362
2026-05-11 13:30:00,0.56362,0.56378,0.56354,0.56368
2026-05-11 13:45:00,0.56369,0.5639,0.5636,0.56386
2026-05-11 14:00:00,0.56387,0.56403,0.56383,0.5639
2026-05-11 14:15:00,0.56391,0.56394,0.56375,0.56381
2026-05-11 14:30:00,0.56383,0.56399,0.5638,0.56395
2026-05-11 14:45:00,0.56396,0.56404,0.56374,0.56396
2026-05-11 15:00:00,0.56397,0.56405,0.56375,0.56386
2026-05-11 15:15:00,0.56385,0.56397,0.56378,0.56386
2026-05-11 15:30:00,0.56387,0.5639,0.56371,0.56372
2026-05-11 15:45:00,0.56371,0.56378,0.56354,0.56369
2026-05-11 16:00:00,0.56369,0.5639,0.56366,0.56379
2026-05-11 16:15:00,0.56379,0.56398,0.56377,0.56383
2026-05-11 16:30:00,0.56386,0.56412,0.5638,0.56411
2026-05-11 16:45:00,0.56412,0.56423,0.56391,0.56395
2026-05-11 17:00:00,0.56395,0.56408,0.56376,0.56387
2026-05-11 17:15:00,0.56386,0.56397,0.56382,0.56385
2026-05-11 17:30:00,0.56386,0.56413,0.56365,0.56392
2026-05-11 17:45:00,0.56391,0.56401,0.56378,0.5639
2026-05-11 18:00:00,0.56391,0.56392,0.56376,0.56376
2026-05-11 18:15:00,0.56376,0.56405,0.56373,0.56403
2026-05-11 18:30:00,0.56403,0.56417,0.564,0.56408
2026-05-11 18:45:00,0.56407,0.56415,0.56401,0.56411
2026-05-11 19:00:00,0.5641,0.5642,0.56404,0.56415
2026-05-11 19:15:00,0.56415,0.56415,0.56385,0.56406
2026-05-11 19:30:00,0.56405,0.56417,0.56378,0.56386
2026-05-11 19:45:00,0.56385,0.56405,0.56383,0.56397
2026-05-11 20:00:00,0.56397,0.56401,0.56387,0.56395
2026-05-11 20:15:00,0.56396,0.56407,0.56395,0.56406
2026-05-11 20:30:00,0.56405,0.56421,0.56396,0.5642
2026-05-11 20:45:00,0.5642,0.56421,0.56399,0.56402
2026-05-11 21:00:00,0.56403,0.56417,0.56403,0.56412
2026-05-11 21:15:00,0.56413,0.56425,0.5641,0.56415
2026-05-11 21:30:00,0.56415,0.56424,0.56408,0.5642
2026-05-11 21:45:00,0.5642,0.56421,0.56408,0.5641
2026-05-11 22:00:00,0.56411,0.56422,0.56401,0.56414
2026-05-11 22:15:00,0.56414,0.56419,0.56402,0.56405
2026-05-11 22:30:00,0.56404,0.56412,0.564,0.56405
2026-05-11 22:45:00,0.56404,0.56413,0.56398,0.56412
2026-05-11 23:00:00,0.56412,0.56413,0.56393,0.56399
2026-05-11 23:15:00,0.564,0.56404,0.56393,0.56396
2026-05-11 23:30:00,0.56395,0.56403,0.56395,0.56401
2026-05-11 23:45:00,0.564,0.56408,0.56386,0.56392
2026-05-12 00:00:00,0.56279,0.5635,0.56276,0.56343
2026-05-12 00:15:00,0.56343,0.56404,0.56326,0.5633
2026-05-12 00:30:00,0.56326,0.56359,0.5631,0.5635
2026-05-12 00:45:00,0.56346,0.56381,0.56326,0.5637
2026-05-12 01:00:00,0.56376,0.564,0.56359,0.56397
2026-05-12 01:15:00,0.56397,0.56399,0.56388,0.56389
2026-05-12 01:30:00,0.56389,0.56398,0.56385,0.56395
2026-05-12 01:45:00,0.56394,0.56397,0.56389,0.56393
2026-05-12 02:00:00,0.5639,0.56407,0.5639,0.56405
2026-05-12 02:15:00,0.56406,0.56406,0.56396,0.56401
2026-05-12 02:30:00,0.56401,0.56407,0.56392,0.56403
2026-05-12 02:45:00,0.56404,0.56406,0.56378,0.56386
2026-05-12 03:00:00,0.56386,0.56386,0.56364,0.56366
2026-05-12 03:15:00,0.56366,0.56371,0.56346,0.56352
2026-05-12 03:30:00,0.56351,0.5636,0.56341,0.56351
2026-05-12 03:45:00,0.56352,0.56378,0.5634,0.56355
2026-05-12 04:00:00,0.56355,0.56377,0.56353,0.56372
2026-05-12 04:15:00,0.56372,0.56373,0.56332,0.56355
2026-05-12 04:30:00,0.56355,0.56366,0.56309,0.56349
2026-05-12 04:45:00,0.56349,0.56377,0.56348,0.56371
2026-05-12 05:00:00,0.56371,0.56389,0.56367,0.56385
2026-05-12 05:15:00,0.56385,0.56385,0.56361,0.56367
2026-05-12 05:30:00,0.56368,0.56384,0.56364,0.56383
2026-05-12 05:45:00,0.56387,0.56405,0.56387,0.564
2026-05-12 06:00:00,0.56399,0.56403,0.56379,0.56391
2026-05-12 06:15:00,0.5639,0.5639,0.56368,0.56373
2026-05-12 06:30:00,0.56374,0.56386,0.56366,0.56383
2026-05-12 06:45:00,0.56382,0.56389,0.56373,0.56377
2026-05-12 07:00:00,0.56376,0.564,0.56376,0.56397
2026-05-12 07:15:00,0.56398,0.56418,0.56397,0.56413
2026-05-12 07:30:00,0.56413,0.56419,0.56398,0.56399
2026-05-12 07:45:00,0.564,0.56405,0.56385,0.5639
2026-05-12 08:00:00,0.56389,0.56398,0.56373,0.56375
2026-05-12 08:15:00,0.56376,0.56385,0.56366,0.56378
2026-05-12 08:30:00,0.56379,0.56385,0.56362,0.56369
2026-05-12 08:45:00,0.56368,0.56375,0.56325,0.56333
2026-05-12 09:00:00,0.56334,0.56336,0.56302,0.56316
2026-05-12 09:15:00,0.56316,0.56331,0.56287,0.56295
2026-05-12 09:30:00,0.56296,0.56301,0.56268,0.56279
2026-05-12 09:45:00,0.56278,0.56296,0.56255,0.5626
2026-05-12 10:00:00,0.56262,0.56316,0.56252,0.56309
2026-05-12 10:15:00,0.56309,0.56327,0.56289,0.56324
2026-05-12 10:30:00,0.56324,0.56343,0.5631,0.56333
2026-05-12 10:45:00,0.56334,0.56359,0.56323,0.56347
2026-05-12 11:00:00,0.5635,0.56362,0.56313,0.56335
2026-05-12 11:15:00,0.56335,0.56353,0.56324,0.5635
2026-05-12 11:30:00,0.56351,0.56357,0.56331,0.56339
2026-05-12 11:45:00,0.5634,0.56358,0.56334,0.56342
2026-05-12 12:00:00,0.56343,0.56358,0.56327,0.56358
2026-05-12 12:15:00,0.56356,0.5637,0.56347,0.56363
2026-05-12 12:30:00,0.56364,0.56401,0.56356,0.56395
2026-05-12 12:45:00,0.56395,0.56408,0.56389,0.56394
2026-05-12 13:00:00,0.56393,0.56424,0.56389,0.56424
2026-05-12 13:15:00,0.56425,0.56426,0.56406,0.56416
2026-05-12 13:30:00,0.56416,0.5642,0.56401,0.56405
2026-05-12 13:45:00,0.56405,0.56437,0.56397,0.56427
2026-05-12 14:00:00,0.56428,0.56448,0.56422,0.56435
2026-05-12 14:15:00,0.56434,0.56438,0.56423,0.56427
2026-05-12 14:30:00,0.56427,0.56457,0.56418,0.56444
2026-05-12 14:45:00,0.56445,0.56459,0.5644,0.56458
2026-05-12 15:00:00,0.56458,0.56459,0.56414,0.56438
2026-05-12 15:15:00,0.56437,0.56438,0.56394,0.56396
2026-05-12 15:30:00,0.56396,0.56424,0.56389,0.56408
2026-05-12 15:45:00,0.56409,0.56444,0.56404,0.56426
2026-05-12 16:00:00,0.56427,0.56434,0.56404,0.56424
2026-05-12 16:15:00,0.56424,0.56471,0.56417,0.5646
2026-05-12 16:30:00,0.56461,0.56475,0.56436,0.56466
2026-05-12 16:45:00,0.56466,0.56472,0.56419,0.56437
2026-05-12 17:00:00,0.5644,0.56509,0.56431,0.56505
2026-05-12 17:15:00,0.56506,0.56512,0.56471,0.56479
2026-05-12 17:30:00,0.56478,0.56507,0.56458,0.56484
2026-05-12 17:45:00,0.56483,0.56493,0.56445,0.56479
2026-05-12 18:00:00,0.5648,0.56488,0.56464,0.56476
2026-05-12 18:15:00,0.56476,0.56482,0.56431,0.56458
2026-05-12 18:30:00,0.56459,0.56483,0.56456,0.56472
2026-05-12 18:45:00,0.56473,0.56478,0.56457,0.56457
2026-05-12 19:00:00,0.56456,0.56471,0.56445,0.56466
2026-05-12 19:15:00,0.56467,0.56469,0.56444,0.56451
2026-05-12 19:30:00,0.56449,0.56452,0.56426,0.56432
2026-05-12 19:45:00,0.56433,0.56434,0.56415,0.56422
2026-05-12 20:00:00,0.56423,0.56444,0.5642,0.56442
2026-05-12 20:15:00,0.56443,0.5646,0.56439,0.5645
2026-05-12 20:30:00,0.56449,0.56461,0.56446,0.5646
2026-05-12 20:45:00,0.56461,0.56468,0.56452,0.56463
2026-05-12 21:00:00,0.56462,0.56477,0.5646,0.56472
2026-05-12 21:15:00,0.56473,0.56478,0.56462,0.56472
2026-05-12 21:30:00,0.56473,0.56493,0.5647,0.56491
2026-05-12 21:45:00,0.56492,0.56503,0.56484,0.56485
2026-05-12 22:00:00,0.56485,0.56502,0.5648,0.56497
2026-05-12 22:15:00,0.56496,0.56506,0.56478,0.5649
2026-05-12 22:30:00,0.5649,0.56504,0.5649,0.56502
2026-05-12 22:45:00,0.56501,0.56515,0.56495,0.5651
2026-05-12 23:00:00,0.5651,0.5651,0.56499,0.56508
2026-05-12 23:15:00,0.5651,0.56512,0.56502,0.56506
2026-05-12 23:30:00,0.56506,0.56515,0.56502,0.56511
2026-05-12 23:45:00,0.5651,0.56512,0.56496,0.56497
2026-05-13 00:00:00,0.56459,0.56525,0.56448,0.56497
2026-05-13 00:15:00,0.56489,0.565,0.56449,0.56494
2026-05-13 00:30:00,0.56494,0.5651,0.56469,0.56489
2026-05-13 00:45:00,0.56495,0.56507,0.56484,0.56499
2026-05-13 01:00:00,0.56497,0.56516,0.56485,0.56509
2026-05-13 01:15:00,0.56509,0.56513,0.56505,0.56505
2026-05-13 01:30:00,0.56507,0.5652,0.56503,0.56505
2026-05-13 01:45:00,0.56508,0.56509,0.56495,0.56497
2026-05-13 02:00:00,0.56496,0.56504,0.5649,0.56496
2026-05-13 02:15:00,0.56497,0.56503,0.56493,0.56503
2026-05-13 02:30:00,0.56502,0.56507,0.56485,0.56488
2026-05-13 02:45:00,0.56487,0.56506,0.56486,0.56488
2026-05-13 03:00:00,0.56487,0.56496,0.56474,0.56478
2026-05-13 03:15:00,0.5648,0.56487,0.56475,0.56482
2026-05-13 03:30:00,0.56483,0.5649,0.56471,0.56473
2026-05-13 03:45:00,0.56472,0.56477,0.56444,0.56454
2026-05-13 04:00:00,0.56453,0.56467,0.56441,0.56461
2026-05-13 04:15:00,0.5646,0.56475,0.56443,0.56468
2026-05-13 04:30:00,0.56469,0.56505,0.56465,0.56498
2026-05-13 04:45:00,0.56498,0.5653,0.5649,0.56514
2026-05-13 05:00:00,0.56513,0.56525,0.56508,0.56516
2026-05-13 05:15:00,0.56516,0.56526,0.56507,0.56514
2026-05-13 05:30:00,0.56515,0.5652,0.56504,0.56505
2026-05-13 05:45:00,0.56506,0.56508,0.56474,0.56486
2026-05-13 06:00:00,0.56482,0.56486,0.56449,0.56468
2026-05-13 06:15:00,0.56468,0.56469,0.56451,0.56455
2026-05-13 06:30:00,0.56456,0.56485,0.56456,0.56481
2026-05-13 06:45:00,0.56481,0.56484,0.56466,0.56468
2026-05-13 07:00:00,0.56467,0.56473,0.56457,0.56458
2026-05-13 07:15:00,0.56458,0.56475,0.56455,0.56465
2026-05-13 07:30:00,0.56464,0.56474,0.56448,0.56456
2026-05-13 07:45:00,0.56456,0.56472,0.5645,0.56467
2026-05-13 08:00:00,0.56467,0.56482,0.56463,0.56476
2026-05-13 08:15:00,0.56476,0.56479,0.56463,0.56473
2026-05-13 08:30:00,0.56473,0.56485,0.56466,0.56479
2026-05-13 08:45:00,0.5648,0.565,0.56479,0.56494
2026-05-13 09:00:00,0.56491,0.56518,0.56487,0.56513
2026-05-13 09:15:00,0.56512,0.56515,0.56474,0.56492
2026-05-13 09:30:00,0.56491,0.56528,0.56489,0.56516
2026-05-13 09:45:00,0.56515,0.56531,0.56505,0.56524
2026-05-13 10:00:00,0.56523,0.56548,0.56513,0.56539
2026-05-13 10:15:00,0.56539,0.56545,0.56521,0.56543
2026-05-13 10:30:00,0.56543,0.56551,0.56524,0.56541
2026-05-13 10:45:00,0.56541,0.56555,0.56531,0.56535
2026-05-13 11:00:00,0.56533,0.56571,0.56533,0.56569
2026-05-13 11:15:00,0.56568,0.56594,0.56558,0.56594
2026-05-13 11:30:00,0.56593,0.56619,0.56582,0.56611
2026-05-13 11:45:00,0.56611,0.56639,0.5661,0.56634
2026-05-13 12:00:00,0.56635,0.56643,0.566,0.56633
2026-05-13 12:15:00,0.56634,0.56643,0.56619,0.56637
2026-05-13 12:30:00,0.56636,0.56648,0.5663,0.56632
2026-05-13 12:45:00,0.56633,0.56651,0.56628,0.56649
2026-05-13 13:00:00,0.56649,0.56661,0.56628,0.56642
2026-05-13 13:15:00,0.56642,0.56652,0.56632,0.56646
2026-05-13 13:30:00,0.56645,0.56648,0.56624,0.56636
2026-05-13 13:45:00,0.56636,0.56646,0.56624,0.5664
2026-05-13 14:00:00,0.56638,0.56652,0.56628,0.56642
2026-05-13 14:15:00,0.56641,0.56649,0.56628,0.56645
2026-05-13 14:30:00,0.56645,0.56666,0.56642,0.56658
2026-05-13 14:45:00,0.56657,0.5666,0.56645,0.56654
2026-05-13 15:00:00,0.56654,0.5666,0.56645,0.5665
2026-05-13 15:15:00,0.5665,0.56656,0.56628,0.5664
2026-05-13 15:30:00,0.56639,0.56682,0.56618,0.56679
2026-05-13 15:45:00,0.5668,0.56697,0.56667,0.56675
2026-05-13 16:00:00,0.56676,0.56707,0.56675,0.56702
2026-05-13 16:15:00,0.56702,0.56709,0.56683,0.56685
2026-05-13 16:30:00,0.56684,0.5669,0.56627,0.56646
2026-05-13 16:45:00,0.56646,0.56668,0.56624,0.56662
2026-05-13 17:00:00,0.56663,0.56711,0.56662,0.56705
2026-05-13 17:15:00,0.56704,0.56759,0.56704,0.56748
2026-05-13 17:30:00,0.56749,0.56799,0.56749,0.56791
2026-05-13 17:45:00,0.56791,0.56794,0.56762,0.56791
2026-05-13 18:00:00,0.56791,0.56807,0.56759,0.56795
2026-05-13 18:15:00,0.56795,0.56846,0.56789,0.56846
2026-05-13 18:30:00,0.56844,0.56867,0.56842,0.56857
2026-05-13 18:45:00,0.56856,0.56858,0.56818,0.5682
2026-05-13 19:00:00,0.5682,0.56841,0.56816,0.56818
2026-05-13 19:15:00,0.56818,0.56829,0.56806,0.56806
2026-05-13 19:30:00,0.56806,0.56818,0.56797,0.5681
2026-05-13 19:45:00,0.56811,0.56817,0.56801,0.56803
2026-05-13 20:00:00,0.56802,0.56806,0.56789,0.56805
2026-05-13 20:15:00,0.56804,0.56812,0.56797,0.56799
2026-05-13 20:30:00,0.56798,0.56811,0.56792,0.5681
2026-05-13 20:45:00,0.56809,0.5681,0.56772,0.56774
2026-05-13 21:00:00,0.56774,0.56794,0.56765,0.56789
2026-05-13 21:15:00,0.56789,0.56799,0.56762,0.56766
2026-05-13 21:30:00,0.56766,0.56774,0.56747,0.56748
2026-05-13 21:45:00,0.56749,0.56768,0.56736,0.56764
2026-05-13 22:00:00,0.56765,0.56768,0.56753,0.56755
2026-05-13 22:15:00,0.56756,0.56758,0.56727,0.56729
2026-05-13 22:30:00,0.5673,0.56732,0.56711,0.5672
2026-05-13 22:45:00,0.56721,0.56724,0.56702,0.56704
2026-05-13 23:00:00,0.56703,0.56711,0.56684,0.56705
2026-05-13 23:15:00,0.56705,0.56731,0.56705,0.56718
2026-05-13 23:30:00,0.56719,0.56739,0.56719,0.56736
2026-05-13 23:45:00,0.56736,0.5674,0.5672,0.56721
2026-05-14 00:00:00,0.56697,0.56729,0.56687,0.56692
2026-05-14 00:15:00,0.56692,0.56716,0.5668,0.56704
2026-05-14 00:30:00,0.56688,0.56705,0.56682,0.56682
2026-05-14 00:45:00,0.56679,0.5671,0.56665,0.56683
2026-05-14 01:00:00,0.56693,0.56728,0.56671,0.56723
2026-05-14 01:15:00,0.56723,0.56736,0.56722,0.56735
2026-05-14 01:30:00,0.56734,0.56737,0.56732,0.56734
2026-05-14 01:45:00,0.56733,0.56741,0.56733,0.56737
2026-05-14 02:00:00,0.56738,0.56743,0.56721,0.56732
2026-05-14 02:15:00,0.5673,0.56733,0.56721,0.56731
2026-05-14 02:30:00,0.56732,0.56733,0.56693,0.567
2026-05-14 02:45:00,0.56701,0.56709,0.56691,0.56702
2026-05-14 03:00:00,0.56703,0.56707,0.56668,0.56694
2026-05-14 03:15:00,0.56693,0.56712,0.56684,0.56697
2026-05-14 03:30:00,0.56699,0.56705,0.56675,0.56678
2026-05-14 03:45:00,0.56677,0.56677,0.56647,0.56666
2026-05-14 04:00:00,0.56667,0.56672,0.56634,0.5664
2026-05-14 04:15:00,0.5664,0.56655,0.56631,0.56649
2026-05-14 04:30:00,0.56649,0.56656,0.56638,0.56645
2026-05-14 04:45:00,0.56644,0.56648,0.56626,0.5663
2026-05-14 05:00:00,0.56629,0.56659,0.56615,0.56654
2026-05-14 05:15:00,0.56656,0.56669,0.56647,0.56669
2026-05-14 05:30:00,0.56669,0.56685,0.56668,0.56679
2026-05-14 05:45:00,0.56678,0.56698,0.56656,0.56694
2026-05-14 06:00:00,0.56693,0.56695,0.56677,0.56679
2026-05-14 06:15:00,0.5668,0.56696,0.56663,0.56688
2026-05-14 06:30:00,0.56688,0.56705,0.56681,0.56682
2026-05-14 06:45:00,0.56682,0.56704,0.56682,0.56694
2026-05-14 07:00:00,0.56693,0.56709,0.56687,0.56706
2026-05-14 07:15:00,0.56705,0.56725,0.567,0.56715
2026-05-14 07:30:00,0.56714,0.56737,0.56714,0.56735
2026-05-14 07:45:00,0.56734,0.56737,0.56724,0.56728
2026-05-14 08:00:00,0.56728,0.56729,0.56707,0.56722
2026-05-14 08:15:00,0.56723,0.56737,0.56723,0.56733
2026-05-14 08:30:00,0.56734,0.56752,0.56724,0.56752
2026-05-14 08:45:00,0.56753,0.56776,0.56727,0.56741
2026-05-14 09:00:00,0.56739,0.56769,0.56739,0.56753
2026-05-14 09:15:00,0.56752,0.56759,0.56728,0.56756
2026-05-14 09:30:00,0.56757,0.56762,0.56724,0.56726
2026-05-14 09:45:00,0.56727,0.5674,0.56704,0.56706
2026-05-14 10:00:00,0.56706,0.56711,0.56671,0.56701
2026-05-14 10:15:00,0.56701,0.56736,0.56699,0.56735
2026-05-14 10:30:00,0.56736,0.56741,0.56718,0.56727
2026-05-14 10:45:00,0.56728,0.56733,0.56647,0.56655
2026-05-14 11:00:00,0.56654,0.56723,0.56648,0.5672
2026-05-14 11:15:00,0.56721,0.56723,0.56696,0.56709
2026-05-14 11:30:00,0.5671,0.56717,0.56684,0.5669
2026-05-14 11:45:00,0.5669,0.56717,0.56689,0.56709
2026-05-14 12:00:00,0.56708,0.56712,0.56692,0.56706
2026-05-14 12:15:00,0.56707,0.56707,0.56672,0.56681
2026-05-14 12:30:00,0.56682,0.56684,0.56641,0.56663
2026-05-14 12:45:00,0.56664,0.5667,0.5665,0.56653
2026-05-14 13:00:00,0.56652,0.56669,0.56632,0.56635
2026-05-14 13:15:00,0.56635,0.56652,0.56623,0.56637
2026-05-14 13:30:00,0.56638,0.56638,0.5661,0.56612
2026-05-14 13:45:00,0.56613,0.56633,0.56612,0.56625
2026-05-14 14:00:00,0.56624,0.56627,0.56605,0.56626
2026-05-14 14:15:00,0.56627,0.56636,0.56606,0.56607
2026-05-14 14:30:00,0.56607,0.56632,0.56604,0.56615
2026-05-14 14:45:00,0.56616,0.56638,0.56609,0.56616
2026-05-14 15:00:00,0.56616,0.56618,0.56594,0.56599
2026-05-14 15:15:00,0.566,0.56619,0.56589,0.56591
2026-05-14 15:30:00,0.56597,0.56616,0.56589,0.56594
2026-05-14 15:45:00,0.56594,0.56594,0.56576,0.56577
2026-05-14 16:00:00,0.56577,0.56584,0.56552,0.56556
2026-05-14 16:15:00,0.56557,0.56559,0.56513,0.56518
2026-05-14 16:30:00,0.56518,0.56527,0.56481,0.56517
2026-05-14 16:45:00,0.56516,0.56532,0.56485,0.56486
2026-05-14 17:00:00,0.56486,0.56524,0.56482,0.56524
2026-05-14 17:15:00,0.56523,0.56562,0.56522,0.56551
2026-05-14 17:30:00,0.56551,0.56557,0.56533,0.56535
2026-05-14 17:45:00,0.56536,0.56595,0.56524,0.56595
2026-05-14 18:00:00,0.56595,0.56599,0.56573,0.56592
2026-05-14 18:15:00,0.56592,0.56607,0.56582,0.56583
2026-05-14 18:30:00,0.56582,0.56594,0.56574,0.56579
2026-05-14 18:45:00,0.56579,0.56579,0.56563,0.56563
2026-05-14 19:00:00,0.56565,0.56567,0.56549,0.56551
2026-05-14 19:15:00,0.56551,0.56566,0.56538,0.56541
2026-05-14 19:30:00,0.56541,0.56557,0.56537,0.56546
2026-05-14 19:45:00,0.56545,0.56559,0.56539,0.56555
2026-05-14 20:00:00,0.56554,0.56579,0.56554,0.56563
2026-05-14 20:15:00,0.56562,0.56565,0.56551,0.56558
2026-05-14 20:30:00,0.56559,0.5659,0.56556,0.56585
2026-05-14 20:45:00,0.56587,0.56593,0.56573,0.56574
2026-05-14 21:00:00,0.56575,0.56583,0.56553,0.56582
2026-05-14 21:15:00,0.56582,0.56594,0.5658,0.56586
2026-05-14 21:30:00,0.56586,0.56596,0.56583,0.56592
2026-05-14 21:45:00,0.56593,0.56601,0.56587,0.56595
2026-05-14 22:00:00,0.56596,0.56602,0.5659,0.56595
2026-05-14 22:15:00,0.56596,0.566,0.56591,0.56593
2026-05-14 22:30:00,0.56591,0.56597,0.56586,0.56592
2026-05-14 22:45:00,0.56591,0.56594,0.56572,0.5658
2026-05-14 23:00:00,0.5658,0.56598,0.56577,0.56593
2026-05-14 23:15:00,0.56593,0.566,0.5659,0.56597
2026-05-14 23:30:00,0.56594,0.56601,0.56589,0.5659
2026-05-14 23:45:00,0.5659,0.56595,0.56572,0.56574
2026-05-15 00:00:00,0.56544,0.56565,0.56537,0.56539
2026-05-15 00:15:00,0.56539,0.56545,0.56538,0.56545
2026-05-15 00:30:00,0.56541,0.56556,0.56517,0.5652
2026-05-15 00:45:00,0.5652,0.56547,0.56519,0.56546
2026-05-15 01:00:00,0.56545,0.566,0.56545,0.56597
2026-05-15 01:15:00,0.56597,0.566,0.56588,0.56596
2026-05-15 01:30:00,0.56596,0.56603,0.56593,0.56599
2026-05-15 01:45:00,0.56599,0.56613,0.56596,0.56613
2026-05-15 02:00:00,0.56612,0.56616,0.56593,0.56608
2026-05-15 02:15:00,0.56608,0.56624,0.56601,0.56624
2026-05-15 02:30:00,0.56623,0.56628,0.56609,0.56613
2026-05-15 02:45:00,0.56614,0.56619,0.5657,0.56572
2026-05-15 03:00:00,0.56573,0.56604,0.56569,0.56593
2026-05-15 03:15:00,0.56594,0.56605,0.56591,0.56592
2026-05-15 03:30:00,0.56592,0.56595,0.56542,0.56551
2026-05-15 03:45:00,0.56551,0.56567,0.56522,0.56546
2026-05-15 04:00:00,0.56546,0.56554,0.5653,0.56547
2026-05-15 04:15:00,0.56548,0.56548,0.56503,0.56505
2026-05-15 04:30:00,0.56504,0.56531,0.56486,0.56517
2026-05-15 04:45:00,0.56517,0.56517,0.56451,0.56458
2026-05-15 05:00:00,0.56459,0.56467,0.56439,0.56457
2026-05-15 05:15:00,0.56457,0.56457,0.56433,0.56439
2026-05-15 05:30:00,0.56439,0.56462,0.56438,0.56457
2026-05-15 05:45:00,0.56458,0.56499,0.56452,0.56464
2026-05-15 06:00:00,0.56463,0.56478,0.56458,0.56464
2026-05-15 06:15:00,0.56463,0.56473,0.56444,0.5645
2026-05-15 06:30:00,0.56449,0.56474,0.56443,0.56468
2026-05-15 06:45:00,0.56469,0.56479,0.56456,0.56477
2026-05-15 07:00:00,0.56477,0.5648,0.56455,0.56473
2026-05-15 07:15:00,0.56472,0.56474,0.56451,0.56452
2026-05-15 07:30:00,0.56452,0.5647,0.56441,0.56443
2026-05-15 07:45:00,0.56444,0.56448,0.56419,0.56421
2026-05-15 08:00:00,0.5642,0.56421,0.56324,0.56327
2026-05-15 08:15:00,0.56328,0.56358,0.56325,0.56344
2026-05-15 08:30:00,0.56345,0.56352,0.56332,0.56335
2026-05-15 08:45:00,0.56334,0.56335,0.56266,0.56283
2026-05-15 09:00:00,0.56283,0.5629,0.56255,0.56269
2026-05-15 09:15:00,0.56271,0.56277,0.56239,0.56265
2026-05-15 09:30:00,0.56265,0.56307,0.56263,0.56299
2026-05-15 09:45:00,0.56299,0.56309,0.56249,0.56268
2026-05-15 10:00:00,0.56267,0.56287,0.56254,0.56278
2026-05-15 10:15:00,0.56277,0.56318,0.56265,0.56295
2026-05-15 10:30:00,0.56295,0.56298,0.5625,0.56292
2026-05-15 10:45:00,0.56292,0.56297,0.56269,0.56276
2026-05-15 11:00:00,0.56276,0.56282,0.5625,0.56261
2026-05-15 11:15:00,0.5626,0.56268,0.56244,0.56258
2026-05-15 11:30:00,0.56258,0.56259,0.5622,0.56238
2026-05-15 11:45:00,0.56238,0.56257,0.56226,0.56229
2026-05-15 12:00:00,0.56228,0.56236,0.56185,0.56194
2026-05-15 12:15:00,0.56193,0.56195,0.56141,0.56172
2026-05-15 12:30:00,0.5617,0.56202,0.56169,0.56179
2026-05-15 12:45:00,0.56179,0.56192,0.56148,0.56183
2026-05-15 13:00:00,0.56185,0.56201,0.56172,0.56199
2026-05-15 13:15:00,0.56199,0.56214,0.56178,0.56185
2026-05-15 13:30:00,0.56185,0.56238,0.56185,0.56236
2026-05-15 13:45:00,0.56235,0.56288,0.56231,0.56259
2026-05-15 14:00:00,0.56261,0.5627,0.56218,0.56225
2026-05-15 14:15:00,0.56224,0.56242,0.56222,0.56226
2026-05-15 14:30:00,0.56227,0.56235,0.56204,0.56209
2026-05-15 14:45:00,0.56209,0.56233,0.56207,0.56219
2026-05-15 15:00:00,0.5622,0.56232,0.56204,0.56219
2026-05-15 15:15:00,0.5622,0.56251,0.56212,0.56237
2026-05-15 15:30:00,0.56237,0.56242,0.56201,0.5622
2026-05-15 15:45:00,0.5622,0.56274,0.56215,0.5627
2026-05-15 16:00:00,0.5627,0.56272,0.56241,0.56254
2026-05-15 16:15:00,0.56256,0.56283,0.56249,0.56273
2026-05-15 16:30:00,0.56272,0.56274,0.56199,0.56218
2026-05-15 16:45:00,0.56218,0.56258,0.56213,0.56222
2026-05-15 17:00:00,0.56221,0.56267,0.56209,0.56264
2026-05-15 17:15:00,0.56265,0.56304,0.56259,0.56266
2026-05-15 17:30:00,0.56267,0.56303,0.56266,0.563
2026-05-15 17:45:00,0.56299,0.56301,0.56246,0.5626
2026-05-15 18:00:00,0.56261,0.56282,0.56234,0.56247
2026-05-15 18:15:00,0.56246,0.5626,0.56232,0.56256
2026-05-15 18:30:00,0.56256,0.56274,0.5624,0.56248
2026-05-15 18:45:00,0.56249,0.56276,0.56242,0.56262
2026-05-15 19:00:00,0.56262,0.56273,0.56251,0.56272
2026-05-15 19:15:00,0.56272,0.56287,0.56269,0.56281
2026-05-15 19:30:00,0.56282,0.56301,0.56277,0.56297
2026-05-15 19:45:00,0.56298,0.56305,0.5627,0.5629
2026-05-15 20:00:00,0.56289,0.56311,0.56286,0.563
2026-05-15 20:15:00,0.563,0.5631,0.5629,0.56302
2026-05-15 20:30:00,0.563,0.56315,0.56294,0.56295
2026-05-15 20:45:00,0.56294,0.56311,0.56293,0.56309
2026-05-15 21:00:00,0.5631,0.56322,0.56304,0.56311
2026-05-15 21:15:00,0.56311,0.56311,0.56286,0.56297
2026-05-15 21:30:00,0.56298,0.56301,0.56274,0.563
2026-05-15 21:45:00,0.563,0.563,0.56281,0.56285
2026-05-15 22:00:00,0.56287,0.56287,0.56263,0.56265
2026-05-15 22:15:00,0.56265,0.5628,0.56265,0.56275
2026-05-15 22:30:00,0.56275,0.56276,0.5626,0.56262
2026-05-15 22:45:00,0.56262,0.56267,0.56239,0.56239
2026-05-15 23:00:00,0.5624,0.56246,0.56225,0.56238
2026-05-15 23:15:00,0.56238,0.5624,0.56226,0.56232
2026-05-15 23:30:00,0.56233,0.56233,0.56204,0.56212
2026-05-15 23:45:00,0.56212,0.56245,0.56202,0.56214
2026-05-18 00:00:00,0.56048,0.56189,0.56048,0.56184
2026-05-18 00:15:00,0.56187,0.56245,0.56178,0.56234
2026-05-18 00:30:00,0.56231,0.56248,0.56202,0.56202
2026-05-18 00:45:00,0.56201,0.56218,0.56191,0.56204
2026-05-18 01:00:00,0.5621,0.56286,0.56189,0.56269
2026-05-18 01:15:00,0.5627,0.56271,0.56244,0.56263
2026-05-18 01:30:00,0.56262,0.56281,0.5626,0.56271
2026-05-18 01:45:00,0.5627,0.5628,0.56249,0.56254
2026-05-18 02:00:00,0.56256,0.56265,0.56243,0.56244
2026-05-18 02:15:00,0.56244,0.56245,0.56205,0.56207
2026-05-18 02:30:00,0.56205,0.56222,0.56159,0.56177
2026-05-18 02:45:00,0.56177,0.56177,0.56122,0.56133
2026-05-18 03:00:00,0.56132,0.5615,0.56053,0.56075
2026-05-18 03:15:00,0.56077,0.56098,0.56061,0.56072
2026-05-18 03:30:00,0.56073,0.56087,0.56065,0.56073
2026-05-18 03:45:00,0.56072,0.56101,0.56056,0.56096
2026-05-18 04:00:00,0.56096,0.5612,0.56084,0.56101
2026-05-18 04:15:00,0.56101,0.56116,0.56082,0.56096
2026-05-18 04:30:00,0.56098,0.56116,0.56077,0.56084
2026-05-18 04:45:00,0.56085,0.56125,0.56074,0.56105
2026-05-18 05:00:00,0.56103,0.56115,0.56083,0.56111
2026-05-18 05:15:00,0.5611,0.56124,0.56097,0.56098
2026-05-18 05:30:00,0.56098,0.56128,0.56093,0.56112
2026-05-18 05:45:00,0.56112,0.56113,0.56065,0.56078
2026-05-18 06:00:00,0.56079,0.56115,0.56078,0.56088
2026-05-18 06:15:00,0.56089,0.56103,0.56072,0.56102
2026-05-18 06:30:00,0.56101,0.56126,0.56082,0.56123
2026-05-18 06:45:00,0.56123,0.56132,0.56106,0.56132
2026-05-18 07:00:00,0.56131,0.56141,0.56121,0.5613
2026-05-18 07:15:00,0.5613,0.56143,0.56114,0.5612
2026-05-18 07:30:00,0.56119,0.56137,0.56115,0.56132
2026-05-18 07:45:00,0.56132,0.56141,0.56112,0.56115
2026-05-18 08:00:00,0.56116,0.56125,0.561,0.5611
2026-05-18 08:15:00,0.56109,0.56124,0.56091,0.56123
2026-05-18 08:30:00,0.56124,0.5613,0.56116,0.56117
2026-05-18 08:45:00,0.56117,0.56119,0.56101,0.56105
2026-05-18 09:00:00,0.56104,0.56133,0.56095,0.56121
2026-05-18 09:15:00,0.56121,0.56146,0.56113,0.56132
2026-05-18 09:30:00,0.56131,0.56141,0.56111,0.56119
2026-05-18 09:45:00,0.56119,0.56153,0.56117,0.56152
2026-05-18 10:00:00,0.56154,0.56161,0.56136,0.56149
2026-05-18 10:15:00,0.56149,0.56171,0.56117,0.56153
2026-05-18 10:30:00,0.56152,0.56188,0.56145,0.56147
2026-05-18 10:45:00,0.56147,0.56163,0.56123,0.56162
2026-05-18 11:00:00,0.56163,0.56176,0.56134,0.56139
2026-05-18 11:15:00,0.5614,0.56189,0.5613,0.56183
2026-05-18 11:30:00,0.56182,0.56217,0.56172,0.56178
2026-05-18 11:45:00,0.56179,0.56212,0.56176,0.56183
2026-05-18 12:00:00,0.56183,0.56196,0.56178,0.56194
2026-05-18 12:15:00,0.56193,0.56231,0.56191,0.56223
2026-05-18 12:30:00,0.56222,0.56231,0.56205,0.56207
2026-05-18 12:45:00,0.56207,0.56215,0.56198,0.56211
2026-05-18 13:00:00,0.56211,0.56219,0.56175,0.56192
2026-05-18 13:15:00,0.56193,0.56198,0.56185,0.5619
2026-05-18 13:30:00,0.56192,0.5621,0.56182,0.5619
2026-05-18 13:45:00,0.56189,0.56219,0.56186,0.56207
2026-05-18 14:00:00,0.56208,0.56213,0.56172,0.56206
2026-05-18 14:15:00,0.56206,0.56233,0.56198,0.56233
2026-05-18 14:30:00,0.56233,0.56275,0.56228,0.56229
2026-05-18 14:45:00,0.56229,0.56241,0.5621,0.56236
2026-05-18 15:00:00,0.56235,0.56264,0.56224,0.56254
2026-05-18 15:15:00,0.56255,0.56268,0.56249,0.56258
2026-05-18 15:30:00,0.56258,0.5633,0.56249,0.56324
2026-05-18 15:45:00,0.56324,0.56367,0.56324,0.56349
2026-05-18 16:00:00,0.56349,0.56361,0.56322,0.56332
2026-05-18 16:15:00,0.56331,0.56336,0.56305,0.56315
2026-05-18 16:30:00,0.56316,0.56324,0.56273,0.56279
2026-05-18 16:45:00,0.56279,0.56319,0.56275,0.56307
2026-05-18 17:00:00,0.56307,0.56307,0.56245,0.56251
2026-05-18 17:15:00,0.56251,0.56273,0.56222,0.56242
2026-05-18 17:30:00,0.56241,0.56266,0.56214,0.56228
2026-05-18 17:45:00,0.5623,0.56263,0.56217,0.56257
2026-05-18 18:00:00,0.56257,0.56267,0.56218,0.5623
2026-05-18 18:15:00,0.5623,0.56238,0.56211,0.56213
2026-05-18 18:30:00,0.56213,0.56235,0.56208,0.56229
2026-05-18 18:45:00,0.56229,0.56241,0.56213,0.56238
2026-05-18 19:00:00,0.56239,0.56242,0.56216,0.56225
2026-05-18 19:15:00,0.56225,0.5624,0.5619,0.56192
2026-05-18 19:30:00,0.56193,0.56207,0.56181,0.56199
2026-05-18 19:45:00,0.56199,0.56229,0.56197,0.56207
2026-05-18 20:00:00,0.56205,0.56236,0.56192,0.56221
2026-05-18 20:15:00,0.5622,0.56226,0.56209,0.56218
2026-05-18 20:30:00,0.5622,0.5622,0.56199,0.56201
2026-05-18 20:45:00,0.562,0.56214,0.56198,0.56211
2026-05-18 21:00:00,0.56209,0.56214,0.5619,0.5619
2026-05-18 21:15:00,0.56189,0.5619,0.56168,0.56189
2026-05-18 21:30:00,0.5619,0.56196,0.56179,0.56188
2026-05-18 21:45:00,0.56188,0.56192,0.56173,0.56192
2026-05-18 22:00:00,0.56191,0.56258,0.56184,0.56222
2026-05-18 22:15:00,0.5622,0.56231,0.56208,0.56214
2026-05-18 22:30:00,0.56214,0.56247,0.56208,0.56247
2026-05-18 22:45:00,0.56246,0.56251,0.56227,0.56236
2026-05-18 23:00:00,0.56235,0.56236,0.56209,0.56226
2026-05-18 23:15:00,0.56226,0.56232,0.56222,0.56224
2026-05-18 23:30:00,0.56224,0.56228,0.56217,0.56227
2026-05-18 23:45:00,0.56227,0.56234,0.56222,0.56224
2026-05-19 00:00:00,0.56108,0.56145,0.56108,0.56126
2026-05-19 00:15:00,0.56125,0.56213,0.56123,0.56184
2026-05-19 00:30:00,0.56184,0.56218,0.56174,0.56204
2026-05-19 00:45:00,0.56196,0.56209,0.56191,0.56196
2026-05-19 01:00:00,0.56196,0.56237,0.56196,0.56225
2026-05-19 01:15:00,0.56225,0.56231,0.56223,0.56229
2026-05-19 01:30:00,0.56229,0.56234,0.56222,0.56229
2026-05-19 01:45:00,0.56229,0.56249,0.56227,0.56248
2026-05-19 02:00:00,0.56248,0.56254,0.56245,0.56251
2026-05-19 02:15:00,0.5625,0.56278,0.5625,0.56254
2026-05-19 02:30:00,0.56254,0.56266,0.56252,0.56256
2026-05-19 02:45:00,0.56257,0.56257,0.56238,0.56249
2026-05-19 03:00:00,0.5625,0.56262,0.56221,0.56225
2026-05-19 03:15:00,0.56225,0.56238,0.56209,0.5622
2026-05-19 03:30:00,0.56219,0.56223,0.56171,0.56184
2026-05-19 03:45:00,0.56184,0.56188,0.56146,0.56152
2026-05-19 04:00:00,0.5615,0.56157,0.56131,0.56155
2026-05-19 04:15:00,0.56156,0.56165,0.56125,0.56138
2026-05-19 04:30:00,0.56136,0.56136,0.5607,0.56123
2026-05-19 04:45:00,0.56124,0.56132,0.56101,0.56104
2026-05-19 05:00:00,0.56103,0.5611,0.56073,0.56077
2026-05-19 05:15:00,0.56077,0.56109,0.56058,0.56087
2026-05-19 05:30:00,0.56088,0.56111,0.5608,0.56107
2026-05-19 05:45:00,0.56107,0.5611,0.56092,0.56106
2026-05-19 06:00:00,0.56104,0.56106,0.56081,0.56095
2026-05-19 06:15:00,0.56097,0.56111,0.56093,0.56101
2026-05-19 06:30:00,0.56101,0.56118,0.56098,0.56101
2026-05-19 06:45:00,0.561,0.56102,0.56075,0.5608
2026-05-19 07:00:00,0.56082,0.56088,0.56069,0.56073
2026-05-19 07:15:00,0.56074,0.56075,0.56038,0.56044
2026-05-19 07:30:00,0.56045,0.56057,0.56031,0.56032
2026-05-19 07:45:00,0.56033,0.56045,0.56019,0.56025
2026-05-19 08:00:00,0.56025,0.56042,0.5602,0.56038
2026-05-19 08:15:00,0.56038,0.56038,0.56011,0.56023
2026-05-19 08:30:00,0.56022,0.56024,0.55992,0.56002
2026-05-19 08:45:00,0.56001,0.56033,0.55991,0.56021
2026-05-19 09:00:00,0.56023,0.56066,0.56017,0.5604
2026-05-19 09:15:00,0.56041,0.56041,0.56009,0.56024
2026-05-19 09:30:00,0.56023,0.56056,0.56008,0.56044
2026-05-19 09:45:00,0.56044,0.56073,0.56044,0.56064
2026-05-19 10:00:00,0.56065,0.56073,0.56032,0.56055
2026-05-19 10:15:00,0.56055,0.56079,0.56051,0.56063
2026-05-19 10:30:00,0.56063,0.56064,0.56034,0.56038
2026-05-19 10:45:00,0.56038,0.56047,0.5595,0.55951
2026-05-19 11:00:00,0.55951,0.55957,0.55911,0.55929
2026-05-19 11:15:00,0.55929,0.55951,0.55925,0.55936
2026-05-19 11:30:00,0.55936,0.56002,0.55933,0.55992
2026-05-19 11:45:00,0.55992,0.56026,0.55991,0.56003
2026-05-19 12:00:00,0.56003,0.56025,0.55988,0.56021
2026-05-19 12:15:00,0.56022,0.56022,0.5598,0.56002
2026-05-19 12:30:00,0.56003,0.56006,0.55971,0.5598
2026-05-19 12:45:00,0.5598,0.56007,0.55978,0.56006
2026-05-19 13:00:00,0.56006,0.56014,0.55981,0.55999
2026-05-19 13:15:00,0.55999,0.56017,0.55988,0.56012
2026-05-19 13:30:00,0.56013,0.56034,0.55998,0.56015
2026-05-19 13:45:00,0.56017,0.56026,0.55997,0.56007
2026-05-19 14:00:00,0.56007,0.56027,0.56004,0.56024
2026-05-19 14:15:00,0.56023,0.56038,0.56016,0.56036
2026-05-19 14:30:00,0.56036,0.56057,0.56035,0.56048
2026-05-19 14:45:00,0.56048,0.5607,0.5604,0.56055
2026-05-19 15:00:00,0.56057,0.56061,0.56031,0.56046
2026-05-19 15:15:00,0.56046,0.56068,0.56044,0.56066
2026-05-19 15:30:00,0.56066,0.56082,0.56051,0.56069
2026-05-19 15:45:00,0.56068,0.56074,0.56042,0.56051
2026-05-19 16:00:00,0.5605,0.56071,0.56028,0.56053
2026-05-19 16:15:00,0.56052,0.56068,0.56031,0.56062
2026-05-19 16:30:00,0.56063,0.56095,0.56053,0.56082
2026-05-19 16:45:00,0.56081,0.56115,0.56053,0.56085
2026-05-19 17:00:00,0.56086,0.56106,0.56052,0.56054
2026-05-19 17:15:00,0.56054,0.56054,0.55992,0.56008
2026-05-19 17:30:00,0.56008,0.56021,0.55969,0.55969
2026-05-19 17:45:00,0.5597,0.56012,0.55939,0.56002
2026-05-19 18:00:00,0.56003,0.56006,0.55962,0.55998
2026-05-19 18:15:00,0.55999,0.56013,0.55972,0.56004
2026-05-19 18:30:00,0.56003,0.56054,0.56001,0.56048
2026-05-19 18:45:00,0.56047,0.56078,0.56038,0.56065
2026-05-19 19:00:00,0.56066,0.56077,0.56049,0.56053
2026-05-19 19:15:00,0.56053,0.56089,0.56049,0.5607
2026-05-19 19:30:00,0.56069,0.56103,0.56067,0.56087
2026-05-19 19:45:00,0.56087,0.5611,0.56087,0.56101
2026-05-19 20:00:00,0.56101,0.56117,0.56097,0.56111
2026-05-19 20:15:00,0.56112,0.56121,0.56102,0.56104
2026-05-19 20:30:00,0.56103,0.56107,0.56087,0.56087
2026-05-19 20:45:00,0.56088,0.56098,0.5608,0.56091
2026-05-19 21:00:00,0.56092,0.56098,0.56086,0.56093
2026-05-19 21:15:00,0.56094,0.56099,0.56085,0.56095
2026-05-19 21:30:00,0.56094,0.56105,0.56086,0.56099
2026-05-19 21:45:00,0.56099,0.56099,0.56076,0.56082
2026-05-19 22:00:00,0.56082,0.56102,0.56079,0.56097
2026-05-19 22:15:00,0.56098,0.561,0.56077,0.56082
2026-05-19 22:30:00,0.56082,0.56091,0.56076,0.56084
2026-05-19 22:45:00,0.56083,0.56086,0.5607,0.5608
2026-05-19 23:00:00,0.56081,0.56083,0.56067,0.56071
2026-05-19 23:15:00,0.56072,0.56072,0.56057,0.56063
2026-05-19 23:30:00,0.56064,0.56079,0.56064,0.56075
2026-05-19 23:45:00,0.56075,0.56076,0.56048,0.56055
2026-05-20 00:00:00,0.56029,0.56059,0.55996,0.56022
2026-05-20 00:15:00,0.56025,0.56049,0.56023,0.56039
2026-05-20 00:30:00,0.56031,0.56053,0.5602,0.5602
2026-05-20 00:45:00,0.56019,0.56038,0.56019,0.56024
2026-05-20 01:00:00,0.56023,0.56063,0.56023,0.56059
2026-05-20 01:15:00,0.56057,0.56074,0.56054,0.56072
2026-05-20 01:30:00,0.56071,0.56075,0.5605,0.56066
2026-05-20 01:45:00,0.56064,0.56071,0.56059,0.56068
2026-05-20 02:00:00,0.56068,0.56074,0.56064,0.56067
2026-05-20 02:15:00,0.56067,0.56067,0.5606,0.56061
2026-05-20 02:30:00,0.56061,0.56082,0.56058,0.56062
2026-05-20 02:45:00,0.56062,0.56069,0.56037,0.56037
2026-05-20 03:00:00,0.56035,0.56038,0.55998,0.56002
2026-05-20 03:15:00,0.56002,0.56024,0.55989,0.56013
2026-05-20 03:30:00,0.56013,0.5603,0.56008,0.56028
2026-05-20 03:45:00,0.56028,0.56037,0.55984,0.55984
2026-05-20 04:00:00,0.55984,0.56037,0.55982,0.56023
2026-05-20 04:15:00,0.56024,0.56026,0.55981,0.55986
2026-05-20 04:30:00,0.55987,0.56038,0.55976,0.56037
2026-05-20 04:45:00,0.56037,0.56094,0.56022,0.56093
2026-05-20 05:00:00,0.56092,0.56107,0.5607,0.56094
2026-05-20 05:15:00,0.56094,0.56109,0.56077,0.56085
2026-05-20 05:30:00,0.56084,0.56088,0.56031,0.56064
2026-05-20 05:45:00,0.56063,0.56079,0.56041,0.56047
2026-05-20 06:00:00,0.56048,0.56072,0.5604,0.56057
2026-05-20 06:15:00,0.56059,0.56088,0.56057,0.56086
2026-05-20 06:30:00,0.56085,0.56093,0.56073,0.56084
2026-05-20 06:45:00,0.56084,0.56091,0.56077,0.5608
2026-05-20 07:00:00,0.56081,0.56108,0.56081,0.56106
2026-05-20 07:15:00,0.56105,0.56107,0.56083,0.56093
2026-05-20 07:30:00,0.56092,0.56092,0.56067,0.56085
2026-05-20 07:45:00,0.56085,0.56094,0.56076,0.56081
2026-05-20 08:00:00,0.56082,0.56104,0.56081,0.56087
2026-05-20 08:15:00,0.56086,0.56091,0.56069,0.56074
2026-05-20 08:30:00,0.56075,0.56105,0.56074,0.56095
2026-05-20 08:45:00,0.56094,0.56121,0.56086,0.56113
2026-05-20 09:00:00,0.56113,0.56128,0.56103,0.56123
2026-05-20 09:15:00,0.56122,0.56158,0.56108,0.56121
2026-05-20 09:30:00,0.56122,0.56139,0.5611,0.56127
2026-05-20 09:45:00,0.56126,0.5616,0.56123,0.56154
2026-05-20 10:00:00,0.56156,0.56204,0.56145,0.56182
2026-05-20 10:15:00,0.56181,0.56202,0.56169,0.56184
2026-05-20 10:30:00,0.56183,0.56198,0.56173,0.56182
2026-05-20 10:45:00,0.56183,0.56194,0.56164,0.56173
2026-05-20 11:00:00,0.56173,0.56209,0.56164,0.56184
2026-05-20 11:15:00,0.56184,0.56204,0.56161,0.56195
2026-05-20 11:30:00,0.56196,0.56234,0.56191,0.56225
2026-05-20 11:45:00,0.56224,0.56242,0.56195,0.56196
2026-05-20 12:00:00,0.56197,0.56226,0.56196,0.56205
2026-05-20 12:15:00,0.56205,0.56227,0.56193,0.56222
2026-05-20 12:30:00,0.56221,0.56239,0.56218,0.56218
2026-05-20 12:45:00,0.56218,0.56233,0.56213,0.56226
2026-05-20 13:00:00,0.56225,0.56253,0.56222,0.56242
2026-05-20 13:15:00,0.56241,0.56259,0.56239,0.56257
2026-05-20 13:30:00,0.56257,0.56273,0.56237,0.5626
2026-05-20 13:45:00,0.56259,0.56265,0.56239,0.56263
2026-05-20 14:00:00,0.56264,0.56305,0.56254,0.56298
2026-05-20 14:15:00,0.56297,0.56337,0.56297,0.56334
2026-05-20 14:30:00,0.56335,0.56346,0.56327,0.56343
2026-05-20 14:45:00,0.56342,0.56343,0.56303,0.56316
2026-05-20 15:00:00,0.56317,0.56337,0.56315,0.56327
2026-05-20 15:15:00,0.56327,0.56343,0.56313,0.56343
2026-05-20 15:30:00,0.56343,0.56375,0.56341,0.56346
2026-05-20 15:45:00,0.56345,0.56348,0.56306,0.56313
2026-05-20 16:00:00,0.56313,0.56324,0.56269,0.56292
2026-05-20 16:15:00,0.56292,0.56297,0.56268,0.56279
2026-05-20 16:30:00,0.56279,0.56319,0.5627,0.56316
2026-05-20 16:45:00,0.56316,0.56342,0.56281,0.56295
2026-05-20 17:00:00,0.56296,0.56305,0.56252,0.56279
2026-05-20 17:15:00,0.56281,0.56342,0.56281,0.56329
2026-05-20 17:30:00,0.56331,0.56359,0.5631,0.56356
2026-05-20 17:45:00,0.56357,0.56357,0.56299,0.56323
2026-05-20 18:00:00,0.56321,0.56348,0.56315,0.56341
2026-05-20 18:15:00,0.56338,0.56403,0.56313,0.56321
2026-05-20 18:30:00,0.56322,0.56367,0.5632,0.56345
2026-05-20 18:45:00,0.56346,0.56354,0.56312,0.56321
2026-05-20 19:00:00,0.56321,0.56347,0.56319,0.56336
2026-05-20 19:15:00,0.56337,0.56354,0.56314,0.56324
2026-05-20 19:30:00,0.56323,0.56328,0.56302,0.56328
2026-05-20 19:45:00,0.56329,0.56332,0.56307,0.56322
2026-05-20 20:00:00,0.56321,0.56336,0.56311,0.56328
2026-05-20 20:15:00,0.56326,0.56335,0.56311,0.5633
2026-05-20 20:30:00,0.56331,0.56334,0.56316,0.56328
2026-05-20 20:45:00,0.56327,0.56339,0.56322,0.5633
2026-05-20 21:00:00,0.56332,0.56338,0.56317,0.56331
2026-05-20 21:15:00,0.5633,0.56338,0.56329,0.56332
2026-05-20 21:30:00,0.56333,0.56338,0.56319,0.5632
2026-05-20 21:45:00,0.56319,0.56329,0.5631,0.56319
2026-05-20 22:00:00,0.56318,0.56337,0.56315,0.56322
2026-05-20 22:15:00,0.56323,0.56328,0.56317,0.56326
2026-05-20 22:30:00,0.56327,0.56327,0.56315,0.56323
2026-05-20 22:45:00,0.56323,0.56343,0.56312,0.56339
2026-05-20 23:00:00,0.56337,0.56337,0.5631,0.56313
2026-05-20 23:15:00,0.56314,0.56316,0.56294,0.56315
2026-05-20 23:30:00,0.56314,0.5632,0.56308,0.56315
2026-05-20 23:45:00,0.56315,0.56316,0.56295,0.56299
2026-05-21 00:00:00,0.56188,0.56212,0.56122,0.56208
2026-05-21 00:15:00,0.56208,0.56238,0.56207,0.56238
2026-05-21 00:30:00,0.56238,0.56263,0.56222,0.56262
2026-05-21 00:45:00,0.56262,0.56273,0.56232,0.56258
2026-05-21 01:00:00,0.56261,0.56284,0.56242,0.56276
2026-05-21 01:15:00,0.56276,0.56287,0.56274,0.56286
2026-05-21 01:30:00,0.56285,0.5629,0.56282,0.56283
2026-05-21 01:45:00,0.56282,0.56284,0.56277,0.56283
2026-05-21 02:00:00,0.56282,0.56282,0.56269,0.56278
2026-05-21 02:15:00,0.5628,0.56283,0.56275,0.56283
2026-05-21 02:30:00,0.56282,0.5629,0.56277,0.56289
2026-05-21 02:45:00,0.56287,0.5629,0.56271,0.56274
2026-05-21 03:00:00,0.56274,0.56277,0.56262,0.56273
2026-05-21 03:15:00,0.56272,0.56283,0.56256,0.56275
2026-05-21 03:30:00,0.56276,0.56276,0.56253,0.56255
2026-05-21 03:45:00,0.56256,0.56266,0.56246,0.56257
2026-05-21 04:00:00,0.56256,0.56275,0.5625,0.56269
2026-05-21 04:15:00,0.5627,0.56282,0.56241,0.56253
2026-05-21 04:30:00,0.56252,0.56252,0.56071,0.56111
2026-05-21 04:45:00,0.56111,0.56112,0.55947,0.56003
2026-05-21 05:00:00,0.56004,0.56036,0.55963,0.55993
2026-05-21 05:15:00,0.55994,0.56012,0.55947,0.55953
2026-05-21 05:30:00,0.55954,0.55981,0.55934,0.55957
2026-05-21 05:45:00,0.55956,0.55976,0.55916,0.55964
2026-05-21 06:00:00,0.55963,0.56014,0.55961,0.56
2026-05-21 06:15:00,0.56,0.56011,0.55986,0.56002
2026-05-21 06:30:00,0.56001,0.56023,0.55995,0.56022
2026-05-21 06:45:00,0.56021,0.56044,0.56021,0.56041
2026-05-21 07:00:00,0.5604,0.5606,0.56038,0.56058
2026-05-21 07:15:00,0.56055,0.56082,0.56051,0.56082
2026-05-21 07:30:00,0.56082,0.5609,0.5606,0.56072
2026-05-21 07:45:00,0.56073,0.561,0.56073,0.56083
2026-05-21 08:00:00,0.56082,0.56091,0.56049,0.56066
2026-05-21 08:15:00,0.56067,0.56075,0.56039,0.56043
2026-05-21 08:30:00,0.56044,0.56057,0.56025,0.56047
2026-05-21 08:45:00,0.56046,0.56071,0.56022,0.56058
2026-05-21 09:00:00,0.56058,0.5609,0.56045,0.5606
2026-05-21 09:15:00,0.56061,0.56071,0.56047,0.56065
2026-05-21 09:30:00,0.56063,0.56072,0.55983,0.55992
2026-05-21 09:45:00,0.55991,0.56017,0.55979,0.55999
2026-05-21 10:00:00,0.55999,0.56034,0.55999,0.56024
2026-05-21 10:15:00,0.56025,0.56072,0.56019,0.56039
2026-05-21 10:30:00,0.56039,0.56048,0.5602,0.5604
2026-05-21 10:45:00,0.5604,0.56073,0.56039,0.56059
2026-05-21 11:00:00,0.56058,0.561,0.56039,0.56099
2026-05-21 11:15:00,0.561,0.56128,0.56062,0.56104
2026-05-21 11:30:00,0.56105,0.56152,0.5609,0.56134
2026-05-21 11:45:00,0.56134,0.56161,0.56118,0.56128
2026-05-21 12:00:00,0.56128,0.5616,0.56123,0.56155
2026-05-21 12:15:00,0.56156,0.56161,0.56122,0.56131
2026-05-21 12:30:00,0.5613,0.56135,0.56112,0.56112
2026-05-21 12:45:00,0.56113,0.56117,0.561,0.56102
2026-05-21 13:00:00,0.56101,0.56119,0.56089,0.56106
2026-05-21 13:15:00,0.56105,0.5612,0.56069,0.56084
2026-05-21 13:30:00,0.56084,0.56134,0.56063,0.56126
2026-05-21 13:45:00,0.56127,0.56149,0.56119,0.56141
2026-05-21 14:00:00,0.56139,0.5615,0.56115,0.56144
2026-05-21 14:15:00,0.56144,0.56199,0.56139,0.56185
2026-05-21 14:30:00,0.56185,0.56192,0.56159,0.5617
2026-05-21 14:45:00,0.56171,0.56183,0.56142,0.56164
2026-05-21 15:00:00,0.56164,0.56203,0.56158,0.562
2026-05-21 15:15:00,0.562,0.5621,0.56176,0.56201
2026-05-21 15:30:00,0.56199,0.56227,0.56185,0.56191
2026-05-21 15:45:00,0.56192,0.5621,0.56185,0.56202
2026-05-21 16:00:00,0.56201,0.56216,0.56178,0.56201
2026-05-21 16:15:00,0.56201,0.56242,0.56196,0.56235
2026-05-21 16:30:00,0.56235,0.56258,0.56218,0.5624
2026-05-21 16:45:00,0.5624,0.56278,0.5624,0.56268
2026-05-21 17:00:00,0.56267,0.56274,0.56233,0.56241
2026-05-21 17:15:00,0.56242,0.56261,0.56242,0.56253
2026-05-21 17:30:00,0.56254,0.56265,0.56243,0.56259
2026-05-21 17:45:00,0.56257,0.56296,0.56243,0.56289
2026-05-21 18:00:00,0.56289,0.56293,0.56231,0.56259
2026-05-21 18:15:00,0.56259,0.56267,0.56249,0.56259
2026-05-21 18:30:00,0.5626,0.56288,0.56258,0.56283
2026-05-21 18:45:00,0.56283,0.56302,0.5628,0.56299
2026-05-21 19:00:00,0.56298,0.56338,0.56295,0.56319
2026-05-21 19:15:00,0.56319,0.56322,0.56305,0.56312
2026-05-21 19:30:00,0.56312,0.56314,0.56292,0.56293
2026-05-21 19:45:00,0.56294,0.56305,0.56283,0.56299
2026-05-21 20:00:00,0.56298,0.56327,0.5629,0.56311
2026-05-21 20:15:00,0.56312,0.56345,0.56308,0.56338
2026-05-21 20:30:00,0.56339,0.56347,0.56324,0.5634
2026-05-21 20:45:00,0.5634,0.5634,0.56312,0.56313
2026-05-21 21:00:00,0.56314,0.56319,0.56289,0.56291
2026-05-21 21:15:00,0.56291,0.56308,0.56285,0.56302
2026-05-21 21:30:00,0.56302,0.56312,0.56286,0.56292
2026-05-21 21:45:00,0.56293,0.56297,0.56257,0.56272
2026-05-21 22:00:00,0.56271,0.56281,0.56264,0.56274
2026-05-21 22:15:00,0.56273,0.56279,0.56261,0.56269
2026-05-21 22:30:00,0.56269,0.56279,0.56257,0.56266
2026-05-21 22:45:00,0.56265,0.56267,0.56242,0.56246
2026-05-21 23:00:00,0.56247,0.56249,0.56236,0.56243
2026-05-21 23:15:00,0.56243,0.56244,0.56234,0.56241
2026-05-21 23:30:00,0.5624,0.5625,0.5624,0.56245
2026-05-21 23:45:00,0.56245,0.56253,0.56224,0.56226
2026-05-22 00:00:00,0.56167,0.56241,0.56148,0.56233
2026-05-22 00:15:00,0.56243,0.56255,0.56217,0.56229
2026-05-22 00:30:00,0.56229,0.56234,0.56184,0.56188
2026-05-22 00:45:00,0.56183,0.56204,0.56166,0.5617
2026-05-22 01:00:00,0.56175,0.56256,0.56175,0.56251
2026-05-22 01:15:00,0.56252,0.56254,0.56245,0.56249
2026-05-22 01:30:00,0.56249,0.56261,0.56244,0.56252
2026-05-22 01:45:00,0.56251,0.56257,0.56244,0.56246
2026-05-22 02:00:00,0.56244,0.56247,0.56239,0.56243
2026-05-22 02:15:00,0.56243,0.56245,0.56223,0.56242
2026-05-22 02:30:00,0.56243,0.56247,0.5623,0.56231
2026-05-22 02:45:00,0.56231,0.56233,0.56209,0.5622
2026-05-22 03:00:00,0.56219,0.5622,0.56196,0.56196
2026-05-22 03:15:00,0.562,0.56219,0.56185,0.56218
2026-05-22 03:30:00,0.56219,0.5622,0.56196,0.56219
2026-05-22 03:45:00,0.56221,0.56223,0.56182,0.56191
2026-05-22 04:00:00,0.56189,0.56189,0.56155,0.56173
2026-05-22 04:15:00,0.56174,0.56197,0.56157,0.56195
2026-05-22 04:30:00,0.56194,0.56198,0.56165,0.56172
2026-05-22 04:45:00,0.56171,0.56202,0.56168,0.56171
2026-05-22 05:00:00,0.5617,0.56195,0.56169,0.5619
2026-05-22 05:15:00,0.5619,0.56193,0.56178,0.56187
2026-05-22 05:30:00,0.56186,0.56191,0.56174,0.56188
2026-05-22 05:45:00,0.56187,0.56189,0.5615,0.56163
2026-05-22 06:00:00,0.56164,0.56167,0.56138,0.5614
2026-05-22 06:15:00,0.56139,0.56151,0.56138,0.56151
2026-05-22 06:30:00,0.56151,0.56164,0.56148,0.56151
2026-05-22 06:45:00,0.56151,0.56171,0.56139,0.56168
2026-05-22 07:00:00,0.56167,0.56171,0.56149,0.56161
2026-05-22 07:15:00,0.56162,0.56163,0.56152,0.56154
2026-05-22 07:30:00,0.56154,0.56154,0.56141,0.5615
2026-05-22 07:45:00,0.56149,0.56152,0.56137,0.56144
2026-05-22 08:00:00,0.56145,0.56167,0.56143,0.56159
2026-05-22 08:15:00,0.5616,0.56171,0.56158,0.5617
2026-05-22 08:30:00,0.56171,0.56177,0.56162,0.5617
2026-05-22 08:45:00,0.56169,0.56198,0.56168,0.56172
2026-05-22 09:00:00,0.56172,0.56182,0.56149,0.56149
2026-05-22 09:15:00,0.56148,0.56149,0.56107,0.56133
2026-05-22 09:30:00,0.56134,0.56157,0.56128,0.56134
2026-05-22 09:45:00,0.56134,0.56154,0.56126,0.56137
2026-05-22 10:00:00,0.56137,0.56146,0.56114,0.56137
2026-05-22 10:15:00,0.56136,0.56151,0.56095,0.56103
2026-05-22 10:30:00,0.56103,0.56106,0.5607,0.56085
2026-05-22 10:45:00,0.56084,0.56087,0.56058,0.56086
2026-05-22 11:00:00,0.56085,0.56091,0.56066,0.56082
2026-05-22 11:15:00,0.56083,0.56124,0.56076,0.56078
2026-05-22 11:30:00,0.56078,0.56096,0.56051,0.56063
2026-05-22 11:45:00,0.56064,0.56083,0.56064,0.5608
2026-05-22 12:00:00,0.5608,0.56081,0.56029,0.56049
2026-05-22 12:15:00,0.56048,0.56055,0.56023,0.56055
2026-05-22 12:30:00,0.56055,0.56058,0.56023,0.56034
2026-05-22 12:45:00,0.56033,0.56064,0.5603,0.56043
2026-05-22 13:00:00,0.56044,0.56063,0.56028,0.56028
2026-05-22 13:15:00,0.56027,0.56051,0.56027,0.56032
2026-05-22 13:30:00,0.56032,0.56048,0.5602,0.56037
2026-05-22 13:45:00,0.56037,0.56061,0.56034,0.56055
2026-05-22 14:00:00,0.56056,0.56064,0.56032,0.56037
2026-05-22 14:15:00,0.56037,0.56058,0.5603,0.56045
2026-05-22 14:30:00,0.56044,0.56045,0.5602,0.5602
2026-05-22 14:45:00,0.5602,0.5603,0.5599,0.55995
2026-05-22 15:00:00,0.55996,0.56036,0.55987,0.56011
2026-05-22 15:15:00,0.56011,0.56034,0.55995,0.56
2026-05-22 15:30:00,0.56,0.56023,0.55994,0.56005
2026-05-22 15:45:00,0.56005,0.56038,0.56004,0.56037
2026-05-22 16:00:00,0.56038,0.56054,0.56027,0.56038
2026-05-22 16:15:00,0.56037,0.56041,0.55989,0.55996
2026-05-22 16:30:00,0.55995,0.56004,0.55981,0.55995
2026-05-22 16:45:00,0.55995,0.56028,0.55975,0.5602
2026-05-22 17:00:00,0.56015,0.56029,0.5599,0.56014
2026-05-22 17:15:00,0.56014,0.56032,0.56008,0.56026
2026-05-22 17:30:00,0.56027,0.56049,0.56022,0.56037
2026-05-22 17:45:00,0.56037,0.56052,0.56007,0.56007
2026-05-22 18:00:00,0.56008,0.56033,0.56003,0.5602
2026-05-22 18:15:00,0.56022,0.56025,0.56006,0.56017
2026-05-22 18:30:00,0.56019,0.56038,0.56014,0.56033
2026-05-22 18:45:00,0.56033,0.56039,0.56023,0.56025
2026-05-22 19:00:00,0.56026,0.56039,0.55989,0.55995
2026-05-22 19:15:00,0.55995,0.56,0.55961,0.55985
2026-05-22 19:30:00,0.55985,0.55985,0.55955,0.55968
2026-05-22 19:45:00,0.55968,0.55974,0.55953,0.55958
2026-05-22 20:00:00,0.55959,0.55979,0.5595,0.55971
2026-05-22 20:15:00,0.55972,0.55987,0.55961,0.55982
2026-05-22 20:30:00,0.55982,0.55985,0.55965,0.5598
2026-05-22 20:45:00,0.5598,0.56001,0.55978,0.55987
2026-05-22 21:00:00,0.55987,0.56,0.55975,0.56
2026-05-22 21:15:00,0.56001,0.56003,0.55989,0.55994
2026-05-22 21:30:00,0.55995,0.55998,0.55979,0.55986
2026-05-22 21:45:00,0.55985,0.55992,0.55978,0.55989
2026-05-22 22:00:00,0.55988,0.55992,0.55982,0.55988
2026-05-22 22:15:00,0.55989,0.55992,0.55976,0.55979
2026-05-22 22:30:00,0.5598,0.55983,0.55971,0.55978
2026-05-22 22:45:00,0.55979,0.55979,0.55969,0.55973
2026-05-22 23:00:00,0.55972,0.55975,0.55962,0.55972
2026-05-22 23:15:00,0.55972,0.55972,0.55956,0.55956
2026-05-22 23:30:00,0.55957,0.55965,0.55948,0.55962
2026-05-22 23:45:00,0.55962,0.55965,0.55941,0.55941
2026-05-25 00:00:00,0.56052,0.56085,0.56052,0.56076
2026-05-25 00:15:00,0.56074,0.56097,0.56061,0.56082
2026-05-25 00:30:00,0.5608,0.56099,0.56062,0.5607
2026-05-25 00:45:00,0.56071,0.56106,0.56061,0.56106
2026-05-25 01:00:00,0.56099,0.56099,0.56005,0.56025
2026-05-25 01:15:00,0.56028,0.56035,0.5598,0.5598
2026-05-25 01:30:00,0.55979,0.5598,0.5596,0.55965
2026-05-25 01:45:00,0.55964,0.5599,0.55962,0.55975
2026-05-25 02:00:00,0.55975,0.55995,0.55975,0.55983
2026-05-25 02:15:00,0.55984,0.55987,0.55976,0.55981
2026-05-25 02:30:00,0.5598,0.55996,0.55978,0.55995
2026-05-25 02:45:00,0.55994,0.55996,0.55978,0.55988
2026-05-25 03:00:00,0.55987,0.56004,0.5597,0.55994
2026-05-25 03:15:00,0.55993,0.56015,0.55982,0.56015
2026-05-25 03:30:00,0.56015,0.56017,0.55996,0.55999
2026-05-25 03:45:00,0.56,0.56016,0.55993,0.56009
2026-05-25 04:00:00,0.56009,0.56046,0.56006,0.56037
2026-05-25 04:15:00,0.56037,0.56065,0.56029,0.56065
2026-05-25 04:30:00,0.56065,0.56069,0.56024,0.56062
2026-05-25 04:45:00,0.56062,0.56064,0.5604,0.56047
2026-05-25 05:00:00,0.56048,0.56067,0.56047,0.56053
2026-05-25 05:15:00,0.56053,0.56067,0.56047,0.56059
2026-05-25 05:30:00,0.5606,0.56066,0.56041,0.56053
2026-05-25 05:45:00,0.56052,0.56052,0.56028,0.56031
2026-05-25 06:00:00,0.56031,0.56041,0.56021,0.56022
2026-05-25 06:15:00,0.56022,0.56032,0.56016,0.56027
2026-05-25 06:30:00,0.56026,0.56028,0.56004,0.56011
2026-05-25 06:45:00,0.56012,0.56019,0.56005,0.56015
2026-05-25 07:00:00,0.56015,0.56035,0.56015,0.5602
2026-05-25 07:15:00,0.5602,0.56043,0.56019,0.56039
2026-05-25 07:30:00,0.56039,0.56056,0.56036,0.56055
2026-05-25 07:45:00,0.56055,0.56066,0.56053,0.56053
2026-05-25 08:00:00,0.56052,0.56064,0.56048,0.56056
2026-05-25 08:15:00,0.56058,0.56061,0.56038,0.56041
2026-05-25 08:30:00,0.56042,0.5606,0.56037,0.56054
2026-05-25 08:45:00,0.56053,0.56055,0.56033,0.56041
2026-05-25 09:00:00,0.5604,0.56059,0.56036,0.56045
2026-05-25 09:15:00,0.56045,0.56045,0.56023,0.56031
2026-05-25 09:30:00,0.56031,0.56036,0.5601,0.56011
2026-05-25 09:45:00,0.56011,0.56029,0.55998,0.56012
2026-05-25 10:00:00,0.56013,0.56013,0.55983,0.55984
2026-05-25 10:15:00,0.55984,0.55986,0.55951,0.55978
2026-05-25 10:30:00,0.55978,0.56005,0.55978,0.55989
2026-05-25 10:45:00,0.55988,0.55999,0.55983,0.55993
2026-05-25 11:00:00,0.55992,0.55999,0.55982,0.55986
2026-05-25 11:15:00,0.55985,0.56007,0.55982,0.56007
2026-05-25 11:30:00,0.56006,0.56032,0.56005,0.56025
2026-05-25 11:45:00,0.56025,0.56036,0.56013,0.56021
2026-05-25 12:00:00,0.56021,0.56034,0.5601,0.56012
2026-05-25 12:15:00,0.56013,0.56016,0.55996,0.56003
2026-05-25 12:30:00,0.56003,0.56021,0.56003,0.56015
2026-05-25 12:45:00,0.56015,0.56021,0.5601,0.56015
2026-05-25 13:00:00,0.56014,0.56024,0.56011,0.56018
2026-05-25 13:15:00,0.56018,0.56022,0.56011,0.56012
2026-05-25 13:30:00,0.56012,0.56013,0.55991,0.55995
2026-05-25 13:45:00,0.55996,0.56005,0.55993,0.55999
2026-05-25 14:00:00,0.56,0.56004,0.5599,0.55998
2026-05-25 14:15:00,0.55997,0.56005,0.55993,0.56004
2026-05-25 14:30:00,0.56003,0.56035,0.56003,0.56029
2026-05-25 14:45:00,0.56029,0.5603,0.56019,0.5602
2026-05-25 15:00:00,0.5602,0.56035,0.56012,0.56025
2026-05-25 15:15:00,0.56024,0.5603,0.5601,0.56022
2026-05-25 15:30:00,0.56023,0.56028,0.56008,0.56022
2026-05-25 15:45:00,0.56023,0.56025,0.55994,0.55998
2026-05-25 16:00:00,0.55996,0.56041,0.55994,0.56038
2026-05-25 16:15:00,0.56036,0.56099,0.56036,0.56097
2026-05-25 16:30:00,0.56096,0.56166,0.56094,0.56125
2026-05-25 16:45:00,0.56126,0.56147,0.56121,0.56141
2026-05-25 17:00:00,0.56142,0.56163,0.56142,0.56159
2026-05-25 17:15:00,0.56161,0.56167,0.56156,0.56163
2026-05-25 17:30:00,0.56164,0.5617,0.56155,0.56163
2026-05-25 17:45:00,0.56164,0.56209,0.56156,0.56203
2026-05-25 18:00:00,0.56202,0.56222,0.56192,0.56192
2026-05-25 18:15:00,0.56191,0.56192,0.56172,0.56173
2026-05-25 18:30:00,0.56174,0.56178,0.56166,0.56169
2026-05-25 18:45:00,0.56169,0.56178,0.56146,0.56154
2026-05-25 19:00:00,0.56153,0.56173,0.56144,0.56168
2026-05-25 19:15:00,0.56168,0.56177,0.56163,0.56168
2026-05-25 19:30:00,0.56167,0.56181,0.56166,0.56179
2026-05-25 19:45:00,0.56178,0.5618,0.56168,0.56168
2026-05-25 20:00:00,0.56168,0.56175,0.56163,0.56164
2026-05-25 20:15:00,0.56162,0.56177,0.56154,0.56173
2026-05-25 20:30:00,0.56173,0.56178,0.5616,0.56161
2026-05-25 20:45:00,0.5616,0.56164,0.56156,0.56158
2026-05-25 21:00:00,0.56157,0.56162,0.56153,0.56156
2026-05-25 21:15:00,0.56156,0.56158,0.56148,0.56149
2026-05-25 21:30:00,0.56149,0.56154,0.56148,0.56149
2026-05-25 21:45:00,0.56148,0.56152,0.56146,0.56147
2026-05-25 22:00:00,0.56148,0.56157,0.56148,0.56156
2026-05-25 22:15:00,0.56156,0.56157,0.56151,0.56156
2026-05-25 22:30:00,0.56157,0.56159,0.56151,0.56154
2026-05-25 22:45:00,0.56154,0.56161,0.56153,0.56155
2026-05-25 23:00:00,0.56156,0.56159,0.56154,0.56155
2026-05-25 23:15:00,0.56156,0.56163,0.56155,0.56158
2026-05-25 23:30:00,0.56159,0.56163,0.56146,0.56156
2026-05-25 23:45:00,0.56156,0.5616,0.56148,0.56149
2026-05-26 00:00:00,0.56048,0.56098,0.56048,0.56086
2026-05-26 00:15:00,0.56094,0.5612,0.56088,0.56106
2026-05-26 00:30:00,0.56116,0.56116,0.56063,0.56091
2026-05-26 00:45:00,0.56094,0.56117,0.56086,0.5611
2026-05-26 01:00:00,0.56116,0.56168,0.56105,0.56147
2026-05-26 01:15:00,0.56148,0.56154,0.56137,0.56153
2026-05-26 01:30:00,0.56154,0.56155,0.56142,0.56147
2026-05-26 01:45:00,0.56148,0.56161,0.56146,0.56155
2026-05-26 02:00:00,0.56154,0.56167,0.56154,0.56157
2026-05-26 02:15:00,0.56157,0.56166,0.56155,0.56159
2026-05-26 02:30:00,0.56159,0.56159,0.56145,0.56149
2026-05-26 02:45:00,0.5615,0.56158,0.56137,0.56143
2026-05-26 03:00:00,0.56144,0.56164,0.56137,0.56154
2026-05-26 03:15:00,0.56154,0.56161,0.56143,0.56159
2026-05-26 03:30:00,0.5616,0.56171,0.56152,0.56156
2026-05-26 03:45:00,0.56156,0.56165,0.56143,0.56165
2026-05-26 04:00:00,0.56164,0.56171,0.56131,0.56143
2026-05-26 04:15:00,0.56143,0.56155,0.56122,0.56149
2026-05-26 04:30:00,0.56149,0.56154,0.56133,0.56141
2026-05-26 04:45:00,0.56143,0.56155,0.56134,0.56134
2026-05-26 05:00:00,0.56134,0.56145,0.56129,0.56132
2026-05-26 05:15:00,0.56131,0.56153,0.56128,0.56147
2026-05-26 05:30:00,0.56147,0.56151,0.56123,0.56125
2026-05-26 05:45:00,0.56126,0.56146,0.56125,0.56142
2026-05-26 06:00:00,0.56142,0.56164,0.56137,0.56151
2026-05-26 06:15:00,0.56152,0.56164,0.56148,0.56156
2026-05-26 06:30:00,0.56157,0.56164,0.56149,0.56163
2026-05-26 06:45:00,0.56161,0.56161,0.56142,0.56146
2026-05-26 07:00:00,0.56146,0.56152,0.56129,0.56143
2026-05-26 07:15:00,0.56143,0.56147,0.56137,0.56138
2026-05-26 07:30:00,0.56137,0.56137,0.56094,0.56101
2026-05-26 07:45:00,0.561,0.56112,0.561,0.56103
2026-05-26 08:00:00,0.56102,0.56107,0.56068,0.56082
2026-05-26 08:15:00,0.56081,0.561,0.56081,0.56098
2026-05-26 08:30:00,0.56099,0.56115,0.56097,0.56114
2026-05-26 08:45:00,0.56114,0.56123,0.56108,0.5612
2026-05-26 09:00:00,0.5612,0.56151,0.56113,0.56149
2026-05-26 09:15:00,0.56149,0.56171,0.56136,0.56155
2026-05-26 09:30:00,0.56155,0.56206,0.56151,0.56194
2026-05-26 09:45:00,0.56195,0.56262,0.56193,0.56235
2026-05-26 10:00:00,0.56233,0.56236,0.56179,0.56211
2026-05-26 10:15:00,0.56211,0.56211,0.56188,0.56192
2026-05-26 10:30:00,0.56191,0.56205,0.56165,0.56174
2026-05-26 10:45:00,0.56175,0.56192,0.56169,0.56191
2026-05-26 11:00:00,0.56192,0.56201,0.56174,0.56189
2026-05-26 11:15:00,0.56189,0.5622,0.5618,0.56202
2026-05-26 11:30:00,0.56202,0.56213,0.56195,0.56207
2026-05-26 11:45:00,0.56207,0.56209,0.56184,0.56207
2026-05-26 12:00:00,0.56208,0.56214,0.56153,0.56182
2026-05-26 12:15:00,0.5618,0.56196,0.56174,0.56179
2026-05-26 12:30:00,0.5618,0.56193,0.56172,0.56174
2026-05-26 12:45:00,0.56174,0.56188,0.56165,0.56181
2026-05-26 13:00:00,0.56182,0.56186,0.56171,0.5618
2026-05-26 13:15:00,0.56181,0.56194,0.56177,0.56179
2026-05-26 13:30:00,0.5618,0.56202,0.56175,0.56201
2026-05-26 13:45:00,0.562,0.5623,0.56181,0.56216
2026-05-26 14:00:00,0.56216,0.56229,0.56211,0.56221
2026-05-26 14:15:00,0.56222,0.5624,0.56221,0.56238
2026-05-26 14:30:00,0.56239,0.56253,0.56213,0.56252
2026-05-26 14:45:00,0.56253,0.56267,0.56239,0.56263
2026-05-26 15:00:00,0.56263,0.56266,0.56249,0.56263
2026-05-26 15:15:00,0.56263,0.56271,0.56249,0.56271
2026-05-26 15:30:00,0.5627,0.56284,0.56262,0.56274
2026-05-26 15:45:00,0.56275,0.56281,0.56255,0.56274
2026-05-26 16:00:00,0.56275,0.56305,0.56268,0.56301
2026-05-26 16:15:00,0.56301,0.56314,0.56292,0.56312
2026-05-26 16:30:00,0.56311,0.56316,0.56272,0.56297
2026-05-26 16:45:00,0.56297,0.56325,0.56282,0.56291
2026-05-26 17:00:00,0.56291,0.56307,0.56274,0.56287
2026-05-26 17:15:00,0.56285,0.56315,0.56272,0.56272
2026-05-26 17:30:00,0.56272,0.56275,0.56247,0.56268
2026-05-26 17:45:00,0.56268,0.56301,0.56258,0.56298
2026-05-26 18:00:00,0.56299,0.56305,0.5629,0.56301
2026-05-26 18:15:00,0.56301,0.56303,0.56278,0.5628
2026-05-26 18:30:00,0.56279,0.56304,0.56277,0.56299
2026-05-26 18:45:00,0.56299,0.563,0.56275,0.56283
2026-05-26 19:00:00,0.56283,0.56298,0.56276,0.56294
2026-05-26 19:15:00,0.56293,0.56304,0.56279,0.56283
2026-05-26 19:30:00,0.56284,0.56286,0.56265,0.56278
2026-05-26 19:45:00,0.56277,0.56285,0.56272,0.56283
2026-05-26 20:00:00,0.56283,0.56293,0.56279,0.56284
2026-05-26 20:15:00,0.56285,0.56292,0.56279,0.56286
2026-05-26 20:30:00,0.56286,0.56294,0.56279,0.56283
2026-05-26 20:45:00,0.56284,0.56296,0.56282,0.56289
2026-05-26 21:00:00,0.56288,0.56307,0.56287,0.56302
2026-05-26 21:15:00,0.56302,0.56311,0.56297,0.5631
2026-05-26 21:30:00,0.56311,0.56319,0.56307,0.56314
2026-05-26 21:45:00,0.56313,0.56325,0.56306,0.56317
2026-05-26 22:00:00,0.56318,0.56323,0.56309,0.56317
2026-05-26 22:15:00,0.56317,0.56326,0.56313,0.56318
2026-05-26 22:30:00,0.56318,0.56328,0.56315,0.56326
2026-05-26 22:45:00,0.56325,0.56334,0.56321,0.5633
2026-05-26 23:00:00,0.56331,0.56332,0.56314,0.56316
2026-05-26 23:15:00,0.56318,0.56323,0.56313,0.56323
2026-05-26 23:30:00,0.56322,0.56324,0.56318,0.56318
2026-05-26 23:45:00,0.56318,0.56318,0.56299,0.56303
2026-05-27 00:00:00,0.56282,0.56299,0.56185,0.56283
2026-05-27 00:15:00,0.56283,0.56307,0.56275,0.5628
2026-05-27 00:30:00,0.5628,0.56294,0.5628,0.56282
2026-05-27 00:45:00,0.56282,0.5631,0.56278,0.56302
2026-05-27 01:00:00,0.56301,0.56314,0.56286,0.56295
2026-05-27 01:15:00,0.56294,0.5631,0.56294,0.56295
2026-05-27 01:30:00,0.56296,0.56304,0.56295,0.56299
2026-05-27 01:45:00,0.563,0.563,0.5629,0.56294
2026-05-27 02:00:00,0.56293,0.56309,0.56293,0.56298
2026-05-27 02:15:00,0.56296,0.56301,0.5629,0.56299
2026-05-27 02:30:00,0.56298,0.56312,0.56297,0.5631
2026-05-27 02:45:00,0.56313,0.56319,0.56296,0.56301
2026-05-27 03:00:00,0.56302,0.56306,0.56279,0.56299
2026-05-27 03:15:00,0.56299,0.56325,0.5629,0.56324
2026-05-27 03:30:00,0.56323,0.56353,0.5632,0.5635
2026-05-27 03:45:00,0.5635,0.56365,0.5633,0.5634
2026-05-27 04:00:00,0.56341,0.5635,0.56331,0.56348
2026-05-27 04:15:00,0.56347,0.56368,0.56344,0.56363
2026-05-27 04:30:00,0.56363,0.56363,0.562,0.56254
2026-05-27 04:45:00,0.56254,0.56254,0.5619,0.56216
2026-05-27 05:00:00,0.56215,0.56257,0.56192,0.56245
2026-05-27 05:15:00,0.56244,0.56246,0.56208,0.56215
2026-05-27 05:30:00,0.56216,0.56245,0.56211,0.56235
2026-05-27 05:45:00,0.56236,0.56272,0.56235,0.56247
2026-05-27 06:00:00,0.56249,0.56267,0.56237,0.56238
2026-05-27 06:15:00,0.56237,0.56243,0.56221,0.56237
2026-05-27 06:30:00,0.56238,0.56246,0.56216,0.56218
2026-05-27 06:45:00,0.56219,0.56234,0.56215,0.56228
2026-05-27 07:00:00,0.56228,0.56244,0.56211,0.56243
2026-05-27 07:15:00,0.56242,0.56246,0.56219,0.5622
2026-05-27 07:30:00,0.56219,0.56235,0.5621,0.56235
2026-05-27 07:45:00,0.56236,0.56242,0.56219,0.56223
2026-05-27 08:00:00,0.56222,0.56226,0.56207,0.56222
2026-05-27 08:15:00,0.56222,0.56224,0.56208,0.56218
2026-05-27 08:30:00,0.56217,0.56224,0.56186,0.56201
2026-05-27 08:45:00,0.56201,0.56212,0.56186,0.56186
2026-05-27 09:00:00,0.56186,0.56192,0.56166,0.56167
2026-05-27 09:15:00,0.56168,0.56174,0.56142,0.56158
2026-05-27 09:30:00,0.56157,0.56178,0.56136,0.56136
2026-05-27 09:45:00,0.56137,0.56137,0.56085,0.56086
2026-05-27 10:00:00,0.56087,0.56106,0.5608,0.56099
2026-05-27 10:15:00,0.56098,0.56103,0.56055,0.56065
2026-05-27 10:30:00,0.56065,0.56073,0.56044,0.5607
2026-05-27 10:45:00,0.56071,0.56095,0.56061,0.56082
2026-05-27 11:00:00,0.56081,0.56098,0.56051,0.56062
2026-05-27 11:15:00,0.56063,0.56087,0.56051,0.56062
2026-05-27 11:30:00,0.56061,0.56109,0.56058,0.56096
2026-05-27 11:45:00,0.56095,0.56147,0.5609,0.56142
2026-05-27 12:00:00,0.56142,0.56144,0.56115,0.56123
2026-05-27 12:15:00,0.56123,0.5615,0.56122,0.56124
2026-05-27 12:30:00,0.56123,0.56145,0.56123,0.56135
2026-05-27 12:45:00,0.56134,0.56139,0.56109,0.56117
2026-05-27 13:00:00,0.56117,0.56146,0.56112,0.56128
2026-05-27 13:15:00,0.56129,0.5615,0.56119,0.56125
2026-05-27 13:30:00,0.56124,0.56128,0.56094,0.56099
2026-05-27 13:45:00,0.561,0.56104,0.56059,0.56075
2026-05-27 14:00:00,0.56077,0.56095,0.56075,0.56085
2026-05-27 14:15:00,0.56084,0.56095,0.56069,0.56073
2026-05-27 14:30:00,0.56072,0.56095,0.56065,0.56092
2026-05-27 14:45:00,0.56092,0.56095,0.5607,0.56093
2026-05-27 15:00:00,0.56092,0.56094,0.56032,0.56032
2026-05-27 15:15:00,0.56033,0.56095,0.56027,0.56077
2026-05-27 15:30:00,0.56077,0.56087,0.55999,0.56018
2026-05-27 15:45:00,0.56017,0.5602,0.56,0.56019
2026-05-27 16:00:00,0.56019,0.56036,0.56009,0.56013
2026-05-27 16:15:00,0.56012,0.56042,0.55997,0.56021
2026-05-27 16:30:00,0.56021,0.56048,0.56006,0.56016
2026-05-27 16:45:00,0.56017,0.56061,0.56011,0.56055
2026-05-27 17:00:00,0.56056,0.56065,0.56017,0.56022
2026-05-27 17:15:00,0.56021,0.5604,0.56007,0.56015
2026-05-27 17:30:00,0.56014,0.56033,0.55992,0.56032
2026-05-27 17:45:00,0.56031,0.56072,0.5603,0.56069
2026-05-27 18:00:00,0.56069,0.5612,0.56068,0.56106
2026-05-27 18:15:00,0.56107,0.56136,0.56101,0.56122
2026-05-27 18:30:00,0.56123,0.56135,0.56101,0.56126
2026-05-27 18:45:00,0.56125,0.56163,0.56111,0.56162
2026-05-27 19:00:00,0.56162,0.56183,0.5616,0.5617
2026-05-27 19:15:00,0.56169,0.56185,0.56158,0.56169
2026-05-27 19:30:00,0.5617,0.56174,0.56157,0.56164
2026-05-27 19:45:00,0.56164,0.56169,0.56149,0.5615
2026-05-27 20:00:00,0.56151,0.56166,0.56147,0.5615
2026-05-27 20:15:00,0.56151,0.56158,0.56147,0.56151
2026-05-27 20:30:00,0.56152,0.56164,0.56147,0.56147
2026-05-27 20:45:00,0.56146,0.56162,0.56146,0.56154
2026-05-27 21:00:00,0.56153,0.56167,0.56151,0.56167
2026-05-27 21:15:00,0.56167,0.56178,0.56159,0.56176
2026-05-27 21:30:00,0.56177,0.56177,0.56154,0.56159
2026-05-27 21:45:00,0.56158,0.56172,0.56152,0.5617
2026-05-27 22:00:00,0.56171,0.56184,0.56162,0.56182
2026-05-27 22:15:00,0.56182,0.56185,0.56166,0.56167
2026-05-27 22:30:00,0.56168,0.56186,0.56166,0.56186
2026-05-27 22:45:00,0.56186,0.56207,0.56184,0.56202
2026-05-27 23:00:00,0.56202,0.56205,0.56194,0.56204
2026-05-27 23:15:00,0.56204,0.5621,0.56202,0.56205
2026-05-27 23:30:00,0.56206,0.56208,0.56197,0.56201
2026-05-27 23:45:00,0.56199,0.56212,0.56197,0.56201
2026-05-28 00:00:00,0.56126,0.56158,0.56123,0.56147
2026-05-28 00:15:00,0.56147,0.56155,0.56127,0.56136
2026-05-28 00:30:00,0.56132,0.56177,0.56117,0.56142
2026-05-28 00:45:00,0.56142,0.56159,0.56104,0.56142
2026-05-28 01:00:00,0.56146,0.56205,0.56146,0.56197
2026-05-28 01:15:00,0.56197,0.56206,0.56194,0.56198
2026-05-28 01:30:00,0.56197,0.56203,0.56191,0.56202
2026-05-28 01:45:00,0.56203,0.56212,0.56198,0.56208
2026-05-28 02:00:00,0.56208,0.56217,0.56206,0.56215
2026-05-28 02:15:00,0.56216,0.56231,0.56208,0.56223
2026-05-28 02:30:00,0.56222,0.56233,0.56206,0.5621
2026-05-28 02:45:00,0.56211,0.56213,0.56195,0.56198
2026-05-28 03:00:00,0.56197,0.56198,0.56179,0.56184
2026-05-28 03:15:00,0.56183,0.56207,0.5618,0.56197
2026-05-28 03:30:00,0.56195,0.56196,0.56166,0.56173
2026-05-28 03:45:00,0.56172,0.56184,0.56167,0.56183
2026-05-28 04:00:00,0.56182,0.56203,0.56179,0.5618
2026-05-28 04:15:00,0.5618,0.56186,0.56149,0.56155
2026-05-28 04:30:00,0.56153,0.56155,0.56124,0.56141
2026-05-28 04:45:00,0.5614,0.56168,0.56135,0.56142
2026-05-28 05:00:00,0.56142,0.5616,0.56138,0.56157
2026-05-28 05:15:00,0.56157,0.56162,0.56147,0.56154
2026-05-28 05:30:00,0.56153,0.56164,0.56146,0.56153
2026-05-28 05:45:00,0.56151,0.56176,0.56137,0.56175
2026-05-28 06:00:00,0.56175,0.562,0.56145,0.5615
2026-05-28 06:15:00,0.5615,0.56152,0.56121,0.56136
2026-05-28 06:30:00,0.56136,0.56159,0.56104,0.5611
2026-05-28 06:45:00,0.56109,0.56119,0.56078,0.56093
2026-05-28 07:00:00,0.56091,0.56107,0.56062,0.56094
2026-05-28 07:15:00,0.56094,0.56104,0.56068,0.56078
2026-05-28 07:30:00,0.56078,0.56089,0.56066,0.56079
2026-05-28 07:45:00,0.56079,0.56099,0.56074,0.56091
2026-05-28 08:00:00,0.56091,0.56112,0.56068,0.56107
2026-05-28 08:15:00,0.56106,0.56146,0.56099,0.56143
2026-05-28 08:30:00,0.56145,0.56156,0.56123,0.56125
2026-05-28 08:45:00,0.56126,0.56155,0.5612,0.56125
2026-05-28 09:00:00,0.56126,0.5615,0.56124,0.56145
2026-05-28 09:15:00,0.56145,0.56167,0.56131,0.56137
2026-05-28 09:30:00,0.56136,0.56137,0.56105,0.56114
2026-05-28 09:45:00,0.56115,0.56126,0.56083,0.56088
2026-05-28 10:00:00,0.5609,0.56113,0.56086,0.56111
2026-05-28 10:15:00,0.5611,0.56135,0.56107,0.56107
2026-05-28 10:30:00,0.56106,0.56119,0.56099,0.56111
2026-05-28 10:45:00,0.56112,0.56138,0.56105,0.56136
2026-05-28 11:00:00,0.56137,0.56165,0.56135,0.56163
2026-05-28 11:15:00,0.56162,0.56164,0.56135,0.56138
2026-05-28 11:30:00,0.56139,0.56168,0.56136,0.56158
2026-05-28 11:45:00,0.56159,0.56173,0.56144,0.56145
2026-05-28 12:00:00,0.56146,0.56148,0.56124,0.56133
2026-05-28 12:15:00,0.56133,0.56183,0.56129,0.56179
2026-05-28 12:30:00,0.56179,0.56185,0.56167,0.56181
2026-05-28 12:45:00,0.5618,0.56197,0.56177,0.56192
2026-05-28 13:00:00,0.56192,0.56227,0.56188,0.56216
2026-05-28 13:15:00,0.56215,0.56222,0.56198,0.56198
2026-05-28 13:30:00,0.56199,0.5621,0.56175,0.5618
2026-05-28 13:45:00,0.5618,0.56196,0.56148,0.56171
2026-05-28 14:00:00,0.56169,0.56186,0.56168,0.56171
2026-05-28 14:15:00,0.5617,0.56187,0.5616,0.56163
2026-05-28 14:30:00,0.56163,0.56182,0.5616,0.56169
2026-05-28 14:45:00,0.56169,0.56172,0.56141,0.56153
2026-05-28 15:00:00,0.56154,0.56175,0.56148,0.56165
2026-05-28 15:15:00,0.56165,0.56165,0.56107,0.56111
2026-05-28 15:30:00,0.56113,0.56139,0.56107,0.56127
2026-05-28 15:45:00,0.56132,0.56133,0.56105,0.56108
2026-05-28 16:00:00,0.56113,0.56128,0.56088,0.5609
2026-05-28 16:15:00,0.5609,0.56115,0.56086,0.56087
2026-05-28 16:30:00,0.56087,0.561,0.56058,0.56061
2026-05-28 16:45:00,0.56061,0.56112,0.56054,0.56101
2026-05-28 17:00:00,0.561,0.56166,0.56096,0.5616
2026-05-28 17:15:00,0.5616,0.56184,0.56116,0.5618
2026-05-28 17:30:00,0.56181,0.56183,0.56124,0.56146
2026-05-28 17:45:00,0.56146,0.5615,0.56084,0.56099
2026-05-28 18:00:00,0.561,0.56156,0.56099,0.56148
2026-05-28 18:15:00,0.56148,0.56163,0.56139,0.5614
2026-05-28 18:30:00,0.56139,0.56161,0.56135,0.56149
2026-05-28 18:45:00,0.56147,0.56159,0.56142,0.56157
2026-05-28 19:00:00,0.56156,0.56179,0.56151,0.56175
2026-05-28 19:15:00,0.56175,0.56183,0.56158,0.56182
2026-05-28 19:30:00,0.56181,0.56186,0.56146,0.56163
2026-05-28 19:45:00,0.56164,0.56173,0.56153,0.56167
2026-05-28 20:00:00,0.56168,0.56178,0.56165,0.56168
2026-05-28 20:15:00,0.56167,0.56177,0.56164,0.56169
2026-05-28 20:30:00,0.56168,0.56174,0.56161,0.56171
2026-05-28 20:45:00,0.5617,0.56177,0.56151,0.56151
2026-05-28 21:00:00,0.5615,0.56157,0.56142,0.56143
2026-05-28 21:15:00,0.56144,0.56149,0.56134,0.56142
2026-05-28 21:30:00,0.56142,0.56153,0.56141,0.56148
2026-05-28 21:45:00,0.56147,0.56169,0.56142,0.56164
2026-05-28 22:00:00,0.56163,0.56166,0.56144,0.56145
2026-05-28 22:15:00,0.56148,0.5616,0.56145,0.56159
2026-05-28 22:30:00,0.56159,0.56168,0.56146,0.56149
2026-05-28 22:45:00,0.56149,0.56152,0.56133,0.56139
2026-05-28 23:00:00,0.56139,0.56148,0.56134,0.56146
2026-05-28 23:15:00,0.56146,0.5615,0.56141,0.56143
2026-05-28 23:30:00,0.56143,0.56151,0.56142,0.56149
2026-05-28 23:45:00,0.56149,0.56153,0.56136,0.5614
2026-05-29 00:00:00,0.56093,0.56094,0.56051,0.56073
2026-05-29 00:15:00,0.56073,0.56132,0.56073,0.56103
2026-05-29 00:30:00,0.56098,0.56098,0.56057,0.56072
2026-05-29 00:45:00,0.56076,0.56105,0.5605,0.561
2026-05-29 01:00:00,0.56115,0.56166,0.56115,0.56143
2026-05-29 01:15:00,0.56145,0.56146,0.5614,0.56143
2026-05-29 01:30:00,0.56146,0.56152,0.56142,0.56146
2026-05-29 01:45:00,0.56146,0.56155,0.56144,0.56149
2026-05-29 02:00:00,0.56151,0.56158,0.56139,0.56152
2026-05-29 02:15:00,0.56153,0.56155,0.56139,0.5614
2026-05-29 02:30:00,0.56138,0.56161,0.56134,0.56148
2026-05-29 02:45:00,0.56147,0.56149,0.56132,0.56145
2026-05-29 03:00:00,0.56146,0.56152,0.56135,0.56148
2026-05-29 03:15:00,0.56149,0.56166,0.56144,0.5615
2026-05-29 03:30:00,0.5615,0.5615,0.56112,0.56115
2026-05-29 03:45:00,0.56115,0.56133,0.56111,0.56124
2026-05-29 04:00:00,0.56124,0.56136,0.56094,0.56101
2026-05-29 04:15:00,0.56102,0.56115,0.56101,0.56102
2026-05-29 04:30:00,0.561,0.56137,0.56099,0.56136
2026-05-29 04:45:00,0.56136,0.56141,0.56125,0.56138
2026-05-29 05:00:00,0.56137,0.5614,0.56118,0.56118
2026-05-29 05:15:00,0.56118,0.56121,0.561,0.561
2026-05-29 05:30:00,0.56101,0.56129,0.56101,0.56124
2026-05-29 05:45:00,0.56125,0.56142,0.5611,0.56117
2026-05-29 06:00:00,0.56117,0.56123,0.56105,0.56116
2026-05-29 06:15:00,0.56116,0.56138,0.56116,0.56119
2026-05-29 06:30:00,0.5612,0.56138,0.56116,0.56126
2026-05-29 06:45:00,0.56126,0.56129,0.56119,0.56126
2026-05-29 07:00:00,0.56128,0.56139,0.56122,0.56128
2026-05-29 07:15:00,0.56128,0.56141,0.56124,0.56137
2026-05-29 07:30:00,0.56138,0.56161,0.56138,0.56157
2026-05-29 07:45:00,0.56158,0.56173,0.56153,0.56167
2026-05-29 08:00:00,0.56166,0.5618,0.56164,0.56167
2026-05-29 08:15:00,0.56168,0.56177,0.56161,0.56169
2026-05-29 08:30:00,0.5617,0.56185,0.56161,0.56161
2026-05-29 08:45:00,0.5616,0.56167,0.56147,0.56151
2026-05-29 09:00:00,0.56151,0.5617,0.56139,0.56151
2026-05-29 09:15:00,0.56151,0.56152,0.5611,0.56124
2026-05-29 09:30:00,0.56125,0.56137,0.56094,0.56096
2026-05-29 09:45:00,0.56096,0.5611,0.56089,0.56091
2026-05-29 10:00:00,0.56092,0.56119,0.56085,0.56107
2026-05-29 10:15:00,0.56107,0.56133,0.561,0.56121
2026-05-29 10:30:00,0.5612,0.56138,0.56072,0.56101
2026-05-29 10:45:00,0.56102,0.56132,0.56092,0.56121
2026-05-29 11:00:00,0.56121,0.56131,0.56102,0.56121
2026-05-29 11:15:00,0.56121,0.56131,0.56102,0.56102
2026-05-29 11:30:00,0.56101,0.56105,0.56077,0.56094
2026-05-29 11:45:00,0.56095,0.5612,0.56085,0.56101
2026-05-29 12:00:00,0.56102,0.56105,0.56052,0.56082
2026-05-29 12:15:00,0.56081,0.56088,0.56065,0.56069
2026-05-29 12:30:00,0.56068,0.56088,0.56061,0.56086
2026-05-29 12:45:00,0.56087,0.56094,0.56056,0.56057
2026-05-29 13:00:00,0.56058,0.56075,0.56048,0.56049
2026-05-29 13:15:00,0.56048,0.56064,0.56039,0.5604
2026-05-29 13:30:00,0.56041,0.56043,0.56026,0.56031
2026-05-29 13:45:00,0.5603,0.5605,0.5602,0.56023
2026-05-29 14:00:00,0.56022,0.5605,0.56015,0.56043
2026-05-29 14:15:00,0.56044,0.56053,0.56034,0.56049
2026-05-29 14:30:00,0.56049,0.56063,0.56028,0.5606
2026-05-29 14:45:00,0.56059,0.5609,0.56052,0.56078
2026-05-29 15:00:00,0.56078,0.56118,0.5607,0.56088
2026-05-29 15:15:00,0.56088,0.56117,0.56085,0.56094
2026-05-29 15:30:00,0.56093,0.5611,0.56085,0.56098
2026-05-29 15:45:00,0.56098,0.5611,0.56075,0.56094
2026-05-29 16:00:00,0.56095,0.56134,0.56088,0.56133
2026-05-29 16:15:00,0.56134,0.56142,0.56114,0.56131
2026-05-29 16:30:00,0.56132,0.56153,0.56105,0.56138
2026-05-29 16:45:00,0.56139,0.56165,0.56129,0.56161
2026-05-29 17:00:00,0.56161,0.56198,0.56156,0.5617
2026-05-29 17:15:00,0.56169,0.56177,0.5615,0.56163
2026-05-29 17:30:00,0.56163,0.56205,0.56133,0.562
2026-05-29 17:45:00,0.562,0.56248,0.5608,0.56245
2026-05-29 18:00:00,0.56245,0.56286,0.56182,0.56262
2026-05-29 18:15:00,0.56261,0.56262,0.56187,0.56213
2026-05-29 18:30:00,0.56214,0.56216,0.56172,0.5618
