datetime,open,high,low,close
2026-04-30 18:30:00,1.63199,1.63201,1.6313,1.63195
2026-04-30 18:45:00,1.63194,1.63285,1.63182,1.6328399999999998
2026-04-30 19:00:00,1.63283,1.63344,1.6320000000000001,1.6333199999999999
2026-04-30 19:15:00,1.63334,1.63357,1.63306,1.63315
2026-04-30 19:30:00,1.63313,1.63331,1.63229,1.6326100000000001
2026-04-30 19:45:00,1.6326,1.6329500000000001,1.63215,1.63253
2026-04-30 20:00:00,1.63252,1.63288,1.63227,1.63251
2026-04-30 20:15:00,1.63252,1.6327099999999999,1.63231,1.63242
2026-04-30 20:30:00,1.6324,1.6324800000000002,1.63208,1.63225
2026-04-30 20:45:00,1.63224,1.63229,1.63201,1.63204
2026-04-30 21:00:00,1.6320299999999999,1.6320700000000001,1.63087,1.63091
2026-04-30 21:15:00,1.63091,1.63125,1.63084,1.63107
2026-04-30 21:30:00,1.63106,1.63114,1.6307399999999999,1.6309
2026-04-30 21:45:00,1.6309,1.63095,1.63035,1.63039
2026-04-30 22:00:00,1.6303999999999998,1.63055,1.62998,1.6302699999999999
2026-04-30 22:15:00,1.63026,1.6304400000000001,1.62984,1.6301299999999999
2026-04-30 22:30:00,1.6301299999999999,1.6303100000000001,1.63,1.63014
2026-04-30 22:45:00,1.63014,1.6303999999999998,1.63002,1.63026
2026-04-30 23:00:00,1.6302699999999999,1.63034,1.62975,1.62992
2026-04-30 23:15:00,1.6299000000000001,1.63009,1.62961,1.6297000000000001
2026-04-30 23:30:00,1.6298,1.6298599999999999,1.62915,1.62933
2026-04-30 23:45:00,1.62933,1.62962,1.62867,1.62873
2026-05-01 00:00:00,1.62798,1.62971,1.62798,1.62927
2026-05-01 00:15:00,1.62927,1.62968,1.6291799999999999,1.6296599999999999
2026-05-01 00:30:00,1.6296599999999999,1.62975,1.62957,1.62964
2026-05-01 00:45:00,1.62964,1.62975,1.6289799999999999,1.62914
2026-05-01 01:00:00,1.62921,1.6298,1.62908,1.62917
2026-05-01 01:15:00,1.6291600000000002,1.6293,1.62908,1.62912
2026-05-01 01:30:00,1.62912,1.62954,1.62907,1.62944
2026-05-01 01:45:00,1.62944,1.6296,1.62927,1.6293600000000001
2026-05-01 02:00:00,1.62931,1.62944,1.62879,1.62879
2026-05-01 02:15:00,1.62878,1.62904,1.62876,1.6288200000000002
2026-05-01 02:30:00,1.62883,1.62887,1.62818,1.62832
2026-05-01 02:45:00,1.6283400000000001,1.6289,1.62802,1.6288399999999998
2026-05-01 03:00:00,1.62886,1.62935,1.6283400000000001,1.62893
2026-05-01 03:15:00,1.62893,1.62919,1.62863,1.62906
2026-05-01 03:30:00,1.62906,1.62968,1.62888,1.6290499999999999
2026-05-01 03:45:00,1.62903,1.62933,1.6284800000000001,1.62859
2026-05-01 04:00:00,1.6286,1.62938,1.6285699999999999,1.6288
2026-05-01 04:15:00,1.62881,1.6294,1.62877,1.6291799999999999
2026-05-01 04:30:00,1.62919,1.62942,1.62892,1.62926
2026-05-01 04:45:00,1.6292499999999999,1.62938,1.62862,1.6288399999999998
2026-05-01 05:00:00,1.62886,1.6292499999999999,1.62843,1.62887
2026-05-01 05:15:00,1.62889,1.62913,1.62877,1.6290200000000001
2026-05-01 05:30:00,1.62901,1.62989,1.6289799999999999,1.6297000000000001
2026-05-01 05:45:00,1.62971,1.6301299999999999,1.62965,1.6297000000000001
2026-05-01 06:00:00,1.62971,1.62996,1.6296,1.62971
2026-05-01 06:15:00,1.62971,1.62982,1.62923,1.6293199999999999
2026-05-01 06:30:00,1.6293199999999999,1.63008,1.6293,1.63002
2026-05-01 06:45:00,1.6300400000000002,1.63048,1.62996,1.63023
2026-05-01 07:00:00,1.63022,1.6309200000000001,1.6301700000000001,1.63079
2026-05-01 07:15:00,1.6308,1.63097,1.63063,1.63073
2026-05-01 07:30:00,1.6307399999999999,1.6309399999999998,1.63045,1.63075
2026-05-01 07:45:00,1.63076,1.6307800000000001,1.6305399999999999,1.63073
2026-05-01 08:00:00,1.6307399999999999,1.6307399999999999,1.6302400000000001,1.63026
2026-05-01 08:15:00,1.63026,1.63079,1.63003,1.6300400000000002
2026-05-01 08:30:00,1.63005,1.6302400000000001,1.62991,1.62995
2026-05-01 08:45:00,1.62996,1.6306500000000002,1.62985,1.63048
2026-05-01 09:00:00,1.63048,1.63062,1.6295600000000001,1.63001
2026-05-01 09:15:00,1.63001,1.63028,1.6298,1.63012
2026-05-01 09:30:00,1.63012,1.63095,1.62999,1.6305100000000001
2026-05-01 09:45:00,1.63052,1.63158,1.63034,1.6308799999999999
2026-05-01 10:00:00,1.63087,1.6308799999999999,1.62969,1.62974
2026-05-01 10:15:00,1.62974,1.63032,1.62962,1.6297899999999998
2026-05-01 10:30:00,1.6298,1.63045,1.6298,1.63035
2026-05-01 10:45:00,1.6303299999999998,1.63095,1.6302699999999999,1.63079
2026-05-01 11:00:00,1.63079,1.63147,1.63056,1.63143
2026-05-01 11:15:00,1.63143,1.63224,1.6312,1.63174
2026-05-01 11:30:00,1.6317599999999999,1.63231,1.63167,1.63199
2026-05-01 11:45:00,1.63199,1.63228,1.6318899999999998,1.63213
2026-05-01 12:00:00,1.63211,1.63232,1.63144,1.63222
2026-05-01 12:15:00,1.63222,1.6324999999999998,1.6320299999999999,1.63239
2026-05-01 12:30:00,1.63238,1.6329099999999999,1.6322299999999998,1.63231
2026-05-01 12:45:00,1.63228,1.6330200000000001,1.63217,1.63266
2026-05-01 13:00:00,1.63265,1.63342,1.63259,1.6334
2026-05-01 13:15:00,1.63339,1.63349,1.6327099999999999,1.633
2026-05-01 13:30:00,1.63301,1.63317,1.63283,1.6329500000000001
2026-05-01 13:45:00,1.63296,1.63349,1.6328200000000002,1.6334
2026-05-01 14:00:00,1.6334,1.63348,1.6328399999999998,1.63326
2026-05-01 14:15:00,1.63326,1.6334,1.6326100000000001,1.63303
2026-05-01 14:30:00,1.63303,1.6331,1.63255,1.63267
2026-05-01 14:45:00,1.6326800000000001,1.63308,1.63254,1.63286
2026-05-01 15:00:00,1.6329,1.63316,1.63192,1.63247
2026-05-01 15:15:00,1.63247,1.63303,1.6323699999999999,1.6326
2026-05-01 15:30:00,1.6326100000000001,1.63327,1.63256,1.63263
2026-05-01 15:45:00,1.6326399999999999,1.6326399999999999,1.6322100000000002,1.63239
2026-05-01 16:00:00,1.63239,1.63258,1.6316899999999999,1.63202
2026-05-01 16:15:00,1.63201,1.63215,1.63127,1.6313
2026-05-01 16:30:00,1.63129,1.63156,1.63071,1.63077
2026-05-01 16:45:00,1.63076,1.6312600000000002,1.63036,1.6306500000000002
2026-05-01 17:00:00,1.63061,1.63086,1.62953,1.63043
2026-05-01 17:15:00,1.6304400000000001,1.63077,1.6302699999999999,1.6305800000000001
2026-05-01 17:30:00,1.6306,1.63182,1.6305100000000001,1.63061
2026-05-01 17:45:00,1.6306,1.63114,1.6302699999999999,1.63055
2026-05-01 18:00:00,1.63055,1.63084,1.6298599999999999,1.6299299999999999
2026-05-01 18:15:00,1.62992,1.63007,1.62899,1.62917
2026-05-01 18:30:00,1.6291600000000002,1.62967,1.62896,1.62928
2026-05-01 18:45:00,1.6292900000000001,1.62969,1.6284100000000001,1.62863
2026-05-01 19:00:00,1.62863,1.62867,1.62824,1.6282999999999999
2026-05-01 19:15:00,1.62831,1.62859,1.6279,1.6282100000000002
2026-05-01 19:30:00,1.6282,1.6283400000000001,1.6276899999999999,1.62811
2026-05-01 19:45:00,1.62812,1.6282299999999998,1.62748,1.62771
2026-05-01 20:00:00,1.62771,1.6277599999999999,1.62703,1.62705
2026-05-01 20:15:00,1.62704,1.62771,1.6267800000000001,1.62738
2026-05-01 20:30:00,1.62738,1.6275,1.62689,1.6272600000000002
2026-05-01 20:45:00,1.62725,1.6274600000000001,1.6270099999999998,1.62721
2026-05-01 21:00:00,1.6272199999999999,1.62765,1.62709,1.6275
2026-05-01 21:15:00,1.6275,1.6277,1.62666,1.6268
2026-05-01 21:30:00,1.6268,1.6272799999999998,1.62657,1.6271
2026-05-01 21:45:00,1.62711,1.6273,1.62649,1.62661
2026-05-01 22:00:00,1.62662,1.62677,1.62649,1.6266
2026-05-01 22:15:00,1.62661,1.62661,1.62607,1.6261
2026-05-01 22:30:00,1.62609,1.6263999999999998,1.62603,1.62626
2026-05-01 22:45:00,1.62626,1.62657,1.62621,1.62653
2026-05-01 23:00:00,1.62655,1.62682,1.6264699999999999,1.62669
2026-05-01 23:15:00,1.62668,1.62679,1.62648,1.6266
2026-05-01 23:30:00,1.62662,1.62731,1.62656,1.6271200000000001
2026-05-01 23:45:00,1.6271200000000001,1.62799,1.6268500000000001,1.62703
2026-05-04 00:00:00,1.6267200000000002,1.62698,1.6255,1.62663
2026-05-04 00:15:00,1.62567,1.6272799999999998,1.6253600000000001,1.62683
2026-05-04 00:30:00,1.62676,1.6269200000000001,1.62612,1.62673
2026-05-04 00:45:00,1.62673,1.62721,1.626,1.62607
2026-05-04 01:00:00,1.6263100000000001,1.62669,1.62537,1.62608
2026-05-04 01:15:00,1.62607,1.62666,1.62562,1.6265100000000001
2026-05-04 01:30:00,1.6265100000000001,1.6271200000000001,1.6262699999999999,1.62653
2026-05-04 01:45:00,1.6265399999999999,1.6265800000000001,1.62601,1.62628
2026-05-04 02:00:00,1.62628,1.6266500000000002,1.62628,1.62659
2026-05-04 02:15:00,1.6266,1.62676,1.62628,1.62628
2026-05-04 02:30:00,1.6263,1.62645,1.6262699999999999,1.62628
2026-05-04 02:45:00,1.62628,1.62648,1.62628,1.62632
2026-05-04 03:00:00,1.62632,1.6269,1.62583,1.626
2026-05-04 03:15:00,1.626,1.6267800000000001,1.62595,1.62656
2026-05-04 03:30:00,1.62657,1.62666,1.62598,1.62632
2026-05-04 03:45:00,1.62632,1.6267399999999999,1.62628,1.6266
2026-05-04 04:00:00,1.6266,1.62756,1.62653,1.62709
2026-05-04 04:15:00,1.6270799999999999,1.62764,1.62659,1.62754
2026-05-04 04:30:00,1.62754,1.6276000000000002,1.62663,1.62679
2026-05-04 04:45:00,1.6268,1.6270099999999998,1.6263,1.62641
2026-05-04 05:00:00,1.62633,1.62696,1.62629,1.62682
2026-05-04 05:15:00,1.6268099999999999,1.62775,1.6268099999999999,1.6276000000000002
2026-05-04 05:30:00,1.62761,1.6276899999999999,1.62717,1.6272600000000002
2026-05-04 05:45:00,1.6272600000000002,1.62727,1.62648,1.62687
2026-05-04 06:00:00,1.62686,1.6271,1.6266,1.62694
2026-05-04 06:15:00,1.62694,1.6271499999999999,1.62663,1.62706
2026-05-04 06:30:00,1.62705,1.6272600000000002,1.62686,1.62693
2026-05-04 06:45:00,1.62695,1.62723,1.62628,1.62703
2026-05-04 07:00:00,1.62705,1.6272600000000002,1.62671,1.62714
2026-05-04 07:15:00,1.6271499999999999,1.6271900000000001,1.6266699999999998,1.62702
2026-05-04 07:30:00,1.62702,1.6271200000000001,1.62682,1.6269200000000001
2026-05-04 07:45:00,1.62693,1.62737,1.62687,1.62724
2026-05-04 08:00:00,1.62724,1.6274199999999999,1.6270799999999999,1.62721
2026-05-04 08:15:00,1.62721,1.6277599999999999,1.62711,1.62772
2026-05-04 08:30:00,1.62772,1.6280299999999999,1.6274600000000001,1.62755
2026-05-04 08:45:00,1.62755,1.62786,1.6274199999999999,1.6274600000000001
2026-05-04 09:00:00,1.62747,1.6282100000000002,1.62738,1.62786
2026-05-04 09:15:00,1.62785,1.62832,1.6277599999999999,1.62801
2026-05-04 09:30:00,1.6280000000000001,1.62923,1.62792,1.6291799999999999
2026-05-04 09:45:00,1.6291799999999999,1.62999,1.6290900000000001,1.62937
2026-05-04 10:00:00,1.62938,1.63005,1.6292900000000001,1.62984
2026-05-04 10:15:00,1.62985,1.63,1.62927,1.6298
2026-05-04 10:30:00,1.62981,1.6302699999999999,1.62969,1.62987
2026-05-04 10:45:00,1.62988,1.62989,1.62914,1.62941
2026-05-04 11:00:00,1.62942,1.6296300000000001,1.62903,1.62935
2026-05-04 11:15:00,1.62935,1.62958,1.62865,1.6287099999999999
2026-05-04 11:30:00,1.62872,1.62888,1.6282100000000002,1.6286
2026-05-04 11:45:00,1.6286,1.6291099999999998,1.6284399999999999,1.6288200000000002
2026-05-04 12:00:00,1.62883,1.6289500000000001,1.6284,1.62852
2026-05-04 12:15:00,1.62856,1.62858,1.62781,1.62799
2026-05-04 12:30:00,1.62798,1.62824,1.6278899999999998,1.62802
2026-05-04 12:45:00,1.6280000000000001,1.62829,1.6277300000000001,1.6280700000000001
2026-05-04 13:00:00,1.6280700000000001,1.6314,1.62795,1.63083
2026-05-04 13:15:00,1.63079,1.6310099999999998,1.6291,1.6295600000000001
2026-05-04 13:30:00,1.62957,1.62994,1.62849,1.62924
2026-05-04 13:45:00,1.62928,1.6295,1.62893,1.62908
2026-05-04 14:00:00,1.6290900000000001,1.62973,1.6285500000000002,1.62903
2026-05-04 14:15:00,1.62906,1.62955,1.62877,1.6294
2026-05-04 14:30:00,1.6294,1.6299299999999999,1.6294,1.6296
2026-05-04 14:45:00,1.62962,1.63007,1.62881,1.62887
2026-05-04 15:00:00,1.62886,1.6291099999999998,1.62863,1.6289099999999999
2026-05-04 15:15:00,1.62892,1.6291,1.62825,1.6284999999999998
2026-05-04 15:30:00,1.6284999999999998,1.62887,1.6284,1.6284100000000001
2026-05-04 15:45:00,1.62842,1.62913,1.62838,1.62907
2026-05-04 16:00:00,1.6290499999999999,1.63045,1.6279,1.6293199999999999
2026-05-04 16:15:00,1.62933,1.62978,1.62904,1.62939
2026-05-04 16:30:00,1.62939,1.62999,1.62926,1.62988
2026-05-04 16:45:00,1.62987,1.63032,1.62954,1.63015
2026-05-04 17:00:00,1.63015,1.63042,1.6291799999999999,1.62933
2026-05-04 17:15:00,1.62933,1.62992,1.62883,1.6297000000000001
2026-05-04 17:30:00,1.6297000000000001,1.6298300000000001,1.62881,1.6294
2026-05-04 17:45:00,1.6294,1.6296,1.62853,1.6295
2026-05-04 18:00:00,1.62944,1.6303999999999998,1.62896,1.6302699999999999
2026-05-04 18:15:00,1.63028,1.63179,1.6299299999999999,1.6305399999999999
2026-05-04 18:30:00,1.63053,1.63228,1.63046,1.6320700000000001
2026-05-04 18:45:00,1.6320700000000001,1.63281,1.63192,1.63239
2026-05-04 19:00:00,1.63239,1.6335600000000001,1.63205,1.6332499999999999
2026-05-04 19:15:00,1.63327,1.6334499999999998,1.63179,1.63213
2026-05-04 19:30:00,1.63213,1.6323400000000001,1.6314199999999999,1.63154
2026-05-04 19:45:00,1.63156,1.63213,1.63136,1.63211
2026-05-04 20:00:00,1.63211,1.63212,1.63061,1.63075
2026-05-04 20:15:00,1.63075,1.63095,1.63035,1.63071
2026-05-04 20:30:00,1.6307,1.6314600000000001,1.6305800000000001,1.631
2026-05-04 20:45:00,1.6309900000000002,1.6311900000000001,1.63084,1.63103
2026-05-04 21:00:00,1.63103,1.63105,1.6305100000000001,1.6309399999999998
2026-05-04 21:15:00,1.63096,1.63124,1.63072,1.6308
2026-05-04 21:30:00,1.63079,1.63116,1.63059,1.63107
2026-05-04 21:45:00,1.63105,1.6312,1.6307800000000001,1.6307800000000001
2026-05-04 22:00:00,1.6308,1.63133,1.63069,1.6308799999999999
2026-05-04 22:15:00,1.6308799999999999,1.6314899999999999,1.6308,1.63133
2026-05-04 22:30:00,1.6313499999999999,1.6313499999999999,1.6309,1.63109
2026-05-04 22:45:00,1.63109,1.6311900000000001,1.63053,1.63071
2026-05-04 23:00:00,1.6307,1.63111,1.63052,1.6310099999999998
2026-05-04 23:15:00,1.63103,1.6313499999999999,1.6308500000000001,1.63133
2026-05-04 23:30:00,1.63133,1.6315300000000001,1.63122,1.6314
2026-05-04 23:45:00,1.6314,1.63145,1.6311499999999999,1.63117
2026-05-05 00:00:00,1.6289500000000001,1.6308500000000001,1.6289500000000001,1.63025
2026-05-05 00:15:00,1.6303999999999998,1.63086,1.6303999999999998,1.63075
2026-05-05 00:30:00,1.63069,1.6308500000000001,1.63063,1.63076
2026-05-05 00:45:00,1.63076,1.6308,1.63041,1.63056
2026-05-05 01:00:00,1.6307800000000001,1.63124,1.6306,1.6310799999999999
2026-05-05 01:15:00,1.6310799999999999,1.6311900000000001,1.631,1.63105
2026-05-05 01:30:00,1.63105,1.6311499999999999,1.63086,1.63086
2026-05-05 01:45:00,1.6308500000000001,1.63114,1.63084,1.6309399999999998
2026-05-05 02:00:00,1.63093,1.63109,1.63086,1.63107
2026-05-05 02:15:00,1.63106,1.63116,1.63095,1.63104
2026-05-05 02:30:00,1.63104,1.6312,1.631,1.63107
2026-05-05 02:45:00,1.63106,1.6313,1.63089,1.63125
2026-05-05 03:00:00,1.63124,1.63129,1.6305100000000001,1.63105
2026-05-05 03:15:00,1.63109,1.63225,1.6310799999999999,1.63213
2026-05-05 03:30:00,1.63215,1.63253,1.63201,1.6322299999999998
2026-05-05 03:45:00,1.6322299999999998,1.6322299999999998,1.63165,1.6321400000000001
2026-05-05 04:00:00,1.63215,1.6326,1.63202,1.63205
2026-05-05 04:15:00,1.63206,1.63297,1.63202,1.6324999999999998
2026-05-05 04:30:00,1.63249,1.63308,1.63233,1.63297
2026-05-05 04:45:00,1.63297,1.63303,1.63263,1.63288
2026-05-05 05:00:00,1.63287,1.63299,1.63161,1.63165
2026-05-05 05:15:00,1.63163,1.63209,1.63131,1.63209
2026-05-05 05:30:00,1.63208,1.63233,1.63166,1.63229
2026-05-05 05:45:00,1.63224,1.6325699999999999,1.63184,1.63226
2026-05-05 06:00:00,1.63225,1.63246,1.63202,1.63216
2026-05-05 06:15:00,1.63218,1.63276,1.63202,1.6326
2026-05-05 06:30:00,1.63262,1.6332,1.6326,1.63281
2026-05-05 06:45:00,1.63281,1.6334499999999998,1.63274,1.63335
2026-05-05 07:00:00,1.63334,1.6334499999999998,1.6327500000000001,1.63308
2026-05-05 07:15:00,1.63308,1.6333199999999999,1.63218,1.6324100000000001
2026-05-05 07:30:00,1.6324,1.63353,1.62962,1.6308799999999999
2026-05-05 07:45:00,1.63089,1.63289,1.63082,1.63287
2026-05-05 08:00:00,1.6329099999999999,1.63377,1.6326100000000001,1.63375
2026-05-05 08:15:00,1.63377,1.6349200000000002,1.63365,1.63475
2026-05-05 08:30:00,1.63475,1.6372200000000001,1.6345,1.63687
2026-05-05 08:45:00,1.63686,1.63693,1.6354899999999999,1.6363699999999999
2026-05-05 09:00:00,1.63638,1.63644,1.63486,1.63574
2026-05-05 09:15:00,1.63574,1.63613,1.63524,1.6353
2026-05-05 09:30:00,1.63531,1.63588,1.63506,1.63557
2026-05-05 09:45:00,1.63554,1.63585,1.6353900000000001,1.63577
2026-05-05 10:00:00,1.63577,1.63601,1.63496,1.63502
2026-05-05 10:15:00,1.63502,1.63522,1.63462,1.6348500000000001
2026-05-05 10:30:00,1.63487,1.63487,1.63348,1.63385
2026-05-05 10:45:00,1.63376,1.63446,1.63353,1.63432
2026-05-05 11:00:00,1.63432,1.6343299999999998,1.63307,1.6332200000000001
2026-05-05 11:15:00,1.63323,1.63338,1.63239,1.63301
2026-05-05 11:30:00,1.6330200000000001,1.6333600000000001,1.6326100000000001,1.63276
2026-05-05 11:45:00,1.63276,1.63308,1.63231,1.63301
2026-05-05 12:00:00,1.6330200000000001,1.63321,1.6324100000000001,1.6329099999999999
2026-05-05 12:15:00,1.6329099999999999,1.63315,1.63256,1.63308
2026-05-05 12:30:00,1.63308,1.63317,1.63226,1.63294
2026-05-05 12:45:00,1.63294,1.6329799999999999,1.6317300000000001,1.63183
2026-05-05 13:00:00,1.63184,1.63209,1.63133,1.63144
2026-05-05 13:15:00,1.63143,1.63157,1.63095,1.63102
2026-05-05 13:30:00,1.6309900000000002,1.63109,1.6301700000000001,1.6308099999999999
2026-05-05 13:45:00,1.6308099999999999,1.63117,1.6307399999999999,1.63076
2026-05-05 14:00:00,1.6307800000000001,1.6311900000000001,1.63055,1.63063
2026-05-05 14:15:00,1.63063,1.63098,1.62995,1.63005
2026-05-05 14:30:00,1.63003,1.63042,1.62987,1.6299000000000001
2026-05-05 14:45:00,1.62992,1.62994,1.62939,1.6297700000000002
2026-05-05 15:00:00,1.62974,1.6303999999999998,1.62928,1.6297700000000002
2026-05-05 15:15:00,1.6297899999999998,1.6300400000000002,1.62818,1.6286
2026-05-05 15:30:00,1.62856,1.62984,1.62854,1.62978
2026-05-05 15:45:00,1.6297700000000002,1.6299000000000001,1.6292499999999999,1.62948
2026-05-05 16:00:00,1.62948,1.62948,1.62872,1.6289799999999999
2026-05-05 16:15:00,1.6289799999999999,1.6295199999999999,1.6286399999999999,1.6293
2026-05-05 16:30:00,1.6293,1.62984,1.62913,1.6293199999999999
2026-05-05 16:45:00,1.62933,1.6294300000000002,1.62874,1.62907
2026-05-05 17:00:00,1.62906,1.62973,1.62801,1.6295899999999999
2026-05-05 17:15:00,1.62961,1.6299000000000001,1.62843,1.62863
2026-05-05 17:30:00,1.6286399999999999,1.62883,1.62802,1.62824
2026-05-05 17:45:00,1.62825,1.62886,1.62812,1.62839
2026-05-05 18:00:00,1.62838,1.62877,1.6273900000000001,1.6274899999999999
2026-05-05 18:15:00,1.6275,1.6279,1.6273,1.6277300000000001
2026-05-05 18:30:00,1.6277300000000001,1.62798,1.62707,1.62738
2026-05-05 18:45:00,1.62737,1.6276199999999998,1.62697,1.6271200000000001
2026-05-05 19:00:00,1.62713,1.6276000000000002,1.6271,1.62737
2026-05-05 19:15:00,1.62737,1.6274600000000001,1.62716,1.62718
2026-05-05 19:30:00,1.62718,1.6277,1.62716,1.6276199999999998
2026-05-05 19:45:00,1.62766,1.6280299999999999,1.62748,1.6278299999999999
2026-05-05 20:00:00,1.6278299999999999,1.6279,1.62752,1.62775
2026-05-05 20:15:00,1.62775,1.62802,1.62764,1.62778
2026-05-05 20:30:00,1.62777,1.62791,1.62745,1.62775
2026-05-05 20:45:00,1.6277300000000001,1.6279,1.6275300000000001,1.6276000000000002
2026-05-05 21:00:00,1.62761,1.62767,1.6272199999999999,1.6273900000000001
2026-05-05 21:15:00,1.6273900000000001,1.62754,1.6272,1.62738
2026-05-05 21:30:00,1.62737,1.62763,1.6272600000000002,1.62755
2026-05-05 21:45:00,1.62755,1.62788,1.6274600000000001,1.6277
2026-05-05 22:00:00,1.6277,1.6278299999999999,1.62757,1.62771
2026-05-05 22:15:00,1.62772,1.62781,1.62754,1.6277599999999999
2026-05-05 22:30:00,1.62775,1.62827,1.62756,1.62809
2026-05-05 22:45:00,1.62808,1.62854,1.62801,1.6281400000000001
2026-05-05 23:00:00,1.6281400000000001,1.6283400000000001,1.62805,1.62817
2026-05-05 23:15:00,1.62819,1.62824,1.62774,1.6278700000000002
2026-05-05 23:30:00,1.62785,1.62799,1.62779,1.62792
2026-05-05 23:45:00,1.62793,1.62813,1.62766,1.6277
2026-05-06 00:00:00,1.6260400000000002,1.62832,1.6260400000000002,1.62829
2026-05-06 00:15:00,1.6282999999999999,1.62845,1.6280299999999999,1.62822
2026-05-06 00:30:00,1.62817,1.6282100000000002,1.6277300000000001,1.6279400000000002
2026-05-06 00:45:00,1.62797,1.6282999999999999,1.62747,1.62747
2026-05-06 01:00:00,1.6275,1.6281400000000001,1.6272,1.6280299999999999
2026-05-06 01:15:00,1.62801,1.6280999999999999,1.62784,1.6279
2026-05-06 01:30:00,1.62792,1.62793,1.62767,1.6278299999999999
2026-05-06 01:45:00,1.6278000000000001,1.6279400000000002,1.6259000000000001,1.6265100000000001
2026-05-06 02:00:00,1.6265100000000001,1.6271499999999999,1.62601,1.6270799999999999
2026-05-06 02:15:00,1.62704,1.62707,1.62643,1.62649
2026-05-06 02:30:00,1.62648,1.6267,1.6261,1.62625
2026-05-06 02:45:00,1.62625,1.62646,1.62609,1.6263100000000001
2026-05-06 03:00:00,1.6263100000000001,1.62639,1.62487,1.62551
2026-05-06 03:15:00,1.62553,1.6258,1.62446,1.62486
2026-05-06 03:30:00,1.6248399999999998,1.62524,1.6233300000000002,1.62334
2026-05-06 03:45:00,1.62336,1.6235,1.62233,1.62242
2026-05-06 04:00:00,1.62242,1.62279,1.62219,1.6226699999999998
2026-05-06 04:15:00,1.62266,1.6227399999999998,1.62126,1.62183
2026-05-06 04:30:00,1.62183,1.6228799999999999,1.62162,1.62181
2026-05-06 04:45:00,1.6218,1.6218,1.62077,1.62137
2026-05-06 05:00:00,1.62137,1.6219000000000001,1.62119,1.6212
2026-05-06 05:15:00,1.62121,1.62133,1.62042,1.6205500000000002
2026-05-06 05:30:00,1.62056,1.62077,1.62002,1.62047
2026-05-06 05:45:00,1.62047,1.62054,1.61971,1.6197300000000001
2026-05-06 06:00:00,1.61972,1.6197599999999999,1.61848,1.61938
2026-05-06 06:15:00,1.61938,1.61961,1.61903,1.6195300000000001
2026-05-06 06:30:00,1.61954,1.61989,1.6192600000000001,1.61928
2026-05-06 06:45:00,1.61927,1.6202,1.6192,1.6201400000000001
2026-05-06 07:00:00,1.6201400000000001,1.6202299999999998,1.6191499999999999,1.61921
2026-05-06 07:15:00,1.6192,1.61992,1.6192,1.61958
2026-05-06 07:30:00,1.61958,1.62019,1.61867,1.61939
2026-05-06 07:45:00,1.61939,1.62018,1.6187200000000002,1.62011
2026-05-06 08:00:00,1.62011,1.6201699999999999,1.61887,1.61902
2026-05-06 08:15:00,1.61902,1.6196199999999998,1.6190099999999998,1.6193300000000002
2026-05-06 08:30:00,1.6193300000000002,1.61954,1.6190099999999998,1.61914
2026-05-06 08:45:00,1.61914,1.6191499999999999,1.61844,1.61875
2026-05-06 09:00:00,1.6187399999999998,1.62015,1.61869,1.61913
2026-05-06 09:15:00,1.6191200000000001,1.61943,1.61868,1.6188099999999999
2026-05-06 09:30:00,1.61882,1.6196199999999998,1.61875,1.61932
2026-05-06 09:45:00,1.61932,1.6194,1.61859,1.61862
2026-05-06 10:00:00,1.6186099999999999,1.62085,1.6184500000000002,1.62061
2026-05-06 10:15:00,1.62062,1.62134,1.62032,1.62061
2026-05-06 10:30:00,1.62061,1.62111,1.62024,1.62043
2026-05-06 10:45:00,1.6204399999999999,1.62094,1.62013,1.62069
2026-05-06 11:00:00,1.6207099999999999,1.62226,1.62056,1.62175
2026-05-06 11:15:00,1.62178,1.62194,1.62058,1.6211
2026-05-06 11:30:00,1.62113,1.6215899999999999,1.6202299999999998,1.62038
2026-05-06 11:45:00,1.6203699999999999,1.62088,1.61939,1.62
2026-05-06 12:00:00,1.62001,1.62188,1.61995,1.62149
2026-05-06 12:15:00,1.62149,1.62169,1.62009,1.62137
2026-05-06 12:30:00,1.62137,1.62173,1.62059,1.6216
2026-05-06 12:45:00,1.62161,1.62243,1.62141,1.62146
2026-05-06 13:00:00,1.6214300000000001,1.6228,1.6213,1.62266
2026-05-06 13:15:00,1.6226699999999998,1.62276,1.62183,1.62241
2026-05-06 13:30:00,1.62242,1.62257,1.62106,1.62134
2026-05-06 13:45:00,1.62133,1.62189,1.62062,1.62185
2026-05-06 14:00:00,1.62184,1.6232600000000001,1.62184,1.6231200000000001
2026-05-06 14:15:00,1.62313,1.62347,1.62255,1.62307
2026-05-06 14:30:00,1.6231200000000001,1.62417,1.6225399999999999,1.62406
2026-05-06 14:45:00,1.62401,1.62424,1.6230799999999999,1.62327
2026-05-06 15:00:00,1.62327,1.6242999999999999,1.62325,1.6242999999999999
2026-05-06 15:15:00,1.6244,1.62515,1.62269,1.62298
2026-05-06 15:30:00,1.62298,1.62402,1.6229200000000001,1.62359
2026-05-06 15:45:00,1.62358,1.6241400000000001,1.6234199999999999,1.62391
2026-05-06 16:00:00,1.62391,1.6250499999999999,1.6238299999999999,1.62412
2026-05-06 16:15:00,1.62413,1.62458,1.62382,1.6245
2026-05-06 16:30:00,1.62452,1.6248399999999998,1.6238700000000001,1.62397
2026-05-06 16:45:00,1.62397,1.6247,1.62381,1.62431
2026-05-06 17:00:00,1.62432,1.62459,1.62365,1.6238299999999999
2026-05-06 17:15:00,1.62381,1.62439,1.62359,1.62429
2026-05-06 17:30:00,1.62429,1.6245,1.6230099999999998,1.62306
2026-05-06 17:45:00,1.62305,1.62465,1.62293,1.62363
2026-05-06 18:00:00,1.62361,1.62436,1.62332,1.6242100000000002
2026-05-06 18:15:00,1.62419,1.62443,1.62368,1.62426
2026-05-06 18:30:00,1.6242299999999998,1.6250200000000001,1.6241400000000001,1.6247099999999999
2026-05-06 18:45:00,1.6246800000000001,1.62506,1.62453,1.6246399999999999
2026-05-06 19:00:00,1.62462,1.62517,1.62462,1.62489
2026-05-06 19:15:00,1.62489,1.62533,1.62477,1.6251
2026-05-06 19:30:00,1.6250900000000001,1.62517,1.62467,1.6249500000000001
2026-05-06 19:45:00,1.6249500000000001,1.62553,1.62489,1.62507
2026-05-06 20:00:00,1.62507,1.6252499999999999,1.6248200000000002,1.62492
2026-05-06 20:15:00,1.62494,1.62511,1.6247,1.62473
2026-05-06 20:30:00,1.62474,1.62492,1.6244399999999999,1.6246399999999999
2026-05-06 20:45:00,1.62462,1.62476,1.62429,1.62439
2026-05-06 21:00:00,1.6244,1.6244100000000001,1.6236199999999998,1.624
2026-05-06 21:15:00,1.62399,1.62405,1.6236199999999998,1.62374
2026-05-06 21:30:00,1.62372,1.62388,1.6235,1.62371
2026-05-06 21:45:00,1.62375,1.62385,1.62327,1.62347
2026-05-06 22:00:00,1.62345,1.6234899999999999,1.62311,1.62323
2026-05-06 22:15:00,1.62323,1.62355,1.62323,1.62351
2026-05-06 22:30:00,1.6235,1.62366,1.6232600000000001,1.62343
2026-05-06 22:45:00,1.62344,1.62356,1.62287,1.62306
2026-05-06 23:00:00,1.6230799999999999,1.62348,1.623,1.62329
2026-05-06 23:15:00,1.6232600000000001,1.6234899999999999,1.6231200000000001,1.62314
2026-05-06 23:30:00,1.62314,1.62332,1.62307,1.6231499999999999
2026-05-06 23:45:00,1.6231499999999999,1.6233300000000002,1.62305,1.6231499999999999
2026-05-07 00:00:00,1.62244,1.62275,1.62144,1.62188
2026-05-07 00:15:00,1.62209,1.6237599999999999,1.6217700000000002,1.62282
2026-05-07 00:30:00,1.62279,1.6236000000000002,1.62222,1.62222
2026-05-07 00:45:00,1.62222,1.6234199999999999,1.6221,1.62263
2026-05-07 01:00:00,1.62263,1.62356,1.62245,1.6232199999999999
2026-05-07 01:15:00,1.6232,1.62334,1.62314,1.62323
2026-05-07 01:30:00,1.62323,1.62381,1.6232199999999999,1.62357
2026-05-07 01:45:00,1.62358,1.6236199999999998,1.62341,1.62343
2026-05-07 02:00:00,1.62339,1.6236000000000002,1.6233,1.62336
2026-05-07 02:15:00,1.62336,1.62352,1.6233,1.62351
2026-05-07 02:30:00,1.62351,1.62359,1.62332,1.62332
2026-05-07 02:45:00,1.6233499999999998,1.62378,1.62302,1.6236899999999999
2026-05-07 03:00:00,1.6237,1.6242299999999998,1.62305,1.62347
2026-05-07 03:15:00,1.62344,1.6238299999999999,1.62317,1.6234600000000001
2026-05-07 03:30:00,1.62345,1.62417,1.62339,1.6238700000000001
2026-05-07 03:45:00,1.62386,1.62425,1.6235300000000001,1.6236899999999999
2026-05-07 04:00:00,1.6236899999999999,1.62425,1.6233300000000002,1.6237
2026-05-07 04:15:00,1.62374,1.62374,1.6232199999999999,1.62329
2026-05-07 04:30:00,1.62331,1.6238299999999999,1.6231499999999999,1.62317
2026-05-07 04:45:00,1.62317,1.62323,1.6225399999999999,1.62298
2026-05-07 05:00:00,1.62298,1.62325,1.62277,1.62323
2026-05-07 05:15:00,1.6232199999999999,1.62371,1.6231900000000001,1.6234600000000001
2026-05-07 05:30:00,1.62345,1.62348,1.62273,1.62287
2026-05-07 05:45:00,1.62286,1.62318,1.62273,1.62307
2026-05-07 06:00:00,1.6230799999999999,1.6234600000000001,1.62303,1.6231900000000001
2026-05-07 06:15:00,1.6231900000000001,1.62323,1.62284,1.6229200000000001
2026-05-07 06:30:00,1.6229200000000001,1.623,1.62205,1.6223100000000001
2026-05-07 06:45:00,1.6223,1.6225100000000001,1.62214,1.62229
2026-05-07 07:00:00,1.62228,1.62243,1.62162,1.62205
2026-05-07 07:15:00,1.6220400000000001,1.62209,1.6213199999999999,1.62147
2026-05-07 07:30:00,1.62146,1.6216599999999999,1.6209,1.6209799999999999
2026-05-07 07:45:00,1.62099,1.6218599999999999,1.62099,1.6213199999999999
2026-05-07 08:00:00,1.6213199999999999,1.62161,1.6211799999999998,1.6212900000000001
2026-05-07 08:15:00,1.62127,1.6215600000000001,1.62113,1.6214499999999998
2026-05-07 08:30:00,1.6214499999999998,1.6215199999999999,1.62079,1.62094
2026-05-07 08:45:00,1.6209500000000001,1.62168,1.62093,1.62165
2026-05-07 09:00:00,1.62165,1.62219,1.62158,1.6220400000000001
2026-05-07 09:15:00,1.62205,1.6223,1.62168,1.62218
2026-05-07 09:30:00,1.6221700000000001,1.6222699999999999,1.61997,1.62011
2026-05-07 09:45:00,1.62012,1.62063,1.62,1.6202299999999998
2026-05-07 10:00:00,1.6202299999999998,1.62092,1.61972,1.62002
2026-05-07 10:15:00,1.62004,1.6215199999999999,1.62004,1.62128
2026-05-07 10:30:00,1.62127,1.62183,1.62074,1.62077
2026-05-07 10:45:00,1.62076,1.6212499999999999,1.6202100000000002,1.62035
2026-05-07 11:00:00,1.62035,1.6204399999999999,1.6199,1.61998
2026-05-07 11:15:00,1.61998,1.62124,1.6198000000000001,1.62083
2026-05-07 11:30:00,1.62083,1.62162,1.6208200000000001,1.62146
2026-05-07 11:45:00,1.6214499999999998,1.6218599999999999,1.62103,1.62168
2026-05-07 12:00:00,1.62168,1.62208,1.62141,1.62173
2026-05-07 12:15:00,1.62173,1.62229,1.62168,1.62229
2026-05-07 12:30:00,1.62229,1.62253,1.62167,1.6218
2026-05-07 12:45:00,1.6218,1.62225,1.62115,1.6211600000000002
2026-05-07 13:00:00,1.6211600000000002,1.62176,1.62083,1.62144
2026-05-07 13:15:00,1.62144,1.62162,1.62113,1.6215899999999999
2026-05-07 13:30:00,1.6216,1.6219299999999999,1.6212,1.6214
2026-05-07 13:45:00,1.6214,1.6217700000000002,1.6213199999999999,1.6216599999999999
2026-05-07 14:00:00,1.6216599999999999,1.62175,1.6213199999999999,1.62151
2026-05-07 14:15:00,1.62151,1.62216,1.6212900000000001,1.6214
2026-05-07 14:30:00,1.62137,1.62165,1.62104,1.6215199999999999
2026-05-07 14:45:00,1.62153,1.62161,1.6209099999999999,1.62149
2026-05-07 15:00:00,1.62153,1.6220599999999998,1.62128,1.62202
2026-05-07 15:15:00,1.6220400000000001,1.6231900000000001,1.6215600000000001,1.6226
2026-05-07 15:30:00,1.62269,1.6231,1.62239,1.6229900000000002
2026-05-07 15:45:00,1.62298,1.62354,1.62269,1.62321
2026-05-07 16:00:00,1.62323,1.62479,1.62321,1.62409
2026-05-07 16:15:00,1.6240999999999999,1.6242299999999998,1.62321,1.62344
2026-05-07 16:30:00,1.62344,1.62425,1.62344,1.62418
2026-05-07 16:45:00,1.6242,1.62463,1.6234600000000001,1.62355
2026-05-07 17:00:00,1.62356,1.6244,1.6231,1.62313
2026-05-07 17:15:00,1.6231200000000001,1.62355,1.62276,1.6228
2026-05-07 17:30:00,1.6227800000000001,1.6229900000000002,1.62255,1.62279
2026-05-07 17:45:00,1.6227800000000001,1.62395,1.62239,1.62241
2026-05-07 18:00:00,1.62245,1.6230799999999999,1.62243,1.62294
2026-05-07 18:15:00,1.62293,1.62443,1.62293,1.62381
2026-05-07 18:30:00,1.62381,1.62433,1.62325,1.6241400000000001
2026-05-07 18:45:00,1.62413,1.62496,1.62408,1.62488
2026-05-07 19:00:00,1.62489,1.62524,1.62451,1.62492
2026-05-07 19:15:00,1.62492,1.62547,1.62427,1.62436
2026-05-07 19:30:00,1.62435,1.6251799999999998,1.62426,1.62476
2026-05-07 19:45:00,1.62476,1.62488,1.62442,1.62465
2026-05-07 20:00:00,1.62463,1.62488,1.6242,1.62473
2026-05-07 20:15:00,1.6247500000000001,1.62538,1.62372,1.62493
2026-05-07 20:30:00,1.6249099999999999,1.62521,1.6239599999999998,1.62466
2026-05-07 20:45:00,1.62465,1.62485,1.62393,1.62398
2026-05-07 21:00:00,1.62397,1.6245500000000002,1.62392,1.62406
2026-05-07 21:15:00,1.62404,1.62493,1.62401,1.6248
2026-05-07 21:30:00,1.6248,1.6255600000000001,1.62459,1.62517
2026-05-07 21:45:00,1.62519,1.62626,1.6251,1.62513
2026-05-07 22:00:00,1.62514,1.62553,1.62493,1.62511
2026-05-07 22:15:00,1.62511,1.62605,1.6250900000000001,1.62555
2026-05-07 22:30:00,1.62554,1.62569,1.62524,1.62527
2026-05-07 22:45:00,1.6252900000000001,1.6263800000000002,1.62499,1.6262699999999999
2026-05-07 23:00:00,1.62629,1.62636,1.6248,1.6256
2026-05-07 23:15:00,1.6256300000000001,1.62588,1.62527,1.62575
2026-05-07 23:30:00,1.62574,1.62741,1.6254300000000002,1.62649
2026-05-07 23:45:00,1.62648,1.6275,1.62623,1.62675
2026-05-08 00:00:00,1.6238700000000001,1.62682,1.62332,1.62682
2026-05-08 00:15:00,1.62683,1.6279,1.62661,1.62757
2026-05-08 00:30:00,1.62757,1.6276000000000002,1.6265399999999999,1.6271
2026-05-08 00:45:00,1.6271,1.6275300000000001,1.6263,1.62714
2026-05-08 01:00:00,1.62714,1.62819,1.6266500000000002,1.6276899999999999
2026-05-08 01:15:00,1.62768,1.62779,1.62721,1.6273900000000001
2026-05-08 01:30:00,1.6274,1.62763,1.6271499999999999,1.6274199999999999
2026-05-08 01:45:00,1.62741,1.62774,1.6274,1.62772
2026-05-08 02:00:00,1.6277,1.6277599999999999,1.62713,1.62727
2026-05-08 02:15:00,1.62727,1.62744,1.62716,1.62738
2026-05-08 02:30:00,1.62738,1.6279400000000002,1.62713,1.62772
2026-05-08 02:45:00,1.62771,1.6277300000000001,1.6271,1.6272799999999998
2026-05-08 03:00:00,1.6273,1.62747,1.62695,1.6271900000000001
2026-05-08 03:15:00,1.6271900000000001,1.62879,1.6271900000000001,1.62812
2026-05-08 03:30:00,1.62813,1.62825,1.6272799999999998,1.6275300000000001
2026-05-08 03:45:00,1.6275300000000001,1.62795,1.62691,1.62702
2026-05-08 04:00:00,1.62702,1.6271900000000001,1.6261999999999999,1.62632
2026-05-08 04:15:00,1.62635,1.6267800000000001,1.62612,1.6267
2026-05-08 04:30:00,1.62669,1.627,1.62635,1.6269200000000001
2026-05-08 04:45:00,1.6268799999999999,1.62744,1.62669,1.6271
2026-05-08 05:00:00,1.62711,1.62738,1.62645,1.62661
2026-05-08 05:15:00,1.6266,1.6271499999999999,1.62618,1.62661
2026-05-08 05:30:00,1.6266,1.62754,1.62649,1.62662
2026-05-08 05:45:00,1.62662,1.62663,1.62599,1.62639
2026-05-08 06:00:00,1.6263999999999998,1.6265399999999999,1.62583,1.6259000000000001
2026-05-08 06:15:00,1.62589,1.62607,1.6253199999999999,1.6254300000000002
2026-05-08 06:30:00,1.6254300000000002,1.6254499999999998,1.62459,1.62511
2026-05-08 06:45:00,1.6251,1.62564,1.6249500000000001,1.62548
2026-05-08 07:00:00,1.62548,1.6257700000000002,1.62533,1.62558
2026-05-08 07:15:00,1.6255899999999999,1.62578,1.6252,1.6256599999999999
2026-05-08 07:30:00,1.6256599999999999,1.62596,1.6254499999999998,1.62569
2026-05-08 07:45:00,1.6257000000000001,1.62575,1.62481,1.62523
2026-05-08 08:00:00,1.62521,1.62564,1.6250499999999999,1.6251799999999998
2026-05-08 08:15:00,1.6251799999999998,1.6251799999999998,1.62454,1.62461
2026-05-08 08:30:00,1.62462,1.62489,1.62432,1.6248
2026-05-08 08:45:00,1.62478,1.6250499999999999,1.6245699999999998,1.62479
2026-05-08 09:00:00,1.62479,1.6254,1.62474,1.6251600000000002
2026-05-08 09:15:00,1.6251799999999998,1.62524,1.62469,1.6248200000000002
2026-05-08 09:30:00,1.6248200000000002,1.6250499999999999,1.62462,1.62477
2026-05-08 09:45:00,1.62478,1.62521,1.62474,1.6251600000000002
2026-05-08 10:00:00,1.62517,1.6258599999999999,1.62504,1.62583
2026-05-08 10:15:00,1.62582,1.62621,1.62565,1.6257899999999998
2026-05-08 10:30:00,1.6258,1.62608,1.6252499999999999,1.62592
2026-05-08 10:45:00,1.62592,1.62595,1.62522,1.62554
2026-05-08 11:00:00,1.62555,1.62592,1.62539,1.62578
2026-05-08 11:15:00,1.62578,1.62614,1.6251600000000002,1.62591
2026-05-08 11:30:00,1.6259299999999999,1.62636,1.62538,1.62626
2026-05-08 11:45:00,1.62625,1.6264699999999999,1.62588,1.62605
2026-05-08 12:00:00,1.62605,1.62657,1.6256599999999999,1.6259299999999999
2026-05-08 12:15:00,1.62595,1.62608,1.6256599999999999,1.6259000000000001
2026-05-08 12:30:00,1.62589,1.62655,1.6257000000000001,1.62643
2026-05-08 12:45:00,1.62643,1.62737,1.62632,1.62687
2026-05-08 13:00:00,1.62689,1.62703,1.6263800000000002,1.62642
2026-05-08 13:15:00,1.62642,1.62662,1.62584,1.626
2026-05-08 13:30:00,1.62601,1.6261100000000002,1.62528,1.6253
2026-05-08 13:45:00,1.62531,1.62608,1.62528,1.62561
2026-05-08 14:00:00,1.62562,1.62571,1.62487,1.62569
2026-05-08 14:15:00,1.62569,1.62649,1.62554,1.6261999999999999
2026-05-08 14:30:00,1.6261999999999999,1.6264699999999999,1.62594,1.62645
2026-05-08 14:45:00,1.62644,1.6266500000000002,1.62581,1.62595
2026-05-08 15:00:00,1.62596,1.62639,1.62562,1.6261700000000001
2026-05-08 15:15:00,1.62618,1.62663,1.62605,1.62635
2026-05-08 15:30:00,1.62634,1.62661,1.62469,1.6252900000000001
2026-05-08 15:45:00,1.6253,1.6268799999999999,1.62527,1.6265800000000001
2026-05-08 16:00:00,1.62657,1.62765,1.62622,1.62697
2026-05-08 16:15:00,1.62698,1.62721,1.6260599999999998,1.62619
2026-05-08 16:30:00,1.62618,1.62655,1.62583,1.62616
2026-05-08 16:45:00,1.62616,1.62663,1.6259299999999999,1.62616
2026-05-08 17:00:00,1.6261700000000001,1.62632,1.62537,1.62553
2026-05-08 17:15:00,1.6255199999999999,1.62583,1.62515,1.6256300000000001
2026-05-08 17:30:00,1.62561,1.62576,1.62515,1.62549
2026-05-08 17:45:00,1.62549,1.6259299999999999,1.625,1.62544
2026-05-08 18:00:00,1.62544,1.6261299999999999,1.62504,1.62554
2026-05-08 18:15:00,1.6255199999999999,1.62609,1.62512,1.62517
2026-05-08 18:30:00,1.62519,1.62607,1.62507,1.6260400000000002
2026-05-08 18:45:00,1.6260400000000002,1.62629,1.6253600000000001,1.6256599999999999
2026-05-08 19:00:00,1.62565,1.62603,1.62537,1.62595
2026-05-08 19:15:00,1.62595,1.62605,1.62541,1.62541
2026-05-08 19:30:00,1.62541,1.62587,1.62531,1.62565
2026-05-08 19:45:00,1.62565,1.6258,1.6254499999999998,1.62569
2026-05-08 20:00:00,1.62571,1.62575,1.6255,1.6255899999999999
2026-05-08 20:15:00,1.6256,1.62565,1.62523,1.62528
2026-05-08 20:30:00,1.6252900000000001,1.62565,1.62513,1.62547
2026-05-08 20:45:00,1.62547,1.6256,1.6252499999999999,1.62537
2026-05-08 21:00:00,1.62537,1.62575,1.6249500000000001,1.6255199999999999
2026-05-08 21:15:00,1.6255199999999999,1.62585,1.6254499999999998,1.62573
2026-05-08 21:30:00,1.62576,1.62591,1.6256300000000001,1.62575
2026-05-08 21:45:00,1.6257700000000002,1.62633,1.62571,1.6263100000000001
2026-05-08 22:00:00,1.62632,1.62633,1.62596,1.6259700000000001
2026-05-08 22:15:00,1.6259700000000001,1.62608,1.62587,1.62608
2026-05-08 22:30:00,1.62607,1.6261100000000002,1.6255899999999999,1.6257000000000001
2026-05-08 22:45:00,1.62571,1.62589,1.62558,1.62565
2026-05-08 23:00:00,1.62567,1.62609,1.62551,1.62596
2026-05-08 23:15:00,1.62596,1.62609,1.62572,1.6259000000000001
2026-05-08 23:30:00,1.6259000000000001,1.62628,1.62587,1.62612
2026-05-08 23:45:00,1.62612,1.6263100000000001,1.62574,1.62584
2026-05-11 00:00:00,1.62629,1.62693,1.62486,1.6259299999999999
2026-05-11 00:15:00,1.6259299999999999,1.6269,1.62551,1.62671
2026-05-11 00:30:00,1.6267200000000002,1.6289099999999999,1.62621,1.62886
2026-05-11 00:45:00,1.62927,1.62927,1.62792,1.6284100000000001
2026-05-11 01:00:00,1.6284100000000001,1.629,1.62656,1.6268
2026-05-11 01:15:00,1.6267800000000001,1.6272799999999998,1.62615,1.62623
2026-05-11 01:30:00,1.6262699999999999,1.62652,1.62602,1.6263100000000001
2026-05-11 01:45:00,1.62629,1.62641,1.62605,1.62616
2026-05-11 02:00:00,1.6261700000000001,1.62639,1.62591,1.62619
2026-05-11 02:15:00,1.62619,1.62623,1.6256599999999999,1.62592
2026-05-11 02:30:00,1.62592,1.62639,1.6257899999999998,1.62633
2026-05-11 02:45:00,1.62632,1.62675,1.6261299999999999,1.6265399999999999
2026-05-11 03:00:00,1.6265100000000001,1.62684,1.62626,1.62683
2026-05-11 03:15:00,1.6268099999999999,1.62694,1.62618,1.6262699999999999
2026-05-11 03:30:00,1.62628,1.62644,1.62578,1.62608
2026-05-11 03:45:00,1.6260599999999998,1.62682,1.62571,1.6261100000000002
2026-05-11 04:00:00,1.6261,1.62694,1.6259000000000001,1.6266699999999998
2026-05-11 04:15:00,1.62666,1.62673,1.62608,1.62643
2026-05-11 04:30:00,1.62641,1.62745,1.62641,1.62716
2026-05-11 04:45:00,1.6271499999999999,1.62724,1.6261,1.6261100000000002
2026-05-11 05:00:00,1.6261,1.62632,1.62578,1.62605
2026-05-11 05:15:00,1.62605,1.62642,1.62574,1.6258
2026-05-11 05:30:00,1.62578,1.62644,1.62553,1.62618
2026-05-11 05:45:00,1.62618,1.62661,1.62618,1.6263999999999998
2026-05-11 06:00:00,1.62646,1.62653,1.626,1.6260400000000002
2026-05-11 06:15:00,1.6260599999999998,1.62628,1.62575,1.6257700000000002
2026-05-11 06:30:00,1.6257700000000002,1.62614,1.62567,1.62578
2026-05-11 06:45:00,1.6257700000000002,1.6262699999999999,1.6257700000000002,1.62625
2026-05-11 07:00:00,1.62625,1.62656,1.62608,1.62633
2026-05-11 07:15:00,1.62633,1.6268500000000001,1.62621,1.6265800000000001
2026-05-11 07:30:00,1.62659,1.6266699999999998,1.62634,1.62637
2026-05-11 07:45:00,1.6263800000000002,1.62652,1.6258,1.62581
2026-05-11 08:00:00,1.62581,1.62609,1.62539,1.62546
2026-05-11 08:15:00,1.6254499999999998,1.6255899999999999,1.62517,1.62519
2026-05-11 08:30:00,1.62521,1.62584,1.62514,1.62581
2026-05-11 08:45:00,1.62578,1.62589,1.62504,1.62524
2026-05-11 09:00:00,1.62523,1.6256300000000001,1.62402,1.6243699999999999
2026-05-11 09:15:00,1.62436,1.62512,1.62436,1.62466
2026-05-11 09:30:00,1.62465,1.62522,1.6243699999999999,1.62456
2026-05-11 09:45:00,1.6245699999999998,1.62538,1.62452,1.62503
2026-05-11 10:00:00,1.6250499999999999,1.62553,1.6249,1.62524
2026-05-11 10:15:00,1.62527,1.62599,1.62499,1.62587
2026-05-11 10:30:00,1.62587,1.62628,1.62572,1.62598
2026-05-11 10:45:00,1.62596,1.62628,1.62574,1.62584
2026-05-11 11:00:00,1.62581,1.62618,1.62541,1.6259700000000001
2026-05-11 11:15:00,1.6259700000000001,1.62636,1.62544,1.62635
2026-05-11 11:30:00,1.62634,1.6264699999999999,1.6258599999999999,1.62603
2026-05-11 11:45:00,1.62605,1.6265,1.62594,1.62623
2026-05-11 12:00:00,1.6262400000000001,1.62646,1.6257700000000002,1.62632
2026-05-11 12:15:00,1.62632,1.6264699999999999,1.62583,1.62626
2026-05-11 12:30:00,1.62626,1.62656,1.62569,1.62571
2026-05-11 12:45:00,1.62572,1.62615,1.62557,1.62605
2026-05-11 13:00:00,1.62605,1.6261100000000002,1.62569,1.62582
2026-05-11 13:15:00,1.6258,1.62592,1.62534,1.62549
2026-05-11 13:30:00,1.62549,1.62598,1.62504,1.62553
2026-05-11 13:45:00,1.62551,1.62553,1.62478,1.62494
2026-05-11 14:00:00,1.62494,1.62501,1.6244100000000001,1.6249
2026-05-11 14:15:00,1.62489,1.6252,1.62469,1.62474
2026-05-11 14:30:00,1.62473,1.62481,1.62432,1.62467
2026-05-11 14:45:00,1.62467,1.62539,1.6245699999999998,1.6247
2026-05-11 15:00:00,1.62473,1.62521,1.62436,1.62499
2026-05-11 15:15:00,1.625,1.6253,1.62474,1.62504
2026-05-11 15:30:00,1.62503,1.6254300000000002,1.62488,1.6254
2026-05-11 15:45:00,1.62541,1.62602,1.62524,1.6255
2026-05-11 16:00:00,1.62548,1.62562,1.62511,1.62537
2026-05-11 16:15:00,1.62538,1.6254300000000002,1.62474,1.62506
2026-05-11 16:30:00,1.62501,1.62508,1.62433,1.62442
2026-05-11 16:45:00,1.6244100000000001,1.62465,1.62424,1.6245500000000002
2026-05-11 17:00:00,1.62451,1.62487,1.62422,1.62458
2026-05-11 17:15:00,1.62458,1.6246,1.6239,1.62406
2026-05-11 17:30:00,1.62408,1.62497,1.62365,1.62379
2026-05-11 17:45:00,1.6238000000000001,1.62404,1.62334,1.6234
2026-05-11 18:00:00,1.6234,1.62411,1.62334,1.62395
2026-05-11 18:15:00,1.62393,1.62398,1.62317,1.6231900000000001
2026-05-11 18:30:00,1.62317,1.62332,1.62294,1.62318
2026-05-11 18:45:00,1.62318,1.62338,1.6228500000000001,1.6231
2026-05-11 19:00:00,1.6231,1.62327,1.6228799999999999,1.6230099999999998
2026-05-11 19:15:00,1.6230099999999998,1.62361,1.6230099999999998,1.6233300000000002
2026-05-11 19:30:00,1.62332,1.62445,1.62318,1.62412
2026-05-11 19:45:00,1.6241400000000001,1.6242299999999998,1.6234899999999999,1.62372
2026-05-11 20:00:00,1.6237300000000001,1.62428,1.62364,1.6240299999999999
2026-05-11 20:15:00,1.62401,1.6242100000000002,1.62379,1.62384
2026-05-11 20:30:00,1.62388,1.62395,1.62348,1.62356
2026-05-11 20:45:00,1.62356,1.62398,1.62348,1.6239599999999998
2026-05-11 21:00:00,1.6239599999999998,1.62398,1.6234899999999999,1.62388
2026-05-11 21:15:00,1.62388,1.62402,1.62365,1.6238899999999998
2026-05-11 21:30:00,1.6238899999999998,1.6242299999999998,1.62384,1.6240999999999999
2026-05-11 21:45:00,1.62411,1.62439,1.62399,1.6243400000000001
2026-05-11 22:00:00,1.62433,1.62454,1.62425,1.6244399999999999
2026-05-11 22:15:00,1.6244399999999999,1.62476,1.62429,1.62467
2026-05-11 22:30:00,1.62467,1.62479,1.62458,1.6247500000000001
2026-05-11 22:45:00,1.6248200000000002,1.62493,1.6245500000000002,1.62467
2026-05-11 23:00:00,1.62467,1.6252900000000001,1.62462,1.62496
2026-05-11 23:15:00,1.6249500000000001,1.62531,1.62488,1.6251600000000002
2026-05-11 23:30:00,1.62515,1.62526,1.62492,1.625
2026-05-11 23:45:00,1.62499,1.6252900000000001,1.62494,1.6251600000000002
2026-05-12 00:00:00,1.6243400000000001,1.62537,1.6243400000000001,1.62526
2026-05-12 00:15:00,1.6250900000000001,1.6259000000000001,1.62467,1.62553
2026-05-12 00:30:00,1.62557,1.6255899999999999,1.6253600000000001,1.62546
2026-05-12 00:45:00,1.62546,1.62549,1.62466,1.6251
2026-05-12 01:00:00,1.62513,1.62551,1.62488,1.62539
2026-05-12 01:15:00,1.6254,1.62557,1.62528,1.62553
2026-05-12 01:30:00,1.6255600000000001,1.62561,1.62539,1.62548
2026-05-12 01:45:00,1.62548,1.62562,1.6254,1.62555
2026-05-12 02:00:00,1.6255600000000001,1.6256,1.62515,1.6251600000000002
2026-05-12 02:15:00,1.62517,1.62538,1.62504,1.62523
2026-05-12 02:30:00,1.6252,1.6252900000000001,1.6249099999999999,1.62503
2026-05-12 02:45:00,1.6250200000000001,1.62572,1.62496,1.62549
2026-05-12 03:00:00,1.62549,1.62615,1.62547,1.62609
2026-05-12 03:15:00,1.62608,1.62682,1.62589,1.6265399999999999
2026-05-12 03:30:00,1.62655,1.6268099999999999,1.6263,1.62661
2026-05-12 03:45:00,1.62661,1.62675,1.6258599999999999,1.62637
2026-05-12 04:00:00,1.62639,1.6266,1.62583,1.6259299999999999
2026-05-12 04:15:00,1.62595,1.62704,1.62592,1.62669
2026-05-12 04:30:00,1.62669,1.62793,1.62632,1.6268
2026-05-12 04:45:00,1.62682,1.62686,1.62625,1.62634
2026-05-12 05:00:00,1.62636,1.6265100000000001,1.6258599999999999,1.6259700000000001
2026-05-12 05:15:00,1.6259700000000001,1.6267,1.6259700000000001,1.62652
2026-05-12 05:30:00,1.62653,1.62662,1.6261100000000002,1.6261299999999999
2026-05-12 05:45:00,1.6261299999999999,1.62615,1.62553,1.62569
2026-05-12 06:00:00,1.6257000000000001,1.62607,1.6256,1.62575
2026-05-12 06:15:00,1.62576,1.6263800000000002,1.62575,1.62616
2026-05-12 06:30:00,1.62616,1.62632,1.62589,1.62599
2026-05-12 06:45:00,1.62602,1.6263,1.6258,1.62621
2026-05-12 07:00:00,1.62619,1.62622,1.62564,1.6256599999999999
2026-05-12 07:15:00,1.62568,1.62571,1.62506,1.62517
2026-05-12 07:30:00,1.62517,1.62549,1.62504,1.6254499999999998
2026-05-12 07:45:00,1.62544,1.6258,1.6252499999999999,1.62565
2026-05-12 08:00:00,1.6256599999999999,1.6261100000000002,1.62537,1.62609
2026-05-12 08:15:00,1.62607,1.62636,1.62583,1.62594
2026-05-12 08:30:00,1.6259299999999999,1.62645,1.62576,1.62625
2026-05-12 08:45:00,1.62626,1.62684,1.62609,1.6268
2026-05-12 09:00:00,1.62682,1.62747,1.62666,1.62738
2026-05-12 09:15:00,1.62743,1.6284800000000001,1.62704,1.62833
2026-05-12 09:30:00,1.62832,1.6291799999999999,1.62813,1.62899
2026-05-12 09:45:00,1.62899,1.6294300000000002,1.62835,1.6291600000000002
2026-05-12 10:00:00,1.62915,1.62927,1.62751,1.62767
2026-05-12 10:15:00,1.62765,1.6284,1.62745,1.62747
2026-05-12 10:30:00,1.6274600000000001,1.6277300000000001,1.6268,1.62738
2026-05-12 10:45:00,1.62734,1.62811,1.6269900000000002,1.62771
2026-05-12 11:00:00,1.62771,1.62805,1.62731,1.62759
2026-05-12 11:15:00,1.62757,1.6276899999999999,1.62682,1.62691
2026-05-12 11:30:00,1.6269,1.6274899999999999,1.62673,1.6272
2026-05-12 11:45:00,1.62716,1.62744,1.62653,1.6271499999999999
2026-05-12 12:00:00,1.62716,1.6280000000000001,1.62707,1.62734
2026-05-12 12:15:00,1.62738,1.62766,1.62702,1.62705
2026-05-12 12:30:00,1.62705,1.62747,1.62615,1.6263999999999998
2026-05-12 12:45:00,1.62636,1.62645,1.6258599999999999,1.62625
2026-05-12 13:00:00,1.62625,1.62643,1.6257000000000001,1.6257000000000001
2026-05-12 13:15:00,1.62571,1.6260599999999998,1.62562,1.62564
2026-05-12 13:30:00,1.62564,1.6259700000000001,1.62551,1.6258
2026-05-12 13:45:00,1.6258,1.62595,1.62501,1.62511
2026-05-12 14:00:00,1.62512,1.6254499999999998,1.62473,1.6249799999999999
2026-05-12 14:15:00,1.6249799999999999,1.62539,1.6249099999999999,1.62497
2026-05-12 14:30:00,1.62497,1.62508,1.62439,1.62466
2026-05-12 14:45:00,1.62466,1.6248,1.62416,1.62456
2026-05-12 15:00:00,1.62456,1.6255,1.62442,1.62503
2026-05-12 15:15:00,1.6250200000000001,1.62591,1.62499,1.62546
2026-05-12 15:30:00,1.62544,1.62622,1.6252,1.62541
2026-05-12 15:45:00,1.62544,1.62546,1.6244,1.62462
2026-05-12 16:00:00,1.62463,1.62523,1.6245,1.6248
2026-05-12 16:15:00,1.62479,1.6250900000000001,1.62427,1.6246800000000001
2026-05-12 16:30:00,1.62467,1.6253,1.62426,1.6244800000000001
2026-05-12 16:45:00,1.6245,1.62558,1.62419,1.62515
2026-05-12 17:00:00,1.62514,1.62533,1.6228,1.62311
2026-05-12 17:15:00,1.62311,1.62395,1.62291,1.6238000000000001
2026-05-12 17:30:00,1.62379,1.62435,1.62268,1.62327
2026-05-12 17:45:00,1.6232600000000001,1.62397,1.6229200000000001,1.6231499999999999
2026-05-12 18:00:00,1.62314,1.6238299999999999,1.62273,1.62364
2026-05-12 18:15:00,1.62365,1.62489,1.62336,1.62425
2026-05-12 18:30:00,1.62424,1.62429,1.62355,1.62363
2026-05-12 18:45:00,1.62361,1.62446,1.62352,1.6244399999999999
2026-05-12 19:00:00,1.6244399999999999,1.62485,1.6242999999999999,1.6245699999999998
2026-05-12 19:15:00,1.62458,1.62522,1.62449,1.62497
2026-05-12 19:30:00,1.62496,1.62548,1.6249,1.6252900000000001
2026-05-12 19:45:00,1.62528,1.62591,1.6251799999999998,1.62537
2026-05-12 20:00:00,1.62537,1.62538,1.62461,1.6247
2026-05-12 20:15:00,1.62467,1.62476,1.62385,1.6241400000000001
2026-05-12 20:30:00,1.6241400000000001,1.62438,1.624,1.62416
2026-05-12 20:45:00,1.62417,1.62432,1.6237300000000001,1.6238299999999999
2026-05-12 21:00:00,1.6238299999999999,1.624,1.6234199999999999,1.62345
2026-05-12 21:15:00,1.62344,1.62351,1.62277,1.62298
2026-05-12 21:30:00,1.62298,1.62302,1.6225800000000001,1.62263
2026-05-12 21:45:00,1.62263,1.6228099999999999,1.62233,1.62273
2026-05-12 22:00:00,1.62273,1.6228799999999999,1.62208,1.6222400000000001
2026-05-12 22:15:00,1.62223,1.62268,1.6221,1.62249
2026-05-12 22:30:00,1.6224699999999999,1.6224699999999999,1.62198,1.62203
2026-05-12 22:45:00,1.62203,1.62222,1.6217000000000001,1.62181
2026-05-12 23:00:00,1.62185,1.62207,1.6218,1.62182
2026-05-12 23:15:00,1.62183,1.6218599999999999,1.62165,1.62183
2026-05-12 23:30:00,1.62184,1.62192,1.6215600000000001,1.62157
2026-05-12 23:45:00,1.62153,1.6217700000000002,1.6212900000000001,1.6214300000000001
2026-05-13 00:00:00,1.62046,1.6204800000000001,1.6199599999999998,1.6204800000000001
2026-05-13 00:15:00,1.62045,1.62189,1.62029,1.62065
2026-05-13 00:30:00,1.62065,1.62134,1.6205500000000002,1.62124
2026-05-13 00:45:00,1.62137,1.62137,1.6209,1.62097
2026-05-13 01:00:00,1.62092,1.62126,1.6208200000000001,1.62106
2026-05-13 01:15:00,1.6210900000000001,1.62119,1.621,1.62106
2026-05-13 01:30:00,1.62104,1.62111,1.6208900000000002,1.6210499999999999
2026-05-13 01:45:00,1.62104,1.62141,1.62099,1.6213899999999999
2026-05-13 02:00:00,1.6214,1.62155,1.6213,1.62146
2026-05-13 02:15:00,1.62146,1.6215199999999999,1.62111,1.62114
2026-05-13 02:30:00,1.6211600000000002,1.6215199999999999,1.6210200000000001,1.6214
2026-05-13 02:45:00,1.62142,1.62151,1.62101,1.62142
2026-05-13 03:00:00,1.62142,1.62181,1.62106,1.62169
2026-05-13 03:15:00,1.6217000000000001,1.6218,1.62144,1.62172
2026-05-13 03:30:00,1.62172,1.62199,1.6216300000000001,1.62194
2026-05-13 03:45:00,1.62195,1.62229,1.6219000000000001,1.62198
2026-05-13 04:00:00,1.62201,1.62234,1.62171,1.62196
2026-05-13 04:15:00,1.62196,1.62253,1.62173,1.6218
2026-05-13 04:30:00,1.62181,1.62205,1.6207099999999999,1.6209099999999999
2026-05-13 04:45:00,1.62092,1.6210900000000001,1.62,1.62045
2026-05-13 05:00:00,1.62045,1.62073,1.62018,1.62046
2026-05-13 05:15:00,1.6204399999999999,1.6207500000000001,1.62027,1.62051
2026-05-13 05:30:00,1.62052,1.6209,1.6204100000000001,1.6208
2026-05-13 05:45:00,1.62079,1.62149,1.62076,1.62135
2026-05-13 06:00:00,1.62135,1.6223800000000002,1.62133,1.62185
2026-05-13 06:15:00,1.62185,1.62236,1.62183,1.6221700000000001
2026-05-13 06:30:00,1.6221700000000001,1.6221700000000001,1.62127,1.6213899999999999
2026-05-13 06:45:00,1.6214,1.62182,1.62128,1.6217899999999998
2026-05-13 07:00:00,1.6217899999999998,1.6221100000000002,1.62158,1.6221100000000002
2026-05-13 07:15:00,1.6221100000000002,1.62221,1.62168,1.62198
2026-05-13 07:30:00,1.6219999999999999,1.62241,1.62171,1.6221700000000001
2026-05-13 07:45:00,1.62218,1.62232,1.62173,1.6219000000000001
2026-05-13 08:00:00,1.62191,1.6220400000000001,1.62154,1.62172
2026-05-13 08:15:00,1.62172,1.62201,1.6213,1.6213600000000001
2026-05-13 08:30:00,1.62137,1.6215899999999999,1.62094,1.62114
2026-05-13 08:45:00,1.62115,1.62115,1.62058,1.6207500000000001
2026-05-13 09:00:00,1.62074,1.62096,1.61979,1.62
2026-05-13 09:15:00,1.62,1.62081,1.61995,1.62033
2026-05-13 09:30:00,1.62033,1.6205,1.6196199999999998,1.61989
2026-05-13 09:45:00,1.61989,1.62027,1.61948,1.61963
2026-05-13 10:00:00,1.61966,1.61989,1.61873,1.61889
2026-05-13 10:15:00,1.6189,1.6191499999999999,1.61867,1.61871
2026-05-13 10:30:00,1.6187,1.6191,1.6183100000000001,1.61868
2026-05-13 10:45:00,1.61866,1.61902,1.61792,1.61832
2026-05-13 11:00:00,1.61832,1.61844,1.61753,1.61764
2026-05-13 11:15:00,1.6176300000000001,1.61795,1.61704,1.6170499999999999
2026-05-13 11:30:00,1.61704,1.61771,1.6169,1.61712
2026-05-13 11:45:00,1.61713,1.61719,1.61591,1.6160999999999999
2026-05-13 12:00:00,1.6160999999999999,1.61659,1.61578,1.6161699999999999
2026-05-13 12:15:00,1.61616,1.61666,1.61615,1.6164399999999999
2026-05-13 12:30:00,1.61645,1.61654,1.6160299999999999,1.6164100000000001
2026-05-13 12:45:00,1.6164100000000001,1.61649,1.61573,1.61575
2026-05-13 13:00:00,1.61574,1.6160999999999999,1.6152,1.6157599999999999
2026-05-13 13:15:00,1.61575,1.61602,1.6154,1.6159400000000002
2026-05-13 13:30:00,1.61595,1.61649,1.61588,1.61595
2026-05-13 13:45:00,1.6159400000000002,1.6163699999999999,1.61582,1.61593
2026-05-13 14:00:00,1.61593,1.6163699999999999,1.61586,1.61611
2026-05-13 14:15:00,1.61609,1.61638,1.61573,1.61574
2026-05-13 14:30:00,1.61575,1.61592,1.61529,1.6156700000000002
2026-05-13 14:45:00,1.6156700000000002,1.6156899999999998,1.6153,1.6154199999999999
2026-05-13 15:00:00,1.61543,1.61581,1.6153,1.6156199999999998
2026-05-13 15:15:00,1.6156700000000002,1.6162800000000002,1.61529,1.61582
2026-05-13 15:30:00,1.61588,1.61666,1.61544,1.61551
2026-05-13 15:45:00,1.6154899999999999,1.61598,1.61532,1.61581
2026-05-13 16:00:00,1.6158000000000001,1.61604,1.615,1.61503
2026-05-13 16:15:00,1.61502,1.61536,1.6148500000000001,1.6152600000000001
2026-05-13 16:30:00,1.61527,1.61666,1.6152199999999999,1.6159
2026-05-13 16:45:00,1.61592,1.61694,1.61574,1.61586
2026-05-13 17:00:00,1.61585,1.61591,1.6147399999999998,1.61482
2026-05-13 17:15:00,1.6148500000000001,1.61498,1.6141999999999999,1.61423
2026-05-13 17:30:00,1.61422,1.61423,1.6133199999999999,1.61345
2026-05-13 17:45:00,1.61345,1.61407,1.61315,1.6132
2026-05-13 18:00:00,1.61321,1.6139299999999999,1.61292,1.6132
2026-05-13 18:15:00,1.61319,1.6132499999999999,1.61185,1.61185
2026-05-13 18:30:00,1.6118700000000001,1.6120299999999999,1.6111,1.61138
2026-05-13 18:45:00,1.61137,1.61266,1.61132,1.61258
2026-05-13 19:00:00,1.61258,1.61259,1.61185,1.61223
2026-05-13 19:15:00,1.6122100000000001,1.6125099999999999,1.61179,1.61242
2026-05-13 19:30:00,1.61245,1.61263,1.61211,1.61233
2026-05-13 19:45:00,1.61234,1.6126800000000001,1.6122999999999998,1.6126399999999999
2026-05-13 20:00:00,1.6126200000000002,1.6129,1.61236,1.6123699999999999
2026-05-13 20:15:00,1.61239,1.61247,1.61206,1.61233
2026-05-13 20:30:00,1.61232,1.6125099999999999,1.61204,1.6120999999999999
2026-05-13 20:45:00,1.6120999999999999,1.61294,1.6120700000000001,1.61286
2026-05-13 21:00:00,1.61286,1.6131799999999998,1.6122,1.61227
2026-05-13 21:15:00,1.61227,1.61308,1.61198,1.61292
2026-05-13 21:30:00,1.61292,1.61361,1.61269,1.61358
2026-05-13 21:45:00,1.61358,1.61395,1.61294,1.6132
2026-05-13 22:00:00,1.6132,1.61333,1.6129799999999999,1.61324
2026-05-13 22:15:00,1.61321,1.6138400000000002,1.6131600000000001,1.6137899999999998
2026-05-13 22:30:00,1.6137899999999998,1.61425,1.6137299999999999,1.61388
2026-05-13 22:45:00,1.61388,1.61442,1.61374,1.61437
2026-05-13 23:00:00,1.61436,1.61486,1.61415,1.6142400000000001
2026-05-13 23:15:00,1.61425,1.61425,1.6137000000000001,1.6141
2026-05-13 23:30:00,1.61405,1.61406,1.6135199999999998,1.61358
2026-05-13 23:45:00,1.61356,1.6138,1.61349,1.61371
2026-05-14 00:00:00,1.61144,1.6129,1.61141,1.6128
2026-05-14 00:15:00,1.6128,1.61361,1.6127799999999999,1.61345
2026-05-14 00:30:00,1.6134,1.61423,1.61273,1.61415
2026-05-14 00:45:00,1.61426,1.61446,1.61347,1.61396
2026-05-14 01:00:00,1.61376,1.6144500000000002,1.6135899999999999,1.61419
2026-05-14 01:15:00,1.61421,1.61425,1.61381,1.61383
2026-05-14 01:30:00,1.61383,1.61405,1.61381,1.61402
2026-05-14 01:45:00,1.61403,1.61414,1.61388,1.61401
2026-05-14 02:00:00,1.61401,1.61446,1.6137700000000001,1.61412
2026-05-14 02:15:00,1.61412,1.61446,1.61412,1.61417
2026-05-14 02:30:00,1.61415,1.61527,1.6141100000000002,1.61518
2026-05-14 02:45:00,1.61518,1.61536,1.61491,1.61497
2026-05-14 03:00:00,1.61497,1.6159400000000002,1.61482,1.6152600000000001
2026-05-14 03:15:00,1.61524,1.61543,1.61464,1.6150099999999998
2026-05-14 03:30:00,1.615,1.61563,1.61479,1.6155599999999999
2026-05-14 03:45:00,1.6155599999999999,1.61629,1.61547,1.61582
2026-05-14 04:00:00,1.61581,1.61658,1.61561,1.61638
2026-05-14 04:15:00,1.6163699999999999,1.6165500000000002,1.61595,1.6160999999999999
2026-05-14 04:30:00,1.61612,1.61636,1.61589,1.61623
2026-05-14 04:45:00,1.61623,1.6166800000000001,1.61611,1.6165699999999998
2026-05-14 05:00:00,1.6165699999999998,1.61699,1.61588,1.61616
2026-05-14 05:15:00,1.61608,1.6164100000000001,1.6157599999999999,1.61578
2026-05-14 05:30:00,1.61577,1.6158000000000001,1.6151900000000001,1.61539
2026-05-14 05:45:00,1.61536,1.61606,1.61489,1.61498
2026-05-14 06:00:00,1.61497,1.61547,1.6149200000000001,1.61545
2026-05-14 06:15:00,1.6154600000000001,1.61589,1.61483,1.6151
2026-05-14 06:30:00,1.6150799999999998,1.6156700000000002,1.61484,1.61554
2026-05-14 06:45:00,1.6155300000000001,1.61555,1.6149,1.61516
2026-05-14 07:00:00,1.6151499999999999,1.61529,1.61468,1.6148
2026-05-14 07:15:00,1.61478,1.61497,1.6142400000000001,1.6145
2026-05-14 07:30:00,1.6145,1.61455,1.6139700000000001,1.61403
2026-05-14 07:45:00,1.61403,1.61436,1.61391,1.6143
2026-05-14 08:00:00,1.6143,1.61487,1.61422,1.61436
2026-05-14 08:15:00,1.6143399999999999,1.61444,1.6140400000000001,1.6142400000000001
2026-05-14 08:30:00,1.61425,1.61444,1.61371,1.61371
2026-05-14 08:45:00,1.61372,1.6143100000000001,1.613,1.61388
2026-05-14 09:00:00,1.61389,1.61389,1.61277,1.6130900000000001
2026-05-14 09:15:00,1.6131,1.61396,1.6131,1.6132300000000002
2026-05-14 09:30:00,1.61322,1.6136,1.6130200000000001,1.61353
2026-05-14 09:45:00,1.61351,1.6139999999999999,1.61304,1.6138
2026-05-14 10:00:00,1.6138,1.61514,1.6136599999999999,1.61437
2026-05-14 10:15:00,1.61437,1.6145100000000001,1.61372,1.6138
2026-05-14 10:30:00,1.6138,1.61437,1.61367,1.61405
2026-05-14 10:45:00,1.61403,1.61672,1.61398,1.61651
2026-05-14 11:00:00,1.61653,1.6166399999999999,1.61443,1.6144500000000002
2026-05-14 11:15:00,1.61444,1.61521,1.61444,1.6148099999999999
2026-05-14 11:30:00,1.6148099999999999,1.61545,1.61471,1.6153300000000002
2026-05-14 11:45:00,1.61532,1.61534,1.6146,1.61475
2026-05-14 12:00:00,1.6147399999999998,1.61516,1.61456,1.61497
2026-05-14 12:15:00,1.61498,1.61571,1.61498,1.61528
2026-05-14 12:30:00,1.6153,1.61636,1.61517,1.6156899999999998
2026-05-14 12:45:00,1.61568,1.61571,1.61518,1.61565
2026-05-14 13:00:00,1.61564,1.61604,1.61521,1.61597
2026-05-14 13:15:00,1.61598,1.6164800000000001,1.6156199999999998,1.61605
2026-05-14 13:30:00,1.61604,1.6170200000000001,1.616,1.61697
2026-05-14 13:45:00,1.6169799999999999,1.61699,1.6164,1.6165500000000002
2026-05-14 14:00:00,1.6165699999999998,1.61699,1.61619,1.6162
2026-05-14 14:15:00,1.6162,1.61651,1.61586,1.6165
2026-05-14 14:30:00,1.61651,1.61651,1.61566,1.61611
2026-05-14 14:45:00,1.61612,1.61622,1.6157599999999999,1.6161400000000001
2026-05-14 15:00:00,1.61616,1.6167799999999999,1.61598,1.61638
2026-05-14 15:15:00,1.61636,1.61652,1.61579,1.6164800000000001
2026-05-14 15:30:00,1.61647,1.6166800000000001,1.61586,1.61629
2026-05-14 15:45:00,1.61629,1.61692,1.6162800000000002,1.6167500000000001
2026-05-14 16:00:00,1.6167500000000001,1.6174,1.61654,1.6172900000000001
2026-05-14 16:15:00,1.6172900000000001,1.61833,1.61727,1.61822
2026-05-14 16:30:00,1.6181999999999999,1.6191900000000001,1.61815,1.61829
2026-05-14 16:45:00,1.61828,1.61891,1.6176,1.61889
2026-05-14 17:00:00,1.6189,1.6190600000000002,1.6179299999999999,1.61803
2026-05-14 17:15:00,1.6180400000000001,1.61819,1.61756,1.6177700000000002
2026-05-14 17:30:00,1.61776,1.61807,1.61761,1.61805
2026-05-14 17:45:00,1.61807,1.61818,1.61564,1.6156899999999998
2026-05-14 18:00:00,1.61571,1.61673,1.6156199999999998,1.61595
2026-05-14 18:15:00,1.61595,1.61626,1.6155599999999999,1.61618
2026-05-14 18:30:00,1.61618,1.61647,1.61593,1.61624
2026-05-14 18:45:00,1.61625,1.61663,1.6161699999999999,1.61642
2026-05-14 19:00:00,1.61643,1.61693,1.61634,1.6168900000000002
2026-05-14 19:15:00,1.6169,1.61722,1.61633,1.61712
2026-05-14 19:30:00,1.61713,1.6173899999999999,1.6168200000000001,1.6171799999999998
2026-05-14 19:45:00,1.6171799999999998,1.61747,1.6168,1.61693
2026-05-14 20:00:00,1.61693,1.61693,1.61632,1.61674
2026-05-14 20:15:00,1.6167799999999999,1.6172499999999999,1.6166800000000001,1.6170200000000001
2026-05-14 20:30:00,1.61701,1.61713,1.61629,1.6164399999999999
2026-05-14 20:45:00,1.61643,1.61666,1.6162,1.61663
2026-05-14 21:00:00,1.6166399999999999,1.61737,1.61651,1.61653
2026-05-14 21:15:00,1.61654,1.61669,1.61622,1.6165699999999998
2026-05-14 21:30:00,1.61659,1.61663,1.61629,1.61636
2026-05-14 21:45:00,1.61635,1.61646,1.61608,1.61632
2026-05-14 22:00:00,1.61626,1.61642,1.61615,1.61626
2026-05-14 22:15:00,1.61626,1.61632,1.61618,1.61631
2026-05-14 22:30:00,1.6162999999999998,1.61658,1.6162100000000001,1.61639
2026-05-14 22:45:00,1.6164100000000001,1.6167,1.61632,1.6164100000000001
2026-05-14 23:00:00,1.6164100000000001,1.61653,1.61599,1.6161400000000001
2026-05-14 23:15:00,1.61616,1.61633,1.6158700000000001,1.616
2026-05-14 23:30:00,1.6160299999999999,1.6162,1.61592,1.61609
2026-05-14 23:45:00,1.61611,1.61618,1.61591,1.61604
2026-05-15 00:00:00,1.6149499999999999,1.61572,1.6143,1.6157
2026-05-15 00:15:00,1.6156700000000002,1.61618,1.61563,1.61618
2026-05-15 00:30:00,1.61618,1.61656,1.61578,1.61591
2026-05-15 00:45:00,1.61633,1.61646,1.6154600000000001,1.61558
2026-05-15 01:00:00,1.61559,1.6162,1.61551,1.616
2026-05-15 01:15:00,1.61601,1.61629,1.61592,1.61605
2026-05-15 01:30:00,1.61604,1.61612,1.61584,1.6159400000000002
2026-05-15 01:45:00,1.61593,1.61604,1.6157,1.61572
2026-05-15 02:00:00,1.61572,1.61613,1.6153,1.6154199999999999
2026-05-15 02:15:00,1.61544,1.6156700000000002,1.61507,1.61507
2026-05-15 02:30:00,1.61507,1.61541,1.61491,1.61531
2026-05-15 02:45:00,1.6153,1.61662,1.61516,1.6165500000000002
2026-05-15 03:00:00,1.6165500000000002,1.61676,1.6155,1.6159599999999998
2026-05-15 03:15:00,1.61597,1.6161699999999999,1.61568,1.61612
2026-05-15 03:30:00,1.61612,1.6175199999999998,1.61609,1.6172900000000001
2026-05-15 03:45:00,1.6172900000000001,1.61817,1.6169099999999998,1.61746
2026-05-15 04:00:00,1.61748,1.61794,1.61723,1.61769
2026-05-15 04:15:00,1.6177000000000001,1.6190799999999999,1.6177000000000001,1.61902
2026-05-15 04:30:00,1.61903,1.61939,1.61823,1.61866
2026-05-15 04:45:00,1.61866,1.62058,1.61863,1.62039
2026-05-15 05:00:00,1.6203699999999999,1.62093,1.6202100000000002,1.62043
2026-05-15 05:15:00,1.6204399999999999,1.62073,1.62019,1.62063
2026-05-15 05:30:00,1.62065,1.62067,1.62013,1.62016
2026-05-15 05:45:00,1.6201699999999999,1.62027,1.619,1.62006
2026-05-15 06:00:00,1.62006,1.6202100000000002,1.61965,1.61998
2026-05-15 06:15:00,1.61998,1.62045,1.61971,1.6202800000000002
2026-05-15 06:30:00,1.62032,1.62047,1.6197300000000001,1.6199
2026-05-15 06:45:00,1.6199,1.6202100000000002,1.6197300000000001,1.61975
2026-05-15 07:00:00,1.61975,1.62046,1.6196899999999999,1.61986
2026-05-15 07:15:00,1.6198700000000001,1.62051,1.61977,1.6205
2026-05-15 07:30:00,1.62051,1.62094,1.6200299999999999,1.62088
2026-05-15 07:45:00,1.62085,1.6218599999999999,1.62077,1.62182
2026-05-15 08:00:00,1.62183,1.62469,1.62181,1.62438
2026-05-15 08:15:00,1.6243699999999999,1.62446,1.62352,1.6238700000000001
2026-05-15 08:30:00,1.6238700000000001,1.62424,1.62359,1.6240700000000001
2026-05-15 08:45:00,1.6240700000000001,1.6259299999999999,1.62405,1.62492
2026-05-15 09:00:00,1.6249500000000001,1.62561,1.62469,1.62523
2026-05-15 09:15:00,1.62521,1.6256599999999999,1.62488,1.6249500000000001
2026-05-15 09:30:00,1.62497,1.6250200000000001,1.6238700000000001,1.62402
2026-05-15 09:45:00,1.62404,1.62544,1.62374,1.6249500000000001
2026-05-15 10:00:00,1.62494,1.62513,1.62372,1.62372
2026-05-15 10:15:00,1.62372,1.62432,1.62276,1.6231
2026-05-15 10:30:00,1.6230799999999999,1.6242100000000002,1.6227800000000001,1.6229
2026-05-15 10:45:00,1.6229,1.6238299999999999,1.62279,1.62359
2026-05-15 11:00:00,1.62358,1.62466,1.62345,1.6243400000000001
2026-05-15 11:15:00,1.6243400000000001,1.62489,1.62402,1.62472
2026-05-15 11:30:00,1.62472,1.62531,1.62445,1.6249
2026-05-15 11:45:00,1.62488,1.6255899999999999,1.62476,1.62538
2026-05-15 12:00:00,1.62538,1.62652,1.6253199999999999,1.6261100000000002
2026-05-15 12:15:00,1.62612,1.6280000000000001,1.6261,1.6269
2026-05-15 12:30:00,1.6269200000000001,1.62718,1.62626,1.6268500000000001
2026-05-15 12:45:00,1.62686,1.62772,1.62673,1.62684
2026-05-15 13:00:00,1.62683,1.62707,1.62553,1.6256300000000001
2026-05-15 13:15:00,1.6256300000000001,1.62615,1.6251,1.6259700000000001
2026-05-15 13:30:00,1.62599,1.62601,1.6247,1.6247099999999999
2026-05-15 13:45:00,1.62472,1.62485,1.62321,1.62413
2026-05-15 14:00:00,1.62413,1.62546,1.62385,1.6253600000000001
2026-05-15 14:15:00,1.62537,1.6257700000000002,1.62496,1.62575
2026-05-15 14:30:00,1.62575,1.6267200000000002,1.6255600000000001,1.6266
2026-05-15 14:45:00,1.62661,1.62664,1.6257700000000002,1.62628
2026-05-15 15:00:00,1.62626,1.62676,1.6261100000000002,1.62657
2026-05-15 15:15:00,1.62657,1.62676,1.62557,1.62616
2026-05-15 15:30:00,1.62614,1.62676,1.6260599999999998,1.62655
2026-05-15 15:45:00,1.6265399999999999,1.6266,1.62517,1.6253199999999999
2026-05-15 16:00:00,1.62528,1.62587,1.62528,1.6256599999999999
2026-05-15 16:15:00,1.6256300000000001,1.62585,1.6249,1.62522
2026-05-15 16:30:00,1.6252499999999999,1.62725,1.62519,1.6267399999999999
2026-05-15 16:45:00,1.6267399999999999,1.62691,1.62548,1.62622
2026-05-15 17:00:00,1.62625,1.6266,1.62476,1.62478
2026-05-15 17:15:00,1.62479,1.62493,1.6237300000000001,1.62452
2026-05-15 17:30:00,1.6245,1.62452,1.6236199999999998,1.6240999999999999
2026-05-15 17:45:00,1.62409,1.62567,1.6240700000000001,1.62549
2026-05-15 18:00:00,1.62548,1.62599,1.6248399999999998,1.62542
2026-05-15 18:15:00,1.62541,1.62595,1.62515,1.62546
2026-05-15 18:30:00,1.6255199999999999,1.6263,1.62503,1.6260599999999998
2026-05-15 18:45:00,1.62607,1.6262400000000001,1.62572,1.62594
2026-05-15 19:00:00,1.62594,1.62612,1.62544,1.6255
2026-05-15 19:15:00,1.62551,1.6255600000000001,1.62513,1.6252499999999999
2026-05-15 19:30:00,1.6252499999999999,1.62535,1.62478,1.62481
2026-05-15 19:45:00,1.6248200000000002,1.62542,1.62452,1.6250200000000001
2026-05-15 20:00:00,1.6250499999999999,1.6252499999999999,1.6244800000000001,1.62473
2026-05-15 20:15:00,1.6247,1.6250200000000001,1.62426,1.62458
2026-05-15 20:30:00,1.62461,1.6247099999999999,1.62419,1.62466
2026-05-15 20:45:00,1.62465,1.62469,1.6240700000000001,1.6241400000000001
2026-05-15 21:00:00,1.62413,1.62426,1.6237599999999999,1.6240999999999999
2026-05-15 21:15:00,1.62409,1.62489,1.62408,1.62449
2026-05-15 21:30:00,1.62449,1.62526,1.6243400000000001,1.62439
2026-05-15 21:45:00,1.62439,1.6249,1.6243699999999999,1.62472
2026-05-15 22:00:00,1.62472,1.62539,1.62465,1.62531
2026-05-15 22:15:00,1.62531,1.62535,1.62496,1.62507
2026-05-15 22:30:00,1.62508,1.62534,1.62497,1.62519
2026-05-15 22:45:00,1.62519,1.62554,1.62506,1.62541
2026-05-15 23:00:00,1.62539,1.62601,1.62531,1.62576
2026-05-15 23:15:00,1.62576,1.6263,1.62572,1.62612
2026-05-15 23:30:00,1.6261299999999999,1.6268099999999999,1.6260599999999998,1.6265
2026-05-15 23:45:00,1.62653,1.62673,1.62605,1.62621
2026-05-18 00:00:00,1.62371,1.6239,1.6229900000000002,1.62379
2026-05-18 00:15:00,1.62379,1.62526,1.6232,1.62382
2026-05-18 00:30:00,1.6239599999999998,1.62454,1.62314,1.62454
2026-05-18 00:45:00,1.6246,1.62555,1.62456,1.62511
2026-05-18 01:00:00,1.62528,1.62568,1.6246399999999999,1.62512
2026-05-18 01:15:00,1.62506,1.62549,1.625,1.6251
2026-05-18 01:30:00,1.62511,1.6252900000000001,1.62474,1.62504
2026-05-18 01:45:00,1.6250200000000001,1.62565,1.62489,1.62553
2026-05-18 02:00:00,1.62553,1.62568,1.62514,1.6255899999999999
2026-05-18 02:15:00,1.62558,1.62694,1.62558,1.62694
2026-05-18 02:30:00,1.62694,1.62804,1.62652,1.62758
2026-05-18 02:45:00,1.62759,1.6292,1.62758,1.6288399999999998
2026-05-18 03:00:00,1.62885,1.63071,1.62846,1.6301700000000001
2026-05-18 03:15:00,1.6301700000000001,1.63059,1.62946,1.63028
2026-05-18 03:30:00,1.6302699999999999,1.6305100000000001,1.62991,1.63042
2026-05-18 03:45:00,1.63043,1.63073,1.62944,1.62971
2026-05-18 04:00:00,1.6297199999999998,1.63048,1.6295,1.63015
2026-05-18 04:15:00,1.63016,1.63043,1.62938,1.62988
2026-05-18 04:30:00,1.62982,1.63039,1.62917,1.6302400000000001
2026-05-18 04:45:00,1.63021,1.6306,1.6290200000000001,1.6296599999999999
2026-05-18 05:00:00,1.6296599999999999,1.6304400000000001,1.62928,1.6294300000000002
2026-05-18 05:15:00,1.62944,1.62976,1.6290200000000001,1.6297199999999998
2026-05-18 05:30:00,1.62974,1.6298599999999999,1.62892,1.62946
2026-05-18 05:45:00,1.62946,1.6305800000000001,1.62937,1.63021
2026-05-18 06:00:00,1.63019,1.6303100000000001,1.62951,1.63021
2026-05-18 06:15:00,1.63022,1.63061,1.6297000000000001,1.62975
2026-05-18 06:30:00,1.62976,1.6303100000000001,1.62899,1.629
2026-05-18 06:45:00,1.62901,1.62961,1.62883,1.62894
2026-05-18 07:00:00,1.62894,1.62928,1.62862,1.62897
2026-05-18 07:15:00,1.6289799999999999,1.6294499999999998,1.62858,1.62933
2026-05-18 07:30:00,1.62934,1.62946,1.62881,1.62897
2026-05-18 07:45:00,1.62896,1.6295600000000001,1.6286800000000001,1.62946
2026-05-18 08:00:00,1.62946,1.62985,1.62912,1.62953
2026-05-18 08:15:00,1.62954,1.63005,1.6287500000000001,1.62879
2026-05-18 08:30:00,1.62878,1.62937,1.62865,1.62933
2026-05-18 08:45:00,1.62933,1.62984,1.62919,1.6297199999999998
2026-05-18 09:00:00,1.6297199999999998,1.62995,1.62899,1.62949
2026-05-18 09:15:00,1.62947,1.62967,1.62847,1.62904
2026-05-18 09:30:00,1.6290499999999999,1.6292499999999999,1.6284100000000001,1.62897
2026-05-18 09:45:00,1.62897,1.6291099999999998,1.62755,1.62758
2026-05-18 10:00:00,1.62758,1.62801,1.6274199999999999,1.6277300000000001
2026-05-18 10:15:00,1.62772,1.62839,1.62663,1.62675
2026-05-18 10:30:00,1.62677,1.62718,1.62601,1.6271
2026-05-18 10:45:00,1.6271,1.62751,1.6261999999999999,1.62636
2026-05-18 11:00:00,1.62635,1.62714,1.6258599999999999,1.62705
2026-05-18 11:15:00,1.62704,1.62725,1.6255600000000001,1.62588
2026-05-18 11:30:00,1.62591,1.62635,1.6251600000000002,1.62621
2026-05-18 11:45:00,1.62619,1.62632,1.62531,1.62625
2026-05-18 12:00:00,1.62626,1.62666,1.626,1.6261999999999999
2026-05-18 12:15:00,1.6261999999999999,1.62625,1.62524,1.6255899999999999
2026-05-18 12:30:00,1.6255899999999999,1.62599,1.6255,1.62596
2026-05-18 12:45:00,1.62596,1.6261299999999999,1.62565,1.62598
2026-05-18 13:00:00,1.62596,1.62695,1.6257700000000002,1.6262699999999999
2026-05-18 13:15:00,1.62628,1.62653,1.626,1.6264699999999999
2026-05-18 13:30:00,1.62649,1.62666,1.62603,1.6263100000000001
2026-05-18 13:45:00,1.62632,1.62661,1.62564,1.62643
2026-05-18 14:00:00,1.62643,1.62714,1.62619,1.62662
2026-05-18 14:15:00,1.62662,1.62679,1.62629,1.62646
2026-05-18 14:30:00,1.62648,1.62657,1.62493,1.6257000000000001
2026-05-18 14:45:00,1.62565,1.62661,1.62547,1.62587
2026-05-18 15:00:00,1.62587,1.62612,1.62506,1.62569
2026-05-18 15:15:00,1.62567,1.62571,1.62497,1.62531
2026-05-18 15:30:00,1.62528,1.62568,1.62345,1.62356
2026-05-18 15:45:00,1.62356,1.62379,1.62253,1.62307
2026-05-18 16:00:00,1.6230799999999999,1.62382,1.6227399999999998,1.62352
2026-05-18 16:15:00,1.62355,1.62401,1.6232199999999999,1.62361
2026-05-18 16:30:00,1.6236000000000002,1.6247099999999999,1.6233,1.62433
2026-05-18 16:45:00,1.62433,1.62452,1.6235300000000001,1.6242100000000002
2026-05-18 17:00:00,1.62422,1.62591,1.62422,1.62568
2026-05-18 17:15:00,1.62567,1.62623,1.62476,1.62553
2026-05-18 17:30:00,1.62551,1.62677,1.62513,1.62637
2026-05-18 17:45:00,1.62637,1.6267200000000002,1.62578,1.62619
2026-05-18 18:00:00,1.6261999999999999,1.62738,1.62598,1.6271200000000001
2026-05-18 18:15:00,1.62718,1.62779,1.6269,1.62774
2026-05-18 18:30:00,1.62774,1.62798,1.62736,1.62775
2026-05-18 18:45:00,1.6277599999999999,1.6280000000000001,1.62702,1.62709
2026-05-18 19:00:00,1.6271,1.62751,1.62682,1.62697
2026-05-18 19:15:00,1.62697,1.6281400000000001,1.62653,1.6280700000000001
2026-05-18 19:30:00,1.62804,1.62833,1.62702,1.6272799999999998
2026-05-18 19:45:00,1.6272799999999998,1.62737,1.62643,1.6268099999999999
2026-05-18 20:00:00,1.6268099999999999,1.6272600000000002,1.62608,1.62646
2026-05-18 20:15:00,1.6264699999999999,1.62679,1.6262400000000001,1.6265
2026-05-18 20:30:00,1.6265,1.62693,1.62648,1.62676
2026-05-18 20:45:00,1.62676,1.62683,1.62605,1.6261100000000002
2026-05-18 21:00:00,1.62612,1.62683,1.62605,1.6267800000000001
2026-05-18 21:15:00,1.6268,1.62765,1.6267800000000001,1.6269200000000001
2026-05-18 21:30:00,1.6269200000000001,1.62717,1.62669,1.6268799999999999
2026-05-18 21:45:00,1.6268799999999999,1.6273499999999999,1.62664,1.6267399999999999
2026-05-18 22:00:00,1.62671,1.6270099999999998,1.6245699999999998,1.62575
2026-05-18 22:15:00,1.62575,1.62619,1.62541,1.6258599999999999
2026-05-18 22:30:00,1.62588,1.62603,1.62492,1.62499
2026-05-18 22:45:00,1.6250200000000001,1.62553,1.6244399999999999,1.62535
2026-05-18 23:00:00,1.62535,1.62601,1.6253,1.62573
2026-05-18 23:15:00,1.62573,1.6260599999999998,1.62568,1.62581
2026-05-18 23:30:00,1.6258,1.62605,1.62575,1.62578
2026-05-18 23:45:00,1.62578,1.62592,1.62567,1.62582
2026-05-19 00:00:00,1.62537,1.6255899999999999,1.6243699999999999,1.6255899999999999
2026-05-19 00:15:00,1.6255899999999999,1.62615,1.62427,1.62533
2026-05-19 00:30:00,1.62533,1.62572,1.62506,1.62553
2026-05-19 00:45:00,1.62553,1.6261999999999999,1.62553,1.62599
2026-05-19 01:00:00,1.62599,1.62602,1.6252900000000001,1.62582
2026-05-19 01:15:00,1.62581,1.62596,1.62573,1.62576
2026-05-19 01:30:00,1.62576,1.6259299999999999,1.62558,1.6257000000000001
2026-05-19 01:45:00,1.62569,1.62575,1.6252,1.6252900000000001
2026-05-19 02:00:00,1.6252900000000001,1.62531,1.6249799999999999,1.62503
2026-05-19 02:15:00,1.62501,1.62511,1.6242999999999999,1.6250499999999999
2026-05-19 02:30:00,1.6250499999999999,1.62511,1.6246800000000001,1.62496
2026-05-19 02:45:00,1.6249500000000001,1.62551,1.6249500000000001,1.6253600000000001
2026-05-19 03:00:00,1.6253600000000001,1.6263100000000001,1.6249799999999999,1.6261299999999999
2026-05-19 03:15:00,1.62614,1.62664,1.62564,1.6261
2026-05-19 03:30:00,1.6261100000000002,1.62757,1.626,1.62727
2026-05-19 03:45:00,1.6272600000000002,1.6284399999999999,1.6271200000000001,1.6283400000000001
2026-05-19 04:00:00,1.62835,1.6290499999999999,1.62831,1.62839
2026-05-19 04:15:00,1.6283699999999999,1.62933,1.62816,1.629
2026-05-19 04:30:00,1.62899,1.63089,1.62899,1.62931
2026-05-19 04:45:00,1.6293,1.63001,1.62904,1.62988
2026-05-19 05:00:00,1.6299000000000001,1.6309399999999998,1.6297199999999998,1.6309200000000001
2026-05-19 05:15:00,1.63091,1.63147,1.62995,1.63055
2026-05-19 05:30:00,1.63055,1.6308500000000001,1.62992,1.63003
2026-05-19 05:45:00,1.6300400000000002,1.6306,1.6299700000000001,1.6302699999999999
2026-05-19 06:00:00,1.6303100000000001,1.63097,1.63023,1.63041
2026-05-19 06:15:00,1.63041,1.63043,1.62984,1.63034
2026-05-19 06:30:00,1.63035,1.6303999999999998,1.62976,1.6303999999999998
2026-05-19 06:45:00,1.63045,1.6311900000000001,1.63036,1.6310099999999998
2026-05-19 07:00:00,1.6309900000000002,1.6314,1.6308,1.63125
2026-05-19 07:15:00,1.63124,1.63193,1.63121,1.63172
2026-05-19 07:30:00,1.6317300000000001,1.63219,1.63134,1.6320999999999999
2026-05-19 07:45:00,1.6320999999999999,1.63246,1.63163,1.63213
2026-05-19 08:00:00,1.63215,1.63225,1.6315499999999998,1.63172
2026-05-19 08:15:00,1.63172,1.6326399999999999,1.63171,1.63235
2026-05-19 08:30:00,1.6323400000000001,1.63316,1.63229,1.63286
2026-05-19 08:45:00,1.63286,1.63315,1.6318899999999998,1.63224
2026-05-19 09:00:00,1.63225,1.63233,1.63114,1.6319599999999999
2026-05-19 09:15:00,1.63191,1.63263,1.63191,1.63217
2026-05-19 09:30:00,1.63218,1.63254,1.6313,1.6315300000000001
2026-05-19 09:45:00,1.6315499999999998,1.63164,1.63093,1.6310799999999999
2026-05-19 10:00:00,1.63109,1.63159,1.6305100000000001,1.63105
2026-05-19 10:15:00,1.63104,1.63105,1.63003,1.63037
2026-05-19 10:30:00,1.6303800000000002,1.63098,1.6300400000000002,1.63095
2026-05-19 10:45:00,1.6309399999999998,1.63289,1.63049,1.6328200000000002
2026-05-19 11:00:00,1.6328399999999998,1.63409,1.63269,1.63357
2026-05-19 11:15:00,1.63357,1.63389,1.63312,1.63376
2026-05-19 11:30:00,1.63375,1.63389,1.63294,1.63324
2026-05-19 11:45:00,1.63328,1.6333,1.6326399999999999,1.6330200000000001
2026-05-19 12:00:00,1.6330200000000001,1.63346,1.63244,1.63277
2026-05-19 12:15:00,1.63276,1.63373,1.6327099999999999,1.6330900000000002
2026-05-19 12:30:00,1.6330900000000002,1.63391,1.633,1.63355
2026-05-19 12:45:00,1.63354,1.63369,1.63294,1.63296
2026-05-19 13:00:00,1.6329799999999999,1.63353,1.63262,1.6331099999999998
2026-05-19 13:15:00,1.6331099999999998,1.63339,1.63263,1.6329099999999999
2026-05-19 13:30:00,1.6329099999999999,1.63366,1.63219,1.6332900000000001
2026-05-19 13:45:00,1.6332900000000001,1.6335600000000001,1.63279,1.63307
2026-05-19 14:00:00,1.63306,1.6331099999999998,1.63239,1.63265
2026-05-19 14:15:00,1.63263,1.63278,1.63216,1.63218
2026-05-19 14:30:00,1.63217,1.63233,1.63177,1.63213
2026-05-19 14:45:00,1.63212,1.63247,1.63188,1.63218
2026-05-19 15:00:00,1.63217,1.63279,1.63205,1.6326100000000001
2026-05-19 15:15:00,1.6326,1.63272,1.63182,1.63201
2026-05-19 15:30:00,1.63197,1.63245,1.63168,1.6323699999999999
2026-05-19 15:45:00,1.63238,1.63277,1.63211,1.63276
2026-05-19 16:00:00,1.63274,1.634,1.63265,1.6330200000000001
2026-05-19 16:15:00,1.63303,1.63408,1.6329,1.63377
2026-05-19 16:30:00,1.63377,1.63411,1.63315,1.63377
2026-05-19 16:45:00,1.63376,1.63473,1.6329,1.63354
2026-05-19 17:00:00,1.63355,1.6351,1.63331,1.63498
2026-05-19 17:15:00,1.635,1.6371099999999998,1.63498,1.63639
2026-05-19 17:30:00,1.6364100000000001,1.63726,1.63572,1.63723
2026-05-19 17:45:00,1.63723,1.6381999999999999,1.63658,1.63662
2026-05-19 18:00:00,1.63663,1.6369799999999999,1.6362,1.63639
2026-05-19 18:15:00,1.63638,1.63643,1.63567,1.63578
2026-05-19 18:30:00,1.6358000000000001,1.6359,1.6342400000000001,1.63425
2026-05-19 18:45:00,1.63425,1.63455,1.6337899999999999,1.63411
2026-05-19 19:00:00,1.6341,1.63435,1.63366,1.63405
2026-05-19 19:15:00,1.63405,1.63419,1.63274,1.633
2026-05-19 19:30:00,1.63299,1.63305,1.6320299999999999,1.63231
2026-05-19 19:45:00,1.63233,1.6323699999999999,1.63194,1.63224
2026-05-19 20:00:00,1.63222,1.63226,1.6317,1.63184
2026-05-19 20:15:00,1.63184,1.63206,1.63152,1.63198
2026-05-19 20:30:00,1.6320299999999999,1.6324100000000001,1.63195,1.6324100000000001
2026-05-19 20:45:00,1.6324,1.6325699999999999,1.63212,1.63238
2026-05-19 21:00:00,1.63238,1.63265,1.6322299999999998,1.6324
2026-05-19 21:15:00,1.6324100000000001,1.63272,1.63229,1.63265
2026-05-19 21:30:00,1.63265,1.63296,1.6322999999999999,1.63239
2026-05-19 21:45:00,1.63239,1.6329,1.63235,1.6327500000000001
2026-05-19 22:00:00,1.63277,1.6328,1.6320000000000001,1.6320700000000001
2026-05-19 22:15:00,1.63206,1.63296,1.6320299999999999,1.6326399999999999
2026-05-19 22:30:00,1.63263,1.63274,1.6322999999999999,1.63238
2026-05-19 22:45:00,1.6324,1.63287,1.63229,1.63263
2026-05-19 23:00:00,1.63262,1.6328200000000002,1.63246,1.63262
2026-05-19 23:15:00,1.6326399999999999,1.63312,1.63259,1.6329799999999999
2026-05-19 23:30:00,1.63299,1.63308,1.63266,1.63278
2026-05-19 23:45:00,1.63278,1.63308,1.63276,1.63293
2026-05-20 00:00:00,1.63152,1.6320000000000001,1.6303800000000002,1.6320000000000001
2026-05-20 00:15:00,1.6320000000000001,1.6327,1.6318899999999998,1.63269
2026-05-20 00:30:00,1.63267,1.63289,1.63243,1.63286
2026-05-20 00:45:00,1.63299,1.63299,1.6323699999999999,1.63258
2026-05-20 01:00:00,1.63254,1.6332,1.63239,1.63307
2026-05-20 01:15:00,1.63312,1.6331799999999999,1.63286,1.63301
2026-05-20 01:30:00,1.63299,1.63365,1.63296,1.6333199999999999
2026-05-20 01:45:00,1.6333199999999999,1.63346,1.63312,1.6332499999999999
2026-05-20 02:00:00,1.6332499999999999,1.63327,1.63303,1.6332
2026-05-20 02:15:00,1.6332,1.6333,1.63305,1.6331799999999999
2026-05-20 02:30:00,1.6331799999999999,1.6333,1.6325699999999999,1.63316
2026-05-20 02:45:00,1.63316,1.63377,1.63292,1.63376
2026-05-20 03:00:00,1.63377,1.6352600000000002,1.63377,1.63516
2026-05-20 03:15:00,1.6351499999999999,1.6354,1.63427,1.63469
2026-05-20 03:30:00,1.6347,1.6347399999999999,1.6339700000000001,1.63415
2026-05-20 03:45:00,1.63416,1.63571,1.63377,1.63568
2026-05-20 04:00:00,1.63568,1.63572,1.63415,1.63449
2026-05-20 04:15:00,1.63448,1.63586,1.63439,1.63574
2026-05-20 04:30:00,1.63572,1.63602,1.63442,1.63449
2026-05-20 04:45:00,1.63448,1.6348,1.63289,1.63304
2026-05-20 05:00:00,1.63304,1.6336,1.63262,1.63294
2026-05-20 05:15:00,1.63294,1.63347,1.6324999999999998,1.63321
2026-05-20 05:30:00,1.6332200000000001,1.6349399999999998,1.6332,1.63391
2026-05-20 05:45:00,1.63391,1.63462,1.63349,1.63441
2026-05-20 06:00:00,1.63441,1.63459,1.6339299999999999,1.63428
2026-05-20 06:15:00,1.63426,1.63429,1.6332900000000001,1.63341
2026-05-20 06:30:00,1.63341,1.63368,1.63304,1.63342
2026-05-20 06:45:00,1.63341,1.6336300000000001,1.63299,1.63337
2026-05-20 07:00:00,1.6333600000000001,1.6333600000000001,1.63247,1.6324999999999998
2026-05-20 07:15:00,1.6324999999999998,1.63338,1.6324999999999998,1.6331
2026-05-20 07:30:00,1.63314,1.63381,1.6331099999999998,1.6333
2026-05-20 07:45:00,1.6332900000000001,1.63369,1.6331099999999998,1.63342
2026-05-20 08:00:00,1.6334,1.63344,1.63258,1.6331799999999999
2026-05-20 08:15:00,1.6331799999999999,1.6335899999999999,1.633,1.63337
2026-05-20 08:30:00,1.63333,1.63335,1.6324800000000002,1.63281
2026-05-20 08:45:00,1.6328200000000002,1.63323,1.63245,1.63262
2026-05-20 09:00:00,1.63262,1.633,1.63236,1.6324999999999998
2026-05-20 09:15:00,1.63251,1.63281,1.6313900000000001,1.63252
2026-05-20 09:30:00,1.63251,1.63279,1.63213,1.6326800000000001
2026-05-20 09:45:00,1.63267,1.63276,1.63205,1.63215
2026-05-20 10:00:00,1.63215,1.6324,1.6308500000000001,1.6314899999999999
2026-05-20 10:15:00,1.63148,1.63182,1.6310099999999998,1.63136
2026-05-20 10:30:00,1.63136,1.63174,1.63114,1.63121
2026-05-20 10:45:00,1.63122,1.63143,1.63061,1.63116
2026-05-20 11:00:00,1.6311499999999999,1.63116,1.6300599999999998,1.63018
2026-05-20 11:15:00,1.63019,1.63049,1.6297899999999998,1.62981
2026-05-20 11:30:00,1.62985,1.63012,1.6292,1.62953
2026-05-20 11:45:00,1.62957,1.62982,1.62904,1.6297700000000002
2026-05-20 12:00:00,1.6297700000000002,1.6301999999999999,1.6292900000000001,1.6301700000000001
2026-05-20 12:15:00,1.63016,1.6305399999999999,1.62962,1.62968
2026-05-20 12:30:00,1.62969,1.6298,1.62938,1.6297899999999998
2026-05-20 12:45:00,1.6297700000000002,1.62987,1.6291099999999998,1.62921
2026-05-20 13:00:00,1.62921,1.62926,1.62847,1.6286100000000001
2026-05-20 13:15:00,1.62859,1.6286800000000001,1.62826,1.6283400000000001
2026-05-20 13:30:00,1.62833,1.62872,1.62782,1.62822
2026-05-20 13:45:00,1.62822,1.62876,1.62811,1.62816
2026-05-20 14:00:00,1.62817,1.6284,1.62772,1.62798
2026-05-20 14:15:00,1.62798,1.6280000000000001,1.627,1.62711
2026-05-20 14:30:00,1.62711,1.62711,1.62649,1.6268
2026-05-20 14:45:00,1.6268,1.6278000000000001,1.6268,1.62752
2026-05-20 15:00:00,1.62751,1.62763,1.6269,1.62697
2026-05-20 15:15:00,1.62698,1.62729,1.6267800000000001,1.62706
2026-05-20 15:30:00,1.62706,1.6271,1.62639,1.62702
2026-05-20 15:45:00,1.6270099999999998,1.62779,1.6268,1.62751
2026-05-20 16:00:00,1.62751,1.62831,1.62723,1.62767
2026-05-20 16:15:00,1.62767,1.62806,1.62759,1.62781
2026-05-20 16:30:00,1.62781,1.62802,1.62691,1.62703
2026-05-20 16:45:00,1.62703,1.6279599999999999,1.62659,1.6276199999999998
2026-05-20 17:00:00,1.62761,1.62793,1.62713,1.62743
2026-05-20 17:15:00,1.6274199999999999,1.6274199999999999,1.62588,1.6262400000000001
2026-05-20 17:30:00,1.62623,1.62636,1.62519,1.62524
2026-05-20 17:45:00,1.62524,1.62587,1.62402,1.6240999999999999
2026-05-20 18:00:00,1.62411,1.6251,1.6236899999999999,1.6246399999999999
2026-05-20 18:15:00,1.6246399999999999,1.6249,1.62243,1.62469
2026-05-20 18:30:00,1.6247,1.62476,1.62367,1.6238000000000001
2026-05-20 18:45:00,1.62379,1.62496,1.62363,1.62488
2026-05-20 19:00:00,1.62486,1.62494,1.62413,1.62431
2026-05-20 19:15:00,1.6242999999999999,1.6252499999999999,1.62405,1.62499
2026-05-20 19:30:00,1.62494,1.62541,1.6246800000000001,1.6246800000000001
2026-05-20 19:45:00,1.62467,1.6252900000000001,1.62452,1.62486
2026-05-20 20:00:00,1.6248399999999998,1.62507,1.6242100000000002,1.6245699999999998
2026-05-20 20:15:00,1.6245500000000002,1.62493,1.62425,1.62442
2026-05-20 20:30:00,1.62442,1.62488,1.6242999999999999,1.62458
2026-05-20 20:45:00,1.6246,1.62474,1.6244,1.62446
2026-05-20 21:00:00,1.6244800000000001,1.62488,1.6242100000000002,1.6244800000000001
2026-05-20 21:15:00,1.62451,1.62461,1.6242,1.6245
2026-05-20 21:30:00,1.62452,1.6251,1.6244100000000001,1.6251
2026-05-20 21:45:00,1.62511,1.62511,1.62456,1.62489
2026-05-20 22:00:00,1.62488,1.62493,1.6244800000000001,1.62469
2026-05-20 22:15:00,1.6246800000000001,1.62472,1.6244399999999999,1.6245500000000002
2026-05-20 22:30:00,1.62456,1.6248200000000002,1.62442,1.62465
2026-05-20 22:45:00,1.6246399999999999,1.625,1.6240999999999999,1.62419
2026-05-20 23:00:00,1.62419,1.62497,1.62416,1.6248
2026-05-20 23:15:00,1.6248,1.62528,1.62478,1.62478
2026-05-20 23:30:00,1.62478,1.6250499999999999,1.62469,1.62489
2026-05-20 23:45:00,1.62489,1.62526,1.6248399999999998,1.62508
2026-05-21 00:00:00,1.62395,1.62526,1.6238299999999999,1.6250900000000001
2026-05-21 00:15:00,1.62514,1.62551,1.6238299999999999,1.6238299999999999
2026-05-21 00:30:00,1.6238299999999999,1.6247099999999999,1.6238299999999999,1.62433
2026-05-21 00:45:00,1.6245,1.62527,1.62426,1.6245
2026-05-21 01:00:00,1.62425,1.62594,1.62417,1.62575
2026-05-21 01:15:00,1.62576,1.6259000000000001,1.62546,1.62548
2026-05-21 01:30:00,1.62546,1.62557,1.6253600000000001,1.62542
2026-05-21 01:45:00,1.6254499999999998,1.62562,1.62542,1.62547
2026-05-21 02:00:00,1.62547,1.62589,1.62546,1.62569
2026-05-21 02:15:00,1.62569,1.6257700000000002,1.6255199999999999,1.62558
2026-05-21 02:30:00,1.62557,1.62575,1.62547,1.6255899999999999
2026-05-21 02:45:00,1.62561,1.62605,1.62547,1.62592
2026-05-21 03:00:00,1.62591,1.6265800000000001,1.62585,1.62634
2026-05-21 03:15:00,1.62636,1.6269200000000001,1.62605,1.6263800000000002
2026-05-21 03:30:00,1.62639,1.62691,1.62637,1.6268500000000001
2026-05-21 03:45:00,1.62686,1.62706,1.62655,1.6267800000000001
2026-05-21 04:00:00,1.62679,1.62695,1.62596,1.62605
2026-05-21 04:15:00,1.6260599999999998,1.62664,1.62567,1.62634
2026-05-21 04:30:00,1.62635,1.63113,1.62635,1.63012
2026-05-21 04:45:00,1.63011,1.6345,1.63011,1.63296
2026-05-21 05:00:00,1.6329500000000001,1.6339000000000001,1.63191,1.63306
2026-05-21 05:15:00,1.63306,1.63441,1.6324999999999998,1.63436
2026-05-21 05:30:00,1.63434,1.6350799999999999,1.6336300000000001,1.63461
2026-05-21 05:45:00,1.63462,1.6360299999999999,1.6341999999999999,1.6345100000000001
2026-05-21 06:00:00,1.63452,1.63463,1.633,1.63331
2026-05-21 06:15:00,1.6333,1.6337199999999998,1.63285,1.63305
2026-05-21 06:30:00,1.63306,1.6332900000000001,1.63247,1.63254
2026-05-21 06:45:00,1.63252,1.6326399999999999,1.63198,1.63208
2026-05-21 07:00:00,1.63208,1.63219,1.6313900000000001,1.63141
2026-05-21 07:15:00,1.63141,1.63161,1.63057,1.63059
2026-05-21 07:30:00,1.63057,1.6311900000000001,1.63039,1.6307399999999999
2026-05-21 07:45:00,1.63071,1.63093,1.63018,1.6306500000000002
2026-05-21 08:00:00,1.63064,1.63144,1.6303100000000001,1.63109
2026-05-21 08:15:00,1.63107,1.6319599999999999,1.6308099999999999,1.63183
2026-05-21 08:30:00,1.63182,1.6324100000000001,1.6315300000000001,1.63178
2026-05-21 08:45:00,1.63177,1.6327,1.6309900000000002,1.63122
2026-05-21 09:00:00,1.63123,1.6318899999999998,1.6306699999999998,1.6314199999999999
2026-05-21 09:15:00,1.63141,1.63199,1.63107,1.63167
2026-05-21 09:30:00,1.63168,1.63403,1.6314899999999999,1.63373
2026-05-21 09:45:00,1.63374,1.63403,1.63306,1.6336
2026-05-21 10:00:00,1.63358,1.63362,1.63246,1.63253
2026-05-21 10:15:00,1.63254,1.6326399999999999,1.63052,1.63111
2026-05-21 10:30:00,1.6311,1.63154,1.6308,1.63091
2026-05-21 10:45:00,1.63091,1.63097,1.63,1.63056
2026-05-21 11:00:00,1.63055,1.6311200000000001,1.62991,1.62996
2026-05-21 11:15:00,1.62996,1.63122,1.6294,1.62978
2026-05-21 11:30:00,1.6297700000000002,1.63016,1.6289099999999999,1.62957
2026-05-21 11:45:00,1.6295600000000001,1.6298599999999999,1.62893,1.6297700000000002
2026-05-21 12:00:00,1.62981,1.62991,1.62858,1.62876
2026-05-21 12:15:00,1.62874,1.6291099999999998,1.62849,1.62877
2026-05-21 12:30:00,1.6288,1.62962,1.62872,1.62955
2026-05-21 12:45:00,1.6295600000000001,1.62984,1.62924,1.62939
2026-05-21 13:00:00,1.6294,1.6295199999999999,1.62843,1.62881
2026-05-21 13:15:00,1.6288,1.62988,1.6283699999999999,1.6298599999999999
2026-05-21 13:30:00,1.6298599999999999,1.63034,1.6288399999999998,1.62908
2026-05-21 13:45:00,1.62908,1.62939,1.62874,1.62913
2026-05-21 14:00:00,1.62917,1.6291799999999999,1.62809,1.62813
2026-05-21 14:15:00,1.62812,1.62829,1.6271900000000001,1.62758
2026-05-21 14:30:00,1.62758,1.62806,1.62729,1.6276199999999998
2026-05-21 14:45:00,1.62761,1.62798,1.62737,1.6277300000000001
2026-05-21 15:00:00,1.62774,1.62781,1.62713,1.62724
2026-05-21 15:15:00,1.62724,1.6279,1.6271499999999999,1.62737
2026-05-21 15:30:00,1.62738,1.62777,1.62673,1.62764
2026-05-21 15:45:00,1.62764,1.6279,1.6273300000000002,1.6276000000000002
2026-05-21 16:00:00,1.62758,1.62816,1.6272600000000002,1.62793
2026-05-21 16:15:00,1.6279400000000002,1.62809,1.627,1.627
2026-05-21 16:30:00,1.6270099999999998,1.6274899999999999,1.62644,1.62687
2026-05-21 16:45:00,1.62689,1.62702,1.62571,1.62594
2026-05-21 17:00:00,1.62594,1.62697,1.6258,1.6265399999999999
2026-05-21 17:15:00,1.62652,1.62666,1.62589,1.62596
2026-05-21 17:30:00,1.62595,1.62622,1.62544,1.6258
2026-05-21 17:45:00,1.6258,1.62602,1.62439,1.62451
2026-05-21 18:00:00,1.62452,1.62603,1.62443,1.62507
2026-05-21 18:15:00,1.62508,1.62561,1.62481,1.6251
2026-05-21 18:30:00,1.6251,1.6254300000000002,1.62438,1.62467
2026-05-21 18:45:00,1.62466,1.6248200000000002,1.6243400000000001,1.62466
2026-05-21 19:00:00,1.6246800000000001,1.6246800000000001,1.62336,1.62393
2026-05-21 19:15:00,1.62392,1.62447,1.6239,1.62436
2026-05-21 19:30:00,1.6243400000000001,1.62496,1.62429,1.6249099999999999
2026-05-21 19:45:00,1.62492,1.6252900000000001,1.6246399999999999,1.62466
2026-05-21 20:00:00,1.62466,1.62489,1.6231900000000001,1.6239
2026-05-21 20:15:00,1.62386,1.6240700000000001,1.62263,1.62276
2026-05-21 20:30:00,1.62275,1.6230099999999998,1.62203,1.62205
2026-05-21 20:45:00,1.6220599999999998,1.62291,1.62205,1.62289
2026-05-21 21:00:00,1.62286,1.62388,1.62268,1.6238000000000001
2026-05-21 21:15:00,1.6238000000000001,1.62398,1.6232199999999999,1.6234
2026-05-21 21:30:00,1.6234199999999999,1.6238700000000001,1.62317,1.62345
2026-05-21 21:45:00,1.6234600000000001,1.625,1.62339,1.62453
2026-05-21 22:00:00,1.62453,1.62469,1.62405,1.62428
2026-05-21 22:15:00,1.62427,1.62433,1.62398,1.62418
2026-05-21 22:30:00,1.62419,1.62439,1.62368,1.6240999999999999
2026-05-21 22:45:00,1.62409,1.6247,1.62399,1.62431
2026-05-21 23:00:00,1.6242999999999999,1.62474,1.62417,1.62456
2026-05-21 23:15:00,1.62456,1.6248200000000002,1.62445,1.62473
2026-05-21 23:30:00,1.62473,1.62479,1.62442,1.62472
2026-05-21 23:45:00,1.6247,1.62497,1.62452,1.62481
2026-05-22 00:00:00,1.6234600000000001,1.62508,1.6231,1.6240299999999999
2026-05-22 00:15:00,1.62345,1.62447,1.62345,1.62424
2026-05-22 00:30:00,1.62425,1.62517,1.62417,1.62473
2026-05-22 00:45:00,1.6249799999999999,1.6250200000000001,1.62453,1.6248399999999998
2026-05-22 01:00:00,1.6249500000000001,1.6249500000000001,1.62417,1.62428
2026-05-22 01:15:00,1.62426,1.6245,1.62418,1.62438
2026-05-22 01:30:00,1.6244100000000001,1.62463,1.62417,1.6243699999999999
2026-05-22 01:45:00,1.62436,1.62454,1.6242299999999998,1.62446
2026-05-22 02:00:00,1.62445,1.6247500000000001,1.62442,1.62472
2026-05-22 02:15:00,1.6247,1.62527,1.62463,1.6246399999999999
2026-05-22 02:30:00,1.62465,1.62519,1.6245500000000002,1.6251600000000002
2026-05-22 02:45:00,1.62517,1.6256300000000001,1.6249500000000001,1.6253
2026-05-22 03:00:00,1.6253,1.62589,1.6253,1.6258599999999999
2026-05-22 03:15:00,1.62587,1.6262699999999999,1.6253,1.6253600000000001
2026-05-22 03:30:00,1.6253600000000001,1.6259299999999999,1.6252900000000001,1.62542
2026-05-22 03:45:00,1.6254300000000002,1.6265,1.6253,1.62632
2026-05-22 04:00:00,1.62633,1.62731,1.62633,1.62683
2026-05-22 04:15:00,1.62684,1.6273,1.6261999999999999,1.6262699999999999
2026-05-22 04:30:00,1.6262699999999999,1.62707,1.62618,1.6267399999999999
2026-05-22 04:45:00,1.6267399999999999,1.62677,1.6257700000000002,1.62668
2026-05-22 05:00:00,1.62669,1.6267,1.62595,1.62612
2026-05-22 05:15:00,1.6261100000000002,1.62632,1.6259299999999999,1.62608
2026-05-22 05:30:00,1.62609,1.62635,1.62574,1.62585
2026-05-22 05:45:00,1.6258599999999999,1.62673,1.62585,1.62632
2026-05-22 06:00:00,1.62633,1.62706,1.62628,1.62705
2026-05-22 06:15:00,1.62704,1.62711,1.62673,1.62675
2026-05-22 06:30:00,1.6267399999999999,1.62689,1.62645,1.62682
2026-05-22 06:45:00,1.62682,1.62706,1.62619,1.62632
2026-05-22 07:00:00,1.62633,1.62664,1.62615,1.62625
2026-05-22 07:15:00,1.62623,1.6263800000000002,1.6261299999999999,1.62632
2026-05-22 07:30:00,1.6263,1.6267800000000001,1.6263,1.62655
2026-05-22 07:45:00,1.62656,1.6267800000000001,1.62646,1.62663
2026-05-22 08:00:00,1.6266,1.62668,1.62607,1.62625
2026-05-22 08:15:00,1.6262400000000001,1.62649,1.62614,1.6261700000000001
2026-05-22 08:30:00,1.6261700000000001,1.62642,1.62595,1.6261999999999999
2026-05-22 08:45:00,1.62619,1.6265,1.6255,1.62641
2026-05-22 09:00:00,1.62641,1.6269,1.62612,1.62686
2026-05-22 09:15:00,1.62687,1.62805,1.62676,1.6271900000000001
2026-05-22 09:30:00,1.6272,1.6273300000000002,1.62663,1.6273
2026-05-22 09:45:00,1.62729,1.6274899999999999,1.6267800000000001,1.6269
2026-05-22 10:00:00,1.6269,1.62802,1.62661,1.6275300000000001
2026-05-22 10:15:00,1.62754,1.6277599999999999,1.62697,1.62759
2026-05-22 10:30:00,1.62758,1.62795,1.62703,1.6272600000000002
2026-05-22 10:45:00,1.6272600000000002,1.62779,1.62707,1.62707
2026-05-22 11:00:00,1.62705,1.62767,1.62702,1.6272199999999999
2026-05-22 11:15:00,1.62723,1.62724,1.62578,1.6267800000000001
2026-05-22 11:30:00,1.6267800000000001,1.62738,1.62628,1.6269
2026-05-22 11:45:00,1.62691,1.6272,1.62666,1.6271900000000001
2026-05-22 12:00:00,1.6271900000000001,1.62788,1.62703,1.62724
2026-05-22 12:15:00,1.62725,1.6279400000000002,1.62718,1.62724
2026-05-22 12:30:00,1.62724,1.6278899999999998,1.6272,1.62756
2026-05-22 12:45:00,1.62754,1.62778,1.62727,1.6276899999999999
2026-05-22 13:00:00,1.62767,1.6278299999999999,1.6271,1.6274899999999999
2026-05-22 13:15:00,1.6274899999999999,1.62752,1.62705,1.62744
2026-05-22 13:30:00,1.62743,1.6282100000000002,1.62729,1.62764
2026-05-22 13:45:00,1.6276199999999998,1.62774,1.62727,1.62763
2026-05-22 14:00:00,1.6276199999999998,1.62832,1.62723,1.62826
2026-05-22 14:15:00,1.62825,1.62829,1.62748,1.62764
2026-05-22 14:30:00,1.62766,1.6285500000000002,1.62763,1.6285500000000002
2026-05-22 14:45:00,1.6285500000000002,1.62859,1.62791,1.62831
2026-05-22 15:00:00,1.62829,1.62858,1.6267800000000001,1.62761
2026-05-22 15:15:00,1.6276199999999998,1.62828,1.6271,1.62799
2026-05-22 15:30:00,1.62799,1.62842,1.62765,1.62822
2026-05-22 15:45:00,1.62822,1.62822,1.62706,1.62707
2026-05-22 16:00:00,1.6270799999999999,1.62731,1.62639,1.6265399999999999
2026-05-22 16:15:00,1.6265399999999999,1.6278000000000001,1.62648,1.62774
2026-05-22 16:30:00,1.62775,1.6280999999999999,1.6274899999999999,1.62775
2026-05-22 16:45:00,1.62777,1.62845,1.62748,1.62754
2026-05-22 17:00:00,1.62754,1.62867,1.62745,1.6279599999999999
2026-05-22 17:15:00,1.62797,1.6287,1.6278700000000002,1.62817
2026-05-22 17:30:00,1.62816,1.6284,1.62781,1.6282299999999998
2026-05-22 17:45:00,1.6282299999999998,1.62827,1.6270099999999998,1.62727
2026-05-22 18:00:00,1.62727,1.62772,1.62707,1.62747
2026-05-22 18:15:00,1.62748,1.6277300000000001,1.6271,1.62736
2026-05-22 18:30:00,1.62736,1.62736,1.6265800000000001,1.6267
2026-05-22 18:45:00,1.6267200000000002,1.62714,1.62649,1.6271
2026-05-22 19:00:00,1.6271200000000001,1.62737,1.62666,1.62729
2026-05-22 19:15:00,1.6272600000000002,1.62754,1.62686,1.62697
2026-05-22 19:30:00,1.62696,1.6273499999999999,1.62683,1.62717
2026-05-22 19:45:00,1.62716,1.62734,1.62694,1.62724
2026-05-22 20:00:00,1.62724,1.62727,1.62683,1.627
2026-05-22 20:15:00,1.6269900000000002,1.6273900000000001,1.6266699999999998,1.62684
2026-05-22 20:30:00,1.62682,1.6271,1.62661,1.62698
2026-05-22 20:45:00,1.62698,1.62702,1.62668,1.62697
2026-05-22 21:00:00,1.62697,1.62734,1.62666,1.62669
2026-05-22 21:15:00,1.62668,1.6269,1.62656,1.6267800000000001
2026-05-22 21:30:00,1.62676,1.62703,1.6265399999999999,1.6266699999999998
2026-05-22 21:45:00,1.6266699999999998,1.62691,1.62662,1.6267
2026-05-22 22:00:00,1.6267,1.62718,1.6267,1.62695
2026-05-22 22:15:00,1.62694,1.6272199999999999,1.6268,1.62716
2026-05-22 22:30:00,1.62714,1.62745,1.62706,1.62724
2026-05-22 22:45:00,1.62723,1.62751,1.62706,1.62725
2026-05-22 23:00:00,1.62724,1.62743,1.62714,1.62716
2026-05-22 23:15:00,1.62717,1.62758,1.62717,1.62758
2026-05-22 23:30:00,1.62758,1.62775,1.6271200000000001,1.62727
2026-05-22 23:45:00,1.62729,1.62771,1.62711,1.62731
2026-05-25 00:00:00,1.62512,1.62539,1.62474,1.62487
2026-05-25 00:15:00,1.62474,1.62527,1.62422,1.6247
2026-05-25 00:30:00,1.62496,1.6254300000000002,1.62461,1.6252900000000001
2026-05-25 00:45:00,1.6251,1.6259000000000001,1.62494,1.62568
2026-05-25 01:00:00,1.62585,1.62595,1.6243400000000001,1.62561
2026-05-25 01:15:00,1.62557,1.62677,1.62531,1.62673
2026-05-25 01:30:00,1.62675,1.6271200000000001,1.62659,1.62697
2026-05-25 01:45:00,1.62696,1.6269900000000002,1.6261700000000001,1.6265100000000001
2026-05-25 02:00:00,1.62649,1.62649,1.62596,1.62637
2026-05-25 02:15:00,1.62636,1.62664,1.62621,1.62648
2026-05-25 02:30:00,1.62648,1.62657,1.62595,1.6260400000000002
2026-05-25 02:45:00,1.62605,1.62668,1.62595,1.62661
2026-05-25 03:00:00,1.6266500000000002,1.62676,1.62596,1.62608
2026-05-25 03:15:00,1.62608,1.6265,1.62557,1.6255899999999999
2026-05-25 03:30:00,1.6255899999999999,1.62607,1.6254499999999998,1.62599
2026-05-25 03:45:00,1.62598,1.62603,1.62538,1.62551
2026-05-25 04:00:00,1.62549,1.6255199999999999,1.62436,1.62447
2026-05-25 04:15:00,1.6244800000000001,1.62483,1.62364,1.62365
2026-05-25 04:30:00,1.62365,1.62481,1.6235,1.6236899999999999
2026-05-25 04:45:00,1.62372,1.62427,1.62368,1.62413
2026-05-25 05:00:00,1.6241400000000001,1.6241400000000001,1.62348,1.62378
2026-05-25 05:15:00,1.62377,1.62395,1.6233300000000002,1.6236000000000002
2026-05-25 05:30:00,1.62361,1.62406,1.62343,1.62378
2026-05-25 05:45:00,1.62377,1.6244800000000001,1.62374,1.62435
2026-05-25 06:00:00,1.62435,1.62459,1.6240999999999999,1.62453
2026-05-25 06:15:00,1.62453,1.6248399999999998,1.62439,1.62456
2026-05-25 06:30:00,1.62456,1.62503,1.62451,1.62483
2026-05-25 06:45:00,1.6248200000000002,1.62506,1.6247500000000001,1.62497
2026-05-25 07:00:00,1.6249799999999999,1.6249799999999999,1.6244800000000001,1.62489
2026-05-25 07:15:00,1.62489,1.62496,1.62418,1.62424
2026-05-25 07:30:00,1.62424,1.62438,1.6238299999999999,1.62388
2026-05-25 07:45:00,1.6238899999999998,1.62401,1.62363,1.6239
2026-05-25 08:00:00,1.62388,1.62404,1.62352,1.6236899999999999
2026-05-25 08:15:00,1.62367,1.62432,1.6234899999999999,1.62427
2026-05-25 08:30:00,1.62426,1.62445,1.62366,1.62393
2026-05-25 08:45:00,1.62393,1.6245699999999998,1.6238700000000001,1.62432
2026-05-25 09:00:00,1.62432,1.6244800000000001,1.62374,1.6239
2026-05-25 09:15:00,1.6238899999999998,1.6244399999999999,1.6238899999999998,1.6242299999999998
2026-05-25 09:30:00,1.6242299999999998,1.62461,1.62397,1.62456
2026-05-25 09:45:00,1.62458,1.62497,1.62422,1.6244399999999999
2026-05-25 10:00:00,1.6244100000000001,1.62513,1.6243699999999999,1.62492
2026-05-25 10:15:00,1.62492,1.62601,1.62488,1.62537
2026-05-25 10:30:00,1.62537,1.62537,1.62466,1.6252
2026-05-25 10:45:00,1.6252,1.62531,1.62489,1.62519
2026-05-25 11:00:00,1.62519,1.6254,1.62492,1.6252499999999999
2026-05-25 11:15:00,1.62524,1.6253600000000001,1.62503,1.62521
2026-05-25 11:30:00,1.62522,1.62528,1.6245,1.62474
2026-05-25 11:45:00,1.6247500000000001,1.62493,1.6244100000000001,1.62463
2026-05-25 12:00:00,1.62462,1.62474,1.6241400000000001,1.62435
2026-05-25 12:15:00,1.6243400000000001,1.62476,1.62426,1.62466
2026-05-25 12:30:00,1.62465,1.6246800000000001,1.62398,1.6240999999999999
2026-05-25 12:45:00,1.62411,1.62432,1.6240700000000001,1.62429
2026-05-25 13:00:00,1.62429,1.6242999999999999,1.62404,1.6242
2026-05-25 13:15:00,1.6242299999999998,1.6243699999999999,1.62406,1.62436
2026-05-25 13:30:00,1.62436,1.62476,1.62433,1.6245
2026-05-25 13:45:00,1.6245,1.6247099999999999,1.6243400000000001,1.62459
2026-05-25 14:00:00,1.62458,1.6248200000000002,1.6244100000000001,1.62447
2026-05-25 14:15:00,1.6244800000000001,1.62467,1.62438,1.62445
2026-05-25 14:30:00,1.6244399999999999,1.62447,1.6237,1.62378
2026-05-25 14:45:00,1.62378,1.6240999999999999,1.62366,1.62404
2026-05-25 15:00:00,1.62406,1.6242,1.62374,1.624
2026-05-25 15:15:00,1.62401,1.6242,1.62375,1.6238299999999999
2026-05-25 15:30:00,1.6238299999999999,1.62417,1.62375,1.62392
2026-05-25 15:45:00,1.62392,1.6247099999999999,1.6238700000000001,1.62463
2026-05-25 16:00:00,1.62462,1.62476,1.62398,1.62408
2026-05-25 16:15:00,1.62409,1.62416,1.62365,1.62367
2026-05-25 16:30:00,1.62367,1.6237,1.6234600000000001,1.62359
2026-05-25 16:45:00,1.6236000000000002,1.6239400000000002,1.62343,1.6234899999999999
2026-05-25 17:00:00,1.6235,1.6235,1.62311,1.62331
2026-05-25 17:15:00,1.62332,1.6233499999999998,1.6230799999999999,1.62318
2026-05-25 17:30:00,1.62316,1.6234,1.62304,1.62306
2026-05-25 17:45:00,1.62304,1.6233300000000002,1.62167,1.62183
2026-05-25 18:00:00,1.62183,1.62253,1.6217899999999998,1.62233
2026-05-25 18:15:00,1.62233,1.6227200000000002,1.62228,1.62268
2026-05-25 18:30:00,1.62268,1.62304,1.6226500000000001,1.62277
2026-05-25 18:45:00,1.62277,1.62316,1.62246,1.62302
2026-05-25 19:00:00,1.62303,1.6234199999999999,1.62283,1.62286
2026-05-25 19:15:00,1.62286,1.6231,1.6226099999999999,1.6228500000000001
2026-05-25 19:30:00,1.6228500000000001,1.62302,1.6227,1.6227
2026-05-25 19:45:00,1.6227,1.62289,1.6226099999999999,1.6227399999999998
2026-05-25 20:00:00,1.62273,1.6229,1.62264,1.6228799999999999
2026-05-25 20:15:00,1.6228799999999999,1.6229900000000002,1.62242,1.62248
2026-05-25 20:30:00,1.6224699999999999,1.6226,1.62236,1.62253
2026-05-25 20:45:00,1.62253,1.62264,1.6224699999999999,1.62257
2026-05-25 21:00:00,1.6225800000000001,1.62264,1.6224699999999999,1.62256
2026-05-25 21:15:00,1.62256,1.6227,1.6225399999999999,1.6226699999999998
2026-05-25 21:30:00,1.62266,1.6227,1.62256,1.62268
2026-05-25 21:45:00,1.62268,1.6227399999999998,1.6225800000000001,1.62268
2026-05-25 22:00:00,1.62268,1.6227200000000002,1.62248,1.62256
2026-05-25 22:15:00,1.62256,1.62259,1.62245,1.6225100000000001
2026-05-25 22:30:00,1.6225,1.62252,1.6223800000000002,1.62245
2026-05-25 22:45:00,1.62244,1.6224699999999999,1.62221,1.62235
2026-05-25 23:00:00,1.62236,1.62243,1.62226,1.62241
2026-05-25 23:15:00,1.62241,1.62246,1.6223,1.62246
2026-05-25 23:30:00,1.62246,1.6227200000000002,1.62229,1.62264
2026-05-25 23:45:00,1.62263,1.6227,1.62243,1.6224699999999999
2026-05-26 00:00:00,1.62205,1.62245,1.62173,1.62212
2026-05-26 00:15:00,1.62212,1.6223800000000002,1.62167,1.6223800000000002
2026-05-26 00:30:00,1.6223800000000002,1.62325,1.6220599999999998,1.6228
2026-05-26 00:45:00,1.6228,1.62338,1.6221100000000002,1.62305
2026-05-26 01:00:00,1.62305,1.62306,1.62222,1.6226699999999998
2026-05-26 01:15:00,1.62268,1.62306,1.6226500000000001,1.6227
2026-05-26 01:30:00,1.6227,1.62297,1.6226,1.62284
2026-05-26 01:45:00,1.62284,1.62286,1.62253,1.6226500000000001
2026-05-26 02:00:00,1.62266,1.62275,1.62237,1.62271
2026-05-26 02:15:00,1.6227,1.62275,1.6224699999999999,1.62273
2026-05-26 02:30:00,1.6227200000000002,1.62318,1.62266,1.62291
2026-05-26 02:45:00,1.62293,1.62332,1.62275,1.62324
2026-05-26 03:00:00,1.6232199999999999,1.6238000000000001,1.62316,1.62344
2026-05-26 03:15:00,1.62345,1.62399,1.6231900000000001,1.6232799999999998
2026-05-26 03:30:00,1.62327,1.62341,1.6229,1.62327
2026-05-26 03:45:00,1.62327,1.6237599999999999,1.6231,1.62313
2026-05-26 04:00:00,1.62313,1.6239400000000002,1.62289,1.6236199999999998
2026-05-26 04:15:00,1.62361,1.62415,1.62309,1.62331
2026-05-26 04:30:00,1.6233,1.62397,1.62316,1.6236199999999998
2026-05-26 04:45:00,1.62361,1.6237599999999999,1.62313,1.62363
2026-05-26 05:00:00,1.62365,1.6238000000000001,1.62334,1.62372
2026-05-26 05:15:00,1.62371,1.62377,1.62323,1.62336
2026-05-26 05:30:00,1.6233499999999998,1.6239400000000002,1.62323,1.62393
2026-05-26 05:45:00,1.62391,1.62393,1.62334,1.6234600000000001
2026-05-26 06:00:00,1.6234600000000001,1.6235300000000001,1.62266,1.62302
2026-05-26 06:15:00,1.62305,1.62317,1.62239,1.62268
2026-05-26 06:30:00,1.62268,1.6228099999999999,1.62243,1.62245
2026-05-26 06:45:00,1.62252,1.6227,1.62241,1.62259
2026-05-26 07:00:00,1.62259,1.62314,1.62243,1.62252
2026-05-26 07:15:00,1.62252,1.6228099999999999,1.62244,1.6227800000000001
2026-05-26 07:30:00,1.6227800000000001,1.62409,1.6227800000000001,1.62391
2026-05-26 07:45:00,1.62391,1.6240299999999999,1.62367,1.624
2026-05-26 08:00:00,1.62401,1.6249500000000001,1.62393,1.6244800000000001
2026-05-26 08:15:00,1.6244800000000001,1.62449,1.62409,1.62413
2026-05-26 08:30:00,1.6241400000000001,1.62436,1.6238299999999999,1.62413
2026-05-26 08:45:00,1.62412,1.6242999999999999,1.62392,1.62408
2026-05-26 09:00:00,1.62406,1.62425,1.6234899999999999,1.62361
2026-05-26 09:15:00,1.62359,1.62404,1.6228799999999999,1.62357
2026-05-26 09:30:00,1.62359,1.6239400000000002,1.6231900000000001,1.62339
2026-05-26 09:45:00,1.62339,1.62385,1.6231900000000001,1.62381
2026-05-26 10:00:00,1.6238000000000001,1.6246800000000001,1.6234899999999999,1.62354
2026-05-26 10:15:00,1.62355,1.625,1.62354,1.62488
2026-05-26 10:30:00,1.62488,1.62554,1.62449,1.62514
2026-05-26 10:45:00,1.62514,1.62531,1.62436,1.62442
2026-05-26 11:00:00,1.6244,1.62496,1.62418,1.62453
2026-05-26 11:15:00,1.62453,1.6246800000000001,1.62413,1.62426
2026-05-26 11:30:00,1.62425,1.62461,1.62409,1.6243400000000001
2026-05-26 11:45:00,1.62433,1.6249500000000001,1.6242999999999999,1.62432
2026-05-26 12:00:00,1.62429,1.62538,1.62415,1.62513
2026-05-26 12:15:00,1.62511,1.6253199999999999,1.6248,1.62504
2026-05-26 12:30:00,1.62503,1.6254300000000002,1.62476,1.62537
2026-05-26 12:45:00,1.62533,1.6254,1.62472,1.62513
2026-05-26 13:00:00,1.62514,1.62561,1.62512,1.6253199999999999
2026-05-26 13:15:00,1.6253199999999999,1.62544,1.62469,1.6250200000000001
2026-05-26 13:30:00,1.62503,1.62503,1.62431,1.6244399999999999
2026-05-26 13:45:00,1.6244399999999999,1.6248,1.62422,1.62461
2026-05-26 14:00:00,1.6246,1.62476,1.62426,1.62438
2026-05-26 14:15:00,1.6243699999999999,1.6244,1.6239599999999998,1.6240299999999999
2026-05-26 14:30:00,1.6240299999999999,1.6248,1.6239,1.62426
2026-05-26 14:45:00,1.62425,1.62445,1.62371,1.6239400000000002
2026-05-26 15:00:00,1.6239599999999998,1.62412,1.6235300000000001,1.62381
2026-05-26 15:15:00,1.62379,1.62384,1.62323,1.62332
2026-05-26 15:30:00,1.6233300000000002,1.62354,1.62307,1.62324
2026-05-26 15:45:00,1.62323,1.62338,1.62263,1.62268
2026-05-26 16:00:00,1.6226699999999998,1.62279,1.62203,1.62215
2026-05-26 16:15:00,1.62216,1.62234,1.6214300000000001,1.6214499999999998
2026-05-26 16:30:00,1.6214499999999998,1.62205,1.62107,1.62134
2026-05-26 16:45:00,1.62134,1.62203,1.6204399999999999,1.62161
2026-05-26 17:00:00,1.62165,1.6217000000000001,1.6208,1.6209799999999999
2026-05-26 17:15:00,1.62101,1.6217899999999998,1.62077,1.62168
2026-05-26 17:30:00,1.62167,1.62221,1.62124,1.62167
2026-05-26 17:45:00,1.62167,1.62226,1.62164,1.62175
2026-05-26 18:00:00,1.62176,1.62223,1.6216300000000001,1.62172
2026-05-26 18:15:00,1.62172,1.6226699999999998,1.62165,1.62263
2026-05-26 18:30:00,1.62263,1.6228099999999999,1.62223,1.62263
2026-05-26 18:45:00,1.6226500000000001,1.62307,1.6226,1.6226699999999998
2026-05-26 19:00:00,1.62266,1.6228799999999999,1.62249,1.62275
2026-05-26 19:15:00,1.62276,1.62287,1.62242,1.62275
2026-05-26 19:30:00,1.6227399999999998,1.62321,1.62264,1.62291
2026-05-26 19:45:00,1.62291,1.62303,1.62269,1.62279
2026-05-26 20:00:00,1.62279,1.62298,1.62249,1.6229200000000001
2026-05-26 20:15:00,1.62293,1.6230099999999998,1.62262,1.62268
2026-05-26 20:30:00,1.62269,1.62291,1.62249,1.62289
2026-05-26 20:45:00,1.62287,1.6229900000000002,1.62266,1.6229200000000001
2026-05-26 21:00:00,1.6229200000000001,1.6230099999999998,1.62244,1.6225399999999999
2026-05-26 21:15:00,1.6225399999999999,1.62269,1.62237,1.6223800000000002
2026-05-26 21:30:00,1.62239,1.62257,1.62221,1.6224699999999999
2026-05-26 21:45:00,1.62248,1.62249,1.62219,1.6223800000000002
2026-05-26 22:00:00,1.62239,1.6227,1.62235,1.62253
2026-05-26 22:15:00,1.62255,1.6226500000000001,1.62233,1.6225100000000001
2026-05-26 22:30:00,1.62249,1.62253,1.62229,1.6223
2026-05-26 22:45:00,1.6223,1.6226699999999998,1.62219,1.6225800000000001
2026-05-26 23:00:00,1.62255,1.62273,1.62237,1.6227200000000002
2026-05-26 23:15:00,1.62268,1.62277,1.6225100000000001,1.62252
2026-05-26 23:30:00,1.62253,1.62269,1.62253,1.62263
2026-05-26 23:45:00,1.6226099999999999,1.62307,1.6226099999999999,1.62282
2026-05-27 00:00:00,1.62052,1.62235,1.62027,1.62235
2026-05-27 00:15:00,1.6223,1.6227800000000001,1.62141,1.62228
2026-05-27 00:30:00,1.62229,1.6223999999999998,1.62207,1.6223
2026-05-27 00:45:00,1.6222699999999999,1.6225399999999999,1.6220599999999998,1.6225100000000001
2026-05-27 01:00:00,1.62222,1.6230799999999999,1.62212,1.62293
2026-05-27 01:15:00,1.6229200000000001,1.62298,1.62279,1.62297
2026-05-27 01:30:00,1.62297,1.62303,1.62277,1.62298
2026-05-27 01:45:00,1.62298,1.6232199999999999,1.6229,1.62302
2026-05-27 02:00:00,1.62304,1.62304,1.62283,1.6229900000000002
2026-05-27 02:15:00,1.623,1.62314,1.6228500000000001,1.62296
2026-05-27 02:30:00,1.62296,1.6230099999999998,1.62253,1.6225399999999999
2026-05-27 02:45:00,1.62253,1.6228799999999999,1.62232,1.6227800000000001
2026-05-27 03:00:00,1.62277,1.6234,1.6226500000000001,1.62291
2026-05-27 03:15:00,1.62291,1.62316,1.6221100000000002,1.62218
2026-05-27 03:30:00,1.62219,1.62223,1.62146,1.62151
2026-05-27 03:45:00,1.62153,1.62216,1.62119,1.62185
2026-05-27 04:00:00,1.62185,1.62205,1.6215000000000002,1.62165
2026-05-27 04:15:00,1.6216599999999999,1.62182,1.62124,1.62149
2026-05-27 04:30:00,1.6214300000000001,1.62596,1.62142,1.62447
2026-05-27 04:45:00,1.6244800000000001,1.62643,1.62447,1.6255600000000001
2026-05-27 05:00:00,1.62555,1.62612,1.62436,1.6246800000000001
2026-05-27 05:15:00,1.6246800000000001,1.62568,1.62465,1.6255199999999999
2026-05-27 05:30:00,1.6255199999999999,1.6256,1.6248,1.6251
2026-05-27 05:45:00,1.62511,1.62526,1.62416,1.62503
2026-05-27 06:00:00,1.6250499999999999,1.62511,1.62427,1.6249799999999999
2026-05-27 06:15:00,1.6249799999999999,1.62554,1.62479,1.62517
2026-05-27 06:30:00,1.6251600000000002,1.62582,1.62486,1.6257700000000002
2026-05-27 06:45:00,1.62575,1.62588,1.62533,1.6255199999999999
2026-05-27 07:00:00,1.62554,1.6259700000000001,1.62503,1.62507
2026-05-27 07:15:00,1.62507,1.62573,1.6249500000000001,1.62569
2026-05-27 07:30:00,1.62571,1.6259700000000001,1.62519,1.6252
2026-05-27 07:45:00,1.6251600000000002,1.62567,1.6250200000000001,1.62561
2026-05-27 08:00:00,1.62561,1.6260599999999998,1.62547,1.62561
2026-05-27 08:15:00,1.62561,1.62619,1.62555,1.6258599999999999
2026-05-27 08:30:00,1.6258599999999999,1.62673,1.62568,1.62637
2026-05-27 08:45:00,1.62639,1.6268,1.6261100000000002,1.6268
2026-05-27 09:00:00,1.6268,1.62748,1.62661,1.62748
2026-05-27 09:15:00,1.62747,1.62845,1.62727,1.62804
2026-05-27 09:30:00,1.62804,1.62824,1.62764,1.62819
2026-05-27 09:45:00,1.62815,1.6295600000000001,1.62815,1.62953
2026-05-27 10:00:00,1.6295,1.62984,1.62889,1.62939
2026-05-27 10:15:00,1.62939,1.63011,1.62894,1.62984
2026-05-27 10:30:00,1.62984,1.6310799999999999,1.62975,1.63083
2026-05-27 10:45:00,1.63084,1.6312600000000002,1.63021,1.6306699999999998
2026-05-27 11:00:00,1.63068,1.63178,1.63023,1.63138
2026-05-27 11:15:00,1.63137,1.63188,1.6308500000000001,1.63157
2026-05-27 11:30:00,1.63159,1.6316199999999998,1.63089,1.63113
2026-05-27 11:45:00,1.63114,1.6312799999999998,1.63041,1.63052
2026-05-27 12:00:00,1.63052,1.6308099999999999,1.63021,1.63039
2026-05-27 12:15:00,1.6303999999999998,1.6303999999999998,1.6296599999999999,1.6299700000000001
2026-05-27 12:30:00,1.6299700000000001,1.63021,1.6296300000000001,1.6301700000000001
2026-05-27 12:45:00,1.63018,1.6304699999999999,1.62995,1.63032
2026-05-27 13:00:00,1.6303299999999998,1.63036,1.6296300000000001,1.63007
2026-05-27 13:15:00,1.63007,1.63029,1.6295899999999999,1.63001
2026-05-27 13:30:00,1.63002,1.6305100000000001,1.6299700000000001,1.63041
2026-05-27 13:45:00,1.63041,1.63183,1.63026,1.63145
2026-05-27 14:00:00,1.63144,1.63183,1.63095,1.63158
2026-05-27 14:15:00,1.63157,1.63213,1.63145,1.63206
2026-05-27 14:30:00,1.63205,1.63236,1.63161,1.63161
2026-05-27 14:45:00,1.63163,1.63222,1.63141,1.6316000000000002
2026-05-27 15:00:00,1.6316199999999998,1.6331099999999998,1.63154,1.6330900000000002
2026-05-27 15:15:00,1.6330900000000002,1.6332200000000001,1.63086,1.6311499999999999
2026-05-27 15:30:00,1.63116,1.63292,1.63091,1.6322999999999999
2026-05-27 15:45:00,1.63231,1.63285,1.63205,1.6321400000000001
2026-05-27 16:00:00,1.63222,1.63226,1.6314899999999999,1.6321400000000001
2026-05-27 16:15:00,1.6321400000000001,1.6326,1.6317599999999999,1.63226
2026-05-27 16:30:00,1.63225,1.6325699999999999,1.6313900000000001,1.6318899999999998
2026-05-27 16:45:00,1.6319,1.6324100000000001,1.63091,1.63095
2026-05-27 17:00:00,1.63091,1.6320999999999999,1.63079,1.63195
2026-05-27 17:15:00,1.6319599999999999,1.6326399999999999,1.6312600000000002,1.6323400000000001
2026-05-27 17:30:00,1.63233,1.63337,1.63209,1.6324
2026-05-27 17:45:00,1.6324,1.63247,1.6311200000000001,1.63113
2026-05-27 18:00:00,1.63113,1.63116,1.63012,1.6303
2026-05-27 18:15:00,1.63029,1.63039,1.62974,1.63001
2026-05-27 18:30:00,1.63,1.63048,1.62974,1.63039
2026-05-27 18:45:00,1.63042,1.63064,1.6298300000000001,1.62988
2026-05-27 19:00:00,1.62984,1.62994,1.62947,1.62961
2026-05-27 19:15:00,1.62961,1.62961,1.62912,1.62917
2026-05-27 19:30:00,1.6291799999999999,1.62947,1.6291,1.62917
2026-05-27 19:45:00,1.6291600000000002,1.6294,1.62896,1.6293
2026-05-27 20:00:00,1.62933,1.6297000000000001,1.6292900000000001,1.62941
2026-05-27 20:15:00,1.6294300000000002,1.62962,1.62926,1.62946
2026-05-27 20:30:00,1.62946,1.62948,1.62906,1.62942
2026-05-27 20:45:00,1.62942,1.62953,1.62915,1.62953
2026-05-27 21:00:00,1.62953,1.62957,1.62927,1.62935
2026-05-27 21:15:00,1.62935,1.6295199999999999,1.62876,1.62883
2026-05-27 21:30:00,1.62883,1.6291799999999999,1.6288,1.62906
2026-05-27 21:45:00,1.62906,1.62914,1.62887,1.6289500000000001
2026-05-27 22:00:00,1.62896,1.62913,1.62843,1.62851
2026-05-27 22:15:00,1.6284999999999998,1.62899,1.62845,1.62889
2026-05-27 22:30:00,1.62888,1.62896,1.62843,1.6284399999999999
2026-05-27 22:45:00,1.62846,1.62859,1.62816,1.62826
2026-05-27 23:00:00,1.62825,1.6283699999999999,1.6280700000000001,1.62809
2026-05-27 23:15:00,1.62809,1.6282,1.62802,1.62811
2026-05-27 23:30:00,1.6280999999999999,1.62824,1.62804,1.62819
2026-05-27 23:45:00,1.6282,1.62824,1.62771,1.62774
2026-05-28 00:00:00,1.62644,1.6277599999999999,1.62641,1.62752
2026-05-28 00:15:00,1.6277300000000001,1.6284100000000001,1.6274899999999999,1.6283699999999999
2026-05-28 00:30:00,1.62772,1.6284999999999998,1.62756,1.62786
2026-05-28 00:45:00,1.6278700000000002,1.6287500000000001,1.62786,1.62817
2026-05-28 01:00:00,1.62817,1.62854,1.6277599999999999,1.62817
2026-05-28 01:15:00,1.62819,1.62832,1.62797,1.62812
2026-05-28 01:30:00,1.62811,1.6283400000000001,1.62798,1.6280000000000001
2026-05-28 01:45:00,1.62798,1.6280299999999999,1.62771,1.6278000000000001
2026-05-28 02:00:00,1.6278000000000001,1.6278899999999998,1.62772,1.62778
2026-05-28 02:15:00,1.62779,1.6281400000000001,1.62738,1.6278000000000001
2026-05-28 02:30:00,1.62778,1.6284999999999998,1.62768,1.62835
2026-05-28 02:45:00,1.62835,1.62874,1.6282299999999998,1.62867
2026-05-28 03:00:00,1.6286800000000001,1.62958,1.6286800000000001,1.62949
2026-05-28 03:15:00,1.62949,1.62955,1.62881,1.62924
2026-05-28 03:30:00,1.62924,1.6301299999999999,1.62924,1.6298300000000001
2026-05-28 03:45:00,1.62982,1.6299299999999999,1.62939,1.6294300000000002
2026-05-28 04:00:00,1.62944,1.62965,1.62892,1.62958
2026-05-28 04:15:00,1.62958,1.6306,1.62949,1.6304699999999999
2026-05-28 04:30:00,1.63046,1.63144,1.6304400000000001,1.631
2026-05-28 04:45:00,1.63098,1.63116,1.6302400000000001,1.63079
2026-05-28 05:00:00,1.6307800000000001,1.63091,1.6301299999999999,1.63022
2026-05-28 05:15:00,1.63022,1.63042,1.6300599999999998,1.6301
2026-05-28 05:30:00,1.6301299999999999,1.6305100000000001,1.62988,1.63035
2026-05-28 05:45:00,1.63035,1.6308500000000001,1.62982,1.62994
2026-05-28 06:00:00,1.62996,1.63064,1.62927,1.63041
2026-05-28 06:15:00,1.63043,1.6315300000000001,1.6303800000000002,1.6310799999999999
2026-05-28 06:30:00,1.6310799999999999,1.63213,1.63096,1.6319
2026-05-28 06:45:00,1.63192,1.6324999999999998,1.6314,1.63152
2026-05-28 07:00:00,1.63152,1.63242,1.63125,1.6316000000000002
2026-05-28 07:15:00,1.6316000000000002,1.63242,1.6313900000000001,1.63205
2026-05-28 07:30:00,1.63204,1.63239,1.63174,1.6319599999999999
2026-05-28 07:45:00,1.63197,1.6321400000000001,1.63147,1.6316199999999998
2026-05-28 08:00:00,1.63161,1.63222,1.63077,1.63089
2026-05-28 08:15:00,1.63089,1.63109,1.62978,1.62988
2026-05-28 08:30:00,1.6298599999999999,1.6303999999999998,1.62915,1.63032
2026-05-28 08:45:00,1.63034,1.63036,1.62931,1.6299000000000001
2026-05-28 09:00:00,1.6299000000000001,1.63007,1.6293600000000001,1.62948
2026-05-28 09:15:00,1.62948,1.6297899999999998,1.62874,1.62958
2026-05-28 09:30:00,1.62957,1.62996,1.6294499999999998,1.62973
2026-05-28 09:45:00,1.62973,1.63055,1.62946,1.63055
2026-05-28 10:00:00,1.63055,1.63071,1.63001,1.63036
2026-05-28 10:15:00,1.63039,1.6306,1.62961,1.63057
2026-05-28 10:30:00,1.63057,1.6311499999999999,1.63018,1.6308500000000001
2026-05-28 10:45:00,1.63084,1.6308799999999999,1.63034,1.63041
2026-05-28 11:00:00,1.63043,1.63082,1.6301999999999999,1.63073
2026-05-28 11:15:00,1.6307399999999999,1.63164,1.6306500000000002,1.63154
2026-05-28 11:30:00,1.6315499999999998,1.6318000000000001,1.6312600000000002,1.63171
2026-05-28 11:45:00,1.6317,1.63216,1.63137,1.63198
2026-05-28 12:00:00,1.63197,1.63213,1.63145,1.63151
2026-05-28 12:15:00,1.63152,1.63157,1.6307800000000001,1.6310099999999998
2026-05-28 12:30:00,1.6310099999999998,1.63152,1.631,1.63131
2026-05-28 12:45:00,1.63131,1.6315,1.63077,1.63093
2026-05-28 13:00:00,1.63093,1.63123,1.6303999999999998,1.63075
2026-05-28 13:15:00,1.63076,1.6312,1.63043,1.63114
2026-05-28 13:30:00,1.63114,1.63177,1.63102,1.63172
2026-05-28 13:45:00,1.6317,1.63244,1.63114,1.63151
2026-05-28 14:00:00,1.6314899999999999,1.63157,1.63095,1.63133
2026-05-28 14:15:00,1.63133,1.6314899999999999,1.63107,1.63134
2026-05-28 14:30:00,1.63133,1.63152,1.63104,1.63136
2026-05-28 14:45:00,1.63137,1.6326800000000001,1.63133,1.63198
2026-05-28 15:00:00,1.63197,1.63211,1.63159,1.63161
2026-05-28 15:15:00,1.63166,1.6326399999999999,1.63164,1.63247
2026-05-28 15:30:00,1.63244,1.63262,1.6315499999999998,1.63165
2026-05-28 15:45:00,1.63165,1.63195,1.6312,1.63184
2026-05-28 16:00:00,1.6315300000000001,1.63238,1.6311499999999999,1.6322100000000002
2026-05-28 16:15:00,1.6322,1.63239,1.63165,1.63195
2026-05-28 16:30:00,1.63195,1.63258,1.63164,1.6324999999999998
2026-05-28 16:45:00,1.6324999999999998,1.6325699999999999,1.63159,1.63174
2026-05-28 17:00:00,1.63174,1.63185,1.62883,1.62921
2026-05-28 17:15:00,1.62924,1.63073,1.62897,1.62901
2026-05-28 17:30:00,1.629,1.6301999999999999,1.62888,1.62906
2026-05-28 17:45:00,1.6290499999999999,1.63008,1.6289099999999999,1.62937
2026-05-28 18:00:00,1.62937,1.62941,1.62755,1.6277599999999999
2026-05-28 18:15:00,1.62775,1.62797,1.62743,1.62777
2026-05-28 18:30:00,1.62781,1.62798,1.62718,1.62734
2026-05-28 18:45:00,1.6273300000000002,1.62771,1.62718,1.62724
2026-05-28 19:00:00,1.62725,1.62736,1.62646,1.62666
2026-05-28 19:15:00,1.62666,1.62689,1.6261299999999999,1.6262400000000001
2026-05-28 19:30:00,1.62621,1.62696,1.62618,1.62655
2026-05-28 19:45:00,1.62653,1.6268099999999999,1.6261700000000001,1.62618
2026-05-28 20:00:00,1.62618,1.62644,1.62608,1.62642
2026-05-28 20:15:00,1.62641,1.62657,1.6261999999999999,1.6262400000000001
2026-05-28 20:30:00,1.62622,1.6262699999999999,1.62598,1.6260400000000002
2026-05-28 20:45:00,1.62603,1.62635,1.6259000000000001,1.6263100000000001
2026-05-28 21:00:00,1.6263100000000001,1.62637,1.62595,1.62622
2026-05-28 21:15:00,1.62623,1.62648,1.62602,1.62642
2026-05-28 21:30:00,1.62641,1.62656,1.6263100000000001,1.62637
2026-05-28 21:45:00,1.62636,1.62657,1.6259700000000001,1.6261100000000002
2026-05-28 22:00:00,1.62612,1.62626,1.62585,1.62621
2026-05-28 22:15:00,1.62621,1.62622,1.6259000000000001,1.62591
2026-05-28 22:30:00,1.62591,1.62605,1.6257000000000001,1.62596
2026-05-28 22:45:00,1.6259700000000001,1.6263800000000002,1.62592,1.62634
2026-05-28 23:00:00,1.62635,1.62639,1.6259700000000001,1.626
2026-05-28 23:15:00,1.626,1.62626,1.62592,1.6261299999999999
2026-05-28 23:30:00,1.6261299999999999,1.62633,1.6261,1.6261700000000001
2026-05-28 23:45:00,1.62618,1.6265100000000001,1.62614,1.62625
2026-05-29 00:00:00,1.6246,1.62615,1.62435,1.62581
2026-05-29 00:15:00,1.62581,1.6261999999999999,1.62572,1.6261
2026-05-29 00:30:00,1.62595,1.6263,1.62585,1.62614
2026-05-29 00:45:00,1.6261700000000001,1.62682,1.62582,1.62588
2026-05-29 01:00:00,1.62592,1.62653,1.6259000000000001,1.6263999999999998
2026-05-29 01:15:00,1.6263999999999998,1.6265100000000001,1.62635,1.62641
2026-05-29 01:30:00,1.62643,1.6266,1.62632,1.62641
2026-05-29 01:45:00,1.62641,1.6265399999999999,1.62625,1.62644
2026-05-29 02:00:00,1.62644,1.62676,1.62615,1.62635
2026-05-29 02:15:00,1.62634,1.62663,1.62628,1.6265800000000001
2026-05-29 02:30:00,1.6266,1.62679,1.62619,1.62652
2026-05-29 02:45:00,1.62652,1.62697,1.62649,1.6266699999999998
2026-05-29 03:00:00,1.6266699999999998,1.62691,1.62639,1.62671
2026-05-29 03:15:00,1.6267,1.62679,1.62607,1.62644
2026-05-29 03:30:00,1.62644,1.6273900000000001,1.62644,1.6272199999999999
2026-05-29 03:45:00,1.62725,1.62731,1.62675,1.62684
2026-05-29 04:00:00,1.6268500000000001,1.62758,1.62644,1.627
2026-05-29 04:15:00,1.6269900000000002,1.6270099999999998,1.6266,1.62693
2026-05-29 04:30:00,1.62695,1.6270099999999998,1.626,1.62614
2026-05-29 04:45:00,1.6261299999999999,1.6265,1.62595,1.62614
2026-05-29 05:00:00,1.62612,1.62671,1.6259700000000001,1.62671
2026-05-29 05:15:00,1.62671,1.62737,1.6266699999999998,1.62736
2026-05-29 05:30:00,1.62736,1.62736,1.62645,1.62659
2026-05-29 05:45:00,1.6265800000000001,1.62713,1.62612,1.62695
2026-05-29 06:00:00,1.62695,1.62729,1.62668,1.62684
2026-05-29 06:15:00,1.62683,1.6269200000000001,1.6264699999999999,1.6268500000000001
2026-05-29 06:30:00,1.6268500000000001,1.6268799999999999,1.62629,1.62649
2026-05-29 06:45:00,1.62649,1.6267399999999999,1.62639,1.62655
2026-05-29 07:00:00,1.6265399999999999,1.6265399999999999,1.62602,1.62615
2026-05-29 07:15:00,1.62616,1.62622,1.62554,1.62564
2026-05-29 07:30:00,1.62565,1.62565,1.62497,1.62508
2026-05-29 07:45:00,1.62507,1.62515,1.62462,1.62479
2026-05-29 08:00:00,1.6248,1.62485,1.62439,1.62477
2026-05-29 08:15:00,1.62477,1.62497,1.62463,1.62476
2026-05-29 08:30:00,1.62476,1.62496,1.62432,1.6249500000000001
2026-05-29 08:45:00,1.62494,1.6253199999999999,1.62478,1.62519
2026-05-29 09:00:00,1.62521,1.62558,1.6248,1.62533
2026-05-29 09:15:00,1.62534,1.6266699999999998,1.62527,1.6263
2026-05-29 09:30:00,1.6263100000000001,1.62744,1.62601,1.6272600000000002
2026-05-29 09:45:00,1.6272600000000002,1.6275300000000001,1.62684,1.62731
2026-05-29 10:00:00,1.6273300000000002,1.62754,1.62666,1.62671
2026-05-29 10:15:00,1.62671,1.62676,1.6260400000000002,1.6263800000000002
2026-05-29 10:30:00,1.62639,1.62756,1.62602,1.6265
2026-05-29 10:45:00,1.6265100000000001,1.62675,1.6255600000000001,1.62573
2026-05-29 11:00:00,1.62568,1.62643,1.62527,1.62625
2026-05-29 11:15:00,1.62626,1.6265399999999999,1.62583,1.6265
2026-05-29 11:30:00,1.62649,1.62691,1.62636,1.6267399999999999
2026-05-29 11:45:00,1.6267399999999999,1.62691,1.62538,1.6256599999999999
2026-05-29 12:00:00,1.6256300000000001,1.62686,1.62538,1.62618
2026-05-29 12:15:00,1.62618,1.62653,1.62598,1.62632
2026-05-29 12:30:00,1.62632,1.6268799999999999,1.62623,1.62673
2026-05-29 12:45:00,1.62673,1.62716,1.6263999999999998,1.62691
2026-05-29 13:00:00,1.6269200000000001,1.62736,1.62653,1.62717
2026-05-29 13:15:00,1.6271499999999999,1.6272,1.62664,1.62704
2026-05-29 13:30:00,1.62703,1.62723,1.62684,1.62703
2026-05-29 13:45:00,1.62704,1.6272799999999998,1.62635,1.62664
2026-05-29 14:00:00,1.62662,1.6266699999999998,1.6259700000000001,1.62608
2026-05-29 14:15:00,1.62609,1.62625,1.62569,1.6259299999999999
2026-05-29 14:30:00,1.6259299999999999,1.62595,1.62511,1.62523
2026-05-29 14:45:00,1.62523,1.62533,1.62436,1.6244800000000001
2026-05-29 15:00:00,1.6244800000000001,1.62467,1.623,1.6233300000000002
2026-05-29 15:15:00,1.6233300000000002,1.6238899999999998,1.62307,1.62343
2026-05-29 15:30:00,1.6234199999999999,1.62375,1.6232,1.62338
2026-05-29 15:45:00,1.62336,1.62345,1.62256,1.6225800000000001
2026-05-29 16:00:00,1.62259,1.6226,1.62203,1.6223999999999998
2026-05-29 16:15:00,1.6223800000000002,1.62264,1.62169,1.62171
2026-05-29 16:30:00,1.62171,1.6220400000000001,1.6206399999999999,1.62097
2026-05-29 16:45:00,1.6209799999999999,1.6211,1.62008,1.6204
2026-05-29 17:00:00,1.62039,1.6209099999999999,1.6202100000000002,1.6208
2026-05-29 17:15:00,1.62081,1.62164,1.62047,1.62142
2026-05-29 17:30:00,1.62142,1.62259,1.62133,1.62161
2026-05-29 17:45:00,1.6216,1.62325,1.62108,1.62195
2026-05-29 18:00:00,1.62196,1.62263,1.6214300000000001,1.6221700000000001
2026-05-29 18:15:00,1.6221700000000001,1.62381,1.6221299999999998,1.62334
2026-05-29 18:30:00,1.6234199999999999,1.6243400000000001,1.62325,1.62378
