datetime,open,high,low,close
2026-04-30 18:30:00,0.78192,0.78198,0.78138,0.78175
2026-04-30 18:45:00,0.78177,0.78245,0.78177,0.78243
2026-04-30 19:00:00,0.78243,0.78253,0.78193,0.78241
2026-04-30 19:15:00,0.7824,0.78274,0.78234,0.78242
2026-04-30 19:30:00,0.78241,0.78273,0.78234,0.7825
2026-04-30 19:45:00,0.78251,0.78281,0.78242,0.78248
2026-04-30 20:00:00,0.78247,0.78262,0.78205,0.78236
2026-04-30 20:15:00,0.78239,0.78255,0.78194,0.78194
2026-04-30 20:30:00,0.78193,0.78236,0.78159,0.7823
2026-04-30 20:45:00,0.78229,0.78241,0.78211,0.78227
2026-04-30 21:00:00,0.78226,0.7824,0.78192,0.78227
2026-04-30 21:15:00,0.78226,0.78228,0.78158,0.78178
2026-04-30 21:30:00,0.78177,0.78185,0.78132,0.78141
2026-04-30 21:45:00,0.78141,0.78149,0.78096,0.78124
2026-04-30 22:00:00,0.78125,0.78126,0.78053,0.78073
2026-04-30 22:15:00,0.78072,0.78155,0.78071,0.78137
2026-04-30 22:30:00,0.78138,0.78154,0.78108,0.78124
2026-04-30 22:45:00,0.78124,0.78138,0.78112,0.78138
2026-04-30 23:00:00,0.78137,0.78149,0.78104,0.7813
2026-04-30 23:15:00,0.78128,0.78128,0.78109,0.78121
2026-04-30 23:30:00,0.78123,0.78147,0.78098,0.78106
2026-04-30 23:45:00,0.78104,0.78121,0.78077,0.7808
2026-05-01 00:00:00,0.78062,0.78216,0.78062,0.78132
2026-05-01 00:15:00,0.78127,0.78138,0.78035,0.78078
2026-05-01 00:30:00,0.78062,0.78107,0.78036,0.78104
2026-05-01 00:45:00,0.78102,0.78117,0.78022,0.78043
2026-05-01 01:00:00,0.78086,0.7817,0.78054,0.7817
2026-05-01 01:15:00,0.78168,0.78168,0.78152,0.78157
2026-05-01 01:30:00,0.78157,0.78168,0.78147,0.78156
2026-05-01 01:45:00,0.78155,0.7816,0.78138,0.7814
2026-05-01 02:00:00,0.78138,0.78146,0.7813,0.78141
2026-05-01 02:15:00,0.7814,0.78141,0.78126,0.78134
2026-05-01 02:30:00,0.78133,0.78153,0.7813,0.78152
2026-05-01 02:45:00,0.78152,0.78168,0.78147,0.78165
2026-05-01 03:00:00,0.78164,0.78173,0.78133,0.7816
2026-05-01 03:15:00,0.78161,0.78175,0.78152,0.78167
2026-05-01 03:30:00,0.78166,0.78172,0.78139,0.78149
2026-05-01 03:45:00,0.78149,0.78172,0.78134,0.78158
2026-05-01 04:00:00,0.78159,0.78191,0.78157,0.78175
2026-05-01 04:15:00,0.78176,0.78191,0.78155,0.78162
2026-05-01 04:30:00,0.78163,0.78164,0.78136,0.78159
2026-05-01 04:45:00,0.7816,0.78167,0.7814,0.78152
2026-05-01 05:00:00,0.7815,0.78158,0.78118,0.78137
2026-05-01 05:15:00,0.78138,0.78144,0.78119,0.78139
2026-05-01 05:30:00,0.78139,0.78159,0.78132,0.78154
2026-05-01 05:45:00,0.78155,0.78171,0.78136,0.78139
2026-05-01 06:00:00,0.78138,0.7815,0.78135,0.78135
2026-05-01 06:15:00,0.78135,0.78141,0.78118,0.78127
2026-05-01 06:30:00,0.78128,0.78144,0.7811,0.78142
2026-05-01 06:45:00,0.78143,0.78156,0.78136,0.78152
2026-05-01 07:00:00,0.78151,0.78177,0.78146,0.7817
2026-05-01 07:15:00,0.78171,0.78202,0.78166,0.78202
2026-05-01 07:30:00,0.78201,0.78203,0.78189,0.78198
2026-05-01 07:45:00,0.78198,0.78224,0.78197,0.78214
2026-05-01 08:00:00,0.78215,0.78237,0.78215,0.78233
2026-05-01 08:15:00,0.78234,0.78252,0.78228,0.78251
2026-05-01 08:30:00,0.78252,0.78252,0.78236,0.78244
2026-05-01 08:45:00,0.78248,0.78275,0.78243,0.78263
2026-05-01 09:00:00,0.78261,0.78268,0.78239,0.78263
2026-05-01 09:15:00,0.78263,0.78293,0.78261,0.78283
2026-05-01 09:30:00,0.78285,0.78301,0.78257,0.78257
2026-05-01 09:45:00,0.78256,0.78257,0.77958,0.78086
2026-05-01 10:00:00,0.78087,0.78181,0.78087,0.78155
2026-05-01 10:15:00,0.78154,0.78183,0.78097,0.78099
2026-05-01 10:30:00,0.78098,0.78157,0.78097,0.78143
2026-05-01 10:45:00,0.78144,0.78204,0.78127,0.78177
2026-05-01 11:00:00,0.78178,0.78204,0.7815,0.78201
2026-05-01 11:15:00,0.782,0.78203,0.78073,0.78091
2026-05-01 11:30:00,0.78092,0.78147,0.78068,0.78118
2026-05-01 11:45:00,0.78119,0.78145,0.78086,0.78086
2026-05-01 12:00:00,0.78085,0.78152,0.78079,0.78146
2026-05-01 12:15:00,0.78146,0.78186,0.78126,0.78172
2026-05-01 12:30:00,0.78173,0.78176,0.78125,0.78133
2026-05-01 12:45:00,0.78139,0.78151,0.7811,0.78146
2026-05-01 13:00:00,0.78145,0.78168,0.78101,0.78107
2026-05-01 13:15:00,0.78108,0.78113,0.78067,0.7808
2026-05-01 13:30:00,0.78081,0.78112,0.78073,0.78106
2026-05-01 13:45:00,0.78107,0.78108,0.78063,0.78074
2026-05-01 14:00:00,0.7807,0.78085,0.78047,0.78058
2026-05-01 14:15:00,0.78059,0.78065,0.77986,0.78009
2026-05-01 14:30:00,0.7801,0.78073,0.78001,0.7807
2026-05-01 14:45:00,0.7807,0.78077,0.78041,0.78045
2026-05-01 15:00:00,0.7804,0.78076,0.77964,0.77986
2026-05-01 15:15:00,0.77987,0.77991,0.77882,0.77937
2026-05-01 15:30:00,0.77939,0.77999,0.7793,0.77994
2026-05-01 15:45:00,0.77993,0.78033,0.7798,0.78016
2026-05-01 16:00:00,0.78018,0.7805,0.77986,0.78042
2026-05-01 16:15:00,0.78041,0.78056,0.78016,0.78048
2026-05-01 16:30:00,0.78047,0.78067,0.78015,0.78043
2026-05-01 16:45:00,0.78043,0.78142,0.7796,0.77961
2026-05-01 17:00:00,0.77959,0.77988,0.77795,0.77834
2026-05-01 17:15:00,0.77833,0.77868,0.77788,0.77828
2026-05-01 17:30:00,0.77827,0.77939,0.77824,0.77916
2026-05-01 17:45:00,0.77914,0.7796,0.77875,0.77879
2026-05-01 18:00:00,0.7788,0.77929,0.77874,0.77891
2026-05-01 18:15:00,0.7789,0.77946,0.77878,0.77932
2026-05-01 18:30:00,0.77931,0.77943,0.77892,0.7792
2026-05-01 18:45:00,0.77921,0.78,0.77898,0.77953
2026-05-01 19:00:00,0.77959,0.77967,0.77933,0.77943
2026-05-01 19:15:00,0.77944,0.77995,0.77921,0.77987
2026-05-01 19:30:00,0.77988,0.78022,0.77978,0.78005
2026-05-01 19:45:00,0.78006,0.78055,0.78002,0.78052
2026-05-01 20:00:00,0.78053,0.78065,0.78033,0.78048
2026-05-01 20:15:00,0.78047,0.78074,0.78036,0.78063
2026-05-01 20:30:00,0.78064,0.78106,0.78062,0.78104
2026-05-01 20:45:00,0.78104,0.78109,0.7805,0.78082
2026-05-01 21:00:00,0.78081,0.78127,0.78072,0.78125
2026-05-01 21:15:00,0.78125,0.78147,0.78102,0.78121
2026-05-01 21:30:00,0.78122,0.78151,0.78105,0.78119
2026-05-01 21:45:00,0.7812,0.78124,0.78099,0.78113
2026-05-01 22:00:00,0.78112,0.78139,0.7811,0.78132
2026-05-01 22:15:00,0.78131,0.78144,0.78124,0.78143
2026-05-01 22:30:00,0.78144,0.78165,0.7814,0.78165
2026-05-01 22:45:00,0.78164,0.78181,0.78156,0.78165
2026-05-01 23:00:00,0.78164,0.78167,0.78151,0.78163
2026-05-01 23:15:00,0.78163,0.78176,0.78161,0.78174
2026-05-01 23:30:00,0.78173,0.78182,0.78125,0.78125
2026-05-01 23:45:00,0.78126,0.7818,0.78121,0.78129
2026-05-04 00:00:00,0.77862,0.77918,0.77862,0.77914
2026-05-04 00:15:00,0.77901,0.77927,0.77881,0.77884
2026-05-04 00:30:00,0.77885,0.77907,0.77782,0.77878
2026-05-04 00:45:00,0.77878,0.77948,0.77849,0.77921
2026-05-04 01:00:00,0.77968,0.78097,0.77968,0.78064
2026-05-04 01:15:00,0.78065,0.78129,0.78065,0.78096
2026-05-04 01:30:00,0.78097,0.78099,0.7806,0.78067
2026-05-04 01:45:00,0.78063,0.78092,0.78062,0.78075
2026-05-04 02:00:00,0.78074,0.78094,0.78074,0.78088
2026-05-04 02:15:00,0.78089,0.78096,0.78086,0.78091
2026-05-04 02:30:00,0.78092,0.78116,0.78079,0.78116
2026-05-04 02:45:00,0.78117,0.78129,0.78094,0.78123
2026-05-04 03:00:00,0.78122,0.78141,0.78098,0.78122
2026-05-04 03:15:00,0.78121,0.78173,0.78114,0.78152
2026-05-04 03:30:00,0.7815,0.78152,0.78123,0.78139
2026-05-04 03:45:00,0.78139,0.78149,0.7809,0.78091
2026-05-04 04:00:00,0.7809,0.78171,0.78088,0.78151
2026-05-04 04:15:00,0.78146,0.78174,0.78094,0.78166
2026-05-04 04:30:00,0.78167,0.7818,0.7813,0.78132
2026-05-04 04:45:00,0.78132,0.78152,0.78119,0.78121
2026-05-04 05:00:00,0.7812,0.78134,0.78099,0.78104
2026-05-04 05:15:00,0.78107,0.78139,0.78107,0.78136
2026-05-04 05:30:00,0.78137,0.78137,0.78099,0.78115
2026-05-04 05:45:00,0.78116,0.7812,0.78093,0.78094
2026-05-04 06:00:00,0.78096,0.78121,0.78092,0.78106
2026-05-04 06:15:00,0.78107,0.78112,0.78099,0.7811
2026-05-04 06:30:00,0.7811,0.78131,0.78108,0.78117
2026-05-04 06:45:00,0.78109,0.78113,0.77994,0.78025
2026-05-04 07:00:00,0.78024,0.78053,0.78019,0.78051
2026-05-04 07:15:00,0.78052,0.78086,0.78045,0.78084
2026-05-04 07:30:00,0.78079,0.78102,0.78077,0.781
2026-05-04 07:45:00,0.78102,0.78103,0.7809,0.7809
2026-05-04 08:00:00,0.78091,0.78102,0.78065,0.78094
2026-05-04 08:15:00,0.78093,0.78111,0.78056,0.78105
2026-05-04 08:30:00,0.78102,0.78109,0.78078,0.78092
2026-05-04 08:45:00,0.78091,0.78094,0.78068,0.78078
2026-05-04 09:00:00,0.78076,0.78084,0.78057,0.78066
2026-05-04 09:15:00,0.78065,0.78073,0.78042,0.78067
2026-05-04 09:30:00,0.78069,0.78124,0.78058,0.7811
2026-05-04 09:45:00,0.78111,0.78161,0.78097,0.78127
2026-05-04 10:00:00,0.78128,0.78173,0.78119,0.78156
2026-05-04 10:15:00,0.78155,0.78232,0.78146,0.78229
2026-05-04 10:30:00,0.7823,0.78267,0.78198,0.78267
2026-05-04 10:45:00,0.78266,0.78303,0.78244,0.78275
2026-05-04 11:00:00,0.78276,0.78333,0.78275,0.7831
2026-05-04 11:15:00,0.78311,0.7833,0.78288,0.78317
2026-05-04 11:30:00,0.78318,0.78321,0.78254,0.78272
2026-05-04 11:45:00,0.78273,0.78279,0.7823,0.78246
2026-05-04 12:00:00,0.78245,0.78279,0.78206,0.78256
2026-05-04 12:15:00,0.78255,0.78292,0.78235,0.78262
2026-05-04 12:30:00,0.78263,0.7828,0.7824,0.78263
2026-05-04 12:45:00,0.78262,0.78313,0.78258,0.78305
2026-05-04 13:00:00,0.78306,0.78436,0.78303,0.78414
2026-05-04 13:15:00,0.78413,0.78468,0.7837,0.78373
2026-05-04 13:30:00,0.78374,0.78375,0.78289,0.78336
2026-05-04 13:45:00,0.78336,0.78384,0.78317,0.78374
2026-05-04 14:00:00,0.78375,0.78424,0.78341,0.7842
2026-05-04 14:15:00,0.78419,0.78425,0.78367,0.78393
2026-05-04 14:30:00,0.78394,0.78448,0.78391,0.78418
2026-05-04 14:45:00,0.78419,0.7844,0.78407,0.78427
2026-05-04 15:00:00,0.78426,0.78431,0.78392,0.78398
2026-05-04 15:15:00,0.78397,0.78403,0.78326,0.78332
2026-05-04 15:30:00,0.78333,0.78339,0.78288,0.7831
2026-05-04 15:45:00,0.78309,0.78327,0.78291,0.78317
2026-05-04 16:00:00,0.78318,0.78357,0.78239,0.78287
2026-05-04 16:15:00,0.78288,0.78308,0.78251,0.78263
2026-05-04 16:30:00,0.78258,0.78288,0.78235,0.7826
2026-05-04 16:45:00,0.7826,0.78271,0.78229,0.78259
2026-05-04 17:00:00,0.78258,0.78315,0.78258,0.7828
2026-05-04 17:15:00,0.78278,0.78285,0.78221,0.78236
2026-05-04 17:30:00,0.78236,0.78287,0.7822,0.78286
2026-05-04 17:45:00,0.78285,0.78302,0.78245,0.78257
2026-05-04 18:00:00,0.78259,0.78276,0.78213,0.78234
2026-05-04 18:15:00,0.78233,0.78338,0.78198,0.78298
2026-05-04 18:30:00,0.78297,0.78339,0.78279,0.78318
2026-05-04 18:45:00,0.78319,0.78383,0.78302,0.78346
2026-05-04 19:00:00,0.78347,0.78427,0.78316,0.78424
2026-05-04 19:15:00,0.78424,0.78434,0.78342,0.78396
2026-05-04 19:30:00,0.784,0.78444,0.78393,0.78439
2026-05-04 19:45:00,0.78442,0.78474,0.78429,0.78464
2026-05-04 20:00:00,0.78465,0.78472,0.78406,0.78417
2026-05-04 20:15:00,0.78417,0.78417,0.78337,0.78342
2026-05-04 20:30:00,0.78343,0.78371,0.7833,0.78354
2026-05-04 20:45:00,0.78353,0.78366,0.78341,0.78356
2026-05-04 21:00:00,0.78358,0.78363,0.78323,0.78342
2026-05-04 21:15:00,0.78343,0.78378,0.78342,0.7836
2026-05-04 21:30:00,0.78356,0.78374,0.78351,0.78373
2026-05-04 21:45:00,0.78372,0.78395,0.78313,0.78317
2026-05-04 22:00:00,0.78319,0.78356,0.78301,0.78335
2026-05-04 22:15:00,0.78334,0.78348,0.7831,0.78337
2026-05-04 22:30:00,0.78337,0.78348,0.78323,0.78343
2026-05-04 22:45:00,0.78344,0.7837,0.78341,0.78362
2026-05-04 23:00:00,0.78363,0.78399,0.78362,0.78399
2026-05-04 23:15:00,0.78398,0.78429,0.78398,0.78409
2026-05-04 23:30:00,0.78408,0.78414,0.78361,0.78364
2026-05-04 23:45:00,0.78365,0.78396,0.78327,0.78339
2026-05-05 00:00:00,0.78216,0.78394,0.78216,0.78391
2026-05-05 00:15:00,0.78389,0.7839,0.78313,0.78358
2026-05-05 00:30:00,0.78354,0.7836,0.78325,0.78345
2026-05-05 00:45:00,0.78344,0.78358,0.78297,0.78318
2026-05-05 01:00:00,0.78312,0.78414,0.78312,0.78407
2026-05-05 01:15:00,0.78406,0.78415,0.78387,0.78389
2026-05-05 01:30:00,0.7839,0.78395,0.78382,0.78392
2026-05-05 01:45:00,0.78392,0.78405,0.78391,0.78405
2026-05-05 02:00:00,0.78404,0.78407,0.78397,0.78405
2026-05-05 02:15:00,0.78405,0.78405,0.78394,0.78399
2026-05-05 02:30:00,0.78398,0.78405,0.78393,0.78399
2026-05-05 02:45:00,0.784,0.78404,0.78393,0.784
2026-05-05 03:00:00,0.784,0.78406,0.78378,0.78398
2026-05-05 03:15:00,0.78397,0.78445,0.78397,0.78434
2026-05-05 03:30:00,0.78435,0.78454,0.78433,0.78438
2026-05-05 03:45:00,0.78434,0.78439,0.78408,0.78438
2026-05-05 04:00:00,0.78438,0.78454,0.78421,0.78432
2026-05-05 04:15:00,0.78434,0.78455,0.78422,0.78445
2026-05-05 04:30:00,0.78444,0.78449,0.78392,0.78421
2026-05-05 04:45:00,0.78421,0.78427,0.78402,0.78409
2026-05-05 05:00:00,0.78408,0.78419,0.78402,0.78415
2026-05-05 05:15:00,0.78414,0.78419,0.78384,0.78388
2026-05-05 05:30:00,0.78387,0.784,0.78378,0.78382
2026-05-05 05:45:00,0.78383,0.78418,0.78381,0.78414
2026-05-05 06:00:00,0.78415,0.78423,0.78408,0.78408
2026-05-05 06:15:00,0.78408,0.78408,0.78394,0.78399
2026-05-05 06:30:00,0.784,0.78417,0.78399,0.78411
2026-05-05 06:45:00,0.78411,0.78419,0.78399,0.78416
2026-05-05 07:00:00,0.78417,0.78418,0.784,0.78404
2026-05-05 07:15:00,0.78403,0.78405,0.78394,0.78397
2026-05-05 07:30:00,0.78399,0.78428,0.78396,0.78423
2026-05-05 07:45:00,0.78424,0.78472,0.78422,0.78468
2026-05-05 08:00:00,0.7847,0.7848,0.78451,0.78455
2026-05-05 08:15:00,0.78456,0.78464,0.78426,0.78441
2026-05-05 08:30:00,0.78442,0.78451,0.78397,0.78407
2026-05-05 08:45:00,0.78408,0.78435,0.78405,0.78427
2026-05-05 09:00:00,0.78432,0.78435,0.78404,0.78412
2026-05-05 09:15:00,0.78413,0.78452,0.78405,0.78408
2026-05-05 09:30:00,0.78427,0.78451,0.78408,0.78422
2026-05-05 09:45:00,0.78422,0.78434,0.78401,0.78417
2026-05-05 10:00:00,0.78415,0.78423,0.7836,0.78379
2026-05-05 10:15:00,0.78381,0.78392,0.78345,0.78391
2026-05-05 10:30:00,0.78388,0.78389,0.78305,0.78338
2026-05-05 10:45:00,0.78339,0.78358,0.78331,0.7835
2026-05-05 11:00:00,0.78351,0.78351,0.78291,0.78313
2026-05-05 11:15:00,0.78312,0.78317,0.7828,0.7831
2026-05-05 11:30:00,0.78311,0.78345,0.78296,0.78332
2026-05-05 11:45:00,0.78333,0.78352,0.78316,0.78343
2026-05-05 12:00:00,0.78344,0.78382,0.78334,0.7836
2026-05-05 12:15:00,0.78359,0.7839,0.78354,0.78362
2026-05-05 12:30:00,0.78361,0.7837,0.78327,0.7835
2026-05-05 12:45:00,0.78351,0.78365,0.78314,0.78315
2026-05-05 13:00:00,0.78316,0.78327,0.78298,0.78305
2026-05-05 13:15:00,0.78306,0.78311,0.78268,0.78276
2026-05-05 13:30:00,0.78278,0.78318,0.78242,0.78311
2026-05-05 13:45:00,0.78312,0.78335,0.7831,0.78314
2026-05-05 14:00:00,0.78314,0.78388,0.7831,0.78381
2026-05-05 14:15:00,0.78383,0.78408,0.78334,0.78343
2026-05-05 14:30:00,0.78344,0.78382,0.78331,0.7838
2026-05-05 14:45:00,0.78379,0.784,0.78354,0.78366
2026-05-05 15:00:00,0.78368,0.78421,0.78348,0.78375
2026-05-05 15:15:00,0.78374,0.78374,0.7831,0.78327
2026-05-05 15:30:00,0.78328,0.78383,0.78312,0.78371
2026-05-05 15:45:00,0.78371,0.78378,0.78355,0.78363
2026-05-05 16:00:00,0.78364,0.78365,0.78259,0.78283
2026-05-05 16:15:00,0.78282,0.78314,0.78259,0.78314
2026-05-05 16:30:00,0.78313,0.78344,0.78302,0.78337
2026-05-05 16:45:00,0.78336,0.78343,0.78287,0.78287
2026-05-05 17:00:00,0.78269,0.78344,0.78248,0.78319
2026-05-05 17:15:00,0.78317,0.78365,0.78249,0.7826
2026-05-05 17:30:00,0.78259,0.78281,0.78227,0.78239
2026-05-05 17:45:00,0.78239,0.78256,0.78167,0.78167
2026-05-05 18:00:00,0.78167,0.78188,0.78147,0.78185
2026-05-05 18:15:00,0.78184,0.78208,0.78165,0.78185
2026-05-05 18:30:00,0.78186,0.78196,0.78128,0.78142
2026-05-05 18:45:00,0.78141,0.78221,0.78129,0.78219
2026-05-05 19:00:00,0.78218,0.78249,0.78196,0.78248
2026-05-05 19:15:00,0.78247,0.78276,0.78233,0.78262
2026-05-05 19:30:00,0.78261,0.78288,0.78242,0.78245
2026-05-05 19:45:00,0.78246,0.7829,0.78244,0.78287
2026-05-05 20:00:00,0.78286,0.78315,0.78268,0.78301
2026-05-05 20:15:00,0.78301,0.78302,0.78278,0.78282
2026-05-05 20:30:00,0.78282,0.78284,0.78239,0.78264
2026-05-05 20:45:00,0.78263,0.78285,0.78256,0.78273
2026-05-05 21:00:00,0.78274,0.7828,0.78254,0.78274
2026-05-05 21:15:00,0.78274,0.78278,0.7826,0.78263
2026-05-05 21:30:00,0.78264,0.78291,0.78261,0.78277
2026-05-05 21:45:00,0.78278,0.7828,0.78254,0.78269
2026-05-05 22:00:00,0.78265,0.78288,0.7826,0.78282
2026-05-05 22:15:00,0.78283,0.78302,0.7828,0.78298
2026-05-05 22:30:00,0.78299,0.78305,0.78292,0.78304
2026-05-05 22:45:00,0.78302,0.78316,0.78296,0.78307
2026-05-05 23:00:00,0.78308,0.78315,0.78284,0.7829
2026-05-05 23:15:00,0.78293,0.78298,0.78286,0.78291
2026-05-05 23:30:00,0.78291,0.7831,0.78274,0.78281
2026-05-05 23:45:00,0.7828,0.7828,0.78258,0.78259
2026-05-06 00:00:00,0.78078,0.78276,0.78078,0.78236
2026-05-06 00:15:00,0.78261,0.78276,0.78232,0.78262
2026-05-06 00:30:00,0.78257,0.7828,0.7824,0.7827
2026-05-06 00:45:00,0.7827,0.78285,0.78247,0.78267
2026-05-06 01:00:00,0.7826,0.78318,0.78251,0.78316
2026-05-06 01:15:00,0.78317,0.78329,0.78316,0.78322
2026-05-06 01:30:00,0.78321,0.78324,0.78303,0.7831
2026-05-06 01:45:00,0.78309,0.78316,0.78175,0.78214
2026-05-06 02:00:00,0.78213,0.78215,0.78098,0.78104
2026-05-06 02:15:00,0.78103,0.7814,0.78079,0.7814
2026-05-06 02:30:00,0.78141,0.78148,0.78118,0.78148
2026-05-06 02:45:00,0.78149,0.7815,0.78131,0.7814
2026-05-06 03:00:00,0.78138,0.78177,0.78133,0.7817
2026-05-06 03:15:00,0.78169,0.78192,0.78135,0.7817
2026-05-06 03:30:00,0.78169,0.78178,0.7812,0.78135
2026-05-06 03:45:00,0.78136,0.78151,0.78114,0.78125
2026-05-06 04:00:00,0.78126,0.78151,0.78116,0.78136
2026-05-06 04:15:00,0.78137,0.78148,0.78103,0.78117
2026-05-06 04:30:00,0.78117,0.78143,0.78112,0.78114
2026-05-06 04:45:00,0.78114,0.78139,0.78097,0.78137
2026-05-06 05:00:00,0.78138,0.78139,0.78117,0.7813
2026-05-06 05:15:00,0.78129,0.78158,0.78126,0.78156
2026-05-06 05:30:00,0.78157,0.78179,0.7815,0.78176
2026-05-06 05:45:00,0.78177,0.78189,0.78163,0.78172
2026-05-06 06:00:00,0.78171,0.78175,0.7813,0.78142
2026-05-06 06:15:00,0.78143,0.78158,0.78137,0.78145
2026-05-06 06:30:00,0.78146,0.78166,0.78126,0.78143
2026-05-06 06:45:00,0.78143,0.78168,0.78139,0.78158
2026-05-06 07:00:00,0.78157,0.78166,0.78153,0.78155
2026-05-06 07:15:00,0.78154,0.7816,0.78061,0.78064
2026-05-06 07:30:00,0.78063,0.78079,0.77981,0.77995
2026-05-06 07:45:00,0.77996,0.78014,0.77882,0.77954
2026-05-06 08:00:00,0.77956,0.77991,0.77939,0.7799
2026-05-06 08:15:00,0.77992,0.78037,0.77992,0.78012
2026-05-06 08:30:00,0.78011,0.78027,0.78006,0.78015
2026-05-06 08:45:00,0.78017,0.78026,0.78001,0.78008
2026-05-06 09:00:00,0.78007,0.7804,0.77989,0.78023
2026-05-06 09:15:00,0.78023,0.78037,0.78005,0.78025
2026-05-06 09:30:00,0.78026,0.78077,0.78023,0.78056
2026-05-06 09:45:00,0.78054,0.78066,0.78017,0.78046
2026-05-06 10:00:00,0.78045,0.78129,0.78031,0.78122
2026-05-06 10:15:00,0.78123,0.78153,0.78081,0.78128
2026-05-06 10:30:00,0.78129,0.78197,0.78128,0.78145
2026-05-06 10:45:00,0.78146,0.78146,0.77967,0.77974
2026-05-06 11:00:00,0.77977,0.7808,0.7796,0.7807
2026-05-06 11:15:00,0.78072,0.78078,0.78028,0.78032
2026-05-06 11:30:00,0.78031,0.78032,0.77969,0.77984
2026-05-06 11:45:00,0.77985,0.77986,0.77816,0.77882
2026-05-06 12:00:00,0.77884,0.77994,0.77868,0.77986
2026-05-06 12:15:00,0.77986,0.77993,0.77935,0.77969
2026-05-06 12:30:00,0.77968,0.7798,0.77897,0.77942
2026-05-06 12:45:00,0.77941,0.77946,0.77879,0.77881
2026-05-06 13:00:00,0.77883,0.77912,0.77861,0.7791
2026-05-06 13:15:00,0.77909,0.77941,0.77887,0.77904
2026-05-06 13:30:00,0.77903,0.77903,0.77818,0.77828
2026-05-06 13:45:00,0.77826,0.77828,0.77709,0.77751
2026-05-06 14:00:00,0.77755,0.77833,0.77738,0.77819
2026-05-06 14:15:00,0.77821,0.77825,0.77753,0.77793
2026-05-06 14:30:00,0.77792,0.77847,0.77754,0.77831
2026-05-06 14:45:00,0.7783,0.77872,0.77825,0.77847
2026-05-06 15:00:00,0.77846,0.77964,0.77846,0.77902
2026-05-06 15:15:00,0.77903,0.77965,0.77883,0.77891
2026-05-06 15:30:00,0.7789,0.77916,0.77861,0.77885
2026-05-06 15:45:00,0.77886,0.77946,0.77883,0.77927
2026-05-06 16:00:00,0.77928,0.77988,0.77901,0.77952
2026-05-06 16:15:00,0.77951,0.77986,0.77933,0.77979
2026-05-06 16:30:00,0.77983,0.78001,0.77933,0.77986
2026-05-06 16:45:00,0.77984,0.77999,0.77959,0.77981
2026-05-06 17:00:00,0.77982,0.78038,0.77975,0.78009
2026-05-06 17:15:00,0.7801,0.78022,0.77974,0.78002
2026-05-06 17:30:00,0.78001,0.78006,0.77876,0.77878
2026-05-06 17:45:00,0.77879,0.77926,0.7786,0.77904
2026-05-06 18:00:00,0.77904,0.77944,0.77899,0.77936
2026-05-06 18:15:00,0.77935,0.7794,0.77908,0.77919
2026-05-06 18:30:00,0.77919,0.77932,0.77891,0.77915
2026-05-06 18:45:00,0.77917,0.77937,0.77876,0.77933
2026-05-06 19:00:00,0.77936,0.77971,0.77928,0.77963
2026-05-06 19:15:00,0.77964,0.77973,0.77942,0.77958
2026-05-06 19:30:00,0.77957,0.77957,0.77936,0.77947
2026-05-06 19:45:00,0.77948,0.77992,0.77939,0.77972
2026-05-06 20:00:00,0.77974,0.77981,0.77904,0.7791
2026-05-06 20:15:00,0.7791,0.77914,0.77877,0.77887
2026-05-06 20:30:00,0.77886,0.77927,0.77886,0.77919
2026-05-06 20:45:00,0.77917,0.77932,0.77912,0.77918
2026-05-06 21:00:00,0.77917,0.77917,0.77883,0.77909
2026-05-06 21:15:00,0.7791,0.7791,0.7789,0.77905
2026-05-06 21:30:00,0.77904,0.77904,0.77871,0.77878
2026-05-06 21:45:00,0.77879,0.77888,0.7784,0.77854
2026-05-06 22:00:00,0.77855,0.77862,0.77826,0.77848
2026-05-06 22:15:00,0.77847,0.7786,0.77834,0.77859
2026-05-06 22:30:00,0.7786,0.77872,0.77852,0.77871
2026-05-06 22:45:00,0.77872,0.77873,0.77847,0.77864
2026-05-06 23:00:00,0.77863,0.77874,0.77852,0.77856
2026-05-06 23:15:00,0.77856,0.77871,0.77851,0.7787
2026-05-06 23:30:00,0.77869,0.77895,0.77851,0.77856
2026-05-06 23:45:00,0.77855,0.77857,0.77822,0.77826
2026-05-07 00:00:00,0.77707,0.77848,0.77707,0.77847
2026-05-07 00:15:00,0.77848,0.77865,0.77776,0.77776
2026-05-07 00:30:00,0.77776,0.77834,0.77775,0.77803
2026-05-07 00:45:00,0.77804,0.77817,0.77798,0.77815
2026-05-07 01:00:00,0.77825,0.77859,0.77803,0.77849
2026-05-07 01:15:00,0.77848,0.7786,0.77848,0.77856
2026-05-07 01:30:00,0.77855,0.77859,0.7784,0.77846
2026-05-07 01:45:00,0.77846,0.77859,0.77841,0.77854
2026-05-07 02:00:00,0.77856,0.77858,0.77846,0.77857
2026-05-07 02:15:00,0.77857,0.77873,0.77855,0.77865
2026-05-07 02:30:00,0.77866,0.77873,0.77863,0.77867
2026-05-07 02:45:00,0.77868,0.77892,0.77861,0.77884
2026-05-07 03:00:00,0.77888,0.77911,0.7785,0.7785
2026-05-07 03:15:00,0.77851,0.77911,0.77851,0.77908
2026-05-07 03:30:00,0.77909,0.77929,0.77895,0.77912
2026-05-07 03:45:00,0.77913,0.77923,0.77901,0.77902
2026-05-07 04:00:00,0.77903,0.77923,0.77841,0.77857
2026-05-07 04:15:00,0.77857,0.7786,0.77828,0.77834
2026-05-07 04:30:00,0.77835,0.77843,0.77788,0.7779
2026-05-07 04:45:00,0.77791,0.77821,0.77779,0.77817
2026-05-07 05:00:00,0.77819,0.77865,0.7781,0.77863
2026-05-07 05:15:00,0.77862,0.77878,0.77851,0.77869
2026-05-07 05:30:00,0.77869,0.77878,0.77854,0.77861
2026-05-07 05:45:00,0.77862,0.77876,0.77855,0.77858
2026-05-07 06:00:00,0.7786,0.77893,0.7786,0.77889
2026-05-07 06:15:00,0.77888,0.77891,0.77865,0.7788
2026-05-07 06:30:00,0.77881,0.77907,0.77875,0.77898
2026-05-07 06:45:00,0.77898,0.77915,0.77896,0.77913
2026-05-07 07:00:00,0.77914,0.77927,0.77904,0.77908
2026-05-07 07:15:00,0.77907,0.77909,0.77884,0.7789
2026-05-07 07:30:00,0.77891,0.77893,0.77872,0.77879
2026-05-07 07:45:00,0.7788,0.779,0.77877,0.77895
2026-05-07 08:00:00,0.77895,0.77903,0.77881,0.7789
2026-05-07 08:15:00,0.77892,0.77907,0.77889,0.77894
2026-05-07 08:30:00,0.77893,0.77893,0.7787,0.77882
2026-05-07 08:45:00,0.77883,0.77904,0.77882,0.77896
2026-05-07 09:00:00,0.77895,0.77903,0.7788,0.77902
2026-05-07 09:15:00,0.77901,0.77917,0.77884,0.77916
2026-05-07 09:30:00,0.77917,0.77926,0.77804,0.77808
2026-05-07 09:45:00,0.77809,0.77897,0.77808,0.77844
2026-05-07 10:00:00,0.77845,0.77868,0.7775,0.77752
2026-05-07 10:15:00,0.77753,0.77806,0.77745,0.77789
2026-05-07 10:30:00,0.77788,0.7779,0.77746,0.77779
2026-05-07 10:45:00,0.77778,0.77813,0.77757,0.7776
2026-05-07 11:00:00,0.77759,0.77785,0.77754,0.77766
2026-05-07 11:15:00,0.77765,0.77795,0.77731,0.77738
2026-05-07 11:30:00,0.77734,0.77767,0.77721,0.77763
2026-05-07 11:45:00,0.77764,0.77777,0.77736,0.77753
2026-05-07 12:00:00,0.77756,0.77787,0.77742,0.77766
2026-05-07 12:15:00,0.77765,0.77785,0.77753,0.77771
2026-05-07 12:30:00,0.77772,0.77773,0.77721,0.77729
2026-05-07 12:45:00,0.77727,0.77754,0.77722,0.77744
2026-05-07 13:00:00,0.77745,0.77771,0.77717,0.77731
2026-05-07 13:15:00,0.77732,0.77746,0.77715,0.77725
2026-05-07 13:30:00,0.77724,0.77745,0.77711,0.77729
2026-05-07 13:45:00,0.77731,0.77792,0.77727,0.77786
2026-05-07 14:00:00,0.77781,0.77788,0.77756,0.77787
2026-05-07 14:15:00,0.77788,0.778,0.77771,0.77791
2026-05-07 14:30:00,0.7779,0.77801,0.77775,0.77793
2026-05-07 14:45:00,0.77789,0.7783,0.77787,0.77789
2026-05-07 15:00:00,0.77787,0.77813,0.77752,0.7776
2026-05-07 15:15:00,0.77759,0.77778,0.77741,0.77745
2026-05-07 15:30:00,0.77744,0.77761,0.77723,0.77729
2026-05-07 15:45:00,0.77728,0.77754,0.7769,0.77726
2026-05-07 16:00:00,0.77727,0.77747,0.77715,0.77728
2026-05-07 16:15:00,0.77727,0.77735,0.77667,0.77676
2026-05-07 16:30:00,0.77677,0.77731,0.77668,0.77696
2026-05-07 16:45:00,0.77695,0.77747,0.77688,0.77709
2026-05-07 17:00:00,0.77709,0.7776,0.77702,0.77717
2026-05-07 17:15:00,0.77718,0.77756,0.77687,0.77719
2026-05-07 17:30:00,0.7772,0.7776,0.77702,0.77734
2026-05-07 17:45:00,0.77736,0.77738,0.77656,0.77665
2026-05-07 18:00:00,0.77664,0.77718,0.77655,0.77718
2026-05-07 18:15:00,0.77717,0.77804,0.77715,0.77788
2026-05-07 18:30:00,0.77789,0.77793,0.77725,0.77757
2026-05-07 18:45:00,0.77757,0.77782,0.77751,0.7777
2026-05-07 19:00:00,0.77769,0.77816,0.77756,0.77803
2026-05-07 19:15:00,0.77804,0.77821,0.77759,0.77767
2026-05-07 19:30:00,0.77767,0.7781,0.77761,0.77804
2026-05-07 19:45:00,0.77803,0.77832,0.77802,0.77826
2026-05-07 20:00:00,0.77825,0.77851,0.77822,0.77841
2026-05-07 20:15:00,0.77842,0.77925,0.77835,0.77923
2026-05-07 20:30:00,0.77924,0.77969,0.77907,0.77943
2026-05-07 20:45:00,0.77944,0.77952,0.7789,0.77893
2026-05-07 21:00:00,0.77891,0.77902,0.77875,0.77886
2026-05-07 21:15:00,0.77884,0.7789,0.77868,0.77871
2026-05-07 21:30:00,0.77872,0.7795,0.77864,0.77926
2026-05-07 21:45:00,0.77925,0.7795,0.77887,0.77889
2026-05-07 22:00:00,0.77888,0.77919,0.77864,0.77898
2026-05-07 22:15:00,0.77897,0.77984,0.77896,0.77952
2026-05-07 22:30:00,0.77952,0.77952,0.77898,0.77919
2026-05-07 22:45:00,0.7792,0.78018,0.77917,0.78017
2026-05-07 23:00:00,0.78018,0.78023,0.77948,0.77991
2026-05-07 23:15:00,0.77991,0.78011,0.7799,0.78004
2026-05-07 23:30:00,0.78005,0.78054,0.77998,0.78001
2026-05-07 23:45:00,0.78,0.78043,0.77989,0.78015
2026-05-08 00:00:00,0.77824,0.77993,0.77824,0.77993
2026-05-08 00:15:00,0.77985,0.77988,0.77936,0.77943
2026-05-08 00:30:00,0.77943,0.7801,0.77816,0.77941
2026-05-08 00:45:00,0.77946,0.77996,0.77837,0.77906
2026-05-08 01:00:00,0.77909,0.78066,0.77906,0.78054
2026-05-08 01:15:00,0.78055,0.78065,0.78022,0.78042
2026-05-08 01:30:00,0.78043,0.78065,0.78034,0.78059
2026-05-08 01:45:00,0.78059,0.78072,0.78053,0.78072
2026-05-08 02:00:00,0.78072,0.78084,0.78068,0.78079
2026-05-08 02:15:00,0.78078,0.7808,0.78057,0.78059
2026-05-08 02:30:00,0.7806,0.78063,0.78053,0.78056
2026-05-08 02:45:00,0.78055,0.78055,0.78038,0.78046
2026-05-08 03:00:00,0.78045,0.78045,0.7801,0.78036
2026-05-08 03:15:00,0.78037,0.78082,0.78036,0.78063
2026-05-08 03:30:00,0.78062,0.78066,0.78043,0.78049
2026-05-08 03:45:00,0.78048,0.78063,0.78033,0.7805
2026-05-08 04:00:00,0.78051,0.78051,0.78009,0.78013
2026-05-08 04:15:00,0.78013,0.78023,0.77992,0.78012
2026-05-08 04:30:00,0.78011,0.78035,0.77999,0.7803
2026-05-08 04:45:00,0.78029,0.7803,0.78009,0.78026
2026-05-08 05:00:00,0.78027,0.78045,0.78024,0.78043
2026-05-08 05:15:00,0.78044,0.78058,0.78029,0.78053
2026-05-08 05:30:00,0.78055,0.78089,0.78047,0.78076
2026-05-08 05:45:00,0.78076,0.78078,0.78035,0.78059
2026-05-08 06:00:00,0.78059,0.78069,0.78054,0.78067
2026-05-08 06:15:00,0.78064,0.78077,0.78054,0.78061
2026-05-08 06:30:00,0.78062,0.78062,0.78019,0.78029
2026-05-08 06:45:00,0.78027,0.78057,0.78027,0.78051
2026-05-08 07:00:00,0.78051,0.78063,0.78041,0.78058
2026-05-08 07:15:00,0.78057,0.78069,0.78045,0.78055
2026-05-08 07:30:00,0.78056,0.78063,0.77997,0.77998
2026-05-08 07:45:00,0.77997,0.7801,0.77984,0.77984
2026-05-08 08:00:00,0.77984,0.78009,0.77967,0.78
2026-05-08 08:15:00,0.78001,0.78003,0.77977,0.7798
2026-05-08 08:30:00,0.77979,0.77989,0.77963,0.77975
2026-05-08 08:45:00,0.77976,0.77986,0.77966,0.77976
2026-05-08 09:00:00,0.77975,0.77985,0.77903,0.77935
2026-05-08 09:15:00,0.77934,0.77937,0.77878,0.7788
2026-05-08 09:30:00,0.77879,0.77926,0.77877,0.77904
2026-05-08 09:45:00,0.77906,0.77928,0.77904,0.77917
2026-05-08 10:00:00,0.7792,0.77932,0.77905,0.77924
2026-05-08 10:15:00,0.77923,0.77949,0.77908,0.77943
2026-05-08 10:30:00,0.77942,0.77952,0.77902,0.77923
2026-05-08 10:45:00,0.77923,0.77942,0.77916,0.77917
2026-05-08 11:00:00,0.77916,0.77929,0.77891,0.77911
2026-05-08 11:15:00,0.7791,0.77911,0.77839,0.77842
2026-05-08 11:30:00,0.77841,0.77843,0.77799,0.77806
2026-05-08 11:45:00,0.77807,0.7783,0.77779,0.77816
2026-05-08 12:00:00,0.77815,0.77822,0.7776,0.77777
2026-05-08 12:15:00,0.77778,0.77796,0.77753,0.77794
2026-05-08 12:30:00,0.77795,0.77801,0.77768,0.77787
2026-05-08 12:45:00,0.77788,0.77798,0.77767,0.77783
2026-05-08 13:00:00,0.77784,0.77793,0.77769,0.77787
2026-05-08 13:15:00,0.77786,0.77804,0.77777,0.77792
2026-05-08 13:30:00,0.77793,0.77812,0.77771,0.77812
2026-05-08 13:45:00,0.77813,0.77857,0.77812,0.77837
2026-05-08 14:00:00,0.77838,0.77862,0.77826,0.77852
2026-05-08 14:15:00,0.77851,0.77858,0.77834,0.77841
2026-05-08 14:30:00,0.7784,0.7785,0.77818,0.77827
2026-05-08 14:45:00,0.77828,0.77829,0.77793,0.77805
2026-05-08 15:00:00,0.77803,0.77853,0.778,0.77848
2026-05-08 15:15:00,0.77847,0.77859,0.77795,0.77795
2026-05-08 15:30:00,0.77792,0.77876,0.77721,0.77729
2026-05-08 15:45:00,0.77728,0.77771,0.77708,0.77758
2026-05-08 16:00:00,0.7776,0.77801,0.77744,0.77788
2026-05-08 16:15:00,0.77789,0.77804,0.77719,0.77727
2026-05-08 16:30:00,0.77723,0.77731,0.77651,0.77706
2026-05-08 16:45:00,0.77705,0.77734,0.77695,0.77729
2026-05-08 17:00:00,0.77728,0.77819,0.77726,0.77769
2026-05-08 17:15:00,0.7777,0.7781,0.77767,0.77806
2026-05-08 17:30:00,0.77807,0.77809,0.77726,0.77769
2026-05-08 17:45:00,0.7777,0.77776,0.77725,0.77732
2026-05-08 18:00:00,0.77734,0.77776,0.77711,0.7777
2026-05-08 18:15:00,0.7777,0.77796,0.77748,0.77749
2026-05-08 18:30:00,0.77749,0.77779,0.77712,0.77736
2026-05-08 18:45:00,0.77735,0.77745,0.777,0.77732
2026-05-08 19:00:00,0.77733,0.77734,0.77691,0.77719
2026-05-08 19:15:00,0.77718,0.77718,0.77696,0.77698
2026-05-08 19:30:00,0.777,0.7774,0.77695,0.77733
2026-05-08 19:45:00,0.77732,0.77739,0.77702,0.77717
2026-05-08 20:00:00,0.77719,0.77726,0.77697,0.77721
2026-05-08 20:15:00,0.77722,0.77722,0.77678,0.77686
2026-05-08 20:30:00,0.77687,0.77703,0.7768,0.77688
2026-05-08 20:45:00,0.77688,0.77713,0.77683,0.7771
2026-05-08 21:00:00,0.77711,0.77719,0.77639,0.7765
2026-05-08 21:15:00,0.77649,0.77672,0.77645,0.77662
2026-05-08 21:30:00,0.77663,0.77671,0.7764,0.7764
2026-05-08 21:45:00,0.77642,0.77663,0.7762,0.77651
2026-05-08 22:00:00,0.7765,0.77658,0.77631,0.77633
2026-05-08 22:15:00,0.77634,0.77641,0.77619,0.77625
2026-05-08 22:30:00,0.77626,0.77639,0.77613,0.77618
2026-05-08 22:45:00,0.77619,0.7769,0.77618,0.77687
2026-05-08 23:00:00,0.77688,0.77701,0.7765,0.77651
2026-05-08 23:15:00,0.7765,0.77651,0.77629,0.77642
2026-05-08 23:30:00,0.77643,0.77649,0.77589,0.7759
2026-05-08 23:45:00,0.77589,0.77613,0.77582,0.77587
2026-05-11 00:00:00,0.77642,0.77702,0.77581,0.77644
2026-05-11 00:15:00,0.7765,0.77683,0.7765,0.77683
2026-05-11 00:30:00,0.77678,0.7771,0.7764,0.77688
2026-05-11 00:45:00,0.77688,0.77726,0.77614,0.77671
2026-05-11 01:00:00,0.77679,0.77793,0.77669,0.77787
2026-05-11 01:15:00,0.77786,0.77802,0.7777,0.77776
2026-05-11 01:30:00,0.77781,0.77804,0.77781,0.77787
2026-05-11 01:45:00,0.77788,0.77794,0.7778,0.77786
2026-05-11 02:00:00,0.77785,0.77789,0.77774,0.77784
2026-05-11 02:15:00,0.77785,0.77785,0.77762,0.7778
2026-05-11 02:30:00,0.77778,0.77784,0.77756,0.77758
2026-05-11 02:45:00,0.77758,0.77778,0.77754,0.77776
2026-05-11 03:00:00,0.77777,0.77785,0.77746,0.77777
2026-05-11 03:15:00,0.77775,0.77783,0.77757,0.77767
2026-05-11 03:30:00,0.77764,0.77789,0.77757,0.77785
2026-05-11 03:45:00,0.77784,0.77823,0.77774,0.77783
2026-05-11 04:00:00,0.77784,0.77831,0.77776,0.77809
2026-05-11 04:15:00,0.77808,0.7782,0.77796,0.778
2026-05-11 04:30:00,0.77802,0.77861,0.77802,0.7783
2026-05-11 04:45:00,0.77831,0.77857,0.77828,0.77842
2026-05-11 05:00:00,0.77841,0.77854,0.77833,0.77841
2026-05-11 05:15:00,0.7784,0.77848,0.7783,0.77831
2026-05-11 05:30:00,0.77831,0.77859,0.77826,0.77857
2026-05-11 05:45:00,0.77858,0.77874,0.77853,0.77874
2026-05-11 06:00:00,0.77875,0.77891,0.77872,0.77872
2026-05-11 06:15:00,0.77873,0.77889,0.77869,0.77885
2026-05-11 06:30:00,0.77884,0.77892,0.77877,0.77879
2026-05-11 06:45:00,0.7788,0.77907,0.77879,0.779
2026-05-11 07:00:00,0.77901,0.77913,0.77896,0.77905
2026-05-11 07:15:00,0.77906,0.77917,0.77904,0.77917
2026-05-11 07:30:00,0.77918,0.77939,0.77914,0.77933
2026-05-11 07:45:00,0.77934,0.77943,0.77925,0.77939
2026-05-11 08:00:00,0.7794,0.7794,0.77896,0.77901
2026-05-11 08:15:00,0.77902,0.77932,0.77899,0.7793
2026-05-11 08:30:00,0.77931,0.77937,0.77924,0.77928
2026-05-11 08:45:00,0.77929,0.7795,0.77923,0.77935
2026-05-11 09:00:00,0.7793,0.7793,0.77866,0.77882
2026-05-11 09:15:00,0.77885,0.77905,0.7785,0.77851
2026-05-11 09:30:00,0.77853,0.77856,0.77793,0.77794
2026-05-11 09:45:00,0.77795,0.77814,0.77761,0.77773
2026-05-11 10:00:00,0.77772,0.77819,0.77761,0.77794
2026-05-11 10:15:00,0.77795,0.77806,0.77758,0.77786
2026-05-11 10:30:00,0.77788,0.77823,0.77783,0.77799
2026-05-11 10:45:00,0.77798,0.77836,0.77793,0.77816
2026-05-11 11:00:00,0.77817,0.7784,0.77802,0.77828
2026-05-11 11:15:00,0.77827,0.7783,0.77751,0.77778
2026-05-11 11:30:00,0.77777,0.77792,0.77751,0.77788
2026-05-11 11:45:00,0.77785,0.77842,0.77776,0.77842
2026-05-11 12:00:00,0.77844,0.77845,0.77819,0.77835
2026-05-11 12:15:00,0.77836,0.77864,0.77829,0.77858
2026-05-11 12:30:00,0.77857,0.77877,0.77841,0.7785
2026-05-11 12:45:00,0.77852,0.77882,0.77845,0.77881
2026-05-11 13:00:00,0.77883,0.77898,0.77879,0.77883
2026-05-11 13:15:00,0.77882,0.7789,0.77845,0.77853
2026-05-11 13:30:00,0.77853,0.77876,0.77829,0.77838
2026-05-11 13:45:00,0.77839,0.77853,0.77813,0.77852
2026-05-11 14:00:00,0.77852,0.77861,0.77821,0.77829
2026-05-11 14:15:00,0.77828,0.77839,0.77804,0.77804
2026-05-11 14:30:00,0.77803,0.77838,0.77799,0.77832
2026-05-11 14:45:00,0.77831,0.7789,0.77818,0.77859
2026-05-11 15:00:00,0.77858,0.77883,0.77851,0.77868
2026-05-11 15:15:00,0.77867,0.77903,0.77824,0.77839
2026-05-11 15:30:00,0.77841,0.77858,0.77822,0.77831
2026-05-11 15:45:00,0.7783,0.77868,0.77816,0.77817
2026-05-11 16:00:00,0.77815,0.77823,0.77758,0.7777
2026-05-11 16:15:00,0.77768,0.77794,0.77755,0.7776
2026-05-11 16:30:00,0.77757,0.778,0.77747,0.77748
2026-05-11 16:45:00,0.77749,0.77761,0.77725,0.77742
2026-05-11 17:00:00,0.77738,0.77777,0.77726,0.77729
2026-05-11 17:15:00,0.77728,0.77738,0.77689,0.77699
2026-05-11 17:30:00,0.777,0.7775,0.77679,0.77686
2026-05-11 17:45:00,0.77687,0.77734,0.77686,0.77714
2026-05-11 18:00:00,0.77716,0.77731,0.777,0.77711
2026-05-11 18:15:00,0.7771,0.77719,0.77681,0.77711
2026-05-11 18:30:00,0.7771,0.77733,0.77701,0.77729
2026-05-11 18:45:00,0.7773,0.77747,0.77705,0.77726
2026-05-11 19:00:00,0.77727,0.77745,0.77714,0.77733
2026-05-11 19:15:00,0.77732,0.77758,0.77731,0.77756
2026-05-11 19:30:00,0.77755,0.77795,0.77748,0.7777
2026-05-11 19:45:00,0.77771,0.77793,0.77759,0.77781
2026-05-11 20:00:00,0.77782,0.77803,0.77774,0.77784
2026-05-11 20:15:00,0.77784,0.77794,0.77765,0.77781
2026-05-11 20:30:00,0.77782,0.77783,0.77755,0.77781
2026-05-11 20:45:00,0.7778,0.77781,0.77759,0.77767
2026-05-11 21:00:00,0.77768,0.77772,0.77753,0.7777
2026-05-11 21:15:00,0.77771,0.77784,0.77768,0.77776
2026-05-11 21:30:00,0.77777,0.77815,0.77769,0.77815
2026-05-11 21:45:00,0.77814,0.77819,0.77803,0.77817
2026-05-11 22:00:00,0.77819,0.77832,0.77803,0.77827
2026-05-11 22:15:00,0.77827,0.77831,0.77808,0.7782
2026-05-11 22:30:00,0.77821,0.77828,0.77809,0.77822
2026-05-11 22:45:00,0.77823,0.77835,0.77808,0.77818
2026-05-11 23:00:00,0.77817,0.77844,0.77807,0.77812
2026-05-11 23:15:00,0.7781,0.77815,0.77799,0.77801
2026-05-11 23:30:00,0.77802,0.77802,0.77754,0.7776
2026-05-11 23:45:00,0.77759,0.77778,0.77749,0.7775
2026-05-12 00:00:00,0.77622,0.77752,0.77581,0.77749
2026-05-12 00:15:00,0.77745,0.77797,0.77709,0.77709
2026-05-12 00:30:00,0.77709,0.7773,0.77709,0.7773
2026-05-12 00:45:00,0.77729,0.77755,0.77711,0.77721
2026-05-12 01:00:00,0.77697,0.77778,0.77697,0.77776
2026-05-12 01:15:00,0.77775,0.77777,0.77764,0.77769
2026-05-12 01:30:00,0.7777,0.77781,0.77767,0.77779
2026-05-12 01:45:00,0.77781,0.77788,0.77778,0.77783
2026-05-12 02:00:00,0.77784,0.77792,0.77782,0.77791
2026-05-12 02:15:00,0.7779,0.77809,0.77787,0.77809
2026-05-12 02:30:00,0.77807,0.77825,0.778,0.77818
2026-05-12 02:45:00,0.77819,0.77831,0.77811,0.77818
2026-05-12 03:00:00,0.77819,0.7785,0.77819,0.77837
2026-05-12 03:15:00,0.77838,0.77858,0.77823,0.77845
2026-05-12 03:30:00,0.77844,0.77867,0.7784,0.77867
2026-05-12 03:45:00,0.77866,0.77897,0.77853,0.77895
2026-05-12 04:00:00,0.77898,0.77916,0.7788,0.77912
2026-05-12 04:15:00,0.77912,0.77945,0.77905,0.77942
2026-05-12 04:30:00,0.77941,0.77969,0.77909,0.77946
2026-05-12 04:45:00,0.77947,0.77961,0.7794,0.7795
2026-05-12 05:00:00,0.77949,0.77962,0.77941,0.77951
2026-05-12 05:15:00,0.77951,0.77966,0.77949,0.77958
2026-05-12 05:30:00,0.77958,0.77972,0.77954,0.77965
2026-05-12 05:45:00,0.77966,0.77966,0.77936,0.77952
2026-05-12 06:00:00,0.77951,0.77973,0.77946,0.77969
2026-05-12 06:15:00,0.7797,0.77981,0.77964,0.77976
2026-05-12 06:30:00,0.77976,0.77979,0.7796,0.77974
2026-05-12 06:45:00,0.77974,0.7799,0.77972,0.77985
2026-05-12 07:00:00,0.77986,0.77996,0.77982,0.77994
2026-05-12 07:15:00,0.77993,0.77995,0.77981,0.7799
2026-05-12 07:30:00,0.77989,0.7799,0.77958,0.77958
2026-05-12 07:45:00,0.7796,0.77977,0.77957,0.77972
2026-05-12 08:00:00,0.77973,0.78002,0.77962,0.77993
2026-05-12 08:15:00,0.77992,0.78003,0.77979,0.77984
2026-05-12 08:30:00,0.77985,0.77995,0.77975,0.77977
2026-05-12 08:45:00,0.77979,0.77988,0.77863,0.77915
2026-05-12 09:00:00,0.77916,0.77957,0.77887,0.77952
2026-05-12 09:15:00,0.7795,0.77996,0.77943,0.77985
2026-05-12 09:30:00,0.77984,0.77995,0.77944,0.77992
2026-05-12 09:45:00,0.77993,0.78014,0.77979,0.78006
2026-05-12 10:00:00,0.78007,0.78047,0.77994,0.78024
2026-05-12 10:15:00,0.78025,0.78039,0.77989,0.78019
2026-05-12 10:30:00,0.7802,0.78047,0.7801,0.78046
2026-05-12 10:45:00,0.78046,0.78085,0.78046,0.78073
2026-05-12 11:00:00,0.78068,0.78086,0.78056,0.78078
2026-05-12 11:15:00,0.78077,0.78078,0.7801,0.78047
2026-05-12 11:30:00,0.78046,0.78088,0.7804,0.78074
2026-05-12 11:45:00,0.78073,0.78076,0.78027,0.7806
2026-05-12 12:00:00,0.78062,0.78084,0.78043,0.78081
2026-05-12 12:15:00,0.78081,0.78098,0.78069,0.78077
2026-05-12 12:30:00,0.78076,0.78091,0.78044,0.78091
2026-05-12 12:45:00,0.7809,0.78109,0.78051,0.7807
2026-05-12 13:00:00,0.78069,0.78092,0.78064,0.78079
2026-05-12 13:15:00,0.7808,0.78096,0.78064,0.78067
2026-05-12 13:30:00,0.78065,0.78085,0.7806,0.78075
2026-05-12 13:45:00,0.78076,0.78115,0.78062,0.78105
2026-05-12 14:00:00,0.78107,0.78149,0.78091,0.78107
2026-05-12 14:15:00,0.78106,0.7812,0.78079,0.78095
2026-05-12 14:30:00,0.78097,0.78097,0.78062,0.78072
2026-05-12 14:45:00,0.78073,0.78102,0.78058,0.78101
2026-05-12 15:00:00,0.781,0.78132,0.78092,0.7811
2026-05-12 15:15:00,0.78111,0.78114,0.78024,0.78025
2026-05-12 15:30:00,0.78021,0.78141,0.78002,0.78051
2026-05-12 15:45:00,0.78052,0.78071,0.78025,0.78035
2026-05-12 16:00:00,0.78036,0.78089,0.78027,0.78089
2026-05-12 16:15:00,0.7809,0.78152,0.7809,0.78139
2026-05-12 16:30:00,0.78142,0.7816,0.78115,0.78154
2026-05-12 16:45:00,0.78155,0.78212,0.78134,0.78193
2026-05-12 17:00:00,0.78192,0.78203,0.78152,0.78157
2026-05-12 17:15:00,0.78156,0.7819,0.7815,0.78164
2026-05-12 17:30:00,0.78163,0.78189,0.78129,0.78148
2026-05-12 17:45:00,0.78149,0.78189,0.7811,0.78119
2026-05-12 18:00:00,0.7812,0.78191,0.78105,0.78188
2026-05-12 18:15:00,0.7819,0.78231,0.78167,0.7822
2026-05-12 18:30:00,0.78219,0.7822,0.78158,0.7816
2026-05-12 18:45:00,0.78161,0.78185,0.78152,0.78169
2026-05-12 19:00:00,0.78167,0.78193,0.78159,0.78161
2026-05-12 19:15:00,0.7816,0.78174,0.78134,0.78163
2026-05-12 19:30:00,0.78165,0.78183,0.78162,0.78178
2026-05-12 19:45:00,0.78179,0.78212,0.78176,0.78196
2026-05-12 20:00:00,0.78195,0.782,0.78156,0.78174
2026-05-12 20:15:00,0.78173,0.78176,0.78141,0.78159
2026-05-12 20:30:00,0.7816,0.78169,0.78149,0.78163
2026-05-12 20:45:00,0.78162,0.78172,0.78143,0.78144
2026-05-12 21:00:00,0.78143,0.78169,0.78138,0.78148
2026-05-12 21:15:00,0.78148,0.78153,0.78086,0.781
2026-05-12 21:30:00,0.78099,0.78104,0.78086,0.78089
2026-05-12 21:45:00,0.7809,0.78101,0.78066,0.78073
2026-05-12 22:00:00,0.78072,0.78078,0.78036,0.78043
2026-05-12 22:15:00,0.78042,0.78065,0.7804,0.78057
2026-05-12 22:30:00,0.78056,0.78057,0.78023,0.78047
2026-05-12 22:45:00,0.78048,0.78069,0.7804,0.78067
2026-05-12 23:00:00,0.78066,0.78077,0.78058,0.78071
2026-05-12 23:15:00,0.7807,0.78073,0.78064,0.78072
2026-05-12 23:30:00,0.78073,0.78081,0.78034,0.78035
2026-05-12 23:45:00,0.78034,0.78035,0.77997,0.78001
2026-05-13 00:00:00,0.78008,0.7805,0.77898,0.78017
2026-05-13 00:15:00,0.78016,0.78016,0.77983,0.77991
2026-05-13 00:30:00,0.77986,0.78039,0.77986,0.78027
2026-05-13 00:45:00,0.78029,0.78033,0.77995,0.7801
2026-05-13 01:00:00,0.77996,0.78055,0.7799,0.78053
2026-05-13 01:15:00,0.78052,0.78052,0.78034,0.78035
2026-05-13 01:30:00,0.78036,0.7805,0.7803,0.78037
2026-05-13 01:45:00,0.78036,0.7804,0.78035,0.78038
2026-05-13 02:00:00,0.78039,0.78048,0.78022,0.78044
2026-05-13 02:15:00,0.78043,0.78047,0.78036,0.78036
2026-05-13 02:30:00,0.78037,0.78046,0.78033,0.7804
2026-05-13 02:45:00,0.78039,0.78058,0.78039,0.78054
2026-05-13 03:00:00,0.78055,0.78068,0.78027,0.78066
2026-05-13 03:15:00,0.78067,0.78068,0.78036,0.78058
2026-05-13 03:30:00,0.78059,0.78077,0.78048,0.78053
2026-05-13 03:45:00,0.78052,0.78076,0.78009,0.78013
2026-05-13 04:00:00,0.78012,0.78052,0.78007,0.78051
2026-05-13 04:15:00,0.78049,0.78067,0.78025,0.78037
2026-05-13 04:30:00,0.78038,0.78046,0.78015,0.78024
2026-05-13 04:45:00,0.78024,0.78025,0.78,0.7802
2026-05-13 05:00:00,0.78019,0.78031,0.78001,0.78029
2026-05-13 05:15:00,0.7803,0.78041,0.78025,0.78029
2026-05-13 05:30:00,0.78028,0.78039,0.78028,0.78037
2026-05-13 05:45:00,0.78038,0.78044,0.78014,0.78033
2026-05-13 06:00:00,0.78034,0.78067,0.78029,0.78052
2026-05-13 06:15:00,0.78051,0.78057,0.78042,0.78045
2026-05-13 06:30:00,0.78045,0.78046,0.78029,0.78036
2026-05-13 06:45:00,0.78035,0.78052,0.78029,0.78046
2026-05-13 07:00:00,0.78047,0.7805,0.78037,0.78049
2026-05-13 07:15:00,0.78048,0.7806,0.78044,0.78057
2026-05-13 07:30:00,0.78057,0.78068,0.78053,0.78054
2026-05-13 07:45:00,0.78055,0.78057,0.78048,0.78051
2026-05-13 08:00:00,0.78051,0.78054,0.78042,0.78051
2026-05-13 08:15:00,0.78051,0.78054,0.78019,0.78023
2026-05-13 08:30:00,0.78022,0.78043,0.78018,0.78039
2026-05-13 08:45:00,0.78038,0.78049,0.78028,0.78036
2026-05-13 09:00:00,0.78034,0.78074,0.78029,0.78073
2026-05-13 09:15:00,0.78072,0.78083,0.78054,0.78063
2026-05-13 09:30:00,0.78064,0.78108,0.78064,0.78088
2026-05-13 09:45:00,0.78087,0.78134,0.78087,0.78117
2026-05-13 10:00:00,0.78116,0.78128,0.78085,0.78111
2026-05-13 10:15:00,0.78112,0.78121,0.78091,0.78116
2026-05-13 10:30:00,0.78117,0.78154,0.78108,0.78145
2026-05-13 10:45:00,0.78144,0.78169,0.78133,0.78153
2026-05-13 11:00:00,0.78154,0.78167,0.78146,0.78159
2026-05-13 11:15:00,0.7816,0.78161,0.78133,0.78151
2026-05-13 11:30:00,0.78152,0.78212,0.78151,0.78206
2026-05-13 11:45:00,0.78205,0.78243,0.78197,0.78217
2026-05-13 12:00:00,0.78217,0.78238,0.78181,0.78235
2026-05-13 12:15:00,0.78236,0.78284,0.78221,0.78282
2026-05-13 12:30:00,0.78283,0.78285,0.78247,0.78249
2026-05-13 12:45:00,0.7825,0.7825,0.78193,0.78197
2026-05-13 13:00:00,0.78196,0.78209,0.78162,0.78194
2026-05-13 13:15:00,0.78191,0.78216,0.7817,0.78208
2026-05-13 13:30:00,0.78208,0.78213,0.78159,0.78166
2026-05-13 13:45:00,0.78165,0.78177,0.78128,0.78148
2026-05-13 14:00:00,0.78147,0.78172,0.78136,0.7815
2026-05-13 14:15:00,0.78148,0.78157,0.78135,0.78141
2026-05-13 14:30:00,0.78142,0.78143,0.78114,0.78132
2026-05-13 14:45:00,0.78131,0.7815,0.7812,0.78148
2026-05-13 15:00:00,0.78147,0.78155,0.78117,0.7815
2026-05-13 15:15:00,0.78149,0.7821,0.78149,0.78192
2026-05-13 15:30:00,0.78191,0.78259,0.78184,0.78234
2026-05-13 15:45:00,0.78234,0.78297,0.78229,0.78265
2026-05-13 16:00:00,0.78263,0.78285,0.78239,0.78249
2026-05-13 16:15:00,0.7825,0.78274,0.7823,0.78241
2026-05-13 16:30:00,0.78239,0.78248,0.78175,0.78178
2026-05-13 16:45:00,0.78179,0.78221,0.78163,0.78192
2026-05-13 17:00:00,0.78193,0.78226,0.78188,0.78198
2026-05-13 17:15:00,0.78197,0.78255,0.78197,0.78229
2026-05-13 17:30:00,0.78231,0.78283,0.7823,0.78282
2026-05-13 17:45:00,0.78282,0.78307,0.78234,0.78256
2026-05-13 18:00:00,0.78255,0.78263,0.7822,0.78255
2026-05-13 18:15:00,0.78252,0.78262,0.78231,0.78244
2026-05-13 18:30:00,0.78243,0.78263,0.782,0.78214
2026-05-13 18:45:00,0.78213,0.78255,0.78207,0.78246
2026-05-13 19:00:00,0.78245,0.78251,0.78217,0.78218
2026-05-13 19:15:00,0.78217,0.78235,0.78172,0.78179
2026-05-13 19:30:00,0.78181,0.78226,0.78167,0.78219
2026-05-13 19:45:00,0.78219,0.78256,0.78207,0.78242
2026-05-13 20:00:00,0.78243,0.78245,0.78214,0.78223
2026-05-13 20:15:00,0.78224,0.78225,0.78203,0.78208
2026-05-13 20:30:00,0.78207,0.78234,0.78207,0.78233
2026-05-13 20:45:00,0.78232,0.78246,0.78226,0.7824
2026-05-13 21:00:00,0.78241,0.78242,0.78212,0.78221
2026-05-13 21:15:00,0.7822,0.78227,0.78212,0.78217
2026-05-13 21:30:00,0.78216,0.7822,0.78202,0.78208
2026-05-13 21:45:00,0.78209,0.7824,0.78195,0.78218
2026-05-13 22:00:00,0.7822,0.78221,0.78193,0.78196
2026-05-13 22:15:00,0.78195,0.78202,0.78177,0.78178
2026-05-13 22:30:00,0.78179,0.78183,0.78162,0.78176
2026-05-13 22:45:00,0.78177,0.78188,0.78166,0.78178
2026-05-13 23:00:00,0.78177,0.78184,0.7816,0.78161
2026-05-13 23:15:00,0.78162,0.78168,0.78159,0.78166
2026-05-13 23:30:00,0.78167,0.78176,0.78127,0.78129
2026-05-13 23:45:00,0.78128,0.78148,0.78118,0.78123
2026-05-14 00:00:00,0.78132,0.7816,0.78132,0.78148
2026-05-14 00:15:00,0.78147,0.78157,0.78106,0.78152
2026-05-14 00:30:00,0.78132,0.78146,0.78112,0.78121
2026-05-14 00:45:00,0.7812,0.78128,0.78101,0.78109
2026-05-14 01:00:00,0.78115,0.78163,0.78115,0.78148
2026-05-14 01:15:00,0.78146,0.78149,0.78138,0.78143
2026-05-14 01:30:00,0.78142,0.78151,0.78139,0.78145
2026-05-14 01:45:00,0.78146,0.78155,0.78145,0.78153
2026-05-14 02:00:00,0.78154,0.78158,0.78145,0.78156
2026-05-14 02:15:00,0.78155,0.78161,0.78151,0.78159
2026-05-14 02:30:00,0.78158,0.78172,0.78158,0.78171
2026-05-14 02:45:00,0.7817,0.78172,0.78162,0.78166
2026-05-14 03:00:00,0.78166,0.78174,0.78147,0.78152
2026-05-14 03:15:00,0.7815,0.78163,0.78141,0.78149
2026-05-14 03:30:00,0.7815,0.78162,0.78142,0.78153
2026-05-14 03:45:00,0.78154,0.78155,0.78141,0.78145
2026-05-14 04:00:00,0.78144,0.7816,0.78135,0.78148
2026-05-14 04:15:00,0.78147,0.78151,0.78134,0.78144
2026-05-14 04:30:00,0.78143,0.78147,0.78127,0.78136
2026-05-14 04:45:00,0.78136,0.78162,0.78129,0.78155
2026-05-14 05:00:00,0.78154,0.78169,0.78142,0.78168
2026-05-14 05:15:00,0.78167,0.78186,0.78166,0.78167
2026-05-14 05:30:00,0.78166,0.7817,0.78157,0.78161
2026-05-14 05:45:00,0.7816,0.78176,0.78159,0.78172
2026-05-14 06:00:00,0.78171,0.78189,0.78166,0.78182
2026-05-14 06:15:00,0.78183,0.78183,0.78156,0.78157
2026-05-14 06:30:00,0.78158,0.78179,0.78156,0.78174
2026-05-14 06:45:00,0.78172,0.78184,0.78168,0.78181
2026-05-14 07:00:00,0.78183,0.78191,0.78145,0.78164
2026-05-14 07:15:00,0.78162,0.78173,0.78154,0.7816
2026-05-14 07:30:00,0.78159,0.78171,0.78159,0.78167
2026-05-14 07:45:00,0.78166,0.78178,0.78146,0.78176
2026-05-14 08:00:00,0.78175,0.78189,0.78165,0.78187
2026-05-14 08:15:00,0.78186,0.78193,0.78181,0.78187
2026-05-14 08:30:00,0.78188,0.78196,0.78184,0.7819
2026-05-14 08:45:00,0.78189,0.78202,0.78165,0.782
2026-05-14 09:00:00,0.78198,0.78202,0.78168,0.78196
2026-05-14 09:15:00,0.78195,0.782,0.78155,0.78168
2026-05-14 09:30:00,0.78167,0.78173,0.78126,0.78128
2026-05-14 09:45:00,0.78127,0.78127,0.78075,0.78094
2026-05-14 10:00:00,0.78097,0.78156,0.7809,0.78146
2026-05-14 10:15:00,0.78147,0.78185,0.78147,0.78181
2026-05-14 10:30:00,0.78182,0.78183,0.78144,0.78166
2026-05-14 10:45:00,0.78166,0.78232,0.7816,0.78227
2026-05-14 11:00:00,0.78228,0.78247,0.78206,0.78218
2026-05-14 11:15:00,0.78217,0.78224,0.78186,0.78189
2026-05-14 11:30:00,0.78188,0.78214,0.78175,0.78204
2026-05-14 11:45:00,0.78203,0.78209,0.78185,0.78193
2026-05-14 12:00:00,0.78192,0.78204,0.78174,0.78194
2026-05-14 12:15:00,0.78195,0.78205,0.78178,0.78188
2026-05-14 12:30:00,0.78187,0.78213,0.78184,0.78189
2026-05-14 12:45:00,0.78189,0.7819,0.78163,0.78181
2026-05-14 13:00:00,0.7818,0.7819,0.78141,0.78161
2026-05-14 13:15:00,0.78159,0.78188,0.78158,0.78164
2026-05-14 13:30:00,0.78163,0.78208,0.78149,0.78199
2026-05-14 13:45:00,0.78198,0.78206,0.7817,0.7818
2026-05-14 14:00:00,0.78179,0.78206,0.7817,0.78173
2026-05-14 14:15:00,0.78172,0.78186,0.7817,0.78179
2026-05-14 14:30:00,0.7818,0.78207,0.78167,0.78197
2026-05-14 14:45:00,0.78198,0.78208,0.78187,0.78208
2026-05-14 15:00:00,0.78209,0.78213,0.78156,0.78157
2026-05-14 15:15:00,0.78158,0.78173,0.7815,0.78151
2026-05-14 15:30:00,0.78161,0.78206,0.78134,0.78205
2026-05-14 15:45:00,0.78206,0.78208,0.78185,0.78202
2026-05-14 16:00:00,0.78201,0.78227,0.78184,0.78199
2026-05-14 16:15:00,0.782,0.78237,0.78197,0.78204
2026-05-14 16:30:00,0.78203,0.78282,0.78203,0.78217
2026-05-14 16:45:00,0.78223,0.78233,0.78176,0.78227
2026-05-14 17:00:00,0.78232,0.78252,0.78193,0.78196
2026-05-14 17:15:00,0.78197,0.78251,0.78186,0.78221
2026-05-14 17:30:00,0.78223,0.78238,0.78211,0.78216
2026-05-14 17:45:00,0.78215,0.78298,0.78207,0.78296
2026-05-14 18:00:00,0.78297,0.78344,0.78297,0.7833
2026-05-14 18:15:00,0.78329,0.78348,0.78317,0.78328
2026-05-14 18:30:00,0.78329,0.78335,0.78299,0.7832
2026-05-14 18:45:00,0.78321,0.78323,0.78295,0.78298
2026-05-14 19:00:00,0.78297,0.78318,0.78286,0.78299
2026-05-14 19:15:00,0.78297,0.78333,0.78279,0.78323
2026-05-14 19:30:00,0.78324,0.78355,0.78317,0.78341
2026-05-14 19:45:00,0.7834,0.78346,0.78316,0.78318
2026-05-14 20:00:00,0.78317,0.78321,0.78294,0.78316
2026-05-14 20:15:00,0.78316,0.78328,0.78309,0.78317
2026-05-14 20:30:00,0.78318,0.78325,0.78302,0.78312
2026-05-14 20:45:00,0.78312,0.78324,0.78305,0.78321
2026-05-14 21:00:00,0.7832,0.78344,0.7832,0.78325
2026-05-14 21:15:00,0.78326,0.78344,0.78321,0.78338
2026-05-14 21:30:00,0.78339,0.78359,0.78334,0.78351
2026-05-14 21:45:00,0.78351,0.78353,0.78333,0.78333
2026-05-14 22:00:00,0.78334,0.7834,0.78324,0.78336
2026-05-14 22:15:00,0.78338,0.78359,0.78335,0.78357
2026-05-14 22:30:00,0.78356,0.78389,0.78347,0.78383
2026-05-14 22:45:00,0.78384,0.78392,0.78364,0.78365
2026-05-14 23:00:00,0.78364,0.7839,0.78357,0.78386
2026-05-14 23:15:00,0.78385,0.78402,0.78378,0.78394
2026-05-14 23:30:00,0.78391,0.78402,0.78348,0.78353
2026-05-14 23:45:00,0.78354,0.78355,0.78313,0.7832
2026-05-15 00:00:00,0.78206,0.78316,0.78206,0.78316
2026-05-15 00:15:00,0.7831,0.78316,0.78277,0.7828
2026-05-15 00:30:00,0.78282,0.78295,0.78278,0.7829
2026-05-15 00:45:00,0.7829,0.78313,0.78289,0.78296
2026-05-15 01:00:00,0.78295,0.78386,0.78295,0.78384
2026-05-15 01:15:00,0.78384,0.78386,0.78376,0.78379
2026-05-15 01:30:00,0.78378,0.78381,0.78368,0.78371
2026-05-15 01:45:00,0.78369,0.78387,0.78369,0.78385
2026-05-15 02:00:00,0.78386,0.78412,0.7838,0.78409
2026-05-15 02:15:00,0.7841,0.78423,0.78405,0.78407
2026-05-15 02:30:00,0.78408,0.78416,0.78402,0.78402
2026-05-15 02:45:00,0.78403,0.78424,0.78399,0.7842
2026-05-15 03:00:00,0.78419,0.78448,0.78419,0.78434
2026-05-15 03:15:00,0.78433,0.78447,0.78414,0.78445
2026-05-15 03:30:00,0.78446,0.78484,0.78444,0.78477
2026-05-15 03:45:00,0.78474,0.78497,0.78458,0.7847
2026-05-15 04:00:00,0.78471,0.78492,0.78466,0.78488
2026-05-15 04:15:00,0.78486,0.78534,0.78484,0.78533
2026-05-15 04:30:00,0.78531,0.78545,0.78507,0.78522
2026-05-15 04:45:00,0.78521,0.78554,0.78519,0.78549
2026-05-15 05:00:00,0.7855,0.7856,0.78539,0.78543
2026-05-15 05:15:00,0.78544,0.78547,0.78494,0.78508
2026-05-15 05:30:00,0.78507,0.78517,0.78492,0.78493
2026-05-15 05:45:00,0.78492,0.78498,0.78468,0.78497
2026-05-15 06:00:00,0.78498,0.78505,0.78485,0.78501
2026-05-15 06:15:00,0.78501,0.78511,0.78494,0.78497
2026-05-15 06:30:00,0.78495,0.78513,0.78489,0.78502
2026-05-15 06:45:00,0.78502,0.78515,0.78499,0.78512
2026-05-15 07:00:00,0.78511,0.78522,0.78503,0.78503
2026-05-15 07:15:00,0.78504,0.78516,0.78502,0.78514
2026-05-15 07:30:00,0.78513,0.78537,0.78509,0.78537
2026-05-15 07:45:00,0.78536,0.7858,0.78532,0.78565
2026-05-15 08:00:00,0.78564,0.78593,0.78562,0.78572
2026-05-15 08:15:00,0.78573,0.78584,0.78552,0.78556
2026-05-15 08:30:00,0.78555,0.78574,0.78552,0.78574
2026-05-15 08:45:00,0.78574,0.78632,0.78574,0.78621
2026-05-15 09:00:00,0.78619,0.78619,0.7853,0.7856
2026-05-15 09:15:00,0.78559,0.7857,0.7853,0.7856
2026-05-15 09:30:00,0.78559,0.78575,0.78535,0.78555
2026-05-15 09:45:00,0.78553,0.78595,0.78539,0.78584
2026-05-15 10:00:00,0.78584,0.78596,0.78465,0.78483
2026-05-15 10:15:00,0.78484,0.78503,0.78467,0.78482
2026-05-15 10:30:00,0.78481,0.78495,0.78464,0.78481
2026-05-15 10:45:00,0.78482,0.78521,0.78482,0.78519
2026-05-15 11:00:00,0.78516,0.7856,0.78508,0.78549
2026-05-15 11:15:00,0.78548,0.78579,0.78538,0.78574
2026-05-15 11:30:00,0.78575,0.78587,0.78533,0.78534
2026-05-15 11:45:00,0.78533,0.78586,0.78533,0.78567
2026-05-15 12:00:00,0.78566,0.7864,0.78561,0.78639
2026-05-15 12:15:00,0.78638,0.78668,0.78606,0.78612
2026-05-15 12:30:00,0.78613,0.78649,0.78613,0.78631
2026-05-15 12:45:00,0.78632,0.78642,0.78599,0.78607
2026-05-15 13:00:00,0.78606,0.78609,0.78508,0.78521
2026-05-15 13:15:00,0.78522,0.7853,0.78476,0.78502
2026-05-15 13:30:00,0.78503,0.78507,0.78462,0.78462
2026-05-15 13:45:00,0.78463,0.7847,0.78382,0.78439
2026-05-15 14:00:00,0.7844,0.78494,0.7843,0.7847
2026-05-15 14:15:00,0.78471,0.78537,0.78462,0.78532
2026-05-15 14:30:00,0.78533,0.78597,0.78528,0.78597
2026-05-15 14:45:00,0.78596,0.78617,0.78579,0.78603
2026-05-15 15:00:00,0.78606,0.78655,0.78599,0.78646
2026-05-15 15:15:00,0.78647,0.78653,0.78623,0.7864
2026-05-15 15:30:00,0.78641,0.78693,0.78635,0.78692
2026-05-15 15:45:00,0.78693,0.787,0.78648,0.78665
2026-05-15 16:00:00,0.78664,0.7868,0.78632,0.78632
2026-05-15 16:15:00,0.7863,0.78663,0.78623,0.78644
2026-05-15 16:30:00,0.78645,0.7868,0.78625,0.7868
2026-05-15 16:45:00,0.78683,0.78711,0.78656,0.78662
2026-05-15 17:00:00,0.78663,0.78691,0.78605,0.78629
2026-05-15 17:15:00,0.78628,0.7863,0.78543,0.78579
2026-05-15 17:30:00,0.78581,0.78642,0.78572,0.78642
2026-05-15 17:45:00,0.78641,0.78685,0.78617,0.78638
2026-05-15 18:00:00,0.78637,0.7867,0.78605,0.78624
2026-05-15 18:15:00,0.78625,0.7869,0.78602,0.78678
2026-05-15 18:30:00,0.78675,0.78703,0.78663,0.78691
2026-05-15 18:45:00,0.78692,0.78731,0.78681,0.78682
2026-05-15 19:00:00,0.78677,0.787,0.78672,0.78689
2026-05-15 19:15:00,0.7869,0.78695,0.78667,0.78669
2026-05-15 19:30:00,0.78669,0.78679,0.78643,0.78647
2026-05-15 19:45:00,0.78646,0.78666,0.78644,0.78651
2026-05-15 20:00:00,0.78652,0.7867,0.78624,0.78625
2026-05-15 20:15:00,0.78626,0.78638,0.78597,0.78632
2026-05-15 20:30:00,0.78633,0.78653,0.78622,0.78653
2026-05-15 20:45:00,0.7865,0.78659,0.7864,0.78656
2026-05-15 21:00:00,0.78657,0.78681,0.78652,0.7867
2026-05-15 21:15:00,0.78671,0.787,0.7867,0.78693
2026-05-15 21:30:00,0.78694,0.78727,0.78693,0.78702
2026-05-15 21:45:00,0.78702,0.78707,0.78671,0.78687
2026-05-15 22:00:00,0.78685,0.78703,0.78679,0.78701
2026-05-15 22:15:00,0.78702,0.78713,0.78689,0.78694
2026-05-15 22:30:00,0.78693,0.78696,0.78673,0.78693
2026-05-15 22:45:00,0.78694,0.78697,0.7866,0.78661
2026-05-15 23:00:00,0.7866,0.78688,0.78657,0.78674
2026-05-15 23:15:00,0.78672,0.78694,0.78667,0.78687
2026-05-15 23:30:00,0.78688,0.78688,0.78619,0.78619
2026-05-15 23:45:00,0.78614,0.78671,0.78614,0.7864
2026-05-18 00:00:00,0.78517,0.78616,0.78517,0.78604
2026-05-18 00:15:00,0.78604,0.78617,0.78601,0.78601
2026-05-18 00:30:00,0.78601,0.78626,0.78601,0.78626
2026-05-18 00:45:00,0.78642,0.78642,0.78604,0.78604
2026-05-18 01:00:00,0.78589,0.78688,0.78574,0.78683
2026-05-18 01:15:00,0.78681,0.7869,0.7867,0.78687
2026-05-18 01:30:00,0.78686,0.787,0.78672,0.78675
2026-05-18 01:45:00,0.78675,0.78688,0.78673,0.78678
2026-05-18 02:00:00,0.78679,0.78692,0.78673,0.7868
2026-05-18 02:15:00,0.78681,0.787,0.78674,0.78698
2026-05-18 02:30:00,0.78699,0.78739,0.78698,0.78721
2026-05-18 02:45:00,0.7872,0.78741,0.7872,0.78731
2026-05-18 03:00:00,0.7873,0.78735,0.78651,0.787
2026-05-18 03:15:00,0.78701,0.78716,0.78683,0.78706
2026-05-18 03:30:00,0.78707,0.78744,0.78703,0.78744
2026-05-18 03:45:00,0.78744,0.78748,0.78725,0.78734
2026-05-18 04:00:00,0.78735,0.78771,0.78725,0.78763
2026-05-18 04:15:00,0.78762,0.78772,0.78726,0.78732
2026-05-18 04:30:00,0.78731,0.78735,0.78696,0.78719
2026-05-18 04:45:00,0.7872,0.78738,0.78691,0.78704
2026-05-18 05:00:00,0.78705,0.7874,0.78701,0.78706
2026-05-18 05:15:00,0.78705,0.78709,0.78689,0.78695
2026-05-18 05:30:00,0.78694,0.78715,0.78679,0.78707
2026-05-18 05:45:00,0.78708,0.78717,0.78692,0.78705
2026-05-18 06:00:00,0.78707,0.78724,0.78698,0.78707
2026-05-18 06:15:00,0.78708,0.78711,0.78682,0.78686
2026-05-18 06:30:00,0.78687,0.78697,0.78667,0.78669
2026-05-18 06:45:00,0.7867,0.78683,0.78663,0.78676
2026-05-18 07:00:00,0.78675,0.7868,0.78644,0.78649
2026-05-18 07:15:00,0.78648,0.78689,0.78644,0.78684
2026-05-18 07:30:00,0.78684,0.78687,0.78665,0.78672
2026-05-18 07:45:00,0.78673,0.78695,0.78668,0.78685
2026-05-18 08:00:00,0.78684,0.78699,0.78672,0.78695
2026-05-18 08:15:00,0.78696,0.7871,0.7866,0.78665
2026-05-18 08:30:00,0.78666,0.7869,0.78659,0.78683
2026-05-18 08:45:00,0.78685,0.78686,0.78668,0.78668
2026-05-18 09:00:00,0.7867,0.78677,0.78642,0.78646
2026-05-18 09:15:00,0.78645,0.78645,0.78587,0.7862
2026-05-18 09:30:00,0.78619,0.7863,0.78565,0.7857
2026-05-18 09:45:00,0.78572,0.78581,0.78536,0.78546
2026-05-18 10:00:00,0.78544,0.78579,0.78544,0.78567
2026-05-18 10:15:00,0.78569,0.78569,0.78495,0.78498
2026-05-18 10:30:00,0.78499,0.78526,0.78468,0.78513
2026-05-18 10:45:00,0.78515,0.78548,0.78492,0.78528
2026-05-18 11:00:00,0.78527,0.78546,0.78507,0.78516
2026-05-18 11:15:00,0.78517,0.78523,0.78492,0.78492
2026-05-18 11:30:00,0.78494,0.78502,0.78452,0.78501
2026-05-18 11:45:00,0.78501,0.78502,0.7846,0.78484
2026-05-18 12:00:00,0.78485,0.78529,0.78475,0.78517
2026-05-18 12:15:00,0.78517,0.78534,0.78503,0.78523
2026-05-18 12:30:00,0.78524,0.7854,0.78514,0.78525
2026-05-18 12:45:00,0.78524,0.78553,0.78509,0.78552
2026-05-18 13:00:00,0.78553,0.78568,0.78535,0.7854
2026-05-18 13:15:00,0.78539,0.78549,0.78533,0.78542
2026-05-18 13:30:00,0.78543,0.78572,0.78541,0.78546
2026-05-18 13:45:00,0.78546,0.78627,0.78543,0.78626
2026-05-18 14:00:00,0.78627,0.78629,0.78575,0.78616
2026-05-18 14:15:00,0.78617,0.7864,0.78599,0.7864
2026-05-18 14:30:00,0.78641,0.7865,0.7846,0.78468
2026-05-18 14:45:00,0.78466,0.78553,0.78466,0.7854
2026-05-18 15:00:00,0.78538,0.78544,0.78495,0.78517
2026-05-18 15:15:00,0.78518,0.78537,0.78505,0.78512
2026-05-18 15:30:00,0.78511,0.7852,0.7846,0.78469
2026-05-18 15:45:00,0.7847,0.78514,0.78445,0.78499
2026-05-18 16:00:00,0.78498,0.78529,0.78479,0.78503
2026-05-18 16:15:00,0.78502,0.7853,0.78486,0.78486
2026-05-18 16:30:00,0.78487,0.78527,0.78472,0.78491
2026-05-18 16:45:00,0.78492,0.78498,0.78441,0.78495
2026-05-18 17:00:00,0.78495,0.78547,0.78479,0.78525
2026-05-18 17:15:00,0.78526,0.78535,0.78489,0.78505
2026-05-18 17:30:00,0.78506,0.78548,0.78502,0.78544
2026-05-18 17:45:00,0.78543,0.78584,0.78532,0.78583
2026-05-18 18:00:00,0.78584,0.78643,0.78582,0.78607
2026-05-18 18:15:00,0.78608,0.78631,0.78593,0.78606
2026-05-18 18:30:00,0.78607,0.78621,0.78551,0.78584
2026-05-18 18:45:00,0.78583,0.78595,0.78526,0.78556
2026-05-18 19:00:00,0.78556,0.78576,0.78492,0.78493
2026-05-18 19:15:00,0.78494,0.78537,0.78478,0.7853
2026-05-18 19:30:00,0.78531,0.78538,0.7847,0.78496
2026-05-18 19:45:00,0.78497,0.78503,0.78466,0.78477
2026-05-18 20:00:00,0.78478,0.78493,0.78463,0.78492
2026-05-18 20:15:00,0.78494,0.78498,0.78459,0.7848
2026-05-18 20:30:00,0.7848,0.78486,0.7846,0.78468
2026-05-18 20:45:00,0.78466,0.78473,0.78456,0.78473
2026-05-18 21:00:00,0.78471,0.78501,0.78467,0.78492
2026-05-18 21:15:00,0.78493,0.78566,0.78492,0.78541
2026-05-18 21:30:00,0.7854,0.78567,0.78533,0.78551
2026-05-18 21:45:00,0.78552,0.78604,0.78552,0.78601
2026-05-18 22:00:00,0.78602,0.78608,0.78409,0.78484
2026-05-18 22:15:00,0.78483,0.78496,0.78448,0.78471
2026-05-18 22:30:00,0.7847,0.78472,0.7843,0.78444
2026-05-18 22:45:00,0.78446,0.78452,0.78397,0.7845
2026-05-18 23:00:00,0.78448,0.78448,0.78412,0.78413
2026-05-18 23:15:00,0.78414,0.78414,0.78399,0.78401
2026-05-18 23:30:00,0.784,0.7843,0.78374,0.78381
2026-05-18 23:45:00,0.78382,0.78411,0.78381,0.78391
2026-05-19 00:00:00,0.78387,0.78438,0.78375,0.78377
2026-05-19 00:15:00,0.78378,0.78425,0.78371,0.78376
2026-05-19 00:30:00,0.78376,0.784,0.78371,0.78386
2026-05-19 00:45:00,0.78385,0.78394,0.78366,0.78374
2026-05-19 01:00:00,0.78365,0.78419,0.78363,0.78406
2026-05-19 01:15:00,0.78405,0.78412,0.78403,0.78409
2026-05-19 01:30:00,0.7841,0.7841,0.78397,0.78409
2026-05-19 01:45:00,0.7841,0.7842,0.78408,0.7842
2026-05-19 02:00:00,0.78419,0.78422,0.78412,0.7842
2026-05-19 02:15:00,0.78419,0.78426,0.78412,0.78414
2026-05-19 02:30:00,0.78415,0.78429,0.78413,0.7842
2026-05-19 02:45:00,0.78421,0.78447,0.78421,0.78447
2026-05-19 03:00:00,0.78446,0.78487,0.78437,0.78475
2026-05-19 03:15:00,0.78476,0.78492,0.78446,0.78469
2026-05-19 03:30:00,0.78468,0.78513,0.78466,0.78507
2026-05-19 03:45:00,0.78508,0.78526,0.78501,0.78521
2026-05-19 04:00:00,0.78522,0.78536,0.78514,0.78527
2026-05-19 04:15:00,0.78526,0.78541,0.78516,0.78525
2026-05-19 04:30:00,0.78525,0.7854,0.78472,0.78476
2026-05-19 04:45:00,0.78477,0.78522,0.78476,0.78517
2026-05-19 05:00:00,0.78519,0.78563,0.78519,0.78549
2026-05-19 05:15:00,0.7855,0.7856,0.78521,0.78537
2026-05-19 05:30:00,0.78536,0.78554,0.7853,0.78541
2026-05-19 05:45:00,0.78542,0.78568,0.78536,0.7856
2026-05-19 06:00:00,0.7856,0.78574,0.78547,0.78551
2026-05-19 06:15:00,0.78552,0.78556,0.78535,0.78546
2026-05-19 06:30:00,0.78545,0.78557,0.78541,0.78557
2026-05-19 06:45:00,0.78558,0.78574,0.78556,0.78574
2026-05-19 07:00:00,0.78573,0.7858,0.7856,0.78566
2026-05-19 07:15:00,0.78567,0.78572,0.78548,0.78559
2026-05-19 07:30:00,0.78557,0.78584,0.78548,0.78582
2026-05-19 07:45:00,0.7858,0.78594,0.78574,0.78583
2026-05-19 08:00:00,0.78584,0.78589,0.78557,0.78566
2026-05-19 08:15:00,0.78565,0.78608,0.78565,0.78597
2026-05-19 08:30:00,0.78596,0.78605,0.7856,0.7857
2026-05-19 08:45:00,0.78569,0.78575,0.78536,0.78544
2026-05-19 09:00:00,0.78541,0.78583,0.78541,0.78568
2026-05-19 09:15:00,0.78569,0.7857,0.78512,0.78537
2026-05-19 09:30:00,0.78538,0.78562,0.78534,0.78541
2026-05-19 09:45:00,0.7854,0.78596,0.7854,0.78586
2026-05-19 10:00:00,0.78587,0.78604,0.78579,0.78585
2026-05-19 10:15:00,0.78587,0.78597,0.78576,0.78582
2026-05-19 10:30:00,0.7858,0.78589,0.78551,0.78579
2026-05-19 10:45:00,0.78578,0.78579,0.78511,0.78524
2026-05-19 11:00:00,0.78523,0.78587,0.78507,0.78573
2026-05-19 11:15:00,0.78572,0.78592,0.78551,0.78578
2026-05-19 11:30:00,0.78576,0.78653,0.7857,0.78652
2026-05-19 11:45:00,0.78652,0.78701,0.78643,0.78683
2026-05-19 12:00:00,0.78684,0.7874,0.7868,0.78735
2026-05-19 12:15:00,0.78736,0.78745,0.7871,0.78722
2026-05-19 12:30:00,0.78721,0.78738,0.78699,0.7871
2026-05-19 12:45:00,0.78711,0.78729,0.78702,0.78711
2026-05-19 13:00:00,0.78713,0.7872,0.78661,0.78667
2026-05-19 13:15:00,0.78668,0.78683,0.78661,0.78681
2026-05-19 13:30:00,0.7868,0.78796,0.78675,0.78786
2026-05-19 13:45:00,0.78787,0.78788,0.78685,0.78696
2026-05-19 14:00:00,0.78695,0.78729,0.78692,0.78727
2026-05-19 14:15:00,0.78727,0.78734,0.78699,0.78719
2026-05-19 14:30:00,0.78719,0.78727,0.78702,0.78712
2026-05-19 14:45:00,0.78713,0.78767,0.78709,0.78761
2026-05-19 15:00:00,0.78765,0.7877,0.78715,0.78733
2026-05-19 15:15:00,0.78734,0.78757,0.78708,0.78726
2026-05-19 15:30:00,0.78729,0.78784,0.78724,0.78777
2026-05-19 15:45:00,0.78778,0.78784,0.78736,0.78783
2026-05-19 16:00:00,0.78785,0.78844,0.78779,0.78811
2026-05-19 16:15:00,0.7881,0.78933,0.78807,0.78923
2026-05-19 16:30:00,0.78922,0.78958,0.78903,0.78926
2026-05-19 16:45:00,0.78924,0.78942,0.78879,0.7889
2026-05-19 17:00:00,0.78891,0.78976,0.78882,0.78972
2026-05-19 17:15:00,0.78972,0.7905,0.78966,0.79008
2026-05-19 17:30:00,0.79006,0.79032,0.78981,0.79021
2026-05-19 17:45:00,0.79022,0.7906,0.78998,0.79045
2026-05-19 18:00:00,0.79044,0.79045,0.78991,0.79032
2026-05-19 18:15:00,0.79032,0.79036,0.78977,0.79004
2026-05-19 18:30:00,0.79006,0.79014,0.78951,0.78965
2026-05-19 18:45:00,0.78964,0.78984,0.78946,0.78968
2026-05-19 19:00:00,0.78966,0.79013,0.78953,0.78968
2026-05-19 19:15:00,0.78967,0.78987,0.7889,0.78898
2026-05-19 19:30:00,0.78899,0.78905,0.78857,0.78866
2026-05-19 19:45:00,0.78865,0.78899,0.78865,0.78893
2026-05-19 20:00:00,0.78894,0.78894,0.78853,0.78857
2026-05-19 20:15:00,0.78858,0.78876,0.78853,0.78868
2026-05-19 20:30:00,0.78869,0.78888,0.78857,0.7886
2026-05-19 20:45:00,0.78859,0.78875,0.78848,0.7886
2026-05-19 21:00:00,0.78859,0.78863,0.78837,0.78854
2026-05-19 21:15:00,0.78855,0.78896,0.78853,0.78894
2026-05-19 21:30:00,0.78893,0.78906,0.78874,0.78882
2026-05-19 21:45:00,0.78882,0.78925,0.78882,0.78916
2026-05-19 22:00:00,0.78917,0.78923,0.78888,0.78891
2026-05-19 22:15:00,0.78891,0.78923,0.78886,0.78904
2026-05-19 22:30:00,0.78903,0.78911,0.78868,0.7887
2026-05-19 22:45:00,0.78871,0.78897,0.78869,0.78886
2026-05-19 23:00:00,0.78886,0.78901,0.7888,0.7889
2026-05-19 23:15:00,0.78889,0.78901,0.78888,0.78893
2026-05-19 23:30:00,0.78891,0.78893,0.7885,0.7886
2026-05-19 23:45:00,0.78861,0.78897,0.78829,0.7884
2026-05-20 00:00:00,0.78831,0.7889,0.78792,0.78839
2026-05-20 00:15:00,0.78841,0.78853,0.78835,0.78835
2026-05-20 00:30:00,0.78841,0.78847,0.78838,0.78843
2026-05-20 00:45:00,0.78843,0.78858,0.78824,0.78827
2026-05-20 01:00:00,0.78816,0.78884,0.78814,0.78881
2026-05-20 01:15:00,0.78882,0.78888,0.78878,0.78886
2026-05-20 01:30:00,0.78886,0.78899,0.78881,0.78898
2026-05-20 01:45:00,0.78897,0.78901,0.78883,0.78885
2026-05-20 02:00:00,0.78886,0.78892,0.78879,0.78879
2026-05-20 02:15:00,0.78877,0.78877,0.78858,0.78862
2026-05-20 02:30:00,0.78863,0.78864,0.78841,0.78855
2026-05-20 02:45:00,0.78856,0.78882,0.78854,0.7888
2026-05-20 03:00:00,0.78882,0.78925,0.78882,0.78906
2026-05-20 03:15:00,0.78907,0.78919,0.78858,0.78876
2026-05-20 03:30:00,0.78875,0.78903,0.78856,0.789
2026-05-20 03:45:00,0.78901,0.78936,0.78891,0.78932
2026-05-20 04:00:00,0.78933,0.78957,0.78926,0.78951
2026-05-20 04:15:00,0.78952,0.78978,0.78937,0.78975
2026-05-20 04:30:00,0.78974,0.79002,0.78964,0.7899
2026-05-20 04:45:00,0.78988,0.78994,0.78934,0.78985
2026-05-20 05:00:00,0.78984,0.78988,0.78964,0.78965
2026-05-20 05:15:00,0.78965,0.7899,0.7894,0.78971
2026-05-20 05:30:00,0.78972,0.79012,0.78972,0.78984
2026-05-20 05:45:00,0.78985,0.78992,0.78973,0.78985
2026-05-20 06:00:00,0.78986,0.79005,0.78985,0.78994
2026-05-20 06:15:00,0.78993,0.78997,0.78954,0.7896
2026-05-20 06:30:00,0.78959,0.78966,0.78924,0.78941
2026-05-20 06:45:00,0.7894,0.78953,0.78935,0.7895
2026-05-20 07:00:00,0.78951,0.78951,0.78913,0.78927
2026-05-20 07:15:00,0.78928,0.78957,0.78928,0.78952
2026-05-20 07:30:00,0.78951,0.7899,0.7895,0.78981
2026-05-20 07:45:00,0.78982,0.78993,0.78975,0.78991
2026-05-20 08:00:00,0.7899,0.78992,0.78952,0.78976
2026-05-20 08:15:00,0.78975,0.78992,0.78958,0.78991
2026-05-20 08:30:00,0.7899,0.78993,0.78959,0.7899
2026-05-20 08:45:00,0.7899,0.79033,0.78988,0.79007
2026-05-20 09:00:00,0.7901,0.79036,0.78989,0.78997
2026-05-20 09:15:00,0.78996,0.78996,0.78929,0.78947
2026-05-20 09:30:00,0.78946,0.7901,0.78945,0.79
2026-05-20 09:45:00,0.78999,0.79047,0.78994,0.79033
2026-05-20 10:00:00,0.79035,0.79046,0.79007,0.7903
2026-05-20 10:15:00,0.7903,0.79047,0.79022,0.79033
2026-05-20 10:30:00,0.79034,0.79048,0.79034,0.79047
2026-05-20 10:45:00,0.79046,0.79048,0.79029,0.79037
2026-05-20 11:00:00,0.79038,0.79048,0.7902,0.79042
2026-05-20 11:15:00,0.79041,0.79058,0.7903,0.79031
2026-05-20 11:30:00,0.79029,0.79047,0.79024,0.79031
2026-05-20 11:45:00,0.7903,0.79044,0.78997,0.79021
2026-05-20 12:00:00,0.7902,0.79043,0.79006,0.79032
2026-05-20 12:15:00,0.79031,0.79058,0.79027,0.79044
2026-05-20 12:30:00,0.79045,0.79058,0.79037,0.79045
2026-05-20 12:45:00,0.79046,0.79057,0.79033,0.7905
2026-05-20 13:00:00,0.7905,0.79051,0.79006,0.79009
2026-05-20 13:15:00,0.7901,0.79014,0.78988,0.79005
2026-05-20 13:30:00,0.79004,0.79009,0.78944,0.78967
2026-05-20 13:45:00,0.78968,0.78972,0.7894,0.78966
2026-05-20 14:00:00,0.78965,0.79029,0.78965,0.79024
2026-05-20 14:15:00,0.79023,0.7904,0.79003,0.79005
2026-05-20 14:30:00,0.79003,0.79007,0.78967,0.79004
2026-05-20 14:45:00,0.79003,0.79039,0.78998,0.79009
2026-05-20 15:00:00,0.7901,0.79015,0.78989,0.7899
2026-05-20 15:15:00,0.78991,0.79042,0.78984,0.79038
2026-05-20 15:30:00,0.79039,0.79055,0.7903,0.79042
2026-05-20 15:45:00,0.79041,0.79048,0.79026,0.79043
2026-05-20 16:00:00,0.79045,0.79052,0.79021,0.79034
2026-05-20 16:15:00,0.79035,0.79046,0.79019,0.79039
2026-05-20 16:30:00,0.7904,0.79051,0.79019,0.7904
2026-05-20 16:45:00,0.79039,0.79059,0.79019,0.7905
2026-05-20 17:00:00,0.79049,0.79063,0.79014,0.79036
2026-05-20 17:15:00,0.79035,0.79035,0.78845,0.78882
2026-05-20 17:30:00,0.78881,0.78883,0.78777,0.78844
2026-05-20 17:45:00,0.78843,0.78854,0.78695,0.78734
2026-05-20 18:00:00,0.78735,0.78825,0.78708,0.78808
2026-05-20 18:15:00,0.78808,0.7881,0.78572,0.78714
2026-05-20 18:30:00,0.78713,0.78716,0.78637,0.78691
2026-05-20 18:45:00,0.78686,0.78772,0.78678,0.78762
2026-05-20 19:00:00,0.78762,0.78763,0.78677,0.78693
2026-05-20 19:15:00,0.78694,0.78754,0.78688,0.7874
2026-05-20 19:30:00,0.78737,0.78761,0.78705,0.78705
2026-05-20 19:45:00,0.78706,0.78739,0.78682,0.78719
2026-05-20 20:00:00,0.78717,0.7876,0.78706,0.78723
2026-05-20 20:15:00,0.78722,0.78743,0.78703,0.78716
2026-05-20 20:30:00,0.78717,0.78754,0.78695,0.78754
2026-05-20 20:45:00,0.78753,0.7877,0.78723,0.78723
2026-05-20 21:00:00,0.78723,0.78788,0.78717,0.78727
2026-05-20 21:15:00,0.78727,0.78737,0.78699,0.78702
2026-05-20 21:30:00,0.78701,0.7872,0.78671,0.7872
2026-05-20 21:45:00,0.78717,0.78721,0.78645,0.7868
2026-05-20 22:00:00,0.78681,0.78686,0.78652,0.7868
2026-05-20 22:15:00,0.7868,0.78682,0.78657,0.78663
2026-05-20 22:30:00,0.78664,0.78677,0.78637,0.78673
2026-05-20 22:45:00,0.78672,0.78698,0.78666,0.78694
2026-05-20 23:00:00,0.78695,0.78697,0.78685,0.78689
2026-05-20 23:15:00,0.78688,0.78704,0.78683,0.78698
2026-05-20 23:30:00,0.78696,0.78711,0.78671,0.78688
2026-05-20 23:45:00,0.78687,0.78694,0.78668,0.78671
2026-05-21 00:00:00,0.78586,0.78637,0.78586,0.78637
2026-05-21 00:15:00,0.78637,0.78637,0.78596,0.7862
2026-05-21 00:30:00,0.78616,0.78643,0.78613,0.78636
2026-05-21 00:45:00,0.78645,0.78652,0.78622,0.78649
2026-05-21 01:00:00,0.78632,0.78706,0.78628,0.78688
2026-05-21 01:15:00,0.78689,0.78704,0.78687,0.78699
2026-05-21 01:30:00,0.78699,0.78703,0.78687,0.78688
2026-05-21 01:45:00,0.78689,0.78697,0.78684,0.78692
2026-05-21 02:00:00,0.78691,0.78695,0.78678,0.78692
2026-05-21 02:15:00,0.78692,0.78713,0.78692,0.78709
2026-05-21 02:30:00,0.7871,0.78728,0.78706,0.78727
2026-05-21 02:45:00,0.78727,0.78728,0.78693,0.7871
2026-05-21 03:00:00,0.78711,0.78735,0.78709,0.78722
2026-05-21 03:15:00,0.78722,0.78751,0.78711,0.78723
2026-05-21 03:30:00,0.78724,0.78736,0.78714,0.78717
2026-05-21 03:45:00,0.78718,0.78721,0.78696,0.78701
2026-05-21 04:00:00,0.787,0.78701,0.78646,0.78654
2026-05-21 04:15:00,0.78652,0.78659,0.78637,0.78645
2026-05-21 04:30:00,0.78651,0.78661,0.78616,0.78641
2026-05-21 04:45:00,0.78641,0.78677,0.78638,0.78659
2026-05-21 05:00:00,0.78659,0.78659,0.78637,0.78657
2026-05-21 05:15:00,0.78658,0.78691,0.78653,0.7869
2026-05-21 05:30:00,0.78691,0.7873,0.78682,0.78716
2026-05-21 05:45:00,0.78717,0.78757,0.78714,0.78739
2026-05-21 06:00:00,0.78738,0.78742,0.78711,0.78722
2026-05-21 06:15:00,0.78721,0.78726,0.78685,0.787
2026-05-21 06:30:00,0.78701,0.78723,0.78697,0.78702
2026-05-21 06:45:00,0.78701,0.78723,0.78695,0.78719
2026-05-21 07:00:00,0.78718,0.78722,0.78698,0.78699
2026-05-21 07:15:00,0.787,0.78704,0.78682,0.78691
2026-05-21 07:30:00,0.7869,0.78698,0.78679,0.7868
2026-05-21 07:45:00,0.78681,0.78695,0.78678,0.78688
2026-05-21 08:00:00,0.78687,0.7869,0.78672,0.78688
2026-05-21 08:15:00,0.78687,0.7872,0.78687,0.7871
2026-05-21 08:30:00,0.78711,0.78715,0.78696,0.78702
2026-05-21 08:45:00,0.78703,0.78727,0.78679,0.78682
2026-05-21 09:00:00,0.78686,0.78701,0.78664,0.7867
2026-05-21 09:15:00,0.78671,0.78717,0.78666,0.78691
2026-05-21 09:30:00,0.78692,0.78754,0.78689,0.78744
2026-05-21 09:45:00,0.78745,0.78748,0.78722,0.78724
2026-05-21 10:00:00,0.78723,0.78747,0.78709,0.7872
2026-05-21 10:15:00,0.78721,0.78844,0.78713,0.78824
2026-05-21 10:30:00,0.78824,0.78824,0.78765,0.78768
2026-05-21 10:45:00,0.78767,0.78776,0.78726,0.78751
2026-05-21 11:00:00,0.78749,0.78761,0.78641,0.78652
2026-05-21 11:15:00,0.78651,0.78671,0.78593,0.78595
2026-05-21 11:30:00,0.78597,0.78706,0.78597,0.78701
2026-05-21 11:45:00,0.78701,0.78715,0.78672,0.787
2026-05-21 12:00:00,0.78703,0.78712,0.78653,0.7866
2026-05-21 12:15:00,0.7866,0.78665,0.78593,0.78601
2026-05-21 12:30:00,0.786,0.78651,0.78588,0.78641
2026-05-21 12:45:00,0.7864,0.78654,0.78618,0.7862
2026-05-21 13:00:00,0.78619,0.78625,0.78586,0.78616
2026-05-21 13:15:00,0.78616,0.78734,0.78611,0.78711
2026-05-21 13:30:00,0.78709,0.78831,0.78709,0.7878
2026-05-21 13:45:00,0.78781,0.78804,0.78766,0.78797
2026-05-21 14:00:00,0.78799,0.788,0.78725,0.78736
2026-05-21 14:15:00,0.78737,0.78765,0.78716,0.78747
2026-05-21 14:30:00,0.78748,0.78771,0.78734,0.78763
2026-05-21 14:45:00,0.78764,0.78834,0.78762,0.78819
2026-05-21 15:00:00,0.78818,0.78869,0.78785,0.78856
2026-05-21 15:15:00,0.78855,0.78892,0.78835,0.78835
2026-05-21 15:30:00,0.78834,0.78892,0.78798,0.78801
2026-05-21 15:45:00,0.788,0.78877,0.78782,0.78874
2026-05-21 16:00:00,0.78876,0.78908,0.78862,0.78905
2026-05-21 16:15:00,0.78906,0.7897,0.78905,0.78948
2026-05-21 16:30:00,0.78947,0.79036,0.78942,0.79031
2026-05-21 16:45:00,0.79036,0.79038,0.7886,0.78907
2026-05-21 17:00:00,0.78906,0.78951,0.78896,0.78912
2026-05-21 17:15:00,0.78911,0.78974,0.78908,0.78928
2026-05-21 17:30:00,0.78927,0.78929,0.78889,0.78916
2026-05-21 17:45:00,0.78915,0.78925,0.7885,0.78881
2026-05-21 18:00:00,0.7888,0.78948,0.78873,0.78899
2026-05-21 18:15:00,0.78898,0.78936,0.78892,0.78917
2026-05-21 18:30:00,0.78918,0.78944,0.78907,0.78943
2026-05-21 18:45:00,0.78942,0.78947,0.78917,0.78931
2026-05-21 19:00:00,0.7893,0.78948,0.78894,0.78923
2026-05-21 19:15:00,0.78921,0.78937,0.78895,0.78899
2026-05-21 19:30:00,0.789,0.78913,0.78882,0.78888
2026-05-21 19:45:00,0.78887,0.78908,0.78879,0.78882
2026-05-21 20:00:00,0.78879,0.789,0.78817,0.78818
2026-05-21 20:15:00,0.78817,0.78817,0.78678,0.78692
2026-05-21 20:30:00,0.78691,0.78708,0.7862,0.78623
2026-05-21 20:45:00,0.78624,0.78659,0.78573,0.78618
2026-05-21 21:00:00,0.78619,0.78676,0.78575,0.78645
2026-05-21 21:15:00,0.78644,0.78658,0.786,0.78619
2026-05-21 21:30:00,0.78619,0.78637,0.78604,0.78616
2026-05-21 21:45:00,0.78615,0.78764,0.78611,0.7873
2026-05-21 22:00:00,0.78734,0.7874,0.78684,0.78699
2026-05-21 22:15:00,0.78699,0.787,0.78643,0.78652
2026-05-21 22:30:00,0.78651,0.78655,0.78606,0.78655
2026-05-21 22:45:00,0.78652,0.78676,0.78593,0.78616
2026-05-21 23:00:00,0.78614,0.78658,0.78602,0.78651
2026-05-21 23:15:00,0.78652,0.78659,0.7864,0.78648
2026-05-21 23:30:00,0.78648,0.78664,0.7862,0.78626
2026-05-21 23:45:00,0.78625,0.78638,0.78602,0.78603
2026-05-22 00:00:00,0.78618,0.78626,0.78517,0.78621
2026-05-22 00:15:00,0.7862,0.78628,0.78569,0.78608
2026-05-22 00:30:00,0.78624,0.78626,0.78568,0.78607
2026-05-22 00:45:00,0.78607,0.78614,0.78557,0.78597
2026-05-22 01:00:00,0.78595,0.78672,0.78593,0.78664
2026-05-22 01:15:00,0.78664,0.78666,0.78655,0.78664
2026-05-22 01:30:00,0.78666,0.78669,0.78653,0.78655
2026-05-22 01:45:00,0.78656,0.78659,0.78649,0.78652
2026-05-22 02:00:00,0.78651,0.78661,0.78644,0.78656
2026-05-22 02:15:00,0.78655,0.78666,0.78655,0.78657
2026-05-22 02:30:00,0.7866,0.78669,0.78657,0.78669
2026-05-22 02:45:00,0.78668,0.78668,0.78642,0.78652
2026-05-22 03:00:00,0.78651,0.78676,0.7865,0.78672
2026-05-22 03:15:00,0.78673,0.78687,0.78667,0.78677
2026-05-22 03:30:00,0.78678,0.7869,0.78674,0.78679
2026-05-22 03:45:00,0.78676,0.78687,0.78668,0.78686
2026-05-22 04:00:00,0.78688,0.78692,0.7867,0.78686
2026-05-22 04:15:00,0.78685,0.78701,0.78678,0.78691
2026-05-22 04:30:00,0.7869,0.78697,0.78676,0.78681
2026-05-22 04:45:00,0.78681,0.78704,0.78665,0.78703
2026-05-22 05:00:00,0.78704,0.78706,0.78691,0.78699
2026-05-22 05:15:00,0.78699,0.787,0.78684,0.78687
2026-05-22 05:30:00,0.78688,0.78689,0.78652,0.78663
2026-05-22 05:45:00,0.78662,0.78677,0.78649,0.78663
2026-05-22 06:00:00,0.78662,0.78686,0.78655,0.78682
2026-05-22 06:15:00,0.78682,0.78687,0.78671,0.78677
2026-05-22 06:30:00,0.78677,0.78684,0.78672,0.78672
2026-05-22 06:45:00,0.78673,0.78675,0.78662,0.78669
2026-05-22 07:00:00,0.78668,0.78674,0.78639,0.78639
2026-05-22 07:15:00,0.7864,0.78646,0.78627,0.78638
2026-05-22 07:30:00,0.78638,0.7865,0.78632,0.78643
2026-05-22 07:45:00,0.78644,0.78644,0.78622,0.78627
2026-05-22 08:00:00,0.78628,0.78634,0.78617,0.78634
2026-05-22 08:15:00,0.78634,0.78651,0.78628,0.78647
2026-05-22 08:30:00,0.78646,0.78653,0.78634,0.78649
2026-05-22 08:45:00,0.78647,0.78708,0.78636,0.78698
2026-05-22 09:00:00,0.78697,0.78709,0.78652,0.78667
2026-05-22 09:15:00,0.78669,0.7868,0.78654,0.7866
2026-05-22 09:30:00,0.7866,0.78708,0.78657,0.78682
2026-05-22 09:45:00,0.78683,0.78705,0.78665,0.78666
2026-05-22 10:00:00,0.78665,0.78756,0.78665,0.7875
2026-05-22 10:15:00,0.78751,0.78755,0.78661,0.78663
2026-05-22 10:30:00,0.78664,0.78682,0.78622,0.78635
2026-05-22 10:45:00,0.78636,0.78644,0.78602,0.78614
2026-05-22 11:00:00,0.78615,0.78633,0.78603,0.78632
2026-05-22 11:15:00,0.78633,0.78637,0.7855,0.78571
2026-05-22 11:30:00,0.78569,0.78627,0.78561,0.78583
2026-05-22 11:45:00,0.78584,0.78618,0.78571,0.78615
2026-05-22 12:00:00,0.78616,0.78631,0.7859,0.78629
2026-05-22 12:15:00,0.7863,0.78643,0.78618,0.7864
2026-05-22 12:30:00,0.78641,0.78652,0.78594,0.78605
2026-05-22 12:45:00,0.78604,0.78627,0.78599,0.78612
2026-05-22 13:00:00,0.78611,0.78621,0.78569,0.78584
2026-05-22 13:15:00,0.78587,0.78613,0.78573,0.78612
2026-05-22 13:30:00,0.78613,0.78655,0.78608,0.7864
2026-05-22 13:45:00,0.78641,0.7868,0.78632,0.78674
2026-05-22 14:00:00,0.78674,0.787,0.78666,0.7869
2026-05-22 14:15:00,0.78693,0.78697,0.78667,0.78681
2026-05-22 14:30:00,0.78682,0.78694,0.78657,0.78664
2026-05-22 14:45:00,0.78665,0.78665,0.78618,0.78626
2026-05-22 15:00:00,0.78627,0.78642,0.78548,0.78559
2026-05-22 15:15:00,0.7856,0.7862,0.78539,0.78606
2026-05-22 15:30:00,0.78604,0.7863,0.78594,0.78612
2026-05-22 15:45:00,0.78613,0.78613,0.78571,0.78573
2026-05-22 16:00:00,0.7857,0.78577,0.78461,0.78491
2026-05-22 16:15:00,0.7849,0.78521,0.78479,0.78502
2026-05-22 16:30:00,0.78503,0.78565,0.78484,0.78548
2026-05-22 16:45:00,0.78549,0.78592,0.78537,0.78537
2026-05-22 17:00:00,0.78535,0.78693,0.7853,0.78683
2026-05-22 17:15:00,0.78684,0.78706,0.78664,0.78664
2026-05-22 17:30:00,0.78663,0.78683,0.78633,0.78649
2026-05-22 17:45:00,0.7865,0.78693,0.78575,0.78585
2026-05-22 18:00:00,0.78584,0.78611,0.78557,0.78575
2026-05-22 18:15:00,0.78576,0.78595,0.78551,0.78571
2026-05-22 18:30:00,0.7857,0.78588,0.7855,0.78572
2026-05-22 18:45:00,0.78571,0.78589,0.78555,0.78568
2026-05-22 19:00:00,0.7857,0.78592,0.78493,0.78504
2026-05-22 19:15:00,0.78505,0.78516,0.78451,0.78463
2026-05-22 19:30:00,0.78462,0.78475,0.78429,0.78466
2026-05-22 19:45:00,0.78466,0.78467,0.7842,0.78424
2026-05-22 20:00:00,0.78422,0.78427,0.78384,0.78413
2026-05-22 20:15:00,0.78412,0.78458,0.78388,0.78403
2026-05-22 20:30:00,0.78404,0.78429,0.78378,0.78428
2026-05-22 20:45:00,0.78427,0.78455,0.78419,0.78437
2026-05-22 21:00:00,0.78438,0.78463,0.78412,0.78453
2026-05-22 21:15:00,0.78455,0.78462,0.78441,0.78457
2026-05-22 21:30:00,0.78458,0.78466,0.78412,0.7843
2026-05-22 21:45:00,0.78431,0.78439,0.7842,0.78439
2026-05-22 22:00:00,0.78438,0.7848,0.78419,0.78471
2026-05-22 22:15:00,0.78472,0.78473,0.78454,0.7847
2026-05-22 22:30:00,0.7847,0.78483,0.78466,0.78481
2026-05-22 22:45:00,0.7848,0.78491,0.78469,0.7848
2026-05-22 23:00:00,0.78479,0.78486,0.78475,0.78485
2026-05-22 23:15:00,0.78484,0.78491,0.78474,0.78488
2026-05-22 23:30:00,0.7849,0.78514,0.78457,0.78462
2026-05-22 23:45:00,0.78461,0.78486,0.78437,0.78458
2026-05-25 00:00:00,0.78348,0.78348,0.78306,0.7831
2026-05-25 00:15:00,0.7831,0.78348,0.7831,0.78337
2026-05-25 00:30:00,0.78337,0.78344,0.78337,0.78337
2026-05-25 00:45:00,0.78338,0.7838,0.78313,0.78365
2026-05-25 01:00:00,0.78365,0.78365,0.78251,0.78273
2026-05-25 01:15:00,0.78268,0.78291,0.78227,0.78232
2026-05-25 01:30:00,0.78233,0.78233,0.78197,0.78203
2026-05-25 01:45:00,0.78202,0.78216,0.78187,0.78198
2026-05-25 02:00:00,0.78197,0.78197,0.78175,0.78192
2026-05-25 02:15:00,0.78193,0.78199,0.78182,0.78188
2026-05-25 02:30:00,0.7819,0.782,0.7818,0.78191
2026-05-25 02:45:00,0.78192,0.78232,0.78183,0.78229
2026-05-25 03:00:00,0.78231,0.78246,0.78214,0.78229
2026-05-25 03:15:00,0.7823,0.78234,0.78206,0.78213
2026-05-25 03:30:00,0.78214,0.78238,0.782,0.78231
2026-05-25 03:45:00,0.7823,0.78249,0.7816,0.78236
2026-05-25 04:00:00,0.78237,0.78243,0.78181,0.78184
2026-05-25 04:15:00,0.78183,0.78192,0.78155,0.78162
2026-05-25 04:30:00,0.78161,0.78207,0.78161,0.78203
2026-05-25 04:45:00,0.78202,0.78214,0.78196,0.78212
2026-05-25 05:00:00,0.78213,0.78213,0.78182,0.78192
2026-05-25 05:15:00,0.78191,0.782,0.78178,0.78184
2026-05-25 05:30:00,0.78183,0.78195,0.78181,0.78191
2026-05-25 05:45:00,0.7819,0.78218,0.78181,0.78208
2026-05-25 06:00:00,0.78207,0.7822,0.78196,0.78207
2026-05-25 06:15:00,0.78205,0.7822,0.78202,0.78215
2026-05-25 06:30:00,0.78214,0.78214,0.78189,0.78206
2026-05-25 06:45:00,0.78205,0.78225,0.78205,0.78216
2026-05-25 07:00:00,0.78217,0.78233,0.78214,0.78227
2026-05-25 07:15:00,0.78227,0.78235,0.78219,0.7822
2026-05-25 07:30:00,0.78219,0.78221,0.78201,0.78203
2026-05-25 07:45:00,0.78202,0.78206,0.78176,0.78188
2026-05-25 08:00:00,0.78186,0.78188,0.78159,0.78174
2026-05-25 08:15:00,0.78175,0.78187,0.78169,0.78179
2026-05-25 08:30:00,0.7818,0.78188,0.78168,0.78182
2026-05-25 08:45:00,0.78182,0.78213,0.78174,0.78209
2026-05-25 09:00:00,0.78212,0.78219,0.78185,0.78185
2026-05-25 09:15:00,0.78186,0.78203,0.78174,0.78194
2026-05-25 09:30:00,0.78195,0.78197,0.78156,0.78169
2026-05-25 09:45:00,0.78169,0.78175,0.78139,0.78162
2026-05-25 10:00:00,0.7816,0.78196,0.78148,0.78174
2026-05-25 10:15:00,0.78177,0.78233,0.78173,0.7821
2026-05-25 10:30:00,0.78209,0.78217,0.78183,0.78206
2026-05-25 10:45:00,0.78207,0.78219,0.78195,0.78195
2026-05-25 11:00:00,0.78193,0.78219,0.7817,0.78176
2026-05-25 11:15:00,0.78177,0.78199,0.78175,0.78197
2026-05-25 11:30:00,0.78196,0.78201,0.78167,0.78188
2026-05-25 11:45:00,0.78189,0.78191,0.78163,0.78166
2026-05-25 12:00:00,0.78167,0.78177,0.78147,0.78153
2026-05-25 12:15:00,0.78152,0.78162,0.78137,0.78152
2026-05-25 12:30:00,0.78151,0.78153,0.78126,0.78127
2026-05-25 12:45:00,0.78128,0.78158,0.78128,0.78154
2026-05-25 13:00:00,0.78151,0.78155,0.78141,0.78148
2026-05-25 13:15:00,0.78148,0.78153,0.78134,0.78152
2026-05-25 13:30:00,0.78152,0.78156,0.78121,0.78122
2026-05-25 13:45:00,0.78121,0.78148,0.78119,0.78139
2026-05-25 14:00:00,0.78139,0.78155,0.78134,0.78141
2026-05-25 14:15:00,0.7814,0.78141,0.78122,0.7813
2026-05-25 14:30:00,0.78128,0.78132,0.78091,0.78096
2026-05-25 14:45:00,0.78097,0.78138,0.78086,0.78134
2026-05-25 15:00:00,0.78135,0.78148,0.78117,0.78128
2026-05-25 15:15:00,0.78131,0.78135,0.78105,0.78126
2026-05-25 15:30:00,0.78125,0.78126,0.78088,0.7809
2026-05-25 15:45:00,0.78089,0.78113,0.78076,0.78104
2026-05-25 16:00:00,0.78105,0.78145,0.78094,0.78141
2026-05-25 16:15:00,0.78142,0.78224,0.78141,0.78222
2026-05-25 16:30:00,0.78222,0.7832,0.7822,0.78276
2026-05-25 16:45:00,0.78281,0.78323,0.78274,0.78313
2026-05-25 17:00:00,0.78314,0.78327,0.78294,0.78325
2026-05-25 17:15:00,0.78326,0.78327,0.78301,0.78311
2026-05-25 17:30:00,0.7831,0.78329,0.78284,0.78286
2026-05-25 17:45:00,0.78287,0.7831,0.78273,0.78297
2026-05-25 18:00:00,0.78296,0.78347,0.78275,0.78288
2026-05-25 18:15:00,0.78287,0.78289,0.78256,0.78273
2026-05-25 18:30:00,0.78275,0.7829,0.78272,0.78274
2026-05-25 18:45:00,0.78275,0.78293,0.78267,0.78286
2026-05-25 19:00:00,0.78284,0.78328,0.78283,0.78312
2026-05-25 19:15:00,0.78313,0.78328,0.78311,0.78324
2026-05-25 19:30:00,0.78323,0.78343,0.78321,0.78333
2026-05-25 19:45:00,0.7833,0.78332,0.78298,0.78299
2026-05-25 20:00:00,0.783,0.78308,0.78291,0.78295
2026-05-25 20:15:00,0.78295,0.78295,0.78272,0.78275
2026-05-25 20:30:00,0.78276,0.7828,0.78261,0.78264
2026-05-25 20:45:00,0.78265,0.78276,0.7826,0.78262
2026-05-25 21:00:00,0.78261,0.78271,0.78256,0.78257
2026-05-25 21:15:00,0.78257,0.78263,0.78255,0.78259
2026-05-25 21:30:00,0.78259,0.7827,0.78257,0.78262
2026-05-25 21:45:00,0.78263,0.78264,0.78249,0.78249
2026-05-25 22:00:00,0.7825,0.78264,0.7825,0.78263
2026-05-25 22:15:00,0.78262,0.78265,0.78255,0.78257
2026-05-25 22:30:00,0.78256,0.78263,0.78248,0.78253
2026-05-25 22:45:00,0.78254,0.7826,0.78251,0.78256
2026-05-25 23:00:00,0.78255,0.78257,0.78251,0.78252
2026-05-25 23:15:00,0.78253,0.78267,0.7825,0.78258
2026-05-25 23:30:00,0.78259,0.78268,0.78228,0.78233
2026-05-25 23:45:00,0.78234,0.78236,0.78213,0.78214
2026-05-26 00:00:00,0.78206,0.78245,0.78097,0.78207
2026-05-26 00:15:00,0.78208,0.78238,0.78207,0.78236
2026-05-26 00:30:00,0.78236,0.78242,0.78226,0.78239
2026-05-26 00:45:00,0.78239,0.78242,0.78224,0.78241
2026-05-26 01:00:00,0.78245,0.78304,0.78238,0.78273
2026-05-26 01:15:00,0.78272,0.78285,0.78272,0.78285
2026-05-26 01:30:00,0.78284,0.78287,0.78273,0.78275
2026-05-26 01:45:00,0.78276,0.7828,0.78272,0.78279
2026-05-26 02:00:00,0.78278,0.78278,0.78268,0.78272
2026-05-26 02:15:00,0.78273,0.78286,0.78269,0.78285
2026-05-26 02:30:00,0.78286,0.7831,0.78286,0.78305
2026-05-26 02:45:00,0.78304,0.78323,0.78292,0.78322
2026-05-26 03:00:00,0.78323,0.78346,0.78319,0.78332
2026-05-26 03:15:00,0.78333,0.78368,0.78324,0.78349
2026-05-26 03:30:00,0.78348,0.78352,0.78332,0.78343
2026-05-26 03:45:00,0.78344,0.78348,0.78321,0.78327
2026-05-26 04:00:00,0.78328,0.78343,0.78312,0.78315
2026-05-26 04:15:00,0.78316,0.78336,0.78313,0.78331
2026-05-26 04:30:00,0.7833,0.78382,0.78326,0.7837
2026-05-26 04:45:00,0.78371,0.78373,0.78342,0.78345
2026-05-26 05:00:00,0.78344,0.78353,0.7833,0.78351
2026-05-26 05:15:00,0.7835,0.78361,0.78342,0.78353
2026-05-26 05:30:00,0.78352,0.78358,0.78343,0.78357
2026-05-26 05:45:00,0.78358,0.78363,0.78339,0.78344
2026-05-26 06:00:00,0.78345,0.78345,0.78327,0.78331
2026-05-26 06:15:00,0.78332,0.78334,0.78304,0.78322
2026-05-26 06:30:00,0.78323,0.78324,0.78314,0.78317
2026-05-26 06:45:00,0.78318,0.7832,0.78291,0.78294
2026-05-26 07:00:00,0.78295,0.78318,0.78287,0.78287
2026-05-26 07:15:00,0.78288,0.78313,0.78287,0.78311
2026-05-26 07:30:00,0.78312,0.78324,0.78304,0.78318
2026-05-26 07:45:00,0.78317,0.78347,0.78315,0.78345
2026-05-26 08:00:00,0.78346,0.78353,0.78333,0.78343
2026-05-26 08:15:00,0.78343,0.78361,0.78337,0.78347
2026-05-26 08:30:00,0.78348,0.78365,0.7834,0.78364
2026-05-26 08:45:00,0.78363,0.78388,0.78358,0.78383
2026-05-26 09:00:00,0.78382,0.78399,0.78376,0.78391
2026-05-26 09:15:00,0.7839,0.78395,0.78344,0.78377
2026-05-26 09:30:00,0.78376,0.78426,0.78364,0.78399
2026-05-26 09:45:00,0.784,0.78512,0.78399,0.78481
2026-05-26 10:00:00,0.7848,0.78518,0.78446,0.7847
2026-05-26 10:15:00,0.78471,0.78498,0.78457,0.78482
2026-05-26 10:30:00,0.78482,0.78497,0.78434,0.78459
2026-05-26 10:45:00,0.78459,0.78479,0.78429,0.78439
2026-05-26 11:00:00,0.78438,0.78453,0.78412,0.7843
2026-05-26 11:15:00,0.78429,0.78448,0.78409,0.78429
2026-05-26 11:30:00,0.7843,0.78475,0.78422,0.78471
2026-05-26 11:45:00,0.7847,0.78475,0.78432,0.78459
2026-05-26 12:00:00,0.78457,0.78468,0.78425,0.78452
2026-05-26 12:15:00,0.78452,0.78469,0.78418,0.78418
2026-05-26 12:30:00,0.78419,0.78435,0.78407,0.78434
2026-05-26 12:45:00,0.78433,0.78434,0.78396,0.7842
2026-05-26 13:00:00,0.78421,0.78454,0.78418,0.78428
2026-05-26 13:15:00,0.78429,0.7844,0.78408,0.7841
2026-05-26 13:30:00,0.78409,0.78452,0.78395,0.78428
2026-05-26 13:45:00,0.78429,0.78453,0.78413,0.78452
2026-05-26 14:00:00,0.78452,0.78464,0.78423,0.78436
2026-05-26 14:15:00,0.78435,0.78467,0.78432,0.78466
2026-05-26 14:30:00,0.78465,0.7853,0.78446,0.78529
2026-05-26 14:45:00,0.7853,0.78533,0.78512,0.78531
2026-05-26 15:00:00,0.78533,0.78543,0.78509,0.78529
2026-05-26 15:15:00,0.78532,0.78536,0.78494,0.78506
2026-05-26 15:30:00,0.78505,0.78523,0.78499,0.78517
2026-05-26 15:45:00,0.78518,0.78524,0.78486,0.78506
2026-05-26 16:00:00,0.78507,0.78535,0.78492,0.78525
2026-05-26 16:15:00,0.78523,0.78535,0.78481,0.78533
2026-05-26 16:30:00,0.78532,0.78532,0.78479,0.78497
2026-05-26 16:45:00,0.78496,0.78581,0.78477,0.78482
2026-05-26 17:00:00,0.78483,0.78543,0.78469,0.78486
2026-05-26 17:15:00,0.78485,0.78544,0.78484,0.78504
2026-05-26 17:30:00,0.78506,0.78512,0.78452,0.78485
2026-05-26 17:45:00,0.78486,0.78545,0.78476,0.7854
2026-05-26 18:00:00,0.78541,0.78578,0.78539,0.78556
2026-05-26 18:15:00,0.78557,0.78598,0.78552,0.78583
2026-05-26 18:30:00,0.78582,0.78642,0.78571,0.7862
2026-05-26 18:45:00,0.78621,0.78623,0.78592,0.78599
2026-05-26 19:00:00,0.78595,0.78605,0.7857,0.78582
2026-05-26 19:15:00,0.78581,0.78588,0.78547,0.78552
2026-05-26 19:30:00,0.78553,0.78568,0.78527,0.78566
2026-05-26 19:45:00,0.78567,0.78584,0.78561,0.78575
2026-05-26 20:00:00,0.78575,0.78582,0.78558,0.78568
2026-05-26 20:15:00,0.7857,0.78575,0.78555,0.78573
2026-05-26 20:30:00,0.78574,0.7859,0.78564,0.78589
2026-05-26 20:45:00,0.7859,0.78602,0.78586,0.78589
2026-05-26 21:00:00,0.78588,0.786,0.78574,0.78577
2026-05-26 21:15:00,0.78578,0.78581,0.78568,0.78572
2026-05-26 21:30:00,0.78573,0.78584,0.78565,0.78576
2026-05-26 21:45:00,0.78577,0.7858,0.78545,0.78565
2026-05-26 22:00:00,0.78566,0.78586,0.78563,0.78581
2026-05-26 22:15:00,0.7858,0.78586,0.78568,0.78574
2026-05-26 22:30:00,0.78575,0.78575,0.78558,0.78564
2026-05-26 22:45:00,0.78563,0.7858,0.78554,0.78576
2026-05-26 23:00:00,0.78577,0.7858,0.78558,0.78564
2026-05-26 23:15:00,0.78564,0.78573,0.78561,0.78573
2026-05-26 23:30:00,0.78574,0.78575,0.78533,0.78535
2026-05-26 23:45:00,0.78534,0.78535,0.78517,0.7852
2026-05-27 00:00:00,0.78513,0.7854,0.7843,0.78532
2026-05-27 00:15:00,0.7855,0.78554,0.78527,0.78528
2026-05-27 00:30:00,0.78528,0.7854,0.78526,0.78529
2026-05-27 00:45:00,0.78528,0.78539,0.78521,0.78525
2026-05-27 01:00:00,0.78518,0.78561,0.78513,0.78555
2026-05-27 01:15:00,0.78554,0.78561,0.7854,0.78547
2026-05-27 01:30:00,0.78548,0.78556,0.78547,0.78549
2026-05-27 01:45:00,0.7855,0.7855,0.78539,0.7854
2026-05-27 02:00:00,0.78542,0.78545,0.78534,0.7854
2026-05-27 02:15:00,0.7854,0.7854,0.78517,0.78519
2026-05-27 02:30:00,0.7852,0.78522,0.78497,0.78499
2026-05-27 02:45:00,0.78498,0.78518,0.78494,0.78517
2026-05-27 03:00:00,0.78516,0.78519,0.78498,0.78505
2026-05-27 03:15:00,0.78504,0.7851,0.78491,0.78499
2026-05-27 03:30:00,0.785,0.78514,0.78491,0.78509
2026-05-27 03:45:00,0.78507,0.78528,0.78495,0.78516
2026-05-27 04:00:00,0.78517,0.78522,0.78501,0.78513
2026-05-27 04:15:00,0.78512,0.78539,0.78512,0.78537
2026-05-27 04:30:00,0.78538,0.78557,0.78529,0.78545
2026-05-27 04:45:00,0.78546,0.78561,0.78544,0.78553
2026-05-27 05:00:00,0.78552,0.78553,0.78509,0.78536
2026-05-27 05:15:00,0.78537,0.78547,0.78526,0.78541
2026-05-27 05:30:00,0.7854,0.78557,0.78536,0.78553
2026-05-27 05:45:00,0.78554,0.78562,0.78529,0.78537
2026-05-27 06:00:00,0.78538,0.78539,0.78498,0.78515
2026-05-27 06:15:00,0.78516,0.78529,0.78509,0.78526
2026-05-27 06:30:00,0.78526,0.78542,0.78518,0.78537
2026-05-27 06:45:00,0.78535,0.78541,0.78522,0.78532
2026-05-27 07:00:00,0.78531,0.78534,0.78518,0.78523
2026-05-27 07:15:00,0.78524,0.78528,0.78514,0.78521
2026-05-27 07:30:00,0.78522,0.78522,0.78504,0.78504
2026-05-27 07:45:00,0.78505,0.78517,0.78503,0.7851
2026-05-27 08:00:00,0.78511,0.78513,0.78491,0.78501
2026-05-27 08:15:00,0.78502,0.78513,0.78494,0.78499
2026-05-27 08:30:00,0.78497,0.78523,0.78494,0.78519
2026-05-27 08:45:00,0.7852,0.78534,0.78512,0.78529
2026-05-27 09:00:00,0.78531,0.78542,0.78519,0.7854
2026-05-27 09:15:00,0.7854,0.78561,0.78533,0.78548
2026-05-27 09:30:00,0.78547,0.78576,0.78479,0.78479
2026-05-27 09:45:00,0.7848,0.78497,0.78462,0.7848
2026-05-27 10:00:00,0.78479,0.78506,0.7846,0.78499
2026-05-27 10:15:00,0.78499,0.78508,0.78461,0.78467
2026-05-27 10:30:00,0.78465,0.78515,0.78459,0.78509
2026-05-27 10:45:00,0.78508,0.78571,0.78508,0.78561
2026-05-27 11:00:00,0.78562,0.78574,0.78535,0.7855
2026-05-27 11:15:00,0.78549,0.78569,0.78533,0.78534
2026-05-27 11:30:00,0.78533,0.78597,0.78528,0.78569
2026-05-27 11:45:00,0.7857,0.78621,0.78569,0.78611
2026-05-27 12:00:00,0.78612,0.78613,0.78585,0.78585
2026-05-27 12:15:00,0.78585,0.78594,0.78553,0.78555
2026-05-27 12:30:00,0.78557,0.78589,0.78556,0.78588
2026-05-27 12:45:00,0.78587,0.78587,0.78533,0.78569
2026-05-27 13:00:00,0.78568,0.78594,0.78566,0.78578
2026-05-27 13:15:00,0.78579,0.78627,0.78573,0.78611
2026-05-27 13:30:00,0.78612,0.78619,0.78583,0.78591
2026-05-27 13:45:00,0.78589,0.78612,0.78585,0.78602
2026-05-27 14:00:00,0.786,0.78642,0.78596,0.78611
2026-05-27 14:15:00,0.7861,0.7865,0.78607,0.78635
2026-05-27 14:30:00,0.78634,0.78661,0.78629,0.78637
2026-05-27 14:45:00,0.78637,0.78667,0.78626,0.78645
2026-05-27 15:00:00,0.78642,0.78656,0.78623,0.78632
2026-05-27 15:15:00,0.78631,0.78646,0.7845,0.78474
2026-05-27 15:30:00,0.78473,0.78479,0.78426,0.78463
2026-05-27 15:45:00,0.78464,0.7853,0.78449,0.78525
2026-05-27 16:00:00,0.78524,0.78526,0.78487,0.78503
2026-05-27 16:15:00,0.78504,0.78563,0.78485,0.7855
2026-05-27 16:30:00,0.78552,0.78558,0.78511,0.78521
2026-05-27 16:45:00,0.78522,0.78562,0.78497,0.78535
2026-05-27 17:00:00,0.78533,0.7857,0.78483,0.78487
2026-05-27 17:15:00,0.78488,0.78518,0.78447,0.78494
2026-05-27 17:30:00,0.78495,0.78567,0.78485,0.78519
2026-05-27 17:45:00,0.7852,0.7868,0.78509,0.78667
2026-05-27 18:00:00,0.78668,0.78682,0.78619,0.78627
2026-05-27 18:15:00,0.78626,0.78663,0.78624,0.78631
2026-05-27 18:30:00,0.78632,0.78681,0.78609,0.78677
2026-05-27 18:45:00,0.78676,0.78719,0.78651,0.78705
2026-05-27 19:00:00,0.78706,0.78752,0.78703,0.78712
2026-05-27 19:15:00,0.78711,0.78715,0.78673,0.78694
2026-05-27 19:30:00,0.78693,0.78706,0.78658,0.78667
2026-05-27 19:45:00,0.78668,0.78671,0.78651,0.78652
2026-05-27 20:00:00,0.78651,0.78733,0.78648,0.78714
2026-05-27 20:15:00,0.78713,0.78721,0.78702,0.78717
2026-05-27 20:30:00,0.78717,0.78722,0.78692,0.78696
2026-05-27 20:45:00,0.78696,0.78702,0.78684,0.78694
2026-05-27 21:00:00,0.78695,0.78732,0.78691,0.7873
2026-05-27 21:15:00,0.78729,0.78733,0.78713,0.78714
2026-05-27 21:30:00,0.78715,0.78717,0.78679,0.78681
2026-05-27 21:45:00,0.78681,0.78688,0.78661,0.78678
2026-05-27 22:00:00,0.78679,0.78685,0.78658,0.78668
2026-05-27 22:15:00,0.78667,0.78678,0.78656,0.78662
2026-05-27 22:30:00,0.78663,0.78683,0.78657,0.7868
2026-05-27 22:45:00,0.78681,0.78704,0.78677,0.78692
2026-05-27 23:00:00,0.78693,0.78699,0.78678,0.78691
2026-05-27 23:15:00,0.7869,0.78701,0.78689,0.78698
2026-05-27 23:30:00,0.787,0.78703,0.78661,0.78661
2026-05-27 23:45:00,0.78662,0.78679,0.7866,0.78662
2026-05-28 00:00:00,0.78547,0.78655,0.78547,0.78651
2026-05-28 00:15:00,0.78661,0.78661,0.78595,0.78595
2026-05-28 00:30:00,0.78595,0.78649,0.78595,0.7863
2026-05-28 00:45:00,0.7862,0.78634,0.78605,0.78632
2026-05-28 01:00:00,0.7864,0.78696,0.7864,0.78684
2026-05-28 01:15:00,0.78683,0.7869,0.78679,0.78689
2026-05-28 01:30:00,0.7869,0.78698,0.78681,0.78697
2026-05-28 01:45:00,0.78696,0.78703,0.78695,0.78701
2026-05-28 02:00:00,0.78702,0.78705,0.78695,0.78699
2026-05-28 02:15:00,0.787,0.78752,0.78692,0.7875
2026-05-28 02:30:00,0.78751,0.7877,0.78747,0.78759
2026-05-28 02:45:00,0.78759,0.78791,0.78758,0.78786
2026-05-28 03:00:00,0.78787,0.78798,0.78777,0.78787
2026-05-28 03:15:00,0.78786,0.78789,0.78763,0.78773
2026-05-28 03:30:00,0.78772,0.78797,0.78769,0.78791
2026-05-28 03:45:00,0.7879,0.78804,0.78775,0.78781
2026-05-28 04:00:00,0.78782,0.78805,0.78775,0.78792
2026-05-28 04:15:00,0.78792,0.78807,0.78787,0.78805
2026-05-28 04:30:00,0.78804,0.7883,0.78793,0.78829
2026-05-28 04:45:00,0.78828,0.78867,0.78827,0.78858
2026-05-28 05:00:00,0.78859,0.78865,0.78834,0.78834
2026-05-28 05:15:00,0.78833,0.7884,0.78816,0.78819
2026-05-28 05:30:00,0.78819,0.78844,0.78807,0.78841
2026-05-28 05:45:00,0.7884,0.78858,0.7884,0.78848
2026-05-28 06:00:00,0.78847,0.78887,0.7884,0.78883
2026-05-28 06:15:00,0.78882,0.78926,0.78882,0.78924
2026-05-28 06:30:00,0.78925,0.78988,0.78924,0.78984
2026-05-28 06:45:00,0.78985,0.7899,0.78975,0.78983
2026-05-28 07:00:00,0.78984,0.78987,0.78961,0.78962
2026-05-28 07:15:00,0.78961,0.78984,0.78959,0.78982
2026-05-28 07:30:00,0.78983,0.78983,0.78942,0.78952
2026-05-28 07:45:00,0.78953,0.78964,0.78949,0.78952
2026-05-28 08:00:00,0.78953,0.78959,0.78941,0.78945
2026-05-28 08:15:00,0.78946,0.78952,0.78916,0.78924
2026-05-28 08:30:00,0.78923,0.78924,0.7887,0.78884
2026-05-28 08:45:00,0.78883,0.78884,0.7885,0.78867
2026-05-28 09:00:00,0.78868,0.78882,0.78833,0.7884
2026-05-28 09:15:00,0.78841,0.78849,0.78801,0.78816
2026-05-28 09:30:00,0.78814,0.78817,0.78769,0.78784
2026-05-28 09:45:00,0.78785,0.78797,0.78754,0.78772
2026-05-28 10:00:00,0.78771,0.78772,0.78733,0.78749
2026-05-28 10:15:00,0.78749,0.78785,0.78749,0.78785
2026-05-28 10:30:00,0.78784,0.78826,0.78771,0.78803
2026-05-28 10:45:00,0.78803,0.78827,0.78786,0.78821
2026-05-28 11:00:00,0.78819,0.78887,0.78804,0.7888
2026-05-28 11:15:00,0.78878,0.78918,0.78857,0.78891
2026-05-28 11:30:00,0.78892,0.78922,0.78877,0.7892
2026-05-28 11:45:00,0.78921,0.78924,0.78879,0.78884
2026-05-28 12:00:00,0.78884,0.78885,0.78821,0.78828
2026-05-28 12:15:00,0.78827,0.78877,0.78824,0.78869
2026-05-28 12:30:00,0.78868,0.78903,0.78868,0.78895
2026-05-28 12:45:00,0.78896,0.78922,0.7889,0.78917
2026-05-28 13:00:00,0.78916,0.78971,0.78916,0.78941
2026-05-28 13:15:00,0.78939,0.78962,0.78916,0.78925
2026-05-28 13:30:00,0.78926,0.78987,0.78925,0.78984
2026-05-28 13:45:00,0.78985,0.78987,0.78948,0.78977
2026-05-28 14:00:00,0.7898,0.78981,0.7894,0.7894
2026-05-28 14:15:00,0.78939,0.7895,0.78909,0.78911
2026-05-28 14:30:00,0.78909,0.78942,0.78909,0.78917
2026-05-28 14:45:00,0.78916,0.78934,0.78862,0.78886
2026-05-28 15:00:00,0.78887,0.78908,0.78869,0.7887
2026-05-28 15:15:00,0.78869,0.78872,0.78785,0.78785
2026-05-28 15:30:00,0.78786,0.78802,0.78709,0.78732
2026-05-28 15:45:00,0.7873,0.78732,0.78664,0.78687
2026-05-28 16:00:00,0.78674,0.78711,0.78628,0.78701
2026-05-28 16:15:00,0.787,0.78723,0.78673,0.78685
2026-05-28 16:30:00,0.78683,0.7869,0.78635,0.78642
2026-05-28 16:45:00,0.78643,0.78732,0.78626,0.78712
2026-05-28 17:00:00,0.78714,0.78749,0.78501,0.78565
2026-05-28 17:15:00,0.78566,0.78591,0.785,0.78529
2026-05-28 17:30:00,0.7853,0.78578,0.78483,0.78499
2026-05-28 17:45:00,0.78498,0.78548,0.78469,0.78479
2026-05-28 18:00:00,0.78476,0.78479,0.78409,0.78428
2026-05-28 18:15:00,0.78427,0.78456,0.78413,0.7842
2026-05-28 18:30:00,0.78419,0.78447,0.784,0.78424
2026-05-28 18:45:00,0.78425,0.78456,0.78414,0.78451
2026-05-28 19:00:00,0.7845,0.78476,0.78428,0.78433
2026-05-28 19:15:00,0.78432,0.7844,0.78342,0.78376
2026-05-28 19:30:00,0.78375,0.7839,0.78356,0.78371
2026-05-28 19:45:00,0.7837,0.7839,0.78349,0.78355
2026-05-28 20:00:00,0.78354,0.78395,0.7835,0.78382
2026-05-28 20:15:00,0.78383,0.78402,0.7838,0.78402
2026-05-28 20:30:00,0.78401,0.78401,0.7837,0.78392
2026-05-28 20:45:00,0.78391,0.78392,0.78359,0.78363
2026-05-28 21:00:00,0.78362,0.78378,0.7834,0.78356
2026-05-28 21:15:00,0.78359,0.7839,0.7833,0.78386
2026-05-28 21:30:00,0.78387,0.78414,0.78385,0.78402
2026-05-28 21:45:00,0.78401,0.78412,0.7839,0.78408
2026-05-28 22:00:00,0.78409,0.78415,0.78388,0.78391
2026-05-28 22:15:00,0.78392,0.78394,0.7838,0.78385
2026-05-28 22:30:00,0.78384,0.78386,0.78362,0.78365
2026-05-28 22:45:00,0.78366,0.78387,0.7835,0.78383
2026-05-28 23:00:00,0.78384,0.784,0.78378,0.78384
2026-05-28 23:15:00,0.78383,0.78397,0.78379,0.78392
2026-05-28 23:30:00,0.78392,0.78396,0.78358,0.78361
2026-05-28 23:45:00,0.7836,0.78362,0.78335,0.78346
2026-05-29 00:00:00,0.78353,0.78354,0.78336,0.78336
2026-05-29 00:15:00,0.78335,0.78344,0.78304,0.78308
2026-05-29 00:30:00,0.78321,0.78335,0.78298,0.78299
2026-05-29 00:45:00,0.78298,0.78341,0.78298,0.78326
2026-05-29 01:00:00,0.78319,0.78382,0.78313,0.78373
2026-05-29 01:15:00,0.78373,0.78377,0.7837,0.78374
2026-05-29 01:30:00,0.78375,0.78391,0.78375,0.78382
2026-05-29 01:45:00,0.78381,0.78391,0.78378,0.78391
2026-05-29 02:00:00,0.7839,0.78393,0.7837,0.78379
2026-05-29 02:15:00,0.78378,0.78383,0.78374,0.78374
2026-05-29 02:30:00,0.78379,0.78385,0.78376,0.7838
2026-05-29 02:45:00,0.78381,0.78384,0.7837,0.78379
2026-05-29 03:00:00,0.78378,0.78381,0.78357,0.78377
2026-05-29 03:15:00,0.78378,0.78385,0.78355,0.78365
2026-05-29 03:30:00,0.78366,0.78387,0.78364,0.78368
2026-05-29 03:45:00,0.78369,0.78391,0.78368,0.78381
2026-05-29 04:00:00,0.7838,0.78385,0.78315,0.78317
2026-05-29 04:15:00,0.78316,0.78324,0.78305,0.7832
2026-05-29 04:30:00,0.78321,0.78363,0.78319,0.78359
2026-05-29 04:45:00,0.7836,0.78405,0.7836,0.78396
2026-05-29 05:00:00,0.78396,0.78401,0.78376,0.78378
2026-05-29 05:15:00,0.78379,0.78398,0.78377,0.78389
2026-05-29 05:30:00,0.7839,0.78398,0.78369,0.78373
2026-05-29 05:45:00,0.78372,0.78404,0.78368,0.78402
2026-05-29 06:00:00,0.78401,0.78431,0.784,0.78426
2026-05-29 06:15:00,0.78425,0.78443,0.78423,0.78428
2026-05-29 06:30:00,0.78427,0.78456,0.78424,0.7844
2026-05-29 06:45:00,0.78439,0.78454,0.78434,0.78449
2026-05-29 07:00:00,0.78448,0.7845,0.78422,0.7843
2026-05-29 07:15:00,0.78431,0.78434,0.78421,0.7843
2026-05-29 07:30:00,0.78431,0.78441,0.78405,0.7841
2026-05-29 07:45:00,0.78409,0.78424,0.78407,0.78408
2026-05-29 08:00:00,0.78407,0.78411,0.78386,0.78387
2026-05-29 08:15:00,0.78391,0.78396,0.78379,0.78393
2026-05-29 08:30:00,0.78393,0.78408,0.78389,0.784
2026-05-29 08:45:00,0.78401,0.78407,0.7838,0.78384
2026-05-29 09:00:00,0.78382,0.78384,0.78351,0.78353
2026-05-29 09:15:00,0.78352,0.78378,0.78352,0.78378
2026-05-29 09:30:00,0.78377,0.78398,0.78359,0.78359
2026-05-29 09:45:00,0.7836,0.78366,0.78325,0.78329
2026-05-29 10:00:00,0.78335,0.78366,0.78331,0.78348
2026-05-29 10:15:00,0.78349,0.78398,0.78337,0.78391
2026-05-29 10:30:00,0.78391,0.78416,0.78368,0.78371
2026-05-29 10:45:00,0.78371,0.78393,0.78348,0.7837
2026-05-29 11:00:00,0.78372,0.78443,0.78367,0.78441
2026-05-29 11:15:00,0.78442,0.78448,0.78399,0.78402
2026-05-29 11:30:00,0.78397,0.78421,0.78386,0.78414
2026-05-29 11:45:00,0.78415,0.78469,0.78413,0.78431
2026-05-29 12:00:00,0.7843,0.78433,0.78372,0.78376
2026-05-29 12:15:00,0.78376,0.78388,0.78355,0.78363
2026-05-29 12:30:00,0.78363,0.7842,0.78355,0.78406
2026-05-29 12:45:00,0.78407,0.7841,0.78334,0.7834
2026-05-29 13:00:00,0.78341,0.78379,0.78317,0.78318
2026-05-29 13:15:00,0.78317,0.78341,0.78312,0.78315
2026-05-29 13:30:00,0.78314,0.78317,0.78288,0.78301
2026-05-29 13:45:00,0.783,0.78317,0.78262,0.78269
2026-05-29 14:00:00,0.78268,0.7829,0.78237,0.78277
2026-05-29 14:15:00,0.78278,0.78293,0.78261,0.78268
2026-05-29 14:30:00,0.78269,0.78282,0.78221,0.78236
2026-05-29 14:45:00,0.78235,0.78277,0.78211,0.78213
2026-05-29 15:00:00,0.78211,0.78249,0.78177,0.78184
2026-05-29 15:15:00,0.78185,0.78222,0.78185,0.78194
2026-05-29 15:30:00,0.78193,0.78248,0.78189,0.78204
2026-05-29 15:45:00,0.78205,0.78208,0.78133,0.78134
2026-05-29 16:00:00,0.78135,0.78193,0.78115,0.78191
2026-05-29 16:15:00,0.78192,0.78192,0.78125,0.78138
2026-05-29 16:30:00,0.78137,0.78143,0.78096,0.78107
2026-05-29 16:45:00,0.78108,0.78134,0.78099,0.78133
2026-05-29 17:00:00,0.78132,0.78192,0.7812,0.7819
2026-05-29 17:15:00,0.78191,0.78204,0.78175,0.78195
2026-05-29 17:30:00,0.78194,0.7828,0.78189,0.78242
2026-05-29 17:45:00,0.78243,0.78251,0.77951,0.7818
2026-05-29 18:00:00,0.78181,0.78187,0.78103,0.78163
2026-05-29 18:15:00,0.78161,0.782,0.78118,0.78161
2026-05-29 18:30:00,0.78159,0.78165,0.78079,0.7813
