datetime,open,high,low,close
2026-04-30 18:30:00,1.35795,1.35895,1.35788,1.358
2026-04-30 18:45:00,1.35798,1.35809,1.35713,1.3578299999999999
2026-04-30 19:00:00,1.35784,1.35885,1.35746,1.3580999999999999
2026-04-30 19:15:00,1.35809,1.35818,1.3573,1.35786
2026-04-30 19:30:00,1.3578700000000001,1.35805,1.35747,1.35781
2026-04-30 19:45:00,1.35782,1.35796,1.35745,1.35777
2026-04-30 20:00:00,1.35776,1.35859,1.35765,1.35776
2026-04-30 20:15:00,1.35777,1.3583,1.35762,1.35818
2026-04-30 20:30:00,1.3581699999999999,1.3587099999999999,1.35793,1.35809
2026-04-30 20:45:00,1.35808,1.3584399999999999,1.35801,1.35811
2026-04-30 21:00:00,1.35813,1.35886,1.35812,1.3587500000000001
2026-04-30 21:15:00,1.35876,1.35947,1.35874,1.3590499999999999
2026-04-30 21:30:00,1.35904,1.36012,1.35898,1.35986
2026-04-30 21:45:00,1.35987,1.36072,1.35977,1.36015
2026-04-30 22:00:00,1.36008,1.3612,1.36007,1.36096
2026-04-30 22:15:00,1.36097,1.36104,1.36005,1.36049
2026-04-30 22:30:00,1.36048,1.36099,1.36036,1.36078
2026-04-30 22:45:00,1.36079,1.36103,1.36039,1.36039
2026-04-30 23:00:00,1.36038,1.36072,1.36016,1.3605800000000001
2026-04-30 23:15:00,1.36059,1.36084,1.36046,1.36067
2026-04-30 23:30:00,1.3606,1.36093,1.36026,1.36028
2026-04-30 23:45:00,1.36033,1.36066,1.35985,1.35996
2026-05-01 00:00:00,1.35968,1.36049,1.35968,1.36043
2026-05-01 00:15:00,1.36045,1.36046,1.35981,1.35981
2026-05-01 00:30:00,1.35982,1.35991,1.35981,1.35988
2026-05-01 00:45:00,1.35989,1.36036,1.35988,1.36025
2026-05-01 01:00:00,1.36016,1.3608799999999999,1.36016,1.36046
2026-05-01 01:15:00,1.36045,1.36056,1.36045,1.3605
2026-05-01 01:30:00,1.36048,1.3605800000000001,1.36026,1.36037
2026-05-01 01:45:00,1.36036,1.36039,1.36026,1.36038
2026-05-01 02:00:00,1.36039,1.36062,1.36039,1.36052
2026-05-01 02:15:00,1.36051,1.3606099999999999,1.36046,1.36056
2026-05-01 02:30:00,1.36055,1.36068,1.36035,1.36036
2026-05-01 02:45:00,1.36035,1.36054,1.3602,1.36021
2026-05-01 03:00:00,1.36022,1.36048,1.35994,1.36005
2026-05-01 03:15:00,1.3600400000000001,1.36029,1.35999,1.36006
2026-05-01 03:30:00,1.36007,1.36052,1.36005,1.36033
2026-05-01 03:45:00,1.3603399999999999,1.3606099999999999,1.36006,1.36036
2026-05-01 04:00:00,1.36038,1.3604,1.35999,1.3603100000000001
2026-05-01 04:15:00,1.36035,1.36049,1.35994,1.36032
2026-05-01 04:30:00,1.36033,1.36071,1.3603100000000001,1.36043
2026-05-01 04:45:00,1.36042,1.3607,1.36032,1.3606500000000001
2026-05-01 05:00:00,1.36063,1.3609200000000001,1.36055,1.3607
2026-05-01 05:15:00,1.36071,1.36091,1.36068,1.36074
2026-05-01 05:30:00,1.36072,1.36087,1.36037,1.36041
2026-05-01 05:45:00,1.3604,1.36067,1.36007,1.36063
2026-05-01 06:00:00,1.36062,1.36089,1.36052,1.36089
2026-05-01 06:15:00,1.3608500000000001,1.3612,1.36077,1.36107
2026-05-01 06:30:00,1.36108,1.36111,1.36039,1.36042
2026-05-01 06:45:00,1.36043,1.36052,1.36009,1.36023
2026-05-01 07:00:00,1.36025,1.36047,1.35983,1.35999
2026-05-01 07:15:00,1.35998,1.36002,1.35959,1.3596
2026-05-01 07:30:00,1.35961,1.35988,1.35957,1.35974
2026-05-01 07:45:00,1.3597299999999999,1.3598,1.3596300000000001,1.35971
2026-05-01 08:00:00,1.3597000000000001,1.35978,1.35945,1.35948
2026-05-01 08:15:00,1.35947,1.35951,1.35918,1.35929
2026-05-01 08:30:00,1.35928,1.3595,1.35915,1.35927
2026-05-01 08:45:00,1.35926,1.35938,1.35885,1.3589
2026-05-01 09:00:00,1.35898,1.3593,1.35886,1.359
2026-05-01 09:15:00,1.35901,1.35935,1.35869,1.35917
2026-05-01 09:30:00,1.35916,1.35971,1.35889,1.35962
2026-05-01 09:45:00,1.3596300000000001,1.36226,1.3596300000000001,1.36108
2026-05-01 10:00:00,1.36107,1.36138,1.36052,1.3609
2026-05-01 10:15:00,1.36089,1.36118,1.36057,1.36112
2026-05-01 10:30:00,1.36115,1.36116,1.3602400000000001,1.36078
2026-05-01 10:45:00,1.36077,1.36145,1.35989,1.36048
2026-05-01 11:00:00,1.36047,1.3608799999999999,1.36005,1.36008
2026-05-01 11:15:00,1.36009,1.36118,1.36007,1.36078
2026-05-01 11:30:00,1.36079,1.36099,1.36045,1.3609
2026-05-01 11:45:00,1.36089,1.3611900000000001,1.36059,1.36081
2026-05-01 12:00:00,1.36083,1.36098,1.36021,1.36023
2026-05-01 12:15:00,1.36022,1.36033,1.35934,1.35946
2026-05-01 12:30:00,1.35944,1.36018,1.35941,1.36006
2026-05-01 12:45:00,1.36005,1.36009,1.35915,1.3593
2026-05-01 13:00:00,1.35929,1.3605800000000001,1.35917,1.36053
2026-05-01 13:15:00,1.36054,1.361,1.36053,1.3609
2026-05-01 13:30:00,1.36089,1.3609200000000001,1.36025,1.36047
2026-05-01 13:45:00,1.36046,1.36084,1.36037,1.36059
2026-05-01 14:00:00,1.36063,1.36143,1.36059,1.36141
2026-05-01 14:15:00,1.3614,1.36227,1.36129,1.36191
2026-05-01 14:30:00,1.3618999999999999,1.3620700000000001,1.36123,1.36127
2026-05-01 14:45:00,1.36128,1.36202,1.36082,1.36202
2026-05-01 15:00:00,1.36206,1.3636,1.36157,1.36314
2026-05-01 15:15:00,1.3631,1.3643100000000001,1.36303,1.36396
2026-05-01 15:30:00,1.36395,1.36409,1.3631199999999999,1.36318
2026-05-01 15:45:00,1.36319,1.36344,1.36287,1.36295
2026-05-01 16:00:00,1.36296,1.36367,1.36288,1.36318
2026-05-01 16:15:00,1.36317,1.36338,1.36255,1.3627799999999999
2026-05-01 16:30:00,1.36277,1.36296,1.36233,1.36252
2026-05-01 16:45:00,1.36261,1.36398,1.36164,1.36384
2026-05-01 17:00:00,1.36371,1.36564,1.36362,1.36508
2026-05-01 17:15:00,1.3651,1.36578,1.3645800000000001,1.36494
2026-05-01 17:30:00,1.36498,1.36498,1.36318,1.36364
2026-05-01 17:45:00,1.36365,1.36392,1.36174,1.36232
2026-05-01 18:00:00,1.36233,1.36296,1.36198,1.36291
2026-05-01 18:15:00,1.3629,1.36301,1.36219,1.36246
2026-05-01 18:30:00,1.36247,1.36294,1.36205,1.36232
2026-05-01 18:45:00,1.36233,1.36287,1.36142,1.36189
2026-05-01 19:00:00,1.36182,1.3622,1.36145,1.36192
2026-05-01 19:15:00,1.36194,1.36231,1.36079,1.3609499999999999
2026-05-01 19:30:00,1.36094,1.3611,1.36038,1.36057
2026-05-01 19:45:00,1.36056,1.3606,1.35986,1.35989
2026-05-01 20:00:00,1.35988,1.36017,1.35959,1.35977
2026-05-01 20:15:00,1.35976,1.35991,1.35947,1.35964
2026-05-01 20:30:00,1.3596300000000001,1.35965,1.35887,1.35896
2026-05-01 20:45:00,1.35895,1.35978,1.35886,1.3593600000000001
2026-05-01 21:00:00,1.35935,1.35947,1.35821,1.35831
2026-05-01 21:15:00,1.3583,1.3584100000000001,1.35752,1.35794
2026-05-01 21:30:00,1.35798,1.35834,1.3576,1.35823
2026-05-01 21:45:00,1.35822,1.35853,1.358,1.35824
2026-05-01 22:00:00,1.35823,1.35833,1.358,1.3580999999999999
2026-05-01 22:15:00,1.35809,1.35824,1.358,1.358
2026-05-01 22:30:00,1.35801,1.35802,1.3577,1.35774
2026-05-01 22:45:00,1.35773,1.35781,1.3573,1.35733
2026-05-01 23:00:00,1.35734,1.3575,1.3572199999999999,1.3573
2026-05-01 23:15:00,1.3572899999999999,1.35732,1.35709,1.3571
2026-05-01 23:30:00,1.35711,1.35737,1.35687,1.35718
2026-05-01 23:45:00,1.35717,1.3578299999999999,1.3569200000000001,1.35714
2026-05-04 00:00:00,1.35857,1.35959,1.35835,1.35954
2026-05-04 00:15:00,1.35974,1.36002,1.3597299999999999,1.35986
2026-05-04 00:30:00,1.35986,1.36011,1.35986,1.35999
2026-05-04 00:45:00,1.35998,1.36011,1.35959,1.3600400000000001
2026-05-04 01:00:00,1.36032,1.36032,1.359,1.35903
2026-05-04 01:15:00,1.35904,1.35904,1.35842,1.35867
2026-05-04 01:30:00,1.35868,1.3590200000000001,1.35863,1.35901
2026-05-04 01:45:00,1.3590200000000001,1.3590200000000001,1.35866,1.35895
2026-05-04 02:00:00,1.35892,1.3590200000000001,1.35868,1.35883
2026-05-04 02:15:00,1.35884,1.35885,1.3585,1.35856
2026-05-04 02:30:00,1.35857,1.35874,1.35812,1.35812
2026-05-04 02:45:00,1.35811,1.3585099999999999,1.358,1.35811
2026-05-04 03:00:00,1.35808,1.3584800000000001,1.3578700000000001,1.35819
2026-05-04 03:15:00,1.35823,1.35832,1.3575,1.35779
2026-05-04 03:30:00,1.35781,1.35825,1.35771,1.3582
2026-05-04 03:45:00,1.35821,1.35874,1.35811,1.35866
2026-05-04 04:00:00,1.35865,1.35872,1.35769,1.35792
2026-05-04 04:15:00,1.35796,1.35881,1.35763,1.35779
2026-05-04 04:30:00,1.3578000000000001,1.3584,1.35774,1.35827
2026-05-04 04:45:00,1.35828,1.35847,1.3578999999999999,1.35842
2026-05-04 05:00:00,1.3584399999999999,1.35899,1.35818,1.3589
2026-05-04 05:15:00,1.35889,1.35889,1.35801,1.35803
2026-05-04 05:30:00,1.35802,1.35843,1.35799,1.3584100000000001
2026-05-04 05:45:00,1.3584,1.35877,1.35836,1.35852
2026-05-04 06:00:00,1.3585,1.35872,1.3583,1.35855
2026-05-04 06:15:00,1.35856,1.35863,1.35839,1.3585
2026-05-04 06:30:00,1.35849,1.35857,1.35826,1.3584100000000001
2026-05-04 06:45:00,1.35847,1.36014,1.35847,1.35976
2026-05-04 07:00:00,1.35977,1.35989,1.3592,1.3592
2026-05-04 07:15:00,1.35917,1.3593199999999999,1.35869,1.35872
2026-05-04 07:30:00,1.3587099999999999,1.35881,1.3586,1.35866
2026-05-04 07:45:00,1.35865,1.35882,1.35859,1.35879
2026-05-04 08:00:00,1.3588,1.3591199999999999,1.35862,1.3587099999999999
2026-05-04 08:15:00,1.35872,1.35933,1.35854,1.35869
2026-05-04 08:30:00,1.3587,1.3590200000000001,1.35857,1.35901
2026-05-04 08:45:00,1.359,1.35934,1.35889,1.35922
2026-05-04 09:00:00,1.35923,1.3596599999999999,1.35903,1.35958
2026-05-04 09:15:00,1.3596,1.35984,1.35935,1.3596599999999999
2026-05-04 09:30:00,1.35968,1.3597299999999999,1.35824,1.35838
2026-05-04 09:45:00,1.35837,1.35842,1.35758,1.35806
2026-05-04 10:00:00,1.35807,1.35808,1.3572899999999999,1.35758
2026-05-04 10:15:00,1.35759,1.35793,1.35686,1.35691
2026-05-04 10:30:00,1.3569,1.3574,1.35644,1.35669
2026-05-04 10:45:00,1.3567,1.35716,1.35629,1.35662
2026-05-04 11:00:00,1.3565800000000001,1.35662,1.35592,1.35625
2026-05-04 11:15:00,1.3562400000000001,1.35638,1.35592,1.35613
2026-05-04 11:30:00,1.35614,1.35671,1.35609,1.3562
2026-05-04 11:45:00,1.35621,1.35648,1.3559999999999999,1.35608
2026-05-04 12:00:00,1.35609,1.35663,1.35592,1.35616
2026-05-04 12:15:00,1.35615,1.35626,1.35567,1.35609
2026-05-04 12:30:00,1.35608,1.3564,1.35599,1.35632
2026-05-04 12:45:00,1.3563100000000001,1.35633,1.35575,1.3559
2026-05-04 13:00:00,1.35589,1.35595,1.35288,1.35328
2026-05-04 13:15:00,1.35327,1.35443,1.35233,1.35439
2026-05-04 13:30:00,1.35438,1.35582,1.35418,1.3551
2026-05-04 13:45:00,1.35511,1.35532,1.35426,1.35453
2026-05-04 14:00:00,1.35458,1.3550900000000001,1.35378,1.35378
2026-05-04 14:15:00,1.3538000000000001,1.35433,1.35369,1.35429
2026-05-04 14:30:00,1.3543,1.35431,1.35339,1.3542
2026-05-04 14:45:00,1.3542100000000001,1.35428,1.35379,1.35411
2026-05-04 15:00:00,1.35412,1.35496,1.35388,1.35487
2026-05-04 15:15:00,1.35486,1.35619,1.35474,1.35601
2026-05-04 15:30:00,1.35598,1.35633,1.35552,1.3559999999999999
2026-05-04 15:45:00,1.35601,1.35633,1.35559,1.3557000000000001
2026-05-04 16:00:00,1.35567,1.3566500000000001,1.3548200000000001,1.35601
2026-05-04 16:15:00,1.3559999999999999,1.35613,1.35522,1.35531
2026-05-04 16:30:00,1.35535,1.35628,1.35508,1.3559999999999999
2026-05-04 16:45:00,1.35601,1.35657,1.35596,1.35599
2026-05-04 17:00:00,1.3559700000000001,1.3559700000000001,1.3550200000000001,1.35564
2026-05-04 17:15:00,1.35565,1.35673,1.35561,1.35653
2026-05-04 17:30:00,1.35654,1.3569200000000001,1.35598,1.35599
2026-05-04 17:45:00,1.3559999999999999,1.3561,1.35528,1.35535
2026-05-04 18:00:00,1.35537,1.35591,1.35497,1.35525
2026-05-04 18:15:00,1.35529,1.35577,1.35317,1.35395
2026-05-04 18:30:00,1.35394,1.35411,1.3529499999999999,1.35349
2026-05-04 18:45:00,1.3535,1.35374,1.35248,1.35327
2026-05-04 19:00:00,1.35325,1.35364,1.3513,1.35138
2026-05-04 19:15:00,1.35137,1.3535599999999999,1.35122,1.35285
2026-05-04 19:30:00,1.35283,1.3532,1.35232,1.35233
2026-05-04 19:45:00,1.35232,1.35267,1.35188,1.35188
2026-05-04 20:00:00,1.35189,1.35332,1.35186,1.35323
2026-05-04 20:15:00,1.35324,1.35399,1.35317,1.35381
2026-05-04 20:30:00,1.35379,1.35399,1.35317,1.3534
2026-05-04 20:45:00,1.35344,1.35361,1.35317,1.35328
2026-05-04 21:00:00,1.3532899999999999,1.35371,1.35318,1.3533
2026-05-04 21:15:00,1.35331,1.35331,1.35263,1.35297
2026-05-04 21:30:00,1.353,1.3531900000000001,1.35291,1.35291
2026-05-04 21:45:00,1.3529200000000001,1.35372,1.35253,1.3537
2026-05-04 22:00:00,1.35369,1.35413,1.35316,1.3538299999999999
2026-05-04 22:15:00,1.35384,1.35422,1.35358,1.35381
2026-05-04 22:30:00,1.35382,1.3541400000000001,1.35372,1.35384
2026-05-04 22:45:00,1.35385,1.35401,1.35355,1.35369
2026-05-04 23:00:00,1.35367,1.3537,1.35308,1.35308
2026-05-04 23:15:00,1.35307,1.35311,1.3526799999999999,1.35303
2026-05-04 23:30:00,1.35304,1.35324,1.35285,1.35323
2026-05-04 23:45:00,1.3532,1.35324,1.35272,1.35273
2026-05-05 00:00:00,1.3525,1.35315,1.35172,1.35315
2026-05-05 00:15:00,1.35312,1.35312,1.35195,1.3526
2026-05-05 00:30:00,1.35273,1.35324,1.3523,1.35255
2026-05-05 00:45:00,1.35254,1.35298,1.3523100000000001,1.35269
2026-05-05 01:00:00,1.35263,1.3529200000000001,1.35242,1.35274
2026-05-05 01:15:00,1.35275,1.35304,1.35266,1.3529
2026-05-05 01:30:00,1.35291,1.35302,1.35289,1.353
2026-05-05 01:45:00,1.35301,1.35302,1.35279,1.35281
2026-05-05 02:00:00,1.35282,1.353,1.35279,1.35291
2026-05-05 02:15:00,1.3529200000000001,1.3531,1.3529,1.35301
2026-05-05 02:30:00,1.35302,1.35313,1.3529900000000001,1.35311
2026-05-05 02:45:00,1.35312,1.3532199999999999,1.35306,1.35312
2026-05-05 03:00:00,1.35311,1.35347,1.35294,1.35331
2026-05-05 03:15:00,1.3532899999999999,1.3532899999999999,1.35242,1.35254
2026-05-05 03:30:00,1.35253,1.3526,1.3523100000000001,1.35241
2026-05-05 03:45:00,1.35242,1.3529,1.35241,1.35247
2026-05-05 04:00:00,1.35246,1.35251,1.35218,1.35222
2026-05-05 04:15:00,1.35221,1.35239,1.3518,1.3519999999999999
2026-05-05 04:30:00,1.35201,1.3526799999999999,1.35189,1.35229
2026-05-05 04:45:00,1.35228,1.35271,1.35225,1.3525800000000001
2026-05-05 05:00:00,1.35259,1.35279,1.35252,1.35257
2026-05-05 05:15:00,1.35259,1.35308,1.35251,1.3529499999999999
2026-05-05 05:30:00,1.35297,1.35312,1.35285,1.35308
2026-05-05 05:45:00,1.35307,1.3532,1.35254,1.35257
2026-05-05 06:00:00,1.35256,1.3526799999999999,1.3523800000000001,1.35266
2026-05-05 06:15:00,1.3526500000000001,1.35272,1.35249,1.35251
2026-05-05 06:30:00,1.3525,1.35251,1.35219,1.35232
2026-05-05 06:45:00,1.3523100000000001,1.35242,1.3521,1.35212
2026-05-05 07:00:00,1.35211,1.3525,1.35209,1.35248
2026-05-05 07:15:00,1.35249,1.35262,1.35241,1.3525800000000001
2026-05-05 07:30:00,1.35257,1.35279,1.3523,1.35237
2026-05-05 07:45:00,1.35236,1.3523800000000001,1.35148,1.35157
2026-05-05 08:00:00,1.35151,1.3519,1.3513600000000001,1.35179
2026-05-05 08:15:00,1.35178,1.35218,1.3516,1.35191
2026-05-05 08:30:00,1.3519,1.3525,1.35178,1.35235
2026-05-05 08:45:00,1.3523399999999999,1.35249,1.35176,1.35191
2026-05-05 09:00:00,1.35185,1.35282,1.35171,1.35259
2026-05-05 09:15:00,1.3526,1.35271,1.35149,1.35216
2026-05-05 09:30:00,1.35214,1.35352,1.35212,1.35313
2026-05-05 09:45:00,1.35316,1.3536000000000001,1.35294,1.35311
2026-05-05 10:00:00,1.35312,1.35403,1.35312,1.35368
2026-05-05 10:15:00,1.35367,1.35412,1.3535599999999999,1.3535599999999999
2026-05-05 10:30:00,1.35357,1.35477,1.35345,1.35409
2026-05-05 10:45:00,1.3541,1.35427,1.35374,1.35377
2026-05-05 11:00:00,1.35378,1.35446,1.35374,1.35429
2026-05-05 11:15:00,1.3543,1.35504,1.35427,1.35469
2026-05-05 11:30:00,1.35468,1.35488,1.35379,1.35398
2026-05-05 11:45:00,1.35399,1.3546,1.35386,1.3542100000000001
2026-05-05 12:00:00,1.3542,1.35462,1.3536000000000001,1.35401
2026-05-05 12:15:00,1.354,1.35408,1.35321,1.35382
2026-05-05 12:30:00,1.3538299999999999,1.35459,1.35379,1.35442
2026-05-05 12:45:00,1.3544,1.35469,1.35391,1.3542
2026-05-05 13:00:00,1.35419,1.35431,1.35382,1.35422
2026-05-05 13:15:00,1.3542100000000001,1.35501,1.35408,1.3549
2026-05-05 13:30:00,1.35489,1.35508,1.35416,1.35427
2026-05-05 13:45:00,1.35428,1.35461,1.35418,1.35458
2026-05-05 14:00:00,1.35457,1.35469,1.35359,1.35379
2026-05-05 14:15:00,1.3538000000000001,1.3546,1.35308,1.35449
2026-05-05 14:30:00,1.3545,1.35469,1.35364,1.35368
2026-05-05 14:45:00,1.35369,1.3541699999999999,1.35348,1.35408
2026-05-05 15:00:00,1.35407,1.35445,1.35317,1.3542100000000001
2026-05-05 15:15:00,1.35422,1.35493,1.35418,1.35477
2026-05-05 15:30:00,1.35476,1.35481,1.35398,1.354
2026-05-05 15:45:00,1.35399,1.35439,1.35398,1.35439
2026-05-05 16:00:00,1.35438,1.3557000000000001,1.35433,1.3553899999999999
2026-05-05 16:15:00,1.35538,1.35591,1.35508,1.3550900000000001
2026-05-05 16:30:00,1.35511,1.35559,1.35498,1.35503
2026-05-05 16:45:00,1.3550200000000001,1.35579,1.35484,1.35547
2026-05-05 17:00:00,1.35533,1.35677,1.3550900000000001,1.35559
2026-05-05 17:15:00,1.3556,1.35625,1.35495,1.35591
2026-05-05 17:30:00,1.35594,1.35659,1.3554599999999999,1.35628
2026-05-05 17:45:00,1.3562699999999999,1.35648,1.3554,1.35643
2026-05-05 18:00:00,1.35644,1.35699,1.35615,1.35673
2026-05-05 18:15:00,1.35674,1.35679,1.35615,1.3565800000000001
2026-05-05 18:30:00,1.35657,1.35763,1.35632,1.35751
2026-05-05 18:45:00,1.3575,1.3578299999999999,1.35738,1.35738
2026-05-05 19:00:00,1.35739,1.35761,1.35669,1.35669
2026-05-05 19:15:00,1.35667,1.35672,1.35617,1.35638
2026-05-05 19:30:00,1.35639,1.35647,1.3559700000000001,1.35619
2026-05-05 19:45:00,1.35618,1.35637,1.35547,1.35559
2026-05-05 20:00:00,1.3556,1.3559,1.35491,1.35498
2026-05-05 20:15:00,1.35499,1.35528,1.3547500000000001,1.35494
2026-05-05 20:30:00,1.35495,1.35553,1.35487,1.35499
2026-05-05 20:45:00,1.355,1.35515,1.35489,1.35506
2026-05-05 21:00:00,1.3550499999999999,1.35532,1.35492,1.35507
2026-05-05 21:15:00,1.35506,1.35516,1.35498,1.35506
2026-05-05 21:30:00,1.35507,1.35507,1.35459,1.35487
2026-05-05 21:45:00,1.35488,1.35523,1.35479,1.35489
2026-05-05 22:00:00,1.3549,1.3550900000000001,1.35465,1.35466
2026-05-05 22:15:00,1.35467,1.35474,1.35438,1.35439
2026-05-05 22:30:00,1.35438,1.35456,1.3543,1.35431
2026-05-05 22:45:00,1.3543,1.35445,1.35407,1.35428
2026-05-05 23:00:00,1.35427,1.3544399999999999,1.35418,1.35419
2026-05-05 23:15:00,1.35413,1.3542100000000001,1.35407,1.3541699999999999
2026-05-05 23:30:00,1.35413,1.35413,1.3538999999999999,1.35395
2026-05-05 23:45:00,1.35396,1.35406,1.35343,1.35348
2026-05-06 00:00:00,1.3551,1.3551,1.35374,1.35376
2026-05-06 00:15:00,1.35373,1.35405,1.35354,1.3538000000000001
2026-05-06 00:30:00,1.3538000000000001,1.35435,1.35378,1.35391
2026-05-06 00:45:00,1.3538999999999999,1.35437,1.35343,1.35375
2026-05-06 01:00:00,1.35377,1.35432,1.35368,1.35419
2026-05-06 01:15:00,1.35416,1.35418,1.35384,1.35395
2026-05-06 01:30:00,1.35394,1.3541,1.35389,1.35408
2026-05-06 01:45:00,1.35407,1.35609,1.35399,1.35572
2026-05-06 02:00:00,1.3557299999999999,1.35777,1.35568,1.3576
2026-05-06 02:15:00,1.35761,1.35798,1.35707,1.35709
2026-05-06 02:30:00,1.35708,1.35739,1.3569,1.35691
2026-05-06 02:45:00,1.3569,1.35716,1.35675,1.35679
2026-05-06 03:00:00,1.35683,1.3571,1.3566,1.35671
2026-05-06 03:15:00,1.3566799999999999,1.35739,1.35647,1.3568500000000001
2026-05-06 03:30:00,1.3569,1.35768,1.35675,1.3575
2026-05-06 03:45:00,1.3574899999999999,1.35774,1.35727,1.35747
2026-05-06 04:00:00,1.35748,1.35764,1.35727,1.35737
2026-05-06 04:15:00,1.35738,1.35799,1.35733,1.35768
2026-05-06 04:30:00,1.35767,1.3578000000000001,1.35727,1.35777
2026-05-06 04:45:00,1.35778,1.35793,1.35738,1.35739
2026-05-06 05:00:00,1.35738,1.3578000000000001,1.35736,1.3574
2026-05-06 05:15:00,1.35741,1.35757,1.35702,1.35706
2026-05-06 05:30:00,1.35707,1.35712,1.3566799999999999,1.3566799999999999
2026-05-06 05:45:00,1.35667,1.35696,1.35659,1.35684
2026-05-06 06:00:00,1.3568500000000001,1.3571900000000001,1.35678,1.357
2026-05-06 06:15:00,1.35701,1.35712,1.35677,1.35681
2026-05-06 06:30:00,1.3568,1.35713,1.35649,1.3569
2026-05-06 06:45:00,1.35691,1.35698,1.35637,1.35649
2026-05-06 07:00:00,1.3565,1.35655,1.35633,1.35653
2026-05-06 07:15:00,1.35655,1.3578999999999999,1.35636,1.3578999999999999
2026-05-06 07:30:00,1.35789,1.3593,1.3578000000000001,1.35832
2026-05-06 07:45:00,1.35831,1.35955,1.35815,1.35894
2026-05-06 08:00:00,1.35893,1.35914,1.3587500000000001,1.35879
2026-05-06 08:15:00,1.3587799999999999,1.3588,1.35829,1.35869
2026-05-06 08:30:00,1.35868,1.35887,1.35839,1.35842
2026-05-06 08:45:00,1.3584,1.35864,1.35832,1.35861
2026-05-06 09:00:00,1.35862,1.35883,1.35823,1.3584800000000001
2026-05-06 09:15:00,1.35847,1.35901,1.35833,1.3587099999999999
2026-05-06 09:30:00,1.3587,1.35877,1.3580999999999999,1.3585099999999999
2026-05-06 09:45:00,1.3585,1.35901,1.35849,1.35888
2026-05-06 10:00:00,1.35889,1.35927,1.35843,1.35846
2026-05-06 10:15:00,1.35845,1.3590499999999999,1.35837,1.35896
2026-05-06 10:30:00,1.35895,1.35908,1.35839,1.35899
2026-05-06 10:45:00,1.359,1.3599,1.35895,1.35985
2026-05-06 11:00:00,1.35987,1.3602,1.35928,1.35929
2026-05-06 11:15:00,1.35928,1.36017,1.3592,1.36003
2026-05-06 11:30:00,1.3600400000000001,1.36142,1.36003,1.36112
2026-05-06 11:45:00,1.36111,1.36344,1.36107,1.36257
2026-05-06 12:00:00,1.36256,1.36281,1.36138,1.36174
2026-05-06 12:15:00,1.36175,1.36253,1.36167,1.3623
2026-05-06 12:30:00,1.36231,1.3629,1.36199,1.36236
2026-05-06 12:45:00,1.36235,1.3627099999999999,1.36212,1.36257
2026-05-06 13:00:00,1.36258,1.36279,1.36162,1.36163
2026-05-06 13:15:00,1.36162,1.36189,1.36137,1.36174
2026-05-06 13:30:00,1.36175,1.36273,1.36161,1.36267
2026-05-06 13:45:00,1.3626800000000001,1.36433,1.36227,1.36368
2026-05-06 14:00:00,1.36369,1.36413,1.3626800000000001,1.3630200000000001
2026-05-06 14:15:00,1.36301,1.36419,1.36296,1.36379
2026-05-06 14:30:00,1.36382,1.36413,1.36261,1.3628
2026-05-06 14:45:00,1.36282,1.36294,1.36201,1.36232
2026-05-06 15:00:00,1.36234,1.36238,1.36081,1.36108
2026-05-06 15:15:00,1.36136,1.3620999999999999,1.36077,1.3618999999999999
2026-05-06 15:30:00,1.36193,1.36224,1.36117,1.36162
2026-05-06 15:45:00,1.36161,1.36162,1.36089,1.36116
2026-05-06 16:00:00,1.36114,1.36172,1.36023,1.36106
2026-05-06 16:15:00,1.36107,1.36139,1.36048,1.3605
2026-05-06 16:30:00,1.36048,1.36124,1.36007,1.36057
2026-05-06 16:45:00,1.3605800000000001,1.36107,1.36041,1.36077
2026-05-06 17:00:00,1.36076,1.36089,1.36026,1.3603
2026-05-06 17:15:00,1.36032,1.36046,1.35988,1.35999
2026-05-06 17:30:00,1.3599999999999999,1.36178,1.35994,1.36178
2026-05-06 17:45:00,1.36177,1.36194,1.36037,1.36038
2026-05-06 18:00:00,1.36039,1.36041,1.3593899999999999,1.35954
2026-05-06 18:15:00,1.35955,1.36012,1.35953,1.35994
2026-05-06 18:30:00,1.35996,1.36042,1.35972,1.36006
2026-05-06 18:45:00,1.36007,1.3602699999999999,1.3593899999999999,1.35955
2026-05-06 19:00:00,1.3595,1.35962,1.3584399999999999,1.35911
2026-05-06 19:15:00,1.3591,1.35933,1.35882,1.359
2026-05-06 19:30:00,1.35899,1.35929,1.35893,1.35907
2026-05-06 19:45:00,1.35906,1.35907,1.35785,1.35835
2026-05-06 20:00:00,1.35834,1.3597000000000001,1.3581400000000001,1.35946
2026-05-06 20:15:00,1.35945,1.35993,1.35922,1.35958
2026-05-06 20:30:00,1.35959,1.35962,1.3587,1.3587799999999999
2026-05-06 20:45:00,1.35879,1.35934,1.3585099999999999,1.35922
2026-05-06 21:00:00,1.3592,1.35944,1.35897,1.3590900000000001
2026-05-06 21:15:00,1.3591,1.35938,1.35899,1.35911
2026-05-06 21:30:00,1.3591199999999999,1.3593199999999999,1.35903,1.3591
2026-05-06 21:45:00,1.35911,1.35972,1.35889,1.3594
2026-05-06 22:00:00,1.35942,1.35971,1.35929,1.3596300000000001
2026-05-06 22:15:00,1.35964,1.35991,1.35954,1.35959
2026-05-06 22:30:00,1.35958,1.35958,1.35921,1.35925
2026-05-06 22:45:00,1.35924,1.35956,1.3592,1.3593199999999999
2026-05-06 23:00:00,1.35933,1.3595,1.35919,1.3594300000000001
2026-05-06 23:15:00,1.35944,1.35955,1.35938,1.35938
2026-05-06 23:30:00,1.3594,1.3594,1.3590200000000001,1.3590200000000001
2026-05-06 23:45:00,1.35901,1.35935,1.35892,1.35899
2026-05-07 00:00:00,1.35904,1.35904,1.35838,1.35903
2026-05-07 00:15:00,1.35904,1.35935,1.35849,1.35849
2026-05-07 00:30:00,1.3585099999999999,1.3588,1.3585,1.3587099999999999
2026-05-07 00:45:00,1.3587099999999999,1.3591199999999999,1.35868,1.35897
2026-05-07 01:00:00,1.35892,1.3594,1.3587799999999999,1.3594
2026-05-07 01:15:00,1.3593899999999999,1.35947,1.35919,1.35929
2026-05-07 01:30:00,1.3593,1.35944,1.35928,1.35944
2026-05-07 01:45:00,1.3594300000000001,1.35949,1.35935,1.35947
2026-05-07 02:00:00,1.35944,1.35964,1.3594,1.35959
2026-05-07 02:15:00,1.35962,1.35962,1.35929,1.35934
2026-05-07 02:30:00,1.3593199999999999,1.35941,1.35929,1.3593899999999999
2026-05-07 02:45:00,1.3594,1.35949,1.3590499999999999,1.3591199999999999
2026-05-07 03:00:00,1.35911,1.35992,1.359,1.35991
2026-05-07 03:15:00,1.35992,1.35992,1.35903,1.35916
2026-05-07 03:30:00,1.35917,1.3593,1.35903,1.3592
2026-05-07 03:45:00,1.35918,1.35931,1.35907,1.35921
2026-05-07 04:00:00,1.35922,1.36021,1.35904,1.36001
2026-05-07 04:15:00,1.35999,1.36042,1.3599700000000001,1.36039
2026-05-07 04:30:00,1.3604,1.36078,1.36025,1.36072
2026-05-07 04:45:00,1.36071,1.36082,1.36042,1.36049
2026-05-07 05:00:00,1.3605,1.36081,1.36013,1.36019
2026-05-07 05:15:00,1.3602,1.36038,1.36007,1.3603100000000001
2026-05-07 05:30:00,1.36032,1.36047,1.36012,1.3603100000000001
2026-05-07 05:45:00,1.36032,1.36048,1.36029,1.36036
2026-05-07 06:00:00,1.36035,1.36035,1.35991,1.35992
2026-05-07 06:15:00,1.35991,1.36022,1.3599,1.35994
2026-05-07 06:30:00,1.35992,1.35992,1.3596,1.35971
2026-05-07 06:45:00,1.35972,1.3597299999999999,1.35928,1.35929
2026-05-07 07:00:00,1.35928,1.3596300000000001,1.3591199999999999,1.35954
2026-05-07 07:15:00,1.35953,1.35996,1.35952,1.35984
2026-05-07 07:30:00,1.35985,1.36011,1.35977,1.35991
2026-05-07 07:45:00,1.35992,1.35996,1.35964,1.35975
2026-05-07 08:00:00,1.35974,1.36001,1.3596599999999999,1.35995
2026-05-07 08:15:00,1.35992,1.35996,1.35949,1.35962
2026-05-07 08:30:00,1.3596300000000001,1.35985,1.3596,1.3597000000000001
2026-05-07 08:45:00,1.35971,1.3598,1.3593899999999999,1.35948
2026-05-07 09:00:00,1.35945,1.35962,1.35919,1.35934
2026-05-07 09:15:00,1.35935,1.3597299999999999,1.35924,1.3593
2026-05-07 09:30:00,1.35931,1.36082,1.3591,1.36078
2026-05-07 09:45:00,1.36077,1.3608,1.35976,1.36002
2026-05-07 10:00:00,1.36001,1.36223,1.35999,1.36215
2026-05-07 10:15:00,1.36216,1.3624399999999999,1.36142,1.36193
2026-05-07 10:30:00,1.36194,1.36218,1.3614600000000001,1.36171
2026-05-07 10:45:00,1.36172,1.36208,1.3615,1.3620700000000001
2026-05-07 11:00:00,1.36209,1.36239,1.3618999999999999,1.36213
2026-05-07 11:15:00,1.36212,1.36216,1.36147,1.36204
2026-05-07 11:30:00,1.36203,1.36222,1.36176,1.36201
2026-05-07 11:45:00,1.362,1.36242,1.36188,1.3622
2026-05-07 12:00:00,1.36221,1.36221,1.36173,1.36209
2026-05-07 12:15:00,1.3620999999999999,1.36226,1.3618000000000001,1.36197
2026-05-07 12:30:00,1.36196,1.3624,1.36192,1.36219
2026-05-07 12:45:00,1.36221,1.36234,1.36176,1.36189
2026-05-07 13:00:00,1.36188,1.36247,1.36168,1.36236
2026-05-07 13:15:00,1.36237,1.36293,1.3623,1.36289
2026-05-07 13:30:00,1.36291,1.36303,1.3625,1.36279
2026-05-07 13:45:00,1.3628,1.36284,1.36197,1.36198
2026-05-07 14:00:00,1.36203,1.36242,1.3612199999999999,1.3613
2026-05-07 14:15:00,1.36129,1.3614899999999999,1.36094,1.36108
2026-05-07 14:30:00,1.36109,1.36191,1.36103,1.36139
2026-05-07 14:45:00,1.36138,1.36179,1.36117,1.36177
2026-05-07 15:00:00,1.3618000000000001,1.36239,1.36177,1.36227
2026-05-07 15:15:00,1.36224,1.36261,1.3617,1.36233
2026-05-07 15:30:00,1.36232,1.36287,1.3620999999999999,1.36277
2026-05-07 15:45:00,1.3627799999999999,1.36286,1.36223,1.36234
2026-05-07 16:00:00,1.36233,1.36242,1.36182,1.36222
2026-05-07 16:15:00,1.36224,1.3627099999999999,1.36209,1.36262
2026-05-07 16:30:00,1.36261,1.3628,1.36202,1.36277
2026-05-07 16:45:00,1.3627799999999999,1.36286,1.36154,1.36188
2026-05-07 17:00:00,1.36189,1.36227,1.36138,1.36218
2026-05-07 17:15:00,1.3621699999999999,1.36237,1.36167,1.36208
2026-05-07 17:30:00,1.36213,1.3624100000000001,1.3615599999999999,1.36182
2026-05-07 17:45:00,1.3618299999999999,1.3630900000000001,1.36177,1.36301
2026-05-07 18:00:00,1.363,1.36322,1.36253,1.36253
2026-05-07 18:15:00,1.36255,1.36291,1.3609499999999999,1.3613
2026-05-07 18:30:00,1.36136,1.36191,1.36121,1.36159
2026-05-07 18:45:00,1.36158,1.3617,1.36069,1.36078
2026-05-07 19:00:00,1.36079,1.36098,1.3600400000000001,1.36015
2026-05-07 19:15:00,1.36014,1.36064,1.35969,1.36047
2026-05-07 19:30:00,1.36048,1.3605,1.35964,1.3597000000000001
2026-05-07 19:45:00,1.35968,1.3597000000000001,1.3590499999999999,1.35941
2026-05-07 20:00:00,1.3594,1.3595,1.35895,1.3590900000000001
2026-05-07 20:15:00,1.35908,1.3591,1.3576,1.35766
2026-05-07 20:30:00,1.35767,1.35801,1.3568799999999999,1.35757
2026-05-07 20:45:00,1.35755,1.35833,1.35732,1.35831
2026-05-07 21:00:00,1.35829,1.35847,1.35786,1.3582
2026-05-07 21:15:00,1.35819,1.3584100000000001,1.35811,1.35824
2026-05-07 21:30:00,1.35823,1.35847,1.35714,1.3575
2026-05-07 21:45:00,1.35752,1.35804,1.35701,1.35803
2026-05-07 22:00:00,1.35808,1.35845,1.35758,1.35816
2026-05-07 22:15:00,1.35815,1.35826,1.35672,1.35724
2026-05-07 22:30:00,1.35725,1.35803,1.35721,1.35771
2026-05-07 22:45:00,1.3577,1.35781,1.35617,1.35623
2026-05-07 23:00:00,1.35622,1.35757,1.35611,1.35677
2026-05-07 23:15:00,1.35678,1.3568,1.35612,1.3563
2026-05-07 23:30:00,1.3563100000000001,1.35635,1.35518,1.3554
2026-05-07 23:45:00,1.35541,1.3555,1.3545099999999999,1.35461
2026-05-08 00:00:00,1.35494,1.3556,1.35477,1.35492
2026-05-08 00:15:00,1.3550499999999999,1.35514,1.35466,1.35497
2026-05-08 00:30:00,1.35497,1.35503,1.35468,1.35486
2026-05-08 00:45:00,1.3548499999999999,1.35496,1.35472,1.35495
2026-05-08 01:00:00,1.35491,1.35528,1.35471,1.35497
2026-05-08 01:15:00,1.3549,1.35541,1.35487,1.35514
2026-05-08 01:30:00,1.35515,1.35521,1.3547500000000001,1.3548200000000001
2026-05-08 01:45:00,1.35481,1.3549,1.35472,1.35472
2026-05-08 02:00:00,1.35473,1.35492,1.35472,1.3549
2026-05-08 02:15:00,1.35489,1.35511,1.35489,1.3550900000000001
2026-05-08 02:30:00,1.35508,1.35531,1.35498,1.35531
2026-05-08 02:45:00,1.35532,1.35562,1.35518,1.35554
2026-05-08 03:00:00,1.35559,1.3561,1.35542,1.35567
2026-05-08 03:15:00,1.35568,1.35568,1.35487,1.3553
2026-05-08 03:30:00,1.35532,1.35562,1.35524,1.35529
2026-05-08 03:45:00,1.3553,1.35538,1.35507,1.3550900000000001
2026-05-08 04:00:00,1.35508,1.35569,1.35508,1.3556
2026-05-08 04:15:00,1.35559,1.35588,1.3553899999999999,1.3557000000000001
2026-05-08 04:30:00,1.3557299999999999,1.35591,1.3554300000000001,1.35557
2026-05-08 04:45:00,1.35558,1.35593,1.35557,1.35585
2026-05-08 05:00:00,1.35586,1.35603,1.35568,1.35588
2026-05-08 05:15:00,1.35589,1.3560699999999999,1.35567,1.35571
2026-05-08 05:30:00,1.3557000000000001,1.35583,1.35498,1.35527
2026-05-08 05:45:00,1.35529,1.35602,1.35528,1.35559
2026-05-08 06:00:00,1.3556,1.35581,1.35552,1.3556300000000001
2026-05-08 06:15:00,1.35564,1.35565,1.35529,1.3553899999999999
2026-05-08 06:30:00,1.3554,1.35602,1.3554,1.35588
2026-05-08 06:45:00,1.35583,1.35592,1.3553899999999999,1.35544
2026-05-08 07:00:00,1.35545,1.35575,1.35495,1.35561
2026-05-08 07:15:00,1.3556,1.35585,1.3553899999999999,1.35582
2026-05-08 07:30:00,1.35581,1.3562699999999999,1.3557000000000001,1.3562699999999999
2026-05-08 07:45:00,1.35625,1.35683,1.35625,1.3565
2026-05-08 08:00:00,1.35651,1.3569200000000001,1.3565,1.3567
2026-05-08 08:15:00,1.35669,1.35732,1.35669,1.35731
2026-05-08 08:30:00,1.35732,1.3577,1.35715,1.35735
2026-05-08 08:45:00,1.35736,1.35751,1.35718,1.35741
2026-05-08 09:00:00,1.3574899999999999,1.35818,1.35728,1.35781
2026-05-08 09:15:00,1.3578000000000001,1.35868,1.3578000000000001,1.35867
2026-05-08 09:30:00,1.35869,1.3590200000000001,1.35838,1.3589
2026-05-08 09:45:00,1.35891,1.35892,1.3584399999999999,1.35857
2026-05-08 10:00:00,1.35858,1.35891,1.35816,1.35818
2026-05-08 10:15:00,1.35819,1.3584,1.35777,1.35798
2026-05-08 10:30:00,1.35797,1.35864,1.35781,1.35849
2026-05-08 10:45:00,1.3584800000000001,1.35874,1.3581699999999999,1.3581699999999999
2026-05-08 11:00:00,1.35815,1.35873,1.35786,1.35857
2026-05-08 11:15:00,1.35856,1.36002,1.35856,1.35999
2026-05-08 11:30:00,1.35998,1.36107,1.35998,1.36094
2026-05-08 11:45:00,1.36093,1.36151,1.36078,1.36134
2026-05-08 12:00:00,1.36135,1.36203,1.3613,1.36177
2026-05-08 12:15:00,1.36176,1.36226,1.36159,1.36161
2026-05-08 12:30:00,1.3616,1.36179,1.36152,1.36157
2026-05-08 12:45:00,1.36158,1.3617,1.3612199999999999,1.36147
2026-05-08 13:00:00,1.36148,1.36189,1.36143,1.3617
2026-05-08 13:15:00,1.36171,1.36174,1.3614,1.3614899999999999
2026-05-08 13:30:00,1.3615,1.36168,1.36112,1.36112
2026-05-08 13:45:00,1.36113,1.36114,1.36018,1.36028
2026-05-08 14:00:00,1.3602699999999999,1.36052,1.36003,1.36039
2026-05-08 14:15:00,1.36038,1.36084,1.3603,1.3607
2026-05-08 14:30:00,1.36071,1.36098,1.36067,1.3608500000000001
2026-05-08 14:45:00,1.36084,1.36133,1.36073,1.36129
2026-05-08 15:00:00,1.36128,1.36138,1.3608500000000001,1.36097
2026-05-08 15:15:00,1.3609499999999999,1.3615,1.36068,1.36113
2026-05-08 15:30:00,1.36118,1.3624,1.36017,1.3620700000000001
2026-05-08 15:45:00,1.36208,1.36218,1.3612600000000001,1.36137
2026-05-08 16:00:00,1.36136,1.36166,1.3606099999999999,1.3608
2026-05-08 16:15:00,1.36081,1.36219,1.36067,1.36208
2026-05-08 16:30:00,1.36211,1.36308,1.36199,1.36247
2026-05-08 16:45:00,1.3625,1.36285,1.3622,1.36255
2026-05-08 17:00:00,1.36256,1.36267,1.36099,1.36176
2026-05-08 17:15:00,1.36175,1.36212,1.36111,1.36115
2026-05-08 17:30:00,1.36112,1.3622,1.36101,1.36191
2026-05-08 17:45:00,1.3618999999999999,1.36276,1.36179,1.3625
2026-05-08 18:00:00,1.3625099999999999,1.36287,1.36184,1.36204
2026-05-08 18:15:00,1.36203,1.3626,1.3617,1.36259
2026-05-08 18:30:00,1.3626,1.36292,1.3620999999999999,1.36247
2026-05-08 18:45:00,1.3624800000000001,1.36288,1.36229,1.36236
2026-05-08 19:00:00,1.36234,1.36307,1.36218,1.36238
2026-05-08 19:15:00,1.36239,1.3628,1.36237,1.3627099999999999
2026-05-08 19:30:00,1.3627,1.3627799999999999,1.36165,1.3618700000000001
2026-05-08 19:45:00,1.36191,1.3620700000000001,1.36157,1.36169
2026-05-08 20:00:00,1.3617,1.362,1.36161,1.36177
2026-05-08 20:15:00,1.36176,1.3623,1.36174,1.36215
2026-05-08 20:30:00,1.3621400000000001,1.36228,1.36196,1.36205
2026-05-08 20:45:00,1.36204,1.36236,1.36193,1.36196
2026-05-08 21:00:00,1.36193,1.36308,1.36178,1.36297
2026-05-08 21:15:00,1.36298,1.36301,1.36242,1.36256
2026-05-08 21:30:00,1.36255,1.36264,1.36216,1.36228
2026-05-08 21:45:00,1.36227,1.3625099999999999,1.36191,1.36218
2026-05-08 22:00:00,1.3621699999999999,1.36264,1.36216,1.36252
2026-05-08 22:15:00,1.3625099999999999,1.36264,1.36246,1.36258
2026-05-08 22:30:00,1.36257,1.36287,1.36243,1.36276
2026-05-08 22:45:00,1.36277,1.36288,1.3622,1.36281
2026-05-08 23:00:00,1.36282,1.3632900000000001,1.36272,1.36319
2026-05-08 23:15:00,1.36318,1.36334,1.36307,1.36334
2026-05-08 23:30:00,1.36335,1.36337,1.36296,1.3632
2026-05-08 23:45:00,1.36321,1.36368,1.36205,1.3628
2026-05-11 00:00:00,1.35487,1.35652,1.35487,1.35614
2026-05-11 00:15:00,1.3560699999999999,1.35684,1.35571,1.35651
2026-05-11 00:30:00,1.35662,1.35836,1.35612,1.35743
2026-05-11 00:45:00,1.35743,1.35771,1.35611,1.35646
2026-05-11 01:00:00,1.35643,1.35867,1.3563399999999999,1.35837
2026-05-11 01:15:00,1.35838,1.3584800000000001,1.3577,1.35847
2026-05-11 01:30:00,1.3584,1.35876,1.35836,1.35861
2026-05-11 01:45:00,1.35862,1.35898,1.35857,1.35896
2026-05-11 02:00:00,1.35895,1.35923,1.35895,1.35907
2026-05-11 02:15:00,1.35908,1.35949,1.35906,1.35935
2026-05-11 02:30:00,1.3593600000000001,1.35967,1.35918,1.3596
2026-05-11 02:45:00,1.35959,1.3597000000000001,1.35927,1.3594
2026-05-11 03:00:00,1.3593899999999999,1.35991,1.35922,1.35956
2026-05-11 03:15:00,1.35959,1.35999,1.3594,1.35989
2026-05-11 03:30:00,1.3599,1.36009,1.35976,1.35984
2026-05-11 03:45:00,1.35985,1.35991,1.3590900000000001,1.3599
2026-05-11 04:00:00,1.35989,1.36007,1.35928,1.35969
2026-05-11 04:15:00,1.3597000000000001,1.35999,1.35955,1.35987
2026-05-11 04:30:00,1.35988,1.35999,1.359,1.35926
2026-05-11 04:45:00,1.35927,1.35944,1.35904,1.3593
2026-05-11 05:00:00,1.35929,1.35961,1.35929,1.35954
2026-05-11 05:15:00,1.35953,1.35974,1.3594,1.35971
2026-05-11 05:30:00,1.35969,1.35981,1.35927,1.3593199999999999
2026-05-11 05:45:00,1.35931,1.35947,1.359,1.3590499999999999
2026-05-11 06:00:00,1.35903,1.35922,1.35884,1.3592
2026-05-11 06:15:00,1.35919,1.35925,1.3590200000000001,1.35913
2026-05-11 06:30:00,1.3591199999999999,1.3593199999999999,1.35906,1.35931
2026-05-11 06:45:00,1.3593,1.35938,1.35888,1.35892
2026-05-11 07:00:00,1.35893,1.35901,1.35887,1.35897
2026-05-11 07:15:00,1.35898,1.359,1.35879,1.35886
2026-05-11 07:30:00,1.35885,1.35896,1.3585099999999999,1.3585099999999999
2026-05-11 07:45:00,1.3585,1.35852,1.3578999999999999,1.3580999999999999
2026-05-11 08:00:00,1.35809,1.35869,1.35807,1.35863
2026-05-11 08:15:00,1.35864,1.35885,1.35857,1.35859
2026-05-11 08:30:00,1.35858,1.35869,1.3581400000000001,1.35828
2026-05-11 08:45:00,1.35829,1.35845,1.35799,1.35839
2026-05-11 09:00:00,1.35842,1.35945,1.3584100000000001,1.35919
2026-05-11 09:15:00,1.35918,1.35918,1.35806,1.3586
2026-05-11 09:30:00,1.35861,1.3593199999999999,1.35847,1.35927
2026-05-11 09:45:00,1.35926,1.35988,1.35887,1.35988
2026-05-11 10:00:00,1.3599,1.3602699999999999,1.3596300000000001,1.3599700000000001
2026-05-11 10:15:00,1.35998,1.3603,1.35978,1.3600400000000001
2026-05-11 10:30:00,1.36002,1.36025,1.35978,1.36009
2026-05-11 10:45:00,1.3601,1.36025,1.35964,1.3599700000000001
2026-05-11 11:00:00,1.35998,1.36037,1.35984,1.36019
2026-05-11 11:15:00,1.3602,1.36143,1.3602,1.36118
2026-05-11 11:30:00,1.36117,1.36142,1.36086,1.36091
2026-05-11 11:45:00,1.3609,1.3611900000000001,1.36068,1.36076
2026-05-11 12:00:00,1.36073,1.36123,1.36072,1.3609
2026-05-11 12:15:00,1.36091,1.36107,1.3606099999999999,1.36062
2026-05-11 12:30:00,1.3606099999999999,1.3609,1.36018,1.3604
2026-05-11 12:45:00,1.36041,1.3605,1.3599,1.35991
2026-05-11 13:00:00,1.35989,1.3599,1.3591199999999999,1.35941
2026-05-11 13:15:00,1.3594,1.36003,1.35935,1.35996
2026-05-11 13:30:00,1.35994,1.36043,1.35861,1.3593
2026-05-11 13:45:00,1.35938,1.36008,1.35857,1.35884
2026-05-11 14:00:00,1.35885,1.36111,1.35882,1.36099
2026-05-11 14:15:00,1.36096,1.36123,1.3606500000000001,1.36121
2026-05-11 14:30:00,1.3612199999999999,1.36144,1.36078,1.361
2026-05-11 14:45:00,1.36103,1.36136,1.36007,1.3607
2026-05-11 15:00:00,1.36074,1.36079,1.36007,1.36025
2026-05-11 15:15:00,1.36028,1.3615599999999999,1.35996,1.36117
2026-05-11 15:30:00,1.36116,1.36147,1.36079,1.36111
2026-05-11 15:45:00,1.36112,1.36113,1.36042,1.36112
2026-05-11 16:00:00,1.36114,1.36226,1.36108,1.3620700000000001
2026-05-11 16:15:00,1.36208,1.36233,1.36196,1.36209
2026-05-11 16:30:00,1.36213,1.36295,1.36195,1.36285
2026-05-11 16:45:00,1.36282,1.3629,1.36232,1.36237
2026-05-11 17:00:00,1.36235,1.36259,1.36171,1.36245
2026-05-11 17:15:00,1.3624399999999999,1.36281,1.36229,1.3624800000000001
2026-05-11 17:30:00,1.36247,1.36301,1.36173,1.36276
2026-05-11 17:45:00,1.36277,1.36395,1.36215,1.36392
2026-05-11 18:00:00,1.36391,1.36444,1.3637299999999999,1.36388
2026-05-11 18:15:00,1.36389,1.36532,1.36384,1.36468
2026-05-11 18:30:00,1.36467,1.36513,1.36438,1.36456
2026-05-11 18:45:00,1.36455,1.36521,1.3644,1.36496
2026-05-11 19:00:00,1.36497,1.36499,1.36448,1.36468
2026-05-11 19:15:00,1.36469,1.3647,1.36408,1.36418
2026-05-11 19:30:00,1.36419,1.36472,1.36378,1.36421
2026-05-11 19:45:00,1.3642,1.36445,1.36376,1.3641
2026-05-11 20:00:00,1.36411,1.36421,1.36358,1.36413
2026-05-11 20:15:00,1.36411,1.36443,1.36409,1.3642699999999999
2026-05-11 20:30:00,1.36422,1.36452,1.3641,1.3641
2026-05-11 20:45:00,1.36411,1.36439,1.36404,1.3642699999999999
2026-05-11 21:00:00,1.36426,1.36442,1.36403,1.36408
2026-05-11 21:15:00,1.36407,1.36422,1.36362,1.36367
2026-05-11 21:30:00,1.36368,1.36368,1.36296,1.36297
2026-05-11 21:45:00,1.36296,1.36313,1.36272,1.36288
2026-05-11 22:00:00,1.36287,1.36297,1.3626800000000001,1.36274
2026-05-11 22:15:00,1.3627500000000001,1.36291,1.36199,1.36219
2026-05-11 22:30:00,1.3622,1.3625,1.36198,1.36209
2026-05-11 22:45:00,1.36208,1.36213,1.36167,1.36179
2026-05-11 23:00:00,1.3618000000000001,1.362,1.36072,1.36128
2026-05-11 23:15:00,1.36127,1.36151,1.36108,1.3614
2026-05-11 23:30:00,1.36139,1.3614899999999999,1.36087,1.36096
2026-05-11 23:45:00,1.3609499999999999,1.36147,1.36063,1.36063
2026-05-12 00:00:00,1.3606,1.3608799999999999,1.3606,1.3608500000000001
2026-05-12 00:15:00,1.36078,1.36091,1.36076,1.36082
2026-05-12 00:30:00,1.36082,1.36097,1.36044,1.36044
2026-05-12 00:45:00,1.36047,1.36056,1.3603,1.36035
2026-05-12 01:00:00,1.36056,1.3608799999999999,1.36053,1.36084
2026-05-12 01:15:00,1.3608500000000001,1.36098,1.36081,1.36086
2026-05-12 01:30:00,1.36084,1.36098,1.36081,1.3609
2026-05-12 01:45:00,1.36091,1.36091,1.36073,1.36075
2026-05-12 02:00:00,1.36076,1.36101,1.36071,1.36084
2026-05-12 02:15:00,1.36083,1.36087,1.36066,1.36067
2026-05-12 02:30:00,1.36068,1.36081,1.36049,1.36052
2026-05-12 02:45:00,1.3605800000000001,1.3606,1.36029,1.36041
2026-05-12 03:00:00,1.3604,1.3604,1.35992,1.3603
2026-05-12 03:15:00,1.3603100000000001,1.36048,1.3599,1.36019
2026-05-12 03:30:00,1.3602,1.3603100000000001,1.3598,1.3598
2026-05-12 03:45:00,1.35981,1.3600400000000001,1.35929,1.35938
2026-05-12 04:00:00,1.35937,1.35956,1.3590900000000001,1.35911
2026-05-12 04:15:00,1.3591,1.35919,1.3584399999999999,1.3585099999999999
2026-05-12 04:30:00,1.3585,1.35919,1.35799,1.35855
2026-05-12 04:45:00,1.35856,1.35884,1.35831,1.3587099999999999
2026-05-12 05:00:00,1.35873,1.3591,1.35859,1.35895
2026-05-12 05:15:00,1.35896,1.35898,1.3586,1.3587799999999999
2026-05-12 05:30:00,1.35877,1.35891,1.35855,1.35873
2026-05-12 05:45:00,1.35872,1.35928,1.3587099999999999,1.35908
2026-05-12 06:00:00,1.3590499999999999,1.35919,1.3586,1.35886
2026-05-12 06:15:00,1.35885,1.35893,1.3584399999999999,1.35849
2026-05-12 06:30:00,1.3585,1.35861,1.35831,1.3586
2026-05-12 06:45:00,1.35859,1.35861,1.3581400000000001,1.3583
2026-05-12 07:00:00,1.35829,1.35838,1.35798,1.358
2026-05-12 07:15:00,1.35799,1.35825,1.35799,1.3580999999999999
2026-05-12 07:30:00,1.35811,1.35865,1.3580999999999999,1.3586
2026-05-12 07:45:00,1.35861,1.35867,1.3584,1.35845
2026-05-12 08:00:00,1.35846,1.3586,1.35727,1.3574
2026-05-12 08:15:00,1.35741,1.3578000000000001,1.35732,1.35742
2026-05-12 08:30:00,1.35748,1.35751,1.35712,1.35715
2026-05-12 08:45:00,1.35716,1.3578700000000001,1.3568500000000001,1.35734
2026-05-12 09:00:00,1.35743,1.35797,1.35681,1.35707
2026-05-12 09:15:00,1.35706,1.35712,1.3559,1.35595
2026-05-12 09:30:00,1.35596,1.35635,1.3553,1.35542
2026-05-12 09:45:00,1.3554300000000001,1.35555,1.3544399999999999,1.35452
2026-05-12 10:00:00,1.35453,1.3550200000000001,1.3532199999999999,1.3536000000000001
2026-05-12 10:15:00,1.35361,1.35413,1.3532899999999999,1.35358
2026-05-12 10:30:00,1.35359,1.35364,1.3519999999999999,1.35201
2026-05-12 10:45:00,1.35202,1.35214,1.35145,1.35181
2026-05-12 11:00:00,1.35183,1.35193,1.35022,1.35033
2026-05-12 11:15:00,1.35034,1.3536000000000001,1.35026,1.35148
2026-05-12 11:30:00,1.35149,1.35171,1.3506,1.35102
2026-05-12 11:45:00,1.351,1.35348,1.351,1.35301
2026-05-12 12:00:00,1.3529900000000001,1.35352,1.35223,1.3529200000000001
2026-05-12 12:15:00,1.35291,1.35358,1.3525800000000001,1.35357
2026-05-12 12:30:00,1.35358,1.35488,1.35318,1.3538299999999999
2026-05-12 12:45:00,1.35386,1.35443,1.35364,1.35391
2026-05-12 13:00:00,1.3538999999999999,1.35428,1.35367,1.3541699999999999
2026-05-12 13:15:00,1.35416,1.35472,1.35394,1.35464
2026-05-12 13:30:00,1.35469,1.3553,1.3543,1.3544100000000001
2026-05-12 13:45:00,1.35442,1.3547,1.3532600000000001,1.3533
2026-05-12 14:00:00,1.35328,1.3543,1.35227,1.3532
2026-05-12 14:15:00,1.3531900000000001,1.35386,1.3529499999999999,1.3536299999999999
2026-05-12 14:30:00,1.35364,1.35443,1.35359,1.3541400000000001
2026-05-12 14:45:00,1.35413,1.35449,1.35266,1.35323
2026-05-12 15:00:00,1.35325,1.35331,1.3521,1.35253
2026-05-12 15:15:00,1.35251,1.3526799999999999,1.35183,1.3525800000000001
2026-05-12 15:30:00,1.35252,1.35335,1.35131,1.35333
2026-05-12 15:45:00,1.35332,1.35431,1.35286,1.35372
2026-05-12 16:00:00,1.35373,1.35428,1.35288,1.35289
2026-05-12 16:15:00,1.35287,1.35287,1.35176,1.35229
2026-05-12 16:30:00,1.35226,1.35314,1.3517700000000001,1.3519700000000001
2026-05-12 16:45:00,1.35198,1.35243,1.35073,1.35106
2026-05-12 17:00:00,1.3510499999999999,1.35371,1.3510499999999999,1.35325
2026-05-12 17:15:00,1.3531900000000001,1.35335,1.35226,1.35281
2026-05-12 17:30:00,1.3528,1.35285,1.35196,1.35248
2026-05-12 17:45:00,1.35243,1.35249,1.35129,1.35242
2026-05-12 18:00:00,1.35241,1.35252,1.35147,1.35149
2026-05-12 18:15:00,1.35141,1.35167,1.35004,1.35055
2026-05-12 18:30:00,1.35057,1.35249,1.35056,1.35243
2026-05-12 18:45:00,1.35247,1.35287,1.35205,1.35264
2026-05-12 19:00:00,1.3526500000000001,1.35304,1.35228,1.3529200000000001
2026-05-12 19:15:00,1.3529,1.35307,1.35212,1.35229
2026-05-12 19:30:00,1.35228,1.35256,1.3518,1.35212
2026-05-12 19:45:00,1.35211,1.35241,1.3515,1.35179
2026-05-12 20:00:00,1.3518,1.35257,1.35174,1.35229
2026-05-12 20:15:00,1.35228,1.35284,1.35212,1.35229
2026-05-12 20:30:00,1.35228,1.35248,1.3520699999999999,1.35214
2026-05-12 20:45:00,1.35215,1.3523399999999999,1.3518,1.3523100000000001
2026-05-12 21:00:00,1.3523,1.35252,1.35162,1.35221
2026-05-12 21:15:00,1.3522,1.35281,1.35218,1.35271
2026-05-12 21:30:00,1.3527,1.3532199999999999,1.3526500000000001,1.35287
2026-05-12 21:45:00,1.35286,1.35331,1.3526,1.35317
2026-05-12 22:00:00,1.35318,1.35413,1.35318,1.354
2026-05-12 22:15:00,1.35402,1.3541,1.35362,1.3538000000000001
2026-05-12 22:30:00,1.35381,1.3544100000000001,1.3538000000000001,1.3542100000000001
2026-05-12 22:45:00,1.35422,1.35439,1.3538999999999999,1.35397
2026-05-12 23:00:00,1.35396,1.35409,1.35373,1.35392
2026-05-12 23:15:00,1.35393,1.35403,1.35372,1.35372
2026-05-12 23:30:00,1.35371,1.35376,1.35361,1.35365
2026-05-12 23:45:00,1.35362,1.35407,1.35362,1.35373
2026-05-13 00:00:00,1.35317,1.35385,1.3526,1.35343
2026-05-13 00:15:00,1.35308,1.35349,1.35306,1.35339
2026-05-13 00:30:00,1.35332,1.35377,1.35269,1.35358
2026-05-13 00:45:00,1.3535,1.35378,1.35297,1.35343
2026-05-13 01:00:00,1.35335,1.3542399999999999,1.35335,1.35377
2026-05-13 01:15:00,1.3538000000000001,1.35403,1.3538000000000001,1.35397
2026-05-13 01:30:00,1.35396,1.35407,1.35391,1.35398
2026-05-13 01:45:00,1.35399,1.3541,1.35397,1.35399
2026-05-13 02:00:00,1.354,1.35426,1.35398,1.35399
2026-05-13 02:15:00,1.354,1.35401,1.35386,1.35401
2026-05-13 02:30:00,1.354,1.35408,1.35367,1.35369
2026-05-13 02:45:00,1.35368,1.35382,1.35346,1.35351
2026-05-13 03:00:00,1.3535,1.3538999999999999,1.35309,1.35311
2026-05-13 03:15:00,1.35312,1.35368,1.3531,1.35334
2026-05-13 03:30:00,1.35333,1.3535300000000001,1.35312,1.35339
2026-05-13 03:45:00,1.35338,1.35371,1.35303,1.35365
2026-05-13 04:00:00,1.35366,1.35385,1.3531,1.35311
2026-05-13 04:15:00,1.3531,1.35367,1.35282,1.35355
2026-05-13 04:30:00,1.35354,1.35399,1.35342,1.3538999999999999
2026-05-13 04:45:00,1.35391,1.35453,1.35389,1.35411
2026-05-13 05:00:00,1.3541,1.35462,1.35386,1.35388
2026-05-13 05:15:00,1.3538700000000001,1.35393,1.35367,1.35389
2026-05-13 05:30:00,1.3538999999999999,1.35411,1.35377,1.35395
2026-05-13 05:45:00,1.35396,1.35402,1.3537,1.35382
2026-05-13 06:00:00,1.35381,1.3538999999999999,1.35309,1.35347
2026-05-13 06:15:00,1.35349,1.35359,1.3532899999999999,1.35355
2026-05-13 06:30:00,1.3535599999999999,1.35401,1.3535599999999999,1.3538000000000001
2026-05-13 06:45:00,1.35379,1.35392,1.35357,1.35377
2026-05-13 07:00:00,1.35378,1.35382,1.35338,1.3535
2026-05-13 07:15:00,1.35351,1.35359,1.35335,1.3534
2026-05-13 07:30:00,1.35339,1.35351,1.3532,1.3532899999999999
2026-05-13 07:45:00,1.3533,1.3535,1.35328,1.35341
2026-05-13 08:00:00,1.35339,1.35406,1.35337,1.35397
2026-05-13 08:15:00,1.35396,1.35449,1.35377,1.35438
2026-05-13 08:30:00,1.35439,1.35467,1.35429,1.35446
2026-05-13 08:45:00,1.35447,1.35494,1.35446,1.35486
2026-05-13 09:00:00,1.3548499999999999,1.35513,1.35386,1.35409
2026-05-13 09:15:00,1.3541,1.35438,1.35352,1.35405
2026-05-13 09:30:00,1.35406,1.3541699999999999,1.35334,1.35347
2026-05-13 09:45:00,1.35348,1.35352,1.35235,1.35281
2026-05-13 10:00:00,1.35282,1.35371,1.35239,1.35269
2026-05-13 10:15:00,1.3527,1.35324,1.35257,1.35317
2026-05-13 10:30:00,1.35318,1.3532899999999999,1.35223,1.35256
2026-05-13 10:45:00,1.3525800000000001,1.35298,1.3519999999999999,1.35206
2026-05-13 11:00:00,1.35205,1.3527,1.35187,1.35267
2026-05-13 11:15:00,1.3526799999999999,1.3532600000000001,1.35253,1.35325
2026-05-13 11:30:00,1.35324,1.3533,1.35249,1.3526
2026-05-13 11:45:00,1.35259,1.35339,1.35208,1.35243
2026-05-13 12:00:00,1.35245,1.35245,1.35154,1.35213
2026-05-13 12:15:00,1.3521,1.35222,1.35111,1.35117
2026-05-13 12:30:00,1.35118,1.35179,1.3508,1.35089
2026-05-13 12:45:00,1.35088,1.35183,1.35068,1.35178
2026-05-13 13:00:00,1.3518,1.35218,1.34945,1.35097
2026-05-13 13:15:00,1.35096,1.35215,1.34998,1.35087
2026-05-13 13:30:00,1.35088,1.35156,1.35036,1.3514
2026-05-13 13:45:00,1.3513899999999999,1.35202,1.35056,1.35071
2026-05-13 14:00:00,1.35073,1.35102,1.34993,1.3504
2026-05-13 14:15:00,1.35041,1.35079,1.35035,1.35068
2026-05-13 14:30:00,1.35069,1.35098,1.35049,1.35055
2026-05-13 14:45:00,1.35054,1.35072,1.35015,1.35036
2026-05-13 15:00:00,1.35037,1.35103,1.35035,1.3505099999999999
2026-05-13 15:15:00,1.3505,1.3505099999999999,1.34937,1.34939
2026-05-13 15:30:00,1.34941,1.3498,1.34846,1.34934
2026-05-13 15:45:00,1.34933,1.34935,1.3486099999999999,1.34901
2026-05-13 16:00:00,1.3490199999999999,1.34999,1.3490199999999999,1.34952
2026-05-13 16:15:00,1.34951,1.34994,1.3492899999999999,1.34967
2026-05-13 16:30:00,1.34971,1.35132,1.34961,1.35123
2026-05-13 16:45:00,1.35122,1.35176,1.35076,1.3514
2026-05-13 17:00:00,1.3513899999999999,1.3520400000000001,1.3511199999999999,1.35186
2026-05-13 17:15:00,1.35187,1.3519,1.35119,1.3515
2026-05-13 17:30:00,1.35149,1.35176,1.35067,1.35067
2026-05-13 17:45:00,1.35066,1.35172,1.35047,1.35134
2026-05-13 18:00:00,1.35133,1.35194,1.35124,1.35128
2026-05-13 18:15:00,1.35129,1.3518,1.35129,1.35179
2026-05-13 18:30:00,1.35181,1.3529200000000001,1.35149,1.35262
2026-05-13 18:45:00,1.35263,1.3528,1.35176,1.3519
2026-05-13 19:00:00,1.35189,1.3525,1.35172,1.35218
2026-05-13 19:15:00,1.35219,1.35277,1.35186,1.35247
2026-05-13 19:30:00,1.3524,1.3526,1.35172,1.35174
2026-05-13 19:45:00,1.3517299999999999,1.35196,1.35121,1.3515
2026-05-13 20:00:00,1.35151,1.35191,1.3513600000000001,1.35168
2026-05-13 20:15:00,1.35167,1.3517700000000001,1.35148,1.35168
2026-05-13 20:30:00,1.35169,1.3517700000000001,1.35138,1.3514300000000001
2026-05-13 20:45:00,1.35142,1.35151,1.35108,1.35122
2026-05-13 21:00:00,1.35119,1.35171,1.35118,1.3515
2026-05-13 21:15:00,1.35151,1.35172,1.3514,1.35165
2026-05-13 21:30:00,1.35167,1.35193,1.35159,1.3518
2026-05-13 21:45:00,1.35179,1.35203,1.35115,1.35181
2026-05-13 22:00:00,1.35182,1.3521,1.35181,1.3520699999999999
2026-05-13 22:15:00,1.35208,1.35225,1.35193,1.35223
2026-05-13 22:30:00,1.35224,1.35243,1.3521,1.3522
2026-05-13 22:45:00,1.35221,1.3523399999999999,1.35203,1.35226
2026-05-13 23:00:00,1.35225,1.35246,1.35202,1.35242
2026-05-13 23:15:00,1.35241,1.35266,1.35241,1.35254
2026-05-13 23:30:00,1.35255,1.35257,1.35224,1.3524
2026-05-13 23:45:00,1.35239,1.35244,1.35199,1.35201
2026-05-14 00:00:00,1.3510499999999999,1.35225,1.3510499999999999,1.35223
2026-05-14 00:15:00,1.35225,1.35225,1.35152,1.35216
2026-05-14 00:30:00,1.35215,1.3522,1.35182,1.3521
2026-05-14 00:45:00,1.35205,1.35213,1.35184,1.35184
2026-05-14 01:00:00,1.35182,1.3529,1.35182,1.35289
2026-05-14 01:15:00,1.3529,1.35313,1.35283,1.353
2026-05-14 01:30:00,1.35301,1.35321,1.353,1.35315
2026-05-14 01:45:00,1.35314,1.35316,1.35272,1.35274
2026-05-14 02:00:00,1.35273,1.35294,1.35189,1.35289
2026-05-14 02:15:00,1.35288,1.3529200000000001,1.35279,1.35281
2026-05-14 02:30:00,1.3528,1.3528,1.3525800000000001,1.35269
2026-05-14 02:45:00,1.3526799999999999,1.35272,1.3525800000000001,1.35266
2026-05-14 03:00:00,1.35262,1.35298,1.35248,1.3529499999999999
2026-05-14 03:15:00,1.35296,1.3532600000000001,1.35279,1.35305
2026-05-14 03:30:00,1.35303,1.35321,1.35277,1.35288
2026-05-14 03:45:00,1.35287,1.35303,1.35279,1.3529499999999999
2026-05-14 04:00:00,1.35294,1.35306,1.3526099999999999,1.35276
2026-05-14 04:15:00,1.35275,1.35287,1.35262,1.35276
2026-05-14 04:30:00,1.35275,1.35311,1.3526799999999999,1.35278
2026-05-14 04:45:00,1.35277,1.3528,1.3520699999999999,1.35221
2026-05-14 05:00:00,1.3522,1.35259,1.35215,1.35237
2026-05-14 05:15:00,1.3523800000000001,1.3526099999999999,1.35218,1.35259
2026-05-14 05:30:00,1.3526,1.35264,1.35242,1.35251
2026-05-14 05:45:00,1.35252,1.35252,1.35227,1.3523399999999999
2026-05-14 06:00:00,1.35235,1.3525,1.35225,1.35246
2026-05-14 06:15:00,1.35243,1.35294,1.35242,1.3529200000000001
2026-05-14 06:30:00,1.35293,1.3529499999999999,1.35271,1.35281
2026-05-14 06:45:00,1.35282,1.35297,1.35263,1.3526500000000001
2026-05-14 07:00:00,1.35266,1.35315,1.3525,1.35294
2026-05-14 07:15:00,1.3529499999999999,1.35311,1.35281,1.35297
2026-05-14 07:30:00,1.35298,1.35305,1.35283,1.35296
2026-05-14 07:45:00,1.35298,1.3532600000000001,1.35276,1.35281
2026-05-14 08:00:00,1.3528,1.3529200000000001,1.35181,1.3519999999999999
2026-05-14 08:15:00,1.35201,1.35218,1.35169,1.35183
2026-05-14 08:30:00,1.35182,1.35191,1.35147,1.3516
2026-05-14 08:45:00,1.35159,1.35218,1.35152,1.35174
2026-05-14 09:00:00,1.35171,1.35259,1.35158,1.35187
2026-05-14 09:15:00,1.35186,1.35249,1.35178,1.35228
2026-05-14 09:30:00,1.35229,1.35249,1.35198,1.3523399999999999
2026-05-14 09:45:00,1.35236,1.35324,1.35236,1.35273
2026-05-14 10:00:00,1.35272,1.35272,1.35178,1.3519
2026-05-14 10:15:00,1.35191,1.35191,1.35124,1.35142
2026-05-14 10:30:00,1.3514300000000001,1.3520699999999999,1.35133,1.35168
2026-05-14 10:45:00,1.35169,1.35199,1.35047,1.35058
2026-05-14 11:00:00,1.35053,1.35129,1.35033,1.35119
2026-05-14 11:15:00,1.35118,1.35171,1.35118,1.35169
2026-05-14 11:30:00,1.3517000000000001,1.35205,1.35129,1.35161
2026-05-14 11:45:00,1.3516,1.35201,1.3514599999999999,1.35196
2026-05-14 12:00:00,1.3519700000000001,1.35206,1.35147,1.3519
2026-05-14 12:15:00,1.35188,1.3519700000000001,1.3516599999999999,1.35171
2026-05-14 12:30:00,1.3517000000000001,1.35192,1.35096,1.3517700000000001
2026-05-14 12:45:00,1.35178,1.35203,1.35102,1.35113
2026-05-14 13:00:00,1.35114,1.35206,1.35092,1.3514
2026-05-14 13:15:00,1.3513899999999999,1.35176,1.35102,1.35172
2026-05-14 13:30:00,1.35171,1.35189,1.35097,1.35121
2026-05-14 13:45:00,1.35122,1.35169,1.35103,1.3511600000000001
2026-05-14 14:00:00,1.35118,1.35164,1.35097,1.35158
2026-05-14 14:15:00,1.35157,1.35174,1.35095,1.35096
2026-05-14 14:30:00,1.35097,1.3513,1.35096,1.35128
2026-05-14 14:45:00,1.35129,1.3517000000000001,1.34954,1.34999
2026-05-14 15:00:00,1.35,1.35165,1.34966,1.3516
2026-05-14 15:15:00,1.35159,1.35181,1.35135,1.3513899999999999
2026-05-14 15:30:00,1.35122,1.35152,1.3506,1.35061
2026-05-14 15:45:00,1.3506,1.3511199999999999,1.35059,1.35076
2026-05-14 16:00:00,1.35077,1.35103,1.35046,1.35062
2026-05-14 16:15:00,1.35061,1.3507,1.3498999999999999,1.35035
2026-05-14 16:30:00,1.35037,1.35037,1.3489200000000001,1.34999
2026-05-14 16:45:00,1.35001,1.35067,1.34968,1.34998
2026-05-14 17:00:00,1.34999,1.35092,1.34969,1.35091
2026-05-14 17:15:00,1.3509,1.35127,1.35032,1.3509
2026-05-14 17:30:00,1.35091,1.35099,1.35032,1.35033
2026-05-14 17:45:00,1.35041,1.35054,1.3483100000000001,1.34839
2026-05-14 18:00:00,1.3483800000000001,1.34873,1.34757,1.34789
2026-05-14 18:15:00,1.3479,1.34815,1.34761,1.34802
2026-05-14 18:30:00,1.34801,1.34825,1.3473,1.34763
2026-05-14 18:45:00,1.34762,1.3479700000000001,1.34758,1.3477700000000001
2026-05-14 19:00:00,1.34775,1.34786,1.3459400000000001,1.3461
2026-05-14 19:15:00,1.34611,1.3461400000000001,1.34433,1.34467
2026-05-14 19:30:00,1.34466,1.3447200000000001,1.3432,1.34329
2026-05-14 19:45:00,1.3433,1.3443100000000001,1.34325,1.3443
2026-05-14 20:00:00,1.34432,1.34461,1.34333,1.34358
2026-05-14 20:15:00,1.34357,1.3436,1.34253,1.34264
2026-05-14 20:30:00,1.34263,1.34273,1.34189,1.342
2026-05-14 20:45:00,1.34201,1.34201,1.341,1.34103
2026-05-14 21:00:00,1.34104,1.34104,1.33984,1.34002
2026-05-14 21:15:00,1.34001,1.34054,1.33949,1.34042
2026-05-14 21:30:00,1.34044,1.3406500000000001,1.33998,1.34013
2026-05-14 21:45:00,1.34027,1.34058,1.34015,1.34055
2026-05-14 22:00:00,1.34056,1.34085,1.34055,1.3407499999999999
2026-05-14 22:15:00,1.34076,1.34078,1.34046,1.34046
2026-05-14 22:30:00,1.34049,1.3406500000000001,1.33962,1.3397999999999999
2026-05-14 22:45:00,1.33981,1.34006,1.33964,1.34
2026-05-14 23:00:00,1.33999,1.34027,1.3395299999999999,1.33962
2026-05-14 23:15:00,1.33963,1.33985,1.33954,1.33976
2026-05-14 23:30:00,1.33981,1.33997,1.3397299999999999,1.33984
2026-05-14 23:45:00,1.33985,1.34012,1.33962,1.33985
2026-05-15 00:00:00,1.3400699999999999,1.34013,1.33944,1.33989
2026-05-15 00:15:00,1.33991,1.34009,1.33957,1.34008
2026-05-15 00:30:00,1.34008,1.3403800000000001,1.33989,1.33994
2026-05-15 00:45:00,1.33997,1.34019,1.33965,1.34016
2026-05-15 01:00:00,1.34008,1.34032,1.33974,1.3397999999999999
2026-05-15 01:15:00,1.33979,1.33992,1.33978,1.33984
2026-05-15 01:30:00,1.33983,1.33994,1.33976,1.33992
2026-05-15 01:45:00,1.33993,1.33994,1.33982,1.33993
2026-05-15 02:00:00,1.33991,1.33993,1.3385500000000001,1.33875
2026-05-15 02:15:00,1.33874,1.33904,1.3384800000000001,1.33903
2026-05-15 02:30:00,1.33902,1.33989,1.33902,1.33984
2026-05-15 02:45:00,1.33985,1.33988,1.339,1.33907
2026-05-15 03:00:00,1.33906,1.33913,1.3385099999999999,1.33878
2026-05-15 03:15:00,1.3388,1.33922,1.33876,1.33883
2026-05-15 03:30:00,1.3388499999999999,1.33886,1.33745,1.33783
2026-05-15 03:45:00,1.33782,1.33815,1.33755,1.33803
2026-05-15 04:00:00,1.33804,1.3382100000000001,1.3378,1.33792
2026-05-15 04:15:00,1.33791,1.33791,1.33664,1.33669
2026-05-15 04:30:00,1.3366799999999999,1.3375,1.33643,1.33719
2026-05-15 04:45:00,1.3372,1.33724,1.3366500000000001,1.33667
2026-05-15 05:00:00,1.3366500000000001,1.33674,1.33637,1.33671
2026-05-15 05:15:00,1.33667,1.33721,1.33652,1.33691
2026-05-15 05:30:00,1.33692,1.33751,1.33673,1.33751
2026-05-15 05:45:00,1.3375,1.33806,1.3373300000000001,1.33754
2026-05-15 06:00:00,1.33753,1.33774,1.33746,1.33752
2026-05-15 06:15:00,1.33753,1.33771,1.33742,1.33764
2026-05-15 06:30:00,1.3376299999999999,1.33774,1.3372899999999999,1.33752
2026-05-15 06:45:00,1.33751,1.33765,1.3373599999999999,1.3376000000000001
2026-05-15 07:00:00,1.33756,1.33756,1.33713,1.3373300000000001
2026-05-15 07:15:00,1.33732,1.33744,1.33704,1.33704
2026-05-15 07:30:00,1.33705,1.33714,1.33666,1.33669
2026-05-15 07:45:00,1.3366799999999999,1.3368,1.33631,1.3363399999999999
2026-05-15 08:00:00,1.33636,1.33636,1.33517,1.3354300000000001
2026-05-15 08:15:00,1.33544,1.33581,1.33521,1.33579
2026-05-15 08:30:00,1.3357999999999999,1.33581,1.33521,1.3353
2026-05-15 08:45:00,1.33529,1.33529,1.33406,1.33425
2026-05-15 09:00:00,1.33413,1.3359,1.33396,1.33511
2026-05-15 09:15:00,1.3351600000000001,1.33518,1.33351,1.33369
2026-05-15 09:30:00,1.3336999999999999,1.33566,1.33349,1.33565
2026-05-15 09:45:00,1.33564,1.33593,1.33479,1.33507
2026-05-15 10:00:00,1.33506,1.33687,1.3345500000000001,1.3366500000000001
2026-05-15 10:15:00,1.33664,1.33755,1.33615,1.33716
2026-05-15 10:30:00,1.33718,1.33734,1.3364099999999999,1.33691
2026-05-15 10:45:00,1.33689,1.33696,1.33624,1.3364
2026-05-15 11:00:00,1.3364099999999999,1.33663,1.33545,1.33563
2026-05-15 11:15:00,1.33562,1.33563,1.33483,1.3349
2026-05-15 11:30:00,1.3348900000000001,1.33531,1.3345,1.33525
2026-05-15 11:45:00,1.33524,1.33532,1.33418,1.33456
2026-05-15 12:00:00,1.3345799999999999,1.3346,1.333,1.33317
2026-05-15 12:15:00,1.33316,1.33398,1.3328,1.33396
2026-05-15 12:30:00,1.33395,1.3342399999999999,1.33359,1.33393
2026-05-15 12:45:00,1.33392,1.3351600000000001,1.33374,1.33479
2026-05-15 13:00:00,1.33481,1.33649,1.33481,1.33632
2026-05-15 13:15:00,1.33631,1.33686,1.3357,1.33636
2026-05-15 13:30:00,1.3363399999999999,1.33746,1.33628,1.33745
2026-05-15 13:45:00,1.33744,1.33934,1.3374,1.33822
2026-05-15 14:00:00,1.3382,1.33841,1.33738,1.33784
2026-05-15 14:15:00,1.33785,1.33829,1.33722,1.3373
2026-05-15 14:30:00,1.33731,1.33734,1.33623,1.33628
2026-05-15 14:45:00,1.33627,1.3366799999999999,1.33587,1.33597
2026-05-15 15:00:00,1.33594,1.33608,1.33534,1.3354300000000001
2026-05-15 15:15:00,1.33542,1.33625,1.33534,1.3354599999999999
2026-05-15 15:30:00,1.33547,1.33547,1.33406,1.3342100000000001
2026-05-15 15:45:00,1.3342,1.3357700000000001,1.33404,1.33534
2026-05-15 16:00:00,1.33538,1.33594,1.33481,1.33578
2026-05-15 16:15:00,1.33576,1.33632,1.3354300000000001,1.3357299999999999
2026-05-15 16:30:00,1.33572,1.33587,1.33403,1.33404
2026-05-15 16:45:00,1.33405,1.33456,1.33373,1.33408
2026-05-15 17:00:00,1.33409,1.33496,1.33352,1.33484
2026-05-15 17:15:00,1.3348499999999999,1.33624,1.33473,1.33499
2026-05-15 17:30:00,1.335,1.33545,1.33452,1.33462
2026-05-15 17:45:00,1.33463,1.33513,1.33412,1.33441
2026-05-15 18:00:00,1.33444,1.3346,1.3335,1.33384
2026-05-15 18:15:00,1.33383,1.334,1.33178,1.3321399999999999
2026-05-15 18:30:00,1.33218,1.33244,1.33162,1.33181
2026-05-15 18:45:00,1.3317999999999999,1.33305,1.33172,1.33305
2026-05-15 19:00:00,1.33315,1.33319,1.33205,1.33234
2026-05-15 19:15:00,1.33233,1.33266,1.33203,1.33235
2026-05-15 19:30:00,1.33234,1.33344,1.33223,1.33341
2026-05-15 19:45:00,1.33342,1.33355,1.33274,1.3330600000000001
2026-05-15 20:00:00,1.33305,1.33364,1.33247,1.3336299999999999
2026-05-15 20:15:00,1.33362,1.33384,1.33319,1.33323
2026-05-15 20:30:00,1.33319,1.33374,1.33301,1.33303
2026-05-15 20:45:00,1.33304,1.33332,1.33273,1.33282
2026-05-15 21:00:00,1.33283,1.3329900000000001,1.33249,1.33271
2026-05-15 21:15:00,1.3327,1.3327,1.33202,1.33232
2026-05-15 21:30:00,1.33233,1.33236,1.33178,1.33225
2026-05-15 21:45:00,1.33226,1.33259,1.33193,1.33218
2026-05-15 22:00:00,1.33224,1.3323,1.33197,1.33213
2026-05-15 22:15:00,1.33212,1.33247,1.33202,1.33226
2026-05-15 22:30:00,1.33227,1.33247,1.33191,1.33196
2026-05-15 22:45:00,1.33197,1.33226,1.33161,1.33185
2026-05-15 23:00:00,1.33186,1.3318699999999999,1.33152,1.33158
2026-05-15 23:15:00,1.3316,1.33173,1.33152,1.33154
2026-05-15 23:30:00,1.33155,1.33195,1.33155,1.33186
2026-05-15 23:45:00,1.3318699999999999,1.3326,1.33166,1.3320400000000001
2026-05-18 00:00:00,1.33144,1.33196,1.33144,1.33196
2026-05-18 00:15:00,1.33192,1.33212,1.33182,1.33182
2026-05-18 00:30:00,1.3317999999999999,1.33194,1.3317700000000001,1.33189
2026-05-18 00:45:00,1.3319,1.33198,1.33172,1.33173
2026-05-18 01:00:00,1.3317999999999999,1.33225,1.33173,1.33196
2026-05-18 01:15:00,1.33197,1.33205,1.33128,1.3314300000000001
2026-05-18 01:30:00,1.33142,1.33163,1.33104,1.3314599999999999
2026-05-18 01:45:00,1.33147,1.33174,1.33142,1.33163
2026-05-18 02:00:00,1.33162,1.33209,1.33155,1.33194
2026-05-18 02:15:00,1.33192,1.3321399999999999,1.33154,1.33154
2026-05-18 02:30:00,1.33155,1.33156,1.33075,1.33115
2026-05-18 02:45:00,1.3311600000000001,1.3312300000000001,1.33081,1.33094
2026-05-18 03:00:00,1.33095,1.3318699999999999,1.33088,1.33118
2026-05-18 03:15:00,1.3311899999999999,1.33151,1.33093,1.33094
2026-05-18 03:30:00,1.33095,1.33125,1.3305500000000001,1.33061
2026-05-18 03:45:00,1.3306,1.3309199999999999,1.33047,1.33087
2026-05-18 04:00:00,1.33086,1.33101,1.3303099999999999,1.33052
2026-05-18 04:15:00,1.33051,1.33077,1.33023,1.33067
2026-05-18 04:30:00,1.33066,1.33105,1.33057,1.33073
2026-05-18 04:45:00,1.33074,1.33136,1.33053,1.33115
2026-05-18 05:00:00,1.33114,1.3312599999999999,1.33067,1.33124
2026-05-18 05:15:00,1.3312300000000001,1.33136,1.33103,1.33131
2026-05-18 05:30:00,1.3313,1.33164,1.33103,1.3311899999999999
2026-05-18 05:45:00,1.33118,1.33118,1.33053,1.33084
2026-05-18 06:00:00,1.33083,1.33106,1.33072,1.33093
2026-05-18 06:15:00,1.33095,1.33137,1.3308900000000001,1.3313
2026-05-18 06:30:00,1.33131,1.33145,1.33093,1.33144
2026-05-18 06:45:00,1.3314300000000001,1.3315299999999999,1.3311899999999999,1.3313
2026-05-18 07:00:00,1.33131,1.33194,1.3312599999999999,1.33183
2026-05-18 07:15:00,1.33182,1.33193,1.33122,1.33129
2026-05-18 07:30:00,1.33128,1.33172,1.33121,1.33163
2026-05-18 07:45:00,1.33164,1.33174,1.3313,1.33155
2026-05-18 08:00:00,1.33156,1.33185,1.33131,1.33179
2026-05-18 08:15:00,1.33176,1.33223,1.33149,1.33215
2026-05-18 08:30:00,1.33216,1.33254,1.33205,1.33234
2026-05-18 08:45:00,1.33233,1.33246,1.3321399999999999,1.33231
2026-05-18 09:00:00,1.33228,1.33356,1.33215,1.33356
2026-05-18 09:15:00,1.33355,1.33469,1.33354,1.33443
2026-05-18 09:30:00,1.33444,1.33513,1.33423,1.3348499999999999
2026-05-18 09:45:00,1.33484,1.3358400000000001,1.33463,1.33557
2026-05-18 10:00:00,1.33559,1.33563,1.33476,1.3349199999999999
2026-05-18 10:15:00,1.33491,1.33535,1.33429,1.33514
2026-05-18 10:30:00,1.33515,1.33583,1.33511,1.33537
2026-05-18 10:45:00,1.33536,1.3357700000000001,1.33491,1.33525
2026-05-18 11:00:00,1.33524,1.33569,1.33501,1.3354300000000001
2026-05-18 11:15:00,1.33542,1.33662,1.33525,1.33662
2026-05-18 11:30:00,1.33664,1.3382399999999999,1.33661,1.33714
2026-05-18 11:45:00,1.33719,1.33843,1.33717,1.33771
2026-05-18 12:00:00,1.3377,1.33781,1.33692,1.33703
2026-05-18 12:15:00,1.3370199999999999,1.33742,1.3366799999999999,1.33686
2026-05-18 12:30:00,1.33685,1.33693,1.33651,1.33651
2026-05-18 12:45:00,1.33649,1.33664,1.33605,1.33622
2026-05-18 13:00:00,1.33621,1.33674,1.33571,1.3361100000000001
2026-05-18 13:15:00,1.33612,1.33621,1.33585,1.3362
2026-05-18 13:30:00,1.33619,1.33628,1.33549,1.33572
2026-05-18 13:45:00,1.33571,1.3357299999999999,1.33464,1.33472
2026-05-18 14:00:00,1.33471,1.33565,1.3347,1.33552
2026-05-18 14:15:00,1.33551,1.33585,1.3354,1.3355000000000001
2026-05-18 14:30:00,1.33549,1.33814,1.33548,1.33801
2026-05-18 14:45:00,1.33802,1.33814,1.33721,1.33762
2026-05-18 15:00:00,1.3376299999999999,1.33864,1.33751,1.3383099999999999
2026-05-18 15:15:00,1.3383,1.33893,1.33796,1.33875
2026-05-18 15:30:00,1.33876,1.33984,1.3386,1.33982
2026-05-18 15:45:00,1.33981,1.3403,1.33888,1.33952
2026-05-18 16:00:00,1.3395299999999999,1.33997,1.33899,1.33913
2026-05-18 16:15:00,1.33914,1.33923,1.33862,1.33906
2026-05-18 16:30:00,1.33905,1.3390900000000001,1.338,1.3384
2026-05-18 16:45:00,1.33839,1.34016,1.33834,1.33911
2026-05-18 17:00:00,1.3391199999999999,1.3394599999999999,1.33822,1.3385099999999999
2026-05-18 17:15:00,1.3385,1.34002,1.33812,1.33974
2026-05-18 17:30:00,1.3397700000000001,1.33985,1.33873,1.33921
2026-05-18 17:45:00,1.33923,1.34001,1.33901,1.33939
2026-05-18 18:00:00,1.33938,1.33944,1.33819,1.33923
2026-05-18 18:15:00,1.33924,1.33975,1.33888,1.3394300000000001
2026-05-18 18:30:00,1.33942,1.34096,1.33921,1.34043
2026-05-18 18:45:00,1.34044,1.34275,1.34033,1.34182
2026-05-18 19:00:00,1.34184,1.34461,1.34151,1.34445
2026-05-18 19:15:00,1.34444,1.34496,1.34238,1.34245
2026-05-18 19:30:00,1.34246,1.34323,1.34214,1.34283
2026-05-18 19:45:00,1.3428200000000001,1.3434599999999999,1.34271,1.34293
2026-05-18 20:00:00,1.34294,1.34347,1.34273,1.34284
2026-05-18 20:15:00,1.34283,1.34338,1.34281,1.34308
2026-05-18 20:30:00,1.34307,1.34315,1.34273,1.3428200000000001
2026-05-18 20:45:00,1.34281,1.34293,1.3422,1.3422100000000001
2026-05-18 21:00:00,1.34222,1.34231,1.34152,1.34175
2026-05-18 21:15:00,1.34176,1.34186,1.34066,1.34134
2026-05-18 21:30:00,1.34135,1.34149,1.3407200000000001,1.34108
2026-05-18 21:45:00,1.34106,1.34111,1.3401399999999999,1.34021
2026-05-18 22:00:00,1.34022,1.34341,1.3400400000000001,1.34207
2026-05-18 22:15:00,1.34208,1.34264,1.34189,1.34223
2026-05-18 22:30:00,1.34225,1.3428499999999999,1.34218,1.3428200000000001
2026-05-18 22:45:00,1.34281,1.3434599999999999,1.3427799999999999,1.34299
2026-05-18 23:00:00,1.343,1.34374,1.34295,1.34371
2026-05-18 23:15:00,1.3437299999999999,1.34392,1.34358,1.3437299999999999
2026-05-18 23:30:00,1.34374,1.3437999999999999,1.34325,1.34371
2026-05-18 23:45:00,1.34372,1.34375,1.34293,1.34295
2026-05-19 00:00:00,1.34205,1.34323,1.34205,1.3427
2026-05-19 00:15:00,1.34272,1.3428,1.34254,1.34269
2026-05-19 00:30:00,1.34266,1.34317,1.3424,1.34302
2026-05-19 00:45:00,1.34298,1.34329,1.3424,1.34249
2026-05-19 01:00:00,1.34249,1.34372,1.34238,1.34336
2026-05-19 01:15:00,1.34335,1.34364,1.34335,1.34359
2026-05-19 01:30:00,1.3436,1.34374,1.34353,1.34353
2026-05-19 01:45:00,1.34352,1.34354,1.3434300000000001,1.3434300000000001
2026-05-19 02:00:00,1.34344,1.34353,1.34334,1.34336
2026-05-19 02:15:00,1.34337,1.34354,1.34331,1.34352
2026-05-19 02:30:00,1.34351,1.34367,1.34341,1.34364
2026-05-19 02:45:00,1.34363,1.34364,1.34311,1.34313
2026-05-19 03:00:00,1.34314,1.34344,1.34267,1.3428
2026-05-19 03:15:00,1.34281,1.34324,1.3425,1.34287
2026-05-19 03:30:00,1.34288,1.34305,1.3422100000000001,1.34234
2026-05-19 03:45:00,1.34235,1.34243,1.34188,1.34193
2026-05-19 04:00:00,1.34192,1.34203,1.3417,1.34182
2026-05-19 04:15:00,1.34183,1.34204,1.34164,1.34191
2026-05-19 04:30:00,1.3418999999999999,1.3425099999999999,1.34131,1.34242
2026-05-19 04:45:00,1.34243,1.34245,1.34168,1.34171
2026-05-19 05:00:00,1.3417,1.34171,1.34089,1.34111
2026-05-19 05:15:00,1.34112,1.34183,1.34091,1.3416000000000001
2026-05-19 05:30:00,1.34159,1.34178,1.34142,1.34175
2026-05-19 05:45:00,1.34176,1.34182,1.3412600000000001,1.3416000000000001
2026-05-19 06:00:00,1.34161,1.34164,1.3412600000000001,1.34154
2026-05-19 06:15:00,1.34155,1.34192,1.34147,1.34171
2026-05-19 06:30:00,1.3417,1.34193,1.34161,1.34167
2026-05-19 06:45:00,1.34166,1.34166,1.34131,1.3413300000000001
2026-05-19 07:00:00,1.34134,1.34152,1.34118,1.3414
2026-05-19 07:15:00,1.34141,1.3415300000000001,1.3411,1.34122
2026-05-19 07:30:00,1.34123,1.34154,1.34098,1.34101
2026-05-19 07:45:00,1.3410199999999999,1.3411,1.34058,1.34061
2026-05-19 08:00:00,1.34062,1.3409900000000001,1.3404099999999999,1.34083
2026-05-19 08:15:00,1.34082,1.34082,1.34,1.34039
2026-05-19 08:30:00,1.3403800000000001,1.34112,1.34019,1.34093
2026-05-19 08:45:00,1.3409200000000001,1.34178,1.34077,1.34173
2026-05-19 09:00:00,1.34172,1.34172,1.34052,1.3407200000000001
2026-05-19 09:15:00,1.34073,1.34165,1.3407,1.3413
2026-05-19 09:30:00,1.34127,1.3413300000000001,1.34049,1.34071
2026-05-19 09:45:00,1.3407,1.34071,1.33971,1.33997
2026-05-19 10:00:00,1.3399,1.3399,1.33899,1.3395299999999999
2026-05-19 10:15:00,1.33954,1.33992,1.3393,1.33964
2026-05-19 10:30:00,1.33965,1.34008,1.3394300000000001,1.33975
2026-05-19 10:45:00,1.33974,1.3406500000000001,1.33974,1.3402
2026-05-19 11:00:00,1.34021,1.34023,1.3391,1.33924
2026-05-19 11:15:00,1.33925,1.3397999999999999,1.33923,1.33956
2026-05-19 11:30:00,1.33957,1.34017,1.33933,1.33944
2026-05-19 11:45:00,1.33945,1.33956,1.33891,1.33925
2026-05-19 12:00:00,1.33926,1.33972,1.33884,1.33901
2026-05-19 12:15:00,1.33897,1.33974,1.33871,1.33965
2026-05-19 12:30:00,1.33964,1.3403800000000001,1.33923,1.34013
2026-05-19 12:45:00,1.34012,1.34079,1.33988,1.34073
2026-05-19 13:00:00,1.34069,1.3409499999999999,1.34037,1.34091
2026-05-19 13:15:00,1.3409200000000001,1.34157,1.3408,1.34112
2026-05-19 13:30:00,1.34113,1.34125,1.33933,1.33942
2026-05-19 13:45:00,1.3394300000000001,1.34093,1.33937,1.3407200000000001
2026-05-19 14:00:00,1.34074,1.34083,1.34033,1.34052
2026-05-19 14:15:00,1.34051,1.3409499999999999,1.34024,1.34054
2026-05-19 14:30:00,1.34053,1.34085,1.3404,1.34071
2026-05-19 14:45:00,1.3407200000000001,1.3409499999999999,1.3403100000000001,1.34032
2026-05-19 15:00:00,1.34028,1.3412600000000001,1.34023,1.3412
2026-05-19 15:15:00,1.34119,1.34195,1.3409200000000001,1.34171
2026-05-19 15:30:00,1.34165,1.34192,1.34101,1.34121
2026-05-19 15:45:00,1.34122,1.34151,1.34035,1.34074
2026-05-19 16:00:00,1.3406799999999999,1.34074,1.33961,1.33974
2026-05-19 16:15:00,1.3397299999999999,1.33983,1.3388,1.33903
2026-05-19 16:30:00,1.33904,1.33967,1.33861,1.33958
2026-05-19 16:45:00,1.33959,1.3405,1.33928,1.34019
2026-05-19 17:00:00,1.3402,1.34025,1.33884,1.3388499999999999
2026-05-19 17:15:00,1.33886,1.33897,1.33784,1.33865
2026-05-19 17:30:00,1.33864,1.33895,1.33805,1.3384
2026-05-19 17:45:00,1.33839,1.3394599999999999,1.33807,1.33926
2026-05-19 18:00:00,1.33927,1.33968,1.3389,1.33927
2026-05-19 18:15:00,1.3393,1.33965,1.33897,1.33942
2026-05-19 18:30:00,1.3394300000000001,1.34013,1.3391899999999999,1.33952
2026-05-19 18:45:00,1.33951,1.34006,1.3394300000000001,1.33987
2026-05-19 19:00:00,1.3399,1.33995,1.33891,1.33905
2026-05-19 19:15:00,1.33906,1.33987,1.3388,1.33975
2026-05-19 19:30:00,1.33974,1.34024,1.33964,1.34013
2026-05-19 19:45:00,1.34012,1.34013,1.33962,1.33992
2026-05-19 20:00:00,1.33993,1.34121,1.33993,1.34112
2026-05-19 20:15:00,1.34111,1.34116,1.34073,1.34091
2026-05-19 20:30:00,1.3409200000000001,1.34103,1.3403800000000001,1.34076
2026-05-19 20:45:00,1.34077,1.34113,1.34066,1.34085
2026-05-19 21:00:00,1.34086,1.34116,1.34076,1.34096
2026-05-19 21:15:00,1.3409499999999999,1.3409900000000001,1.34023,1.34026
2026-05-19 21:30:00,1.34025,1.34058,1.33995,1.34055
2026-05-19 21:45:00,1.34054,1.34054,1.33969,1.33972
2026-05-19 22:00:00,1.33966,1.3403399999999999,1.33965,1.34027
2026-05-19 22:15:00,1.34026,1.3403399999999999,1.33981,1.34002
2026-05-19 22:30:00,1.34001,1.34037,1.33985,1.34035
2026-05-19 22:45:00,1.3403399999999999,1.34039,1.33991,1.34002
2026-05-19 23:00:00,1.34001,1.34002,1.33972,1.33988
2026-05-19 23:15:00,1.33987,1.33991,1.33978,1.33987
2026-05-19 23:30:00,1.33986,1.3403,1.33986,1.3401
2026-05-19 23:45:00,1.34002,1.34003,1.33905,1.3391
2026-05-20 00:00:00,1.33917,1.33975,1.33913,1.33954
2026-05-20 00:15:00,1.33952,1.3396,1.33951,1.33951
2026-05-20 00:30:00,1.33957,1.33975,1.3394300000000001,1.33954
2026-05-20 00:45:00,1.3394599999999999,1.33985,1.3391899999999999,1.3397299999999999
2026-05-20 01:00:00,1.3396,1.33988,1.33948,1.33972
2026-05-20 01:15:00,1.33971,1.33975,1.33962,1.33963
2026-05-20 01:30:00,1.33965,1.33983,1.3395299999999999,1.33954
2026-05-20 01:45:00,1.3395299999999999,1.3397700000000001,1.3395299999999999,1.33975
2026-05-20 02:00:00,1.33974,1.33994,1.33966,1.33992
2026-05-20 02:15:00,1.33991,1.34008,1.33991,1.34003
2026-05-20 02:30:00,1.34005,1.34042,1.34001,1.34015
2026-05-20 02:45:00,1.3401399999999999,1.34015,1.33954,1.33955
2026-05-20 03:00:00,1.33947,1.3395299999999999,1.33888,1.33914
2026-05-20 03:15:00,1.33915,1.34013,1.33899,1.33982
2026-05-20 03:30:00,1.33985,1.34018,1.33935,1.33944
2026-05-20 03:45:00,1.3394300000000001,1.33974,1.33872,1.33891
2026-05-20 04:00:00,1.33888,1.33913,1.33852,1.33863
2026-05-20 04:15:00,1.33861,1.33888,1.33801,1.33805
2026-05-20 04:30:00,1.33804,1.3384800000000001,1.3378,1.3381
2026-05-20 04:45:00,1.33811,1.3392,1.338,1.33866
2026-05-20 05:00:00,1.33872,1.33908,1.33863,1.33897
2026-05-20 05:15:00,1.33898,1.33964,1.33873,1.3390900000000001
2026-05-20 05:30:00,1.33907,1.33917,1.33834,1.33896
2026-05-20 05:45:00,1.33894,1.33925,1.3389199999999999,1.33906
2026-05-20 06:00:00,1.33905,1.33908,1.33875,1.33896
2026-05-20 06:15:00,1.33899,1.33978,1.33894,1.3397000000000001
2026-05-20 06:30:00,1.33971,1.34032,1.33957,1.34015
2026-05-20 06:45:00,1.34016,1.34024,1.33992,1.33994
2026-05-20 07:00:00,1.33996,1.34064,1.33995,1.3403399999999999
2026-05-20 07:15:00,1.34035,1.34035,1.33981,1.33983
2026-05-20 07:30:00,1.33985,1.33988,1.3391,1.33938
2026-05-20 07:45:00,1.33937,1.33942,1.33895,1.33905
2026-05-20 08:00:00,1.33904,1.33978,1.33902,1.33942
2026-05-20 08:15:00,1.33941,1.3397000000000001,1.33908,1.33913
2026-05-20 08:30:00,1.33915,1.33966,1.33904,1.33915
2026-05-20 08:45:00,1.33914,1.33947,1.3388,1.3391199999999999
2026-05-20 09:00:00,1.33935,1.33935,1.3376299999999999,1.33895
2026-05-20 09:15:00,1.33896,1.3406799999999999,1.33896,1.34002
2026-05-20 09:30:00,1.34001,1.34006,1.33861,1.33883
2026-05-20 09:45:00,1.33884,1.33886,1.33822,1.33864
2026-05-20 10:00:00,1.33865,1.33955,1.3382399999999999,1.33907
2026-05-20 10:15:00,1.33906,1.33979,1.33865,1.33964
2026-05-20 10:30:00,1.33963,1.33963,1.33888,1.33894
2026-05-20 10:45:00,1.33893,1.33924,1.33852,1.33857
2026-05-20 11:00:00,1.3385500000000001,1.33928,1.33803,1.33813
2026-05-20 11:15:00,1.33812,1.33852,1.3375,1.3383099999999999
2026-05-20 11:30:00,1.33834,1.33891,1.338,1.3388
2026-05-20 11:45:00,1.33881,1.33891,1.33818,1.33819
2026-05-20 12:00:00,1.3382,1.33926,1.33817,1.33901
2026-05-20 12:15:00,1.339,1.33917,1.33826,1.33835
2026-05-20 12:30:00,1.33834,1.33881,1.3382800000000001,1.33857
2026-05-20 12:45:00,1.3385799999999999,1.33878,1.33804,1.33825
2026-05-20 13:00:00,1.3382399999999999,1.33899,1.33811,1.33888
2026-05-20 13:15:00,1.33887,1.33931,1.33874,1.33887
2026-05-20 13:30:00,1.33888,1.33988,1.3388200000000001,1.33963
2026-05-20 13:45:00,1.33964,1.33986,1.33944,1.33967
2026-05-20 14:00:00,1.33968,1.33997,1.33941,1.3397700000000001
2026-05-20 14:15:00,1.33976,1.34025,1.3396,1.34023
2026-05-20 14:30:00,1.34024,1.34079,1.33999,1.34013
2026-05-20 14:45:00,1.34012,1.34044,1.3395000000000001,1.33997
2026-05-20 15:00:00,1.33996,1.34061,1.33995,1.34047
2026-05-20 15:15:00,1.34042,1.34056,1.33981,1.34012
2026-05-20 15:30:00,1.34013,1.34056,1.3399,1.34006
2026-05-20 15:45:00,1.3400699999999999,1.3404,1.3396,1.33975
2026-05-20 16:00:00,1.33974,1.34005,1.3394300000000001,1.33974
2026-05-20 16:15:00,1.3397299999999999,1.3397999999999999,1.33922,1.33937
2026-05-20 16:30:00,1.33936,1.3400400000000001,1.3391199999999999,1.33978
2026-05-20 16:45:00,1.33979,1.34062,1.3391,1.33928
2026-05-20 17:00:00,1.33933,1.33941,1.33832,1.33896
2026-05-20 17:15:00,1.33902,1.34308,1.33902,1.34181
2026-05-20 17:30:00,1.3418,1.34332,1.34166,1.34243
2026-05-20 17:45:00,1.34244,1.3440699999999999,1.34225,1.34326
2026-05-20 18:00:00,1.34327,1.34396,1.34211,1.34252
2026-05-20 18:15:00,1.3425099999999999,1.34634,1.34249,1.34463
2026-05-20 18:30:00,1.3446500000000001,1.34575,1.34454,1.34504
2026-05-20 18:45:00,1.34505,1.3453300000000001,1.34376,1.34409
2026-05-20 19:00:00,1.34405,1.34539,1.3440400000000001,1.3449499999999999
2026-05-20 19:15:00,1.34494,1.34498,1.34371,1.34397
2026-05-20 19:30:00,1.34398,1.34455,1.3435000000000001,1.34455
2026-05-20 19:45:00,1.34454,1.34482,1.34383,1.34416
2026-05-20 20:00:00,1.34417,1.34456,1.34388,1.34443
2026-05-20 20:15:00,1.34442,1.34461,1.34392,1.3443
2026-05-20 20:30:00,1.34429,1.34463,1.34382,1.34385
2026-05-20 20:45:00,1.34386,1.34418,1.34352,1.34354
2026-05-20 21:00:00,1.34356,1.34394,1.34324,1.34388
2026-05-20 21:15:00,1.34387,1.34432,1.34365,1.34419
2026-05-20 21:30:00,1.3442,1.34476,1.34397,1.34397
2026-05-20 21:45:00,1.34401,1.3449200000000001,1.34395,1.34424
2026-05-20 22:00:00,1.3442,1.34466,1.34408,1.34432
2026-05-20 22:15:00,1.34433,1.3446500000000001,1.34432,1.34457
2026-05-20 22:30:00,1.34458,1.34508,1.34426,1.34432
2026-05-20 22:45:00,1.34433,1.34452,1.34371,1.34376
2026-05-20 23:00:00,1.34374,1.3439999999999999,1.3437000000000001,1.34393
2026-05-20 23:15:00,1.34394,1.3440699999999999,1.3437000000000001,1.34381
2026-05-20 23:30:00,1.3437999999999999,1.34386,1.34355,1.34356
2026-05-20 23:45:00,1.34358,1.34375,1.34302,1.34307
2026-05-21 00:00:00,1.34313,1.34356,1.34313,1.34329
2026-05-21 00:15:00,1.34332,1.34365,1.34314,1.34359
2026-05-21 00:30:00,1.34354,1.34367,1.34328,1.34344
2026-05-21 00:45:00,1.3434300000000001,1.34354,1.3434300000000001,1.34353
2026-05-21 01:00:00,1.34342,1.34381,1.34334,1.34374
2026-05-21 01:15:00,1.34375,1.34382,1.34353,1.34359
2026-05-21 01:30:00,1.3436,1.34374,1.34354,1.34365
2026-05-21 01:45:00,1.34364,1.34372,1.3436,1.34362
2026-05-21 02:00:00,1.34363,1.34384,1.34362,1.3437299999999999
2026-05-21 02:15:00,1.34372,1.3437299999999999,1.34333,1.34342
2026-05-21 02:30:00,1.3434300000000001,1.34344,1.34322,1.34325
2026-05-21 02:45:00,1.34323,1.34371,1.34323,1.3434
2026-05-21 03:00:00,1.34341,1.3434300000000001,1.34306,1.34328
2026-05-21 03:15:00,1.34329,1.34344,1.34283,1.34325
2026-05-21 03:30:00,1.34324,1.34362,1.34305,1.34352
2026-05-21 03:45:00,1.34353,1.34395,1.34353,1.34372
2026-05-21 04:00:00,1.3437299999999999,1.34442,1.34372,1.34423
2026-05-21 04:15:00,1.34425,1.34455,1.34421,1.34427
2026-05-21 04:30:00,1.34426,1.34453,1.34383,1.34405
2026-05-21 04:45:00,1.3440400000000001,1.3441,1.3431,1.3434300000000001
2026-05-21 05:00:00,1.34342,1.34374,1.34331,1.34331
2026-05-21 05:15:00,1.34332,1.34341,1.34254,1.34259
2026-05-21 05:30:00,1.3426,1.34283,1.34211,1.34234
2026-05-21 05:45:00,1.34233,1.34272,1.34191,1.34254
2026-05-21 06:00:00,1.3425500000000001,1.34295,1.34254,1.34271
2026-05-21 06:15:00,1.3427,1.34313,1.3426,1.3429
2026-05-21 06:30:00,1.34291,1.34303,1.3427,1.34295
2026-05-21 06:45:00,1.34296,1.34305,1.34263,1.34269
2026-05-21 07:00:00,1.34268,1.34295,1.3425799999999999,1.34283
2026-05-21 07:15:00,1.34284,1.34284,1.34256,1.34284
2026-05-21 07:30:00,1.34283,1.343,1.34273,1.34298
2026-05-21 07:45:00,1.34297,1.34331,1.34286,1.34313
2026-05-21 08:00:00,1.34314,1.3433,1.3430900000000001,1.34321
2026-05-21 08:15:00,1.34322,1.34325,1.34275,1.34288
2026-05-21 08:30:00,1.34289,1.3431899999999999,1.3427799999999999,1.34308
2026-05-21 08:45:00,1.3430900000000001,1.34335,1.34262,1.34329
2026-05-21 09:00:00,1.34323,1.34382,1.34323,1.3437700000000001
2026-05-21 09:15:00,1.34376,1.34396,1.34311,1.34363
2026-05-21 09:30:00,1.34362,1.34372,1.34275,1.34303
2026-05-21 09:45:00,1.343,1.34354,1.34291,1.3434300000000001
2026-05-21 10:00:00,1.34342,1.34394,1.3433899999999999,1.34361
2026-05-21 10:15:00,1.3436,1.3436,1.34155,1.34174
2026-05-21 10:30:00,1.3418,1.34244,1.34158,1.34243
2026-05-21 10:45:00,1.34242,1.34327,1.34239,1.34296
2026-05-21 11:00:00,1.34294,1.34482,1.34276,1.34458
2026-05-21 11:15:00,1.34459,1.34548,1.34384,1.34485
2026-05-21 11:30:00,1.34497,1.34497,1.34304,1.3431199999999999
2026-05-21 11:45:00,1.34313,1.34395,1.34294,1.34353
2026-05-21 12:00:00,1.34352,1.34432,1.34325,1.34422
2026-05-21 12:15:00,1.34421,1.34464,1.3441,1.34447
2026-05-21 12:30:00,1.34446,1.34463,1.3439,1.34395
2026-05-21 12:45:00,1.34396,1.34422,1.34371,1.3442
2026-05-21 13:00:00,1.34419,1.34458,1.3440699999999999,1.34423
2026-05-21 13:15:00,1.34422,1.3443100000000001,1.34242,1.34277
2026-05-21 13:30:00,1.3427799999999999,1.34281,1.34151,1.34242
2026-05-21 13:45:00,1.34241,1.3428499999999999,1.34192,1.34243
2026-05-21 14:00:00,1.3424,1.34335,1.34236,1.34318
2026-05-21 14:15:00,1.34317,1.34391,1.3430900000000001,1.34371
2026-05-21 14:30:00,1.3437000000000001,1.34391,1.3431899999999999,1.3433
2026-05-21 14:45:00,1.34329,1.34347,1.3418700000000001,1.34216
2026-05-21 15:00:00,1.34215,1.34239,1.34131,1.3416000000000001
2026-05-21 15:15:00,1.34161,1.34172,1.34118,1.34137
2026-05-21 15:30:00,1.3413599999999999,1.3426,1.34134,1.3425500000000001
2026-05-21 15:45:00,1.34254,1.34298,1.34131,1.34138
2026-05-21 16:00:00,1.34137,1.34208,1.34057,1.34073
2026-05-21 16:15:00,1.3407200000000001,1.3411,1.34013,1.3407499999999999
2026-05-21 16:30:00,1.34078,1.34087,1.33922,1.33932
2026-05-21 16:45:00,1.3393,1.34164,1.33927,1.34061
2026-05-21 17:00:00,1.34063,1.34104,1.33962,1.3403399999999999
2026-05-21 17:15:00,1.34032,1.34053,1.33979,1.34049
2026-05-21 17:30:00,1.3405,1.34105,1.33994,1.3404099999999999
2026-05-21 17:45:00,1.34043,1.3413,1.34022,1.34112
2026-05-21 18:00:00,1.34113,1.34121,1.33955,1.34048
2026-05-21 18:15:00,1.34049,1.34073,1.34009,1.3404099999999999
2026-05-21 18:30:00,1.3404,1.34057,1.3399,1.3400400000000001
2026-05-21 18:45:00,1.34005,1.34066,1.3399,1.34052
2026-05-21 19:00:00,1.34053,1.34104,1.3401,1.34054
2026-05-21 19:15:00,1.34052,1.34067,1.3401,1.34061
2026-05-21 19:30:00,1.3406,1.34093,1.34036,1.3409
2026-05-21 19:45:00,1.34091,1.3409200000000001,1.34039,1.34081
2026-05-21 20:00:00,1.34082,1.342,1.34054,1.34189
2026-05-21 20:15:00,1.3418999999999999,1.34379,1.3418999999999999,1.34355
2026-05-21 20:30:00,1.34353,1.3443100000000001,1.34305,1.3443100000000001
2026-05-21 20:45:00,1.34432,1.34491,1.34389,1.3443
2026-05-21 21:00:00,1.34429,1.3448,1.34351,1.34421
2026-05-21 21:15:00,1.34422,1.34482,1.34396,1.34461
2026-05-21 21:30:00,1.34462,1.34479,1.3443,1.34447
2026-05-21 21:45:00,1.34448,1.34455,1.34206,1.34261
2026-05-21 22:00:00,1.34253,1.34329,1.34252,1.34308
2026-05-21 22:15:00,1.3430900000000001,1.34381,1.34308,1.34378
2026-05-21 22:30:00,1.3437700000000001,1.3441,1.34341,1.34341
2026-05-21 22:45:00,1.3433899999999999,1.34401,1.3428499999999999,1.34357
2026-05-21 23:00:00,1.34358,1.34406,1.3434,1.34359
2026-05-21 23:15:00,1.34358,1.34367,1.3433899999999999,1.34358
2026-05-21 23:30:00,1.34359,1.3436,1.34328,1.34333
2026-05-21 23:45:00,1.34332,1.34348,1.34247,1.34252
2026-05-22 00:00:00,1.34176,1.34315,1.34176,1.3430900000000001
2026-05-22 00:15:00,1.3431199999999999,1.34313,1.3425799999999999,1.34276
2026-05-22 00:30:00,1.34276,1.34306,1.34234,1.34299
2026-05-22 00:45:00,1.343,1.34334,1.34204,1.34219
2026-05-22 01:00:00,1.34231,1.3434,1.34231,1.34304
2026-05-22 01:15:00,1.34303,1.3431600000000001,1.34302,1.34308
2026-05-22 01:30:00,1.3430900000000001,1.34332,1.343,1.3433
2026-05-22 01:45:00,1.34333,1.3433899999999999,1.3432,1.34326
2026-05-22 02:00:00,1.34327,1.34338,1.3432,1.34331
2026-05-22 02:15:00,1.3433,1.3433,1.3430900000000001,1.34321
2026-05-22 02:30:00,1.3431199999999999,1.34322,1.3430900000000001,1.3431199999999999
2026-05-22 02:45:00,1.34311,1.34338,1.3431,1.3432
2026-05-22 03:00:00,1.34322,1.34325,1.34271,1.34274
2026-05-22 03:15:00,1.34275,1.34288,1.34256,1.34269
2026-05-22 03:30:00,1.34271,1.3428,1.34245,1.34263
2026-05-22 03:45:00,1.34264,1.3428499999999999,1.34254,1.34254
2026-05-22 04:00:00,1.3425,1.34268,1.34237,1.34262
2026-05-22 04:15:00,1.34261,1.3428200000000001,1.34247,1.3427
2026-05-22 04:30:00,1.34269,1.343,1.3425,1.3428
2026-05-22 04:45:00,1.34281,1.34307,1.3425,1.3425099999999999
2026-05-22 05:00:00,1.3425,1.34272,1.34245,1.34263
2026-05-22 05:15:00,1.34264,1.34276,1.34257,1.3427
2026-05-22 05:30:00,1.34269,1.34304,1.34266,1.34295
2026-05-22 05:45:00,1.34294,1.34297,1.34245,1.34271
2026-05-22 06:00:00,1.3427,1.34283,1.34233,1.34239
2026-05-22 06:15:00,1.34238,1.3426,1.34231,1.34249
2026-05-22 06:30:00,1.3425,1.34267,1.3424,1.34261
2026-05-22 06:45:00,1.3426,1.3427,1.3425099999999999,1.34261
2026-05-22 07:00:00,1.3426,1.343,1.34254,1.34298
2026-05-22 07:15:00,1.34297,1.34311,1.34289,1.34292
2026-05-22 07:30:00,1.34291,1.34299,1.3427799999999999,1.34297
2026-05-22 07:45:00,1.34298,1.3431899999999999,1.34291,1.34303
2026-05-22 08:00:00,1.34302,1.34324,1.343,1.34301
2026-05-22 08:15:00,1.34302,1.3431199999999999,1.34291,1.34299
2026-05-22 08:30:00,1.343,1.34317,1.34283,1.34292
2026-05-22 08:45:00,1.34294,1.3431199999999999,1.34195,1.3422399999999999
2026-05-22 09:00:00,1.34227,1.34263,1.3417,1.34249
2026-05-22 09:15:00,1.3425,1.34284,1.34207,1.34274
2026-05-22 09:30:00,1.34275,1.3428200000000001,1.34175,1.34222
2026-05-22 09:45:00,1.34223,1.3425099999999999,1.34199,1.34244
2026-05-22 10:00:00,1.34242,1.34243,1.34131,1.34142
2026-05-22 10:15:00,1.34141,1.34254,1.34141,1.34253
2026-05-22 10:30:00,1.34252,1.34254,1.34213,1.34228
2026-05-22 10:45:00,1.34229,1.3425799999999999,1.34211,1.3425099999999999
2026-05-22 11:00:00,1.34252,1.34305,1.34249,1.34264
2026-05-22 11:15:00,1.34265,1.34386,1.34265,1.34338
2026-05-22 11:30:00,1.3433899999999999,1.3435000000000001,1.34231,1.34299
2026-05-22 11:45:00,1.34298,1.34318,1.34252,1.34261
2026-05-22 12:00:00,1.34259,1.34281,1.34191,1.3419699999999999
2026-05-22 12:15:00,1.34196,1.34241,1.34165,1.34222
2026-05-22 12:30:00,1.3422100000000001,1.34271,1.3421,1.34232
2026-05-22 12:45:00,1.34233,1.34281,1.34231,1.34272
2026-05-22 13:00:00,1.34273,1.34323,1.34269,1.34302
2026-05-22 13:15:00,1.34297,1.34321,1.34254,1.34259
2026-05-22 13:30:00,1.34257,1.3427,1.34204,1.34237
2026-05-22 13:45:00,1.34236,1.34253,1.34207,1.34232
2026-05-22 14:00:00,1.34234,1.34239,1.34189,1.34203
2026-05-22 14:15:00,1.34202,1.3422,1.34192,1.3419699999999999
2026-05-22 14:30:00,1.34196,1.34237,1.34188,1.34226
2026-05-22 14:45:00,1.34227,1.34254,1.34201,1.34209
2026-05-22 15:00:00,1.34208,1.343,1.34167,1.34269
2026-05-22 15:15:00,1.34268,1.3430900000000001,1.34191,1.34229
2026-05-22 15:30:00,1.3423,1.34269,1.34218,1.3426
2026-05-22 15:45:00,1.34261,1.34372,1.3426,1.34366
2026-05-22 16:00:00,1.3437000000000001,1.34631,1.34354,1.34508
2026-05-22 16:15:00,1.34507,1.34525,1.3443,1.34486
2026-05-22 16:30:00,1.34485,1.3449,1.34375,1.34401
2026-05-22 16:45:00,1.3439999999999999,1.34418,1.34331,1.34379
2026-05-22 17:00:00,1.34382,1.34382,1.34206,1.34216
2026-05-22 17:15:00,1.3421699999999999,1.3424,1.34179,1.3423
2026-05-22 17:30:00,1.34231,1.34327,1.34215,1.34326
2026-05-22 17:45:00,1.34327,1.34375,1.34236,1.34341
2026-05-22 18:00:00,1.34342,1.34399,1.3429,1.34367
2026-05-22 18:15:00,1.34368,1.34421,1.3435000000000001,1.34389
2026-05-22 18:30:00,1.34396,1.34433,1.3437000000000001,1.3441
2026-05-22 18:45:00,1.34412,1.34424,1.34358,1.34369
2026-05-22 19:00:00,1.3437000000000001,1.34408,1.34336,1.34394
2026-05-22 19:15:00,1.34393,1.34449,1.34367,1.34449
2026-05-22 19:30:00,1.34448,1.3446500000000001,1.34396,1.34421
2026-05-22 19:45:00,1.3442,1.34453,1.34416,1.34442
2026-05-22 20:00:00,1.34445,1.3448,1.3444,1.34469
2026-05-22 20:15:00,1.3446799999999999,1.34505,1.34425,1.34497
2026-05-22 20:30:00,1.34503,1.34534,1.34462,1.34496
2026-05-22 20:45:00,1.34497,1.3451,1.34459,1.34491
2026-05-22 21:00:00,1.3449200000000001,1.34507,1.3444,1.34463
2026-05-22 21:15:00,1.34462,1.34473,1.34448,1.3445
2026-05-22 21:30:00,1.34448,1.34511,1.3443800000000001,1.3447
2026-05-22 21:45:00,1.34471,1.345,1.34461,1.3448
2026-05-22 22:00:00,1.34481,1.34483,1.34401,1.34415
2026-05-22 22:15:00,1.34416,1.3443399999999999,1.34409,1.34412
2026-05-22 22:30:00,1.3441100000000001,1.34421,1.34397,1.34399
2026-05-22 22:45:00,1.34398,1.34419,1.3437999999999999,1.3439999999999999
2026-05-22 23:00:00,1.34401,1.34418,1.34392,1.3440699999999999
2026-05-22 23:15:00,1.34409,1.34419,1.34398,1.3440699999999999
2026-05-22 23:30:00,1.34408,1.34408,1.34354,1.34365
2026-05-22 23:45:00,1.34366,1.34372,1.34219,1.34236
2026-05-25 00:00:00,1.3449499999999999,1.3450199999999999,1.34368,1.3449200000000001
2026-05-25 00:15:00,1.3449200000000001,1.34536,1.34473,1.34528
2026-05-25 00:30:00,1.34525,1.34546,1.34464,1.34466
2026-05-25 00:45:00,1.34466,1.34519,1.34466,1.34477
2026-05-25 01:00:00,1.34496,1.34782,1.34493,1.34768
2026-05-25 01:15:00,1.34769,1.34843,1.34752,1.3483
2026-05-25 01:30:00,1.3483100000000001,1.3486099999999999,1.3480699999999999,1.34821
2026-05-25 01:45:00,1.34822,1.3484,1.3479999999999999,1.3484
2026-05-25 02:00:00,1.34839,1.34881,1.3483800000000001,1.34867
2026-05-25 02:15:00,1.34866,1.34871,1.34839,1.34842
2026-05-25 02:30:00,1.3484099999999999,1.34859,1.3483100000000001,1.34847
2026-05-25 02:45:00,1.34846,1.34853,1.34805,1.34809
2026-05-25 03:00:00,1.34808,1.34819,1.34787,1.34802
2026-05-25 03:15:00,1.34803,1.34827,1.34786,1.34815
2026-05-25 03:30:00,1.34816,1.3483,1.34768,1.3477700000000001
2026-05-25 03:45:00,1.34778,1.34881,1.34772,1.34789
2026-05-25 04:00:00,1.3479,1.34869,1.3477299999999999,1.3486799999999999
2026-05-25 04:15:00,1.34867,1.349,1.3486099999999999,1.34897
2026-05-25 04:30:00,1.34896,1.34904,1.34818,1.3483399999999999
2026-05-25 04:45:00,1.34835,1.34851,1.3479,1.34799
2026-05-25 05:00:00,1.3479999999999999,1.34835,1.34795,1.34796
2026-05-25 05:15:00,1.3479700000000001,1.34817,1.34788,1.34811
2026-05-25 05:30:00,1.34813,1.34817,1.34786,1.3480400000000001
2026-05-25 05:45:00,1.34805,1.34808,1.34755,1.34767
2026-05-25 06:00:00,1.34769,1.3479,1.34742,1.34759
2026-05-25 06:15:00,1.34758,1.34786,1.34748,1.34765
2026-05-25 06:30:00,1.34766,1.34795,1.3476,1.34763
2026-05-25 06:45:00,1.34762,1.34763,1.34744,1.3475
2026-05-25 07:00:00,1.34751,1.34764,1.34745,1.34749
2026-05-25 07:15:00,1.3475,1.34767,1.3474599999999999,1.34766
2026-05-25 07:30:00,1.34767,1.3481,1.34766,1.34809
2026-05-25 07:45:00,1.3481,1.34855,1.34808,1.3483100000000001
2026-05-25 08:00:00,1.3483,1.34888,1.34828,1.3486099999999999
2026-05-25 08:15:00,1.3486,1.34871,1.34854,1.34866
2026-05-25 08:30:00,1.34867,1.3488,1.34853,1.3487
2026-05-25 08:45:00,1.34869,1.3488,1.34811,1.34821
2026-05-25 09:00:00,1.34817,1.34839,1.3479999999999999,1.34833
2026-05-25 09:15:00,1.3483399999999999,1.3483399999999999,1.34784,1.3480400000000001
2026-05-25 09:30:00,1.34803,1.34851,1.34788,1.34815
2026-05-25 09:45:00,1.34816,1.34872,1.34815,1.3486
2026-05-25 10:00:00,1.34863,1.3486500000000001,1.34787,1.34821
2026-05-25 10:15:00,1.34819,1.34821,1.34707,1.34738
2026-05-25 10:30:00,1.3473899999999999,1.34799,1.3473600000000001,1.34767
2026-05-25 10:45:00,1.34765,1.34847,1.34753,1.34845
2026-05-25 11:00:00,1.34849,1.34898,1.34785,1.34871
2026-05-25 11:15:00,1.3487,1.34886,1.34863,1.34876
2026-05-25 11:30:00,1.34877,1.34911,1.34866,1.3487
2026-05-25 11:45:00,1.34871,1.34938,1.34866,1.34935
2026-05-25 12:00:00,1.34934,1.3495599999999999,1.34924,1.34927
2026-05-25 12:15:00,1.34928,1.34952,1.34914,1.34935
2026-05-25 12:30:00,1.34936,1.34957,1.34932,1.3495599999999999
2026-05-25 12:45:00,1.34957,1.34958,1.34925,1.34927
2026-05-25 13:00:00,1.3492600000000001,1.34948,1.34912,1.34914
2026-05-25 13:15:00,1.34912,1.34936,1.3489499999999999,1.34905
2026-05-25 13:30:00,1.34901,1.34921,1.3489499999999999,1.34921
2026-05-25 13:45:00,1.3492,1.34928,1.3489900000000001,1.34911
2026-05-25 14:00:00,1.34912,1.34912,1.34874,1.34906
2026-05-25 14:15:00,1.34907,1.3495300000000001,1.34906,1.34952
2026-05-25 14:30:00,1.3495300000000001,1.35042,1.34951,1.3504
2026-05-25 14:45:00,1.35041,1.3506,1.34981,1.34982
2026-05-25 15:00:00,1.3498299999999999,1.35019,1.34969,1.35007
2026-05-25 15:15:00,1.35009,1.3502399999999999,1.34989,1.34996
2026-05-25 15:30:00,1.34997,1.35058,1.34995,1.3505
2026-05-25 15:45:00,1.35049,1.35066,1.35001,1.35007
2026-05-25 16:00:00,1.35008,1.3503,1.34985,1.34995
2026-05-25 16:15:00,1.34996,1.35022,1.34984,1.3501699999999999
2026-05-25 16:30:00,1.35018,1.35039,1.34988,1.34989
2026-05-25 16:45:00,1.34988,1.35004,1.34939,1.34939
2026-05-25 17:00:00,1.34937,1.34977,1.34927,1.3494
2026-05-25 17:15:00,1.34939,1.34982,1.34939,1.34968
2026-05-25 17:30:00,1.34967,1.3501,1.34947,1.35006
2026-05-25 17:45:00,1.35007,1.35019,1.34977,1.35006
2026-05-25 18:00:00,1.35005,1.3505099999999999,1.34957,1.35
2026-05-25 18:15:00,1.34999,1.35038,1.3498700000000001,1.35026
2026-05-25 18:30:00,1.3502399999999999,1.35049,1.3501,1.35046
2026-05-25 18:45:00,1.35045,1.35052,1.3501699999999999,1.3501699999999999
2026-05-25 19:00:00,1.3502,1.3502,1.34994,1.35011
2026-05-25 19:15:00,1.3501,1.3501699999999999,1.34998,1.35001
2026-05-25 19:30:00,1.35,1.35016,1.34992,1.35011
2026-05-25 19:45:00,1.35012,1.3505,1.3501,1.35039
2026-05-25 20:00:00,1.35038,1.35054,1.35034,1.3504399999999999
2026-05-25 20:15:00,1.35045,1.35067,1.3504399999999999,1.35065
2026-05-25 20:30:00,1.35064,1.35074,1.35057,1.35067
2026-05-25 20:45:00,1.35066,1.35067,1.3504,1.35056
2026-05-25 21:00:00,1.35057,1.3507,1.35047,1.35064
2026-05-25 21:15:00,1.35065,1.35068,1.35052,1.35054
2026-05-25 21:30:00,1.35056,1.35071,1.35049,1.35054
2026-05-25 21:45:00,1.35055,1.35071,1.35054,1.35068
2026-05-25 22:00:00,1.35069,1.3507,1.35057,1.35059
2026-05-25 22:15:00,1.35058,1.35071,1.35056,1.35067
2026-05-25 22:30:00,1.35066,1.3509,1.35056,1.35084
2026-05-25 22:45:00,1.35083,1.35088,1.3507,1.35079
2026-05-25 23:00:00,1.3507799999999999,1.3508499999999999,1.3507500000000001,1.3508
2026-05-25 23:15:00,1.35079,1.35084,1.35066,1.3508
2026-05-25 23:30:00,1.35081,1.35083,1.35056,1.35068
2026-05-25 23:45:00,1.35069,1.3508200000000001,1.35031,1.35032
2026-05-26 00:00:00,1.3502100000000001,1.3504,1.34891,1.35018
2026-05-26 00:15:00,1.3501400000000001,1.35018,1.34954,1.34981
2026-05-26 00:30:00,1.34981,1.35027,1.34954,1.34978
2026-05-26 00:45:00,1.34978,1.35006,1.34943,1.34999
2026-05-26 01:00:00,1.34997,1.35053,1.34973,1.3504
2026-05-26 01:15:00,1.35041,1.35041,1.35026,1.35033
2026-05-26 01:30:00,1.35032,1.3505099999999999,1.35023,1.35049
2026-05-26 01:45:00,1.3504800000000001,1.3505,1.35031,1.35032
2026-05-26 02:00:00,1.35033,1.3505099999999999,1.35028,1.35035
2026-05-26 02:15:00,1.35036,1.35041,1.35002,1.35007
2026-05-26 02:30:00,1.35008,1.35008,1.34977,1.34981
2026-05-26 02:45:00,1.34982,1.35022,1.34955,1.3495599999999999
2026-05-26 03:00:00,1.34957,1.34968,1.3492600000000001,1.3492899999999999
2026-05-26 03:15:00,1.3493,1.34943,1.3488,1.3492600000000001
2026-05-26 03:30:00,1.34927,1.3494,1.34906,1.34917
2026-05-26 03:45:00,1.34916,1.34954,1.34906,1.34944
2026-05-26 04:00:00,1.34943,1.3495,1.3489,1.34938
2026-05-26 04:15:00,1.34937,1.34941,1.34896,1.34907
2026-05-26 04:30:00,1.34908,1.34911,1.34825,1.3484099999999999
2026-05-26 04:45:00,1.3484,1.34877,1.34837,1.34871
2026-05-26 05:00:00,1.3487,1.3490199999999999,1.34864,1.34867
2026-05-26 05:15:00,1.3486799999999999,1.34884,1.3486,1.3487
2026-05-26 05:30:00,1.3486799999999999,1.3488,1.34842,1.34844
2026-05-26 05:45:00,1.34845,1.34878,1.3483,1.3487
2026-05-26 06:00:00,1.34871,1.34897,1.34867,1.34882
2026-05-26 06:15:00,1.34881,1.34921,1.3488,1.34889
2026-05-26 06:30:00,1.34888,1.34896,1.34876,1.3488
2026-05-26 06:45:00,1.34881,1.34888,1.3486799999999999,1.34885
2026-05-26 07:00:00,1.34886,1.34889,1.34851,1.34888
2026-05-26 07:15:00,1.34883,1.34883,1.34853,1.34853
2026-05-26 07:30:00,1.34855,1.3486799999999999,1.34839,1.34845
2026-05-26 07:45:00,1.34844,1.34845,1.34805,1.34808
2026-05-26 08:00:00,1.3480699999999999,1.34815,1.34779,1.34786
2026-05-26 08:15:00,1.34787,1.34795,1.34774,1.34783
2026-05-26 08:30:00,1.34782,1.34796,1.34766,1.3477700000000001
2026-05-26 08:45:00,1.34776,1.34778,1.34742,1.3475
2026-05-26 09:00:00,1.34751,1.34767,1.3473600000000001,1.34765
2026-05-26 09:15:00,1.34766,1.3485,1.34757,1.3479700000000001
2026-05-26 09:30:00,1.34796,1.3481,1.34751,1.34789
2026-05-26 09:45:00,1.3479,1.34802,1.34763,1.3477700000000001
2026-05-26 10:00:00,1.34779,1.34781,1.3464800000000001,1.34738
2026-05-26 10:15:00,1.34737,1.3473899999999999,1.34676,1.3471
2026-05-26 10:30:00,1.34711,1.3477299999999999,1.34681,1.34706
2026-05-26 10:45:00,1.34705,1.34756,1.34677,1.34747
2026-05-26 11:00:00,1.34748,1.34808,1.3471600000000001,1.34761
2026-05-26 11:15:00,1.34762,1.34794,1.34735,1.34757
2026-05-26 11:30:00,1.34756,1.34781,1.34721,1.34726
2026-05-26 11:45:00,1.34727,1.34793,1.34718,1.34749
2026-05-26 12:00:00,1.34752,1.34786,1.34723,1.3477700000000001
2026-05-26 12:15:00,1.34778,1.34819,1.3475,1.34816
2026-05-26 12:30:00,1.34817,1.34832,1.34783,1.34787
2026-05-26 12:45:00,1.34786,1.34848,1.34784,1.34837
2026-05-26 13:00:00,1.3483399999999999,1.34836,1.34776,1.34812
2026-05-26 13:15:00,1.34813,1.3483800000000001,1.34791,1.3483100000000001
2026-05-26 13:30:00,1.34832,1.34862,1.3480400000000001,1.34825
2026-05-26 13:45:00,1.34826,1.3489200000000001,1.34814,1.34847
2026-05-26 14:00:00,1.34848,1.34894,1.34839,1.3485
2026-05-26 14:15:00,1.34852,1.34886,1.34806,1.3480699999999999
2026-05-26 14:30:00,1.34808,1.34822,1.34695,1.34695
2026-05-26 14:45:00,1.34694,1.3471,1.34683,1.34692
2026-05-26 15:00:00,1.34688,1.34714,1.34657,1.3469
2026-05-26 15:15:00,1.34689,1.3475,1.34683,1.3474
2026-05-26 15:30:00,1.34741,1.34741,1.3468,1.34698
2026-05-26 15:45:00,1.34697,1.3471600000000001,1.34664,1.3467
2026-05-26 16:00:00,1.34669,1.34689,1.34645,1.34666
2026-05-26 16:15:00,1.34667,1.34702,1.34636,1.34637
2026-05-26 16:30:00,1.34638,1.3468,1.34622,1.34629
2026-05-26 16:45:00,1.34628,1.3467799999999999,1.34567,1.34633
2026-05-26 17:00:00,1.3464,1.34688,1.34601,1.34619
2026-05-26 17:15:00,1.34618,1.34638,1.3458,1.34603
2026-05-26 17:30:00,1.34601,1.34689,1.3458999999999999,1.34612
2026-05-26 17:45:00,1.34613,1.34633,1.3449499999999999,1.3449499999999999
2026-05-26 18:00:00,1.34493,1.3450199999999999,1.34418,1.3444099999999999
2026-05-26 18:15:00,1.34442,1.34446,1.3434599999999999,1.34422
2026-05-26 18:30:00,1.34423,1.34448,1.3436,1.34387
2026-05-26 18:45:00,1.34386,1.3441100000000001,1.3434599999999999,1.34357
2026-05-26 19:00:00,1.34363,1.34437,1.34347,1.34421
2026-05-26 19:15:00,1.34422,1.34488,1.34421,1.34456
2026-05-26 19:30:00,1.34457,1.34479,1.3441,1.34412
2026-05-26 19:45:00,1.34413,1.34428,1.34394,1.34412
2026-05-26 20:00:00,1.34413,1.34482,1.34408,1.34461
2026-05-26 20:15:00,1.3446,1.34471,1.34425,1.34429
2026-05-26 20:30:00,1.34428,1.34463,1.34389,1.34396
2026-05-26 20:45:00,1.34397,1.34424,1.34384,1.3441100000000001
2026-05-26 21:00:00,1.3441,1.34433,1.34392,1.34427
2026-05-26 21:15:00,1.3443,1.3443399999999999,1.34409,1.34419
2026-05-26 21:30:00,1.3442,1.34442,1.3441,1.34429
2026-05-26 21:45:00,1.34428,1.34461,1.34428,1.34448
2026-05-26 22:00:00,1.34446,1.34457,1.34424,1.34427
2026-05-26 22:15:00,1.34426,1.3446,1.34425,1.34447
2026-05-26 22:30:00,1.34448,1.3449,1.34448,1.34485
2026-05-26 22:45:00,1.34484,1.345,1.34475,1.34485
2026-05-26 23:00:00,1.34486,1.34537,1.34481,1.34517
2026-05-26 23:15:00,1.34518,1.34519,1.3448,1.3448
2026-05-26 23:30:00,1.34479,1.34501,1.34475,1.34478
2026-05-26 23:45:00,1.34479,1.34488,1.34424,1.34433
2026-05-27 00:00:00,1.34426,1.3444099999999999,1.34321,1.34433
2026-05-27 00:15:00,1.3446,1.3446,1.34436,1.34439
2026-05-27 00:30:00,1.3444,1.34479,1.34439,1.34448
2026-05-27 00:45:00,1.34456,1.34476,1.34448,1.34458
2026-05-27 01:00:00,1.34469,1.34508,1.34469,1.34485
2026-05-27 01:15:00,1.34484,1.3449,1.34481,1.34489
2026-05-27 01:30:00,1.34487,1.34494,1.34483,1.3449200000000001
2026-05-27 01:45:00,1.34493,1.34508,1.34488,1.34504
2026-05-27 02:00:00,1.34505,1.34512,1.34498,1.34507
2026-05-27 02:15:00,1.34508,1.34545,1.34507,1.34544
2026-05-27 02:30:00,1.34545,1.34588,1.34538,1.3458
2026-05-27 02:45:00,1.34582,1.3458999999999999,1.34543,1.34547
2026-05-27 03:00:00,1.34545,1.34576,1.34542,1.34566
2026-05-27 03:15:00,1.34567,1.34577,1.3455300000000001,1.34566
2026-05-27 03:30:00,1.34567,1.34567,1.34545,1.34564
2026-05-27 03:45:00,1.34565,1.3458,1.34541,1.34554
2026-05-27 04:00:00,1.3455300000000001,1.3455599999999999,1.34534,1.34546
2026-05-27 04:15:00,1.34545,1.3455599999999999,1.3452,1.3453
2026-05-27 04:30:00,1.3452899999999999,1.3452899999999999,1.3447200000000001,1.34496
2026-05-27 04:45:00,1.34494,1.34497,1.34459,1.3447
2026-05-27 05:00:00,1.34471,1.34527,1.3447,1.34498
2026-05-27 05:15:00,1.34496,1.34514,1.34479,1.3449
2026-05-27 05:30:00,1.34491,1.3451,1.34487,1.34496
2026-05-27 05:45:00,1.3449499999999999,1.34542,1.34494,1.34525
2026-05-27 06:00:00,1.34524,1.34585,1.34524,1.34552
2026-05-27 06:15:00,1.34551,1.34558,1.34536,1.3455
2026-05-27 06:30:00,1.34549,1.34555,1.34528,1.34543
2026-05-27 06:45:00,1.34544,1.34551,1.34532,1.34547
2026-05-27 07:00:00,1.34546,1.34562,1.34541,1.34549
2026-05-27 07:15:00,1.34548,1.34566,1.3452899999999999,1.3452899999999999
2026-05-27 07:30:00,1.34528,1.34557,1.34528,1.34557
2026-05-27 07:45:00,1.3455599999999999,1.3455599999999999,1.34531,1.3454
2026-05-27 08:00:00,1.34538,1.34568,1.3453300000000001,1.34557
2026-05-27 08:15:00,1.34555,1.34566,1.34537,1.3456000000000001
2026-05-27 08:30:00,1.34559,1.34564,1.34519,1.34536
2026-05-27 08:45:00,1.34535,1.34543,1.34489,1.3449499999999999
2026-05-27 09:00:00,1.3449200000000001,1.34501,1.3446,1.34467
2026-05-27 09:15:00,1.34466,1.3448,1.34447,1.3446799999999999
2026-05-27 09:30:00,1.34467,1.34543,1.34443,1.34542
2026-05-27 09:45:00,1.34543,1.3456000000000001,1.34506,1.34522
2026-05-27 10:00:00,1.34523,1.34564,1.34496,1.345
2026-05-27 10:15:00,1.3449900000000001,1.34507,1.34467,1.34477
2026-05-27 10:30:00,1.34478,1.34489,1.3446,1.34487
2026-05-27 10:45:00,1.34488,1.34488,1.3442,1.34429
2026-05-27 11:00:00,1.3443,1.34509,1.34412,1.3448
2026-05-27 11:15:00,1.34485,1.34519,1.3443,1.3447
2026-05-27 11:30:00,1.34471,1.34471,1.34426,1.34456
2026-05-27 11:45:00,1.34457,1.34474,1.34419,1.34463
2026-05-27 12:00:00,1.34464,1.34508,1.34449,1.34488
2026-05-27 12:15:00,1.34489,1.34521,1.34473,1.3449900000000001
2026-05-27 12:30:00,1.34498,1.3449900000000001,1.3446,1.3446
2026-05-27 12:45:00,1.34461,1.3452,1.3445,1.34453
2026-05-27 13:00:00,1.34451,1.34461,1.34427,1.3443100000000001
2026-05-27 13:15:00,1.34429,1.3443100000000001,1.3436,1.34372
2026-05-27 13:30:00,1.34371,1.3441100000000001,1.34361,1.3441100000000001
2026-05-27 13:45:00,1.34412,1.34421,1.34386,1.34408
2026-05-27 14:00:00,1.34412,1.34427,1.34342,1.34398
2026-05-27 14:15:00,1.34399,1.34417,1.34353,1.34358
2026-05-27 14:30:00,1.34357,1.34387,1.3434599999999999,1.34381
2026-05-27 14:45:00,1.3437999999999999,1.34386,1.34302,1.3434599999999999
2026-05-27 15:00:00,1.34347,1.34359,1.34314,1.34337
2026-05-27 15:15:00,1.34338,1.34565,1.34318,1.3453
2026-05-27 15:30:00,1.34531,1.34559,1.34485,1.34488
2026-05-27 15:45:00,1.34487,1.3449200000000001,1.34386,1.34398
2026-05-27 16:00:00,1.3439999999999999,1.34481,1.34394,1.34454
2026-05-27 16:15:00,1.34453,1.34478,1.3441,1.3444099999999999
2026-05-27 16:30:00,1.34436,1.34488,1.34415,1.34436
2026-05-27 16:45:00,1.3443399999999999,1.34478,1.3441,1.34467
2026-05-27 17:00:00,1.34471,1.34522,1.34426,1.3452
2026-05-27 17:15:00,1.34519,1.34579,1.34451,1.34487
2026-05-27 17:30:00,1.34486,1.34538,1.34397,1.3451
2026-05-27 17:45:00,1.34509,1.34532,1.34173,1.34188
2026-05-27 18:00:00,1.3418700000000001,1.34301,1.34162,1.34297
2026-05-27 18:15:00,1.34298,1.34299,1.34231,1.34279
2026-05-27 18:30:00,1.34276,1.3431600000000001,1.34242,1.3425
2026-05-27 18:45:00,1.3425099999999999,1.34292,1.3422,1.34292
2026-05-27 19:00:00,1.34291,1.34293,1.34201,1.34256
2026-05-27 19:15:00,1.3425799999999999,1.34318,1.3425799999999999,1.34289
2026-05-27 19:30:00,1.34288,1.34297,1.34272,1.34276
2026-05-27 19:45:00,1.34275,1.34317,1.34275,1.34307
2026-05-27 20:00:00,1.3430900000000001,1.34318,1.34188,1.34199
2026-05-27 20:15:00,1.342,1.34226,1.34174,1.3418700000000001
2026-05-27 20:30:00,1.34186,1.34211,1.34172,1.34205
2026-05-27 20:45:00,1.34206,1.3428499999999999,1.34204,1.34266
2026-05-27 21:00:00,1.34265,1.34272,1.3422,1.34231
2026-05-27 21:15:00,1.3423,1.34276,1.3422399999999999,1.34269
2026-05-27 21:30:00,1.3427,1.34287,1.34256,1.34275
2026-05-27 21:45:00,1.34272,1.3431,1.34266,1.34297
2026-05-27 22:00:00,1.34296,1.3431600000000001,1.34283,1.34298
2026-05-27 22:15:00,1.34299,1.34328,1.34292,1.34311
2026-05-27 22:30:00,1.3431199999999999,1.34329,1.34296,1.3430900000000001
2026-05-27 22:45:00,1.34308,1.3431199999999999,1.34292,1.34305
2026-05-27 23:00:00,1.34304,1.34328,1.34296,1.34317
2026-05-27 23:15:00,1.3431600000000001,1.34318,1.34296,1.34299
2026-05-27 23:30:00,1.34298,1.3431600000000001,1.34296,1.34303
2026-05-27 23:45:00,1.34304,1.34305,1.3422399999999999,1.34237
2026-05-28 00:00:00,1.3409900000000001,1.34236,1.3409900000000001,1.34236
2026-05-28 00:15:00,1.3421699999999999,1.3424,1.34211,1.34216
2026-05-28 00:30:00,1.34216,1.34245,1.34216,1.34242
2026-05-28 00:45:00,1.34243,1.3427,1.3423,1.34234
2026-05-28 01:00:00,1.34237,1.34308,1.34237,1.34299
2026-05-28 01:15:00,1.34298,1.34307,1.34277,1.34279
2026-05-28 01:30:00,1.3427799999999999,1.34289,1.3427,1.3427799999999999
2026-05-28 01:45:00,1.34277,1.34279,1.34256,1.3427799999999999
2026-05-28 02:00:00,1.34277,1.34287,1.34267,1.34281
2026-05-28 02:15:00,1.3428,1.3429,1.34216,1.34225
2026-05-28 02:30:00,1.3422399999999999,1.34225,1.3418700000000001,1.34207
2026-05-28 02:45:00,1.34206,1.34207,1.34143,1.34158
2026-05-28 03:00:00,1.34154,1.34179,1.34146,1.34165
2026-05-28 03:15:00,1.34166,1.342,1.34158,1.34189
2026-05-28 03:30:00,1.3418999999999999,1.34192,1.34147,1.34148
2026-05-28 03:45:00,1.34149,1.34158,1.3409499999999999,1.34134
2026-05-28 04:00:00,1.34135,1.34141,1.34096,1.34117
2026-05-28 04:15:00,1.34118,1.3412899999999999,1.34096,1.3410199999999999
2026-05-28 04:30:00,1.34107,1.34117,1.34053,1.34053
2026-05-28 04:45:00,1.34051,1.34052,1.33975,1.33984
2026-05-28 05:00:00,1.33983,1.34028,1.33983,1.34027
2026-05-28 05:15:00,1.34026,1.34053,1.34018,1.34048
2026-05-28 05:30:00,1.34049,1.34067,1.3400699999999999,1.34013
2026-05-28 05:45:00,1.34012,1.3402,1.33999,1.34018
2026-05-28 06:00:00,1.34019,1.34036,1.33935,1.33939
2026-05-28 06:15:00,1.33937,1.3394599999999999,1.3388200000000001,1.3389
2026-05-28 06:30:00,1.3388900000000001,1.3389,1.33756,1.33759
2026-05-28 06:45:00,1.3376000000000001,1.33777,1.33684,1.33685
2026-05-28 07:00:00,1.33684,1.33752,1.33674,1.33734
2026-05-28 07:15:00,1.3373300000000001,1.33752,1.3370600000000001,1.33715
2026-05-28 07:30:00,1.33716,1.33782,1.33713,1.33765
2026-05-28 07:45:00,1.3376299999999999,1.33781,1.3375,1.33777
2026-05-28 08:00:00,1.33778,1.33793,1.33753,1.33789
2026-05-28 08:15:00,1.33788,1.33842,1.33781,1.33837
2026-05-28 08:30:00,1.33838,1.33942,1.33837,1.33927
2026-05-28 08:45:00,1.33928,1.3396,1.3392,1.3392
2026-05-28 09:00:00,1.3391899999999999,1.33991,1.33905,1.33981
2026-05-28 09:15:00,1.3397999999999999,1.34022,1.33956,1.33992
2026-05-28 09:30:00,1.33993,1.34079,1.33988,1.34063
2026-05-28 09:45:00,1.34062,1.34076,1.34024,1.3403800000000001
2026-05-28 10:00:00,1.34039,1.34115,1.34039,1.34105
2026-05-28 10:15:00,1.34107,1.34107,1.3400400000000001,1.34029
2026-05-28 10:30:00,1.3403100000000001,1.3406500000000001,1.33994,1.34025
2026-05-28 10:45:00,1.34026,1.34052,1.34013,1.34025
2026-05-28 11:00:00,1.3403,1.3406799999999999,1.33978,1.33996
2026-05-28 11:15:00,1.33995,1.34027,1.33955,1.33993
2026-05-28 11:30:00,1.33992,1.3400400000000001,1.33949,1.3396
2026-05-28 11:45:00,1.33959,1.3403800000000001,1.33955,1.34017
2026-05-28 12:00:00,1.34016,1.34077,1.34012,1.34066
2026-05-28 12:15:00,1.3406500000000001,1.34097,1.34039,1.34042
2026-05-28 12:30:00,1.3404099999999999,1.34048,1.33985,1.33987
2026-05-28 12:45:00,1.33986,1.34005,1.33947,1.33957
2026-05-28 13:00:00,1.33956,1.33971,1.33899,1.3394
2026-05-28 13:15:00,1.33947,1.3397999999999999,1.33908,1.33976
2026-05-28 13:30:00,1.3397700000000001,1.3397999999999999,1.33869,1.33879
2026-05-28 13:45:00,1.3388,1.33947,1.33866,1.33891
2026-05-28 14:00:00,1.3388900000000001,1.33961,1.3388900000000001,1.33958
2026-05-28 14:15:00,1.33957,1.34009,1.33957,1.34005
2026-05-28 14:30:00,1.3400400000000001,1.3403100000000001,1.33958,1.34027
2026-05-28 14:45:00,1.34028,1.34103,1.34009,1.3406500000000001
2026-05-28 15:00:00,1.34063,1.34079,1.3403100000000001,1.34066
2026-05-28 15:15:00,1.34067,1.34107,1.34054,1.341
2026-05-28 15:30:00,1.34101,1.34227,1.3408,1.34188
2026-05-28 15:45:00,1.34207,1.3425,1.34179,1.3418700000000001
2026-05-28 16:00:00,1.34215,1.3428,1.34155,1.3415599999999999
2026-05-28 16:15:00,1.34157,1.34209,1.3414,1.34169
2026-05-28 16:30:00,1.3417,1.3425,1.3415599999999999,1.3423
2026-05-28 16:45:00,1.34227,1.3425799999999999,1.34124,1.34124
2026-05-28 17:00:00,1.34125,1.34513,1.34073,1.34372
2026-05-28 17:15:00,1.34371,1.34419,1.34306,1.34387
2026-05-28 17:30:00,1.34386,1.3444,1.34292,1.3435000000000001
2026-05-28 17:45:00,1.34349,1.34397,1.34252,1.34328
2026-05-28 18:00:00,1.34329,1.34419,1.3432,1.34398
2026-05-28 18:15:00,1.34399,1.34409,1.34344,1.34367
2026-05-28 18:30:00,1.34368,1.34408,1.34337,1.34364
2026-05-28 18:45:00,1.34365,1.34389,1.3434599999999999,1.34357
2026-05-28 19:00:00,1.34358,1.34403,1.34321,1.34397
2026-05-28 19:15:00,1.34401,1.34483,1.34385,1.3444099999999999
2026-05-28 19:30:00,1.34442,1.3446,1.34406,1.3443399999999999
2026-05-28 19:45:00,1.34436,1.3446799999999999,1.34413,1.34464
2026-05-28 20:00:00,1.3446500000000001,1.34481,1.34432,1.34457
2026-05-28 20:15:00,1.34458,1.34458,1.3441,1.34412
2026-05-28 20:30:00,1.34415,1.3446,1.34405,1.3441100000000001
2026-05-28 20:45:00,1.3441,1.3446500000000001,1.3441,1.34456
2026-05-28 21:00:00,1.34455,1.34475,1.34416,1.34443
2026-05-28 21:15:00,1.34442,1.34481,1.34386,1.3439
2026-05-28 21:30:00,1.34389,1.34395,1.34364,1.34384
2026-05-28 21:45:00,1.34383,1.34424,1.34383,1.3440400000000001
2026-05-28 22:00:00,1.34403,1.3440699999999999,1.34376,1.34384
2026-05-28 22:15:00,1.34382,1.34409,1.34382,1.34405
2026-05-28 22:30:00,1.3440400000000001,1.34439,1.3440400000000001,1.34414
2026-05-28 22:45:00,1.34413,1.34437,1.34382,1.34394
2026-05-28 23:00:00,1.34392,1.3442,1.34384,1.3440699999999999
2026-05-28 23:15:00,1.34408,1.34417,1.34389,1.34391
2026-05-28 23:30:00,1.34392,1.3442,1.34391,1.34417
2026-05-28 23:45:00,1.34416,1.3444099999999999,1.34395,1.34399
2026-05-29 00:00:00,1.34414,1.34443,1.3439,1.3440699999999999
2026-05-29 00:15:00,1.3439999999999999,1.34408,1.34386,1.3439
2026-05-29 00:30:00,1.3439,1.34415,1.34386,1.34402
2026-05-29 00:45:00,1.34402,1.34412,1.34384,1.3441100000000001
2026-05-29 01:00:00,1.34394,1.3446,1.34394,1.34452
2026-05-29 01:15:00,1.34451,1.34458,1.3444,1.34443
2026-05-29 01:30:00,1.34442,1.34443,1.34421,1.34428
2026-05-29 01:45:00,1.34426,1.34428,1.34415,1.34415
2026-05-29 02:00:00,1.34417,1.34451,1.34415,1.3443800000000001
2026-05-29 02:15:00,1.34437,1.34449,1.34436,1.34439
2026-05-29 02:30:00,1.3443800000000001,1.34451,1.34428,1.34445
2026-05-29 02:45:00,1.34444,1.34455,1.34433,1.3444
2026-05-29 03:00:00,1.34437,1.3446,1.34435,1.34447
2026-05-29 03:15:00,1.34446,1.34488,1.34439,1.34458
2026-05-29 03:30:00,1.34457,1.34457,1.34405,1.34436
2026-05-29 03:45:00,1.34435,1.34442,1.34394,1.34409
2026-05-29 04:00:00,1.34408,1.34466,1.34382,1.34466
2026-05-29 04:15:00,1.3446500000000001,1.34506,1.34456,1.34481
2026-05-29 04:30:00,1.3448,1.34484,1.3444099999999999,1.34443
2026-05-29 04:45:00,1.34444,1.34445,1.34387,1.34398
2026-05-29 05:00:00,1.34397,1.34429,1.34391,1.34426
2026-05-29 05:15:00,1.34427,1.34428,1.34397,1.34408
2026-05-29 05:30:00,1.3440699999999999,1.34437,1.34396,1.34429
2026-05-29 05:45:00,1.3443,1.3443800000000001,1.3437999999999999,1.34383
2026-05-29 06:00:00,1.34382,1.34389,1.34342,1.34345
2026-05-29 06:15:00,1.3434599999999999,1.34352,1.34331,1.3435000000000001
2026-05-29 06:30:00,1.34352,1.34356,1.3431199999999999,1.34332
2026-05-29 06:45:00,1.34331,1.34335,1.34304,1.34323
2026-05-29 07:00:00,1.34324,1.34353,1.3432,1.3434599999999999
2026-05-29 07:15:00,1.34345,1.34357,1.34325,1.34338
2026-05-29 07:30:00,1.34337,1.3437000000000001,1.34325,1.34367
2026-05-29 07:45:00,1.34366,1.34383,1.34362,1.34381
2026-05-29 08:00:00,1.34382,1.34406,1.34375,1.34403
2026-05-29 08:15:00,1.34402,1.34418,1.34397,1.34402
2026-05-29 08:30:00,1.3439999999999999,1.3439999999999999,1.34359,1.34376
2026-05-29 08:45:00,1.34375,1.34401,1.34367,1.34386
2026-05-29 09:00:00,1.34385,1.3444,1.34371,1.34439
2026-05-29 09:15:00,1.3443800000000001,1.34439,1.34388,1.34396
2026-05-29 09:30:00,1.34397,1.34446,1.34355,1.34388
2026-05-29 09:45:00,1.34389,1.34436,1.34383,1.3442
2026-05-29 10:00:00,1.34417,1.34417,1.34315,1.34323
2026-05-29 10:15:00,1.34321,1.34338,1.34225,1.34236
2026-05-29 10:30:00,1.34235,1.3425799999999999,1.34176,1.34256
2026-05-29 10:45:00,1.3425500000000001,1.34277,1.34231,1.34259
2026-05-29 11:00:00,1.34257,1.34259,1.34186,1.3418999999999999
2026-05-29 11:15:00,1.34191,1.3421699999999999,1.3418,1.34196
2026-05-29 11:30:00,1.3419699999999999,1.34226,1.34155,1.34164
2026-05-29 11:45:00,1.3416299999999999,1.34164,1.34084,1.34115
2026-05-29 12:00:00,1.34116,1.3416299999999999,1.34094,1.3415599999999999
2026-05-29 12:15:00,1.34155,1.34193,1.3412600000000001,1.34152
2026-05-29 12:30:00,1.3415300000000001,1.34158,1.34106,1.34127
2026-05-29 12:45:00,1.34125,1.3418999999999999,1.34124,1.34176
2026-05-29 13:00:00,1.34175,1.34176,1.34127,1.34151
2026-05-29 13:15:00,1.3415,1.34178,1.34132,1.34141
2026-05-29 13:30:00,1.34142,1.34162,1.34113,1.34135
2026-05-29 13:45:00,1.34134,1.34182,1.3409900000000001,1.34178
2026-05-29 14:00:00,1.34177,1.34201,1.34155,1.3416299999999999
2026-05-29 14:15:00,1.34162,1.34196,1.3415300000000001,1.34191
2026-05-29 14:30:00,1.34192,1.34257,1.34166,1.3425
2026-05-29 14:45:00,1.3425099999999999,1.34296,1.3419400000000001,1.34289
2026-05-29 15:00:00,1.3429,1.34298,1.34244,1.34286
2026-05-29 15:15:00,1.3428499999999999,1.34294,1.3423,1.34254
2026-05-29 15:30:00,1.34253,1.34296,1.34208,1.34295
2026-05-29 15:45:00,1.34294,1.34344,1.34267,1.3434
2026-05-29 16:00:00,1.34341,1.34354,1.3430900000000001,1.34347
2026-05-29 16:15:00,1.34348,1.3444099999999999,1.34347,1.34408
2026-05-29 16:30:00,1.34409,1.34451,1.34388,1.34449
2026-05-29 16:45:00,1.34448,1.34471,1.34375,1.34386
2026-05-29 17:00:00,1.34389,1.34459,1.34367,1.34383
2026-05-29 17:15:00,1.34382,1.34397,1.34341,1.34394
2026-05-29 17:30:00,1.34393,1.34406,1.34296,1.34398
2026-05-29 17:45:00,1.34397,1.34809,1.3437999999999999,1.34776
2026-05-29 18:00:00,1.34775,1.34846,1.34756,1.34827
2026-05-29 18:15:00,1.34829,1.34852,1.34729,1.34744
2026-05-29 18:30:00,1.34747,1.34853,1.34699,1.34717
