datetime,open,high,low,close
2026-04-30 18:30:00,1.3612,1.3612,1.3603399999999999,1.36081
2026-04-30 18:45:00,1.36082,1.36112,1.36054,1.36111
2026-04-30 19:00:00,1.36111,1.36123,1.36052,1.36094
2026-04-30 19:15:00,1.3609499999999999,1.36132,1.36093,1.36098
2026-04-30 19:30:00,1.36099,1.36104,1.36055,1.361
2026-04-30 19:45:00,1.36099,1.3612199999999999,1.36099,1.36121
2026-04-30 20:00:00,1.3612,1.36147,1.36076,1.36137
2026-04-30 20:15:00,1.36136,1.36154,1.36084,1.3612
2026-04-30 20:30:00,1.3612199999999999,1.3614,1.36102,1.36139
2026-04-30 20:45:00,1.36139,1.36142,1.36093,1.36109
2026-04-30 21:00:00,1.3611,1.3611,1.36036,1.36037
2026-04-30 21:15:00,1.36038,1.36048,1.35972,1.35982
2026-04-30 21:30:00,1.35981,1.35981,1.3591199999999999,1.35922
2026-04-30 21:45:00,1.35921,1.35921,1.3585,1.35857
2026-04-30 22:00:00,1.35858,1.35866,1.3581699999999999,1.35866
2026-04-30 22:15:00,1.35866,1.35901,1.35864,1.35879
2026-04-30 22:30:00,1.35879,1.35897,1.35834,1.35845
2026-04-30 22:45:00,1.3584399999999999,1.35864,1.35803,1.35835
2026-04-30 23:00:00,1.35835,1.35855,1.3581400000000001,1.35833
2026-04-30 23:15:00,1.35832,1.35847,1.3581699999999999,1.35827
2026-04-30 23:30:00,1.35826,1.3584,1.35798,1.3584
2026-04-30 23:45:00,1.35838,1.35839,1.3578999999999999,1.35792
2026-05-01 00:00:00,1.3578299999999999,1.35796,1.35723,1.35791
2026-05-01 00:15:00,1.35799,1.35827,1.35798,1.35819
2026-05-01 00:30:00,1.35816,1.35828,1.35802,1.35821
2026-05-01 00:45:00,1.35819,1.35827,1.35809,1.35821
2026-05-01 01:00:00,1.35819,1.3584100000000001,1.3578299999999999,1.3584
2026-05-01 01:15:00,1.3584100000000001,1.3584100000000001,1.35837,1.35837
2026-05-01 01:30:00,1.35838,1.3584,1.35827,1.35831
2026-05-01 01:45:00,1.35829,1.35836,1.35797,1.35805
2026-05-01 02:00:00,1.35806,1.35819,1.35779,1.3578000000000001
2026-05-01 02:15:00,1.35779,1.35781,1.3577,1.35773
2026-05-01 02:30:00,1.35772,1.3578000000000001,1.35767,1.35779
2026-05-01 02:45:00,1.35779,1.35813,1.35773,1.358
2026-05-01 03:00:00,1.358,1.35812,1.35752,1.35789
2026-05-01 03:15:00,1.35788,1.35794,1.35769,1.35782
2026-05-01 03:30:00,1.35782,1.35785,1.35758,1.35759
2026-05-01 03:45:00,1.35758,1.35792,1.3571900000000001,1.35791
2026-05-01 04:00:00,1.35791,1.35825,1.3577,1.35772
2026-05-01 04:15:00,1.35773,1.35788,1.3576,1.35765
2026-05-01 04:30:00,1.35763,1.3578299999999999,1.35761,1.35773
2026-05-01 04:45:00,1.35774,1.35776,1.35758,1.35762
2026-05-01 05:00:00,1.35761,1.35766,1.35727,1.35743
2026-05-01 05:15:00,1.35744,1.35746,1.35723,1.35732
2026-05-01 05:30:00,1.3573,1.35762,1.35725,1.3576
2026-05-01 05:45:00,1.35761,1.35785,1.35752,1.3575300000000001
2026-05-01 06:00:00,1.35752,1.35768,1.35728,1.35728
2026-05-01 06:15:00,1.35728,1.35735,1.35725,1.35728
2026-05-01 06:30:00,1.35727,1.35773,1.35727,1.35769
2026-05-01 06:45:00,1.3577,1.35806,1.35766,1.35798
2026-05-01 07:00:00,1.35799,1.35831,1.35798,1.35826
2026-05-01 07:15:00,1.35825,1.35855,1.35824,1.35845
2026-05-01 07:30:00,1.35845,1.35861,1.3584399999999999,1.35855
2026-05-01 07:45:00,1.35855,1.35865,1.35849,1.35865
2026-05-01 08:00:00,1.35865,1.35866,1.3584800000000001,1.35857
2026-05-01 08:15:00,1.35858,1.35866,1.35854,1.35862
2026-05-01 08:30:00,1.35863,1.3587799999999999,1.35857,1.35867
2026-05-01 08:45:00,1.35867,1.35873,1.35856,1.35858
2026-05-01 09:00:00,1.35857,1.35865,1.35825,1.35858
2026-05-01 09:15:00,1.35857,1.35872,1.3585,1.35864
2026-05-01 09:30:00,1.35865,1.35872,1.35839,1.35845
2026-05-01 09:45:00,1.35846,1.3584800000000001,1.35699,1.35779
2026-05-01 10:00:00,1.35778,1.35821,1.35768,1.35793
2026-05-01 10:15:00,1.35792,1.35811,1.35762,1.35767
2026-05-01 10:30:00,1.35766,1.3580999999999999,1.3576,1.35778
2026-05-01 10:45:00,1.35779,1.35818,1.3575300000000001,1.35779
2026-05-01 11:00:00,1.35778,1.35819,1.35757,1.35809
2026-05-01 11:15:00,1.3580999999999999,1.3580999999999999,1.35732,1.35738
2026-05-01 11:30:00,1.35737,1.35771,1.35713,1.35732
2026-05-01 11:45:00,1.35734,1.35761,1.35721,1.35724
2026-05-01 12:00:00,1.35724,1.35764,1.35702,1.35741
2026-05-01 12:15:00,1.35741,1.35795,1.35734,1.35785
2026-05-01 12:30:00,1.35784,1.358,1.35763,1.35772
2026-05-01 12:45:00,1.35773,1.35802,1.35758,1.3578700000000001
2026-05-01 13:00:00,1.3578999999999999,1.35802,1.35738,1.35739
2026-05-01 13:15:00,1.3574,1.35742,1.3569,1.35709
2026-05-01 13:30:00,1.3571,1.3572899999999999,1.35698,1.35724
2026-05-01 13:45:00,1.35725,1.3572899999999999,1.35704,1.35707
2026-05-01 14:00:00,1.35708,1.35708,1.35644,1.35645
2026-05-01 14:15:00,1.35647,1.35653,1.35614,1.35643
2026-05-01 14:30:00,1.35642,1.35681,1.35632,1.3566799999999999
2026-05-01 14:45:00,1.3566799999999999,1.3569499999999999,1.35659,1.35674
2026-05-01 15:00:00,1.35675,1.35694,1.35596,1.35618
2026-05-01 15:15:00,1.35619,1.35622,1.35499,1.35545
2026-05-01 15:30:00,1.3554599999999999,1.35602,1.35535,1.3559700000000001
2026-05-01 15:45:00,1.35595,1.35642,1.3557000000000001,1.35635
2026-05-01 16:00:00,1.35638,1.3564,1.3557299999999999,1.35575
2026-05-01 16:15:00,1.35575,1.35588,1.35541,1.35548
2026-05-01 16:30:00,1.35549,1.3559999999999999,1.35538,1.35592
2026-05-01 16:45:00,1.35593,1.3572,1.35591,1.3563100000000001
2026-05-01 17:00:00,1.3563100000000001,1.35701,1.35592,1.35656
2026-05-01 17:15:00,1.35656,1.357,1.35652,1.35681
2026-05-01 17:30:00,1.35681,1.35765,1.35657,1.35723
2026-05-01 17:45:00,1.35723,1.35765,1.35694,1.35735
2026-05-01 18:00:00,1.35735,1.35736,1.35666,1.35667
2026-05-01 18:15:00,1.35667,1.35727,1.35662,1.35718
2026-05-01 18:30:00,1.35717,1.35735,1.35701,1.3572899999999999
2026-05-01 18:45:00,1.3573,1.35798,1.35708,1.35743
2026-05-01 19:00:00,1.35743,1.35795,1.35735,1.3578999999999999
2026-05-01 19:15:00,1.35789,1.3585099999999999,1.35757,1.3583
2026-05-01 19:30:00,1.35829,1.35864,1.35819,1.35855
2026-05-01 19:45:00,1.35855,1.3587799999999999,1.35843,1.35876
2026-05-01 20:00:00,1.3587500000000001,1.35883,1.3584100000000001,1.35856
2026-05-01 20:15:00,1.35856,1.35881,1.3584399999999999,1.35879
2026-05-01 20:30:00,1.35879,1.35886,1.35853,1.35869
2026-05-01 20:45:00,1.3587,1.3589,1.35839,1.35865
2026-05-01 21:00:00,1.35863,1.35925,1.35861,1.359
2026-05-01 21:15:00,1.359,1.3593199999999999,1.35885,1.35893
2026-05-01 21:30:00,1.35892,1.35911,1.3587,1.35893
2026-05-01 21:45:00,1.35893,1.35893,1.35847,1.35847
2026-05-01 22:00:00,1.3585,1.35889,1.35837,1.3587500000000001
2026-05-01 22:15:00,1.35877,1.35877,1.35859,1.35869
2026-05-01 22:30:00,1.35869,1.3588,1.35863,1.3587500000000001
2026-05-01 22:45:00,1.35876,1.35915,1.35873,1.3591199999999999
2026-05-01 23:00:00,1.35911,1.35922,1.35872,1.35901
2026-05-01 23:15:00,1.3590200000000001,1.3591199999999999,1.35889,1.35911
2026-05-01 23:30:00,1.3591,1.35929,1.35893,1.35919
2026-05-01 23:45:00,1.35924,1.3593199999999999,1.35881,1.35881
2026-05-04 00:00:00,1.35798,1.35826,1.35771,1.35823
2026-05-04 00:15:00,1.3583,1.35838,1.35825,1.35834
2026-05-04 00:30:00,1.35838,1.35847,1.35832,1.35838
2026-05-04 00:45:00,1.35842,1.35863,1.35828,1.3585099999999999
2026-05-04 01:00:00,1.3584399999999999,1.35849,1.35748,1.35837
2026-05-04 01:15:00,1.35839,1.3588,1.35837,1.3586
2026-05-04 01:30:00,1.3586,1.35862,1.35822,1.35834
2026-05-04 01:45:00,1.35833,1.3586,1.35831,1.35856
2026-05-04 02:00:00,1.35857,1.35862,1.3584,1.35857
2026-05-04 02:15:00,1.35858,1.35864,1.3584100000000001,1.35859
2026-05-04 02:30:00,1.35858,1.35877,1.3584,1.3587500000000001
2026-05-04 02:45:00,1.3587500000000001,1.35891,1.35861,1.35877
2026-05-04 03:00:00,1.35877,1.3589,1.35821,1.3584
2026-05-04 03:15:00,1.3584100000000001,1.35879,1.35837,1.35868
2026-05-04 03:30:00,1.35867,1.35874,1.35854,1.3587
2026-05-04 03:45:00,1.3587,1.35892,1.35861,1.35876
2026-05-04 04:00:00,1.35876,1.35944,1.35874,1.35925
2026-05-04 04:15:00,1.35924,1.35957,1.35887,1.35935
2026-05-04 04:30:00,1.35934,1.35955,1.359,1.35901
2026-05-04 04:45:00,1.35901,1.35927,1.35898,1.35899
2026-05-04 05:00:00,1.35899,1.35915,1.3587799999999999,1.35908
2026-05-04 05:15:00,1.35907,1.35951,1.35907,1.3594300000000001
2026-05-04 05:30:00,1.3594300000000001,1.35948,1.3591,1.35918
2026-05-04 05:45:00,1.35917,1.3592,1.35899,1.35904
2026-05-04 06:00:00,1.35904,1.3593199999999999,1.35904,1.35921
2026-05-04 06:15:00,1.35921,1.35926,1.3591199999999999,1.35924
2026-05-04 06:30:00,1.35924,1.35935,1.35913,1.35915
2026-05-04 06:45:00,1.35915,1.35915,1.35837,1.35857
2026-05-04 07:00:00,1.35857,1.35876,1.3584399999999999,1.35873
2026-05-04 07:15:00,1.35874,1.35903,1.35864,1.35893
2026-05-04 07:30:00,1.35892,1.3590200000000001,1.3588,1.35893
2026-05-04 07:45:00,1.35895,1.3590499999999999,1.35891,1.35898
2026-05-04 08:00:00,1.35898,1.35906,1.3587500000000001,1.35898
2026-05-04 08:15:00,1.35899,1.35915,1.35877,1.35914
2026-05-04 08:30:00,1.35913,1.35917,1.35893,1.35895
2026-05-04 08:45:00,1.35895,1.3590499999999999,1.35879,1.35895
2026-05-04 09:00:00,1.35894,1.35931,1.35889,1.35913
2026-05-04 09:15:00,1.3591199999999999,1.35925,1.35904,1.3590499999999999
2026-05-04 09:30:00,1.3590499999999999,1.35961,1.35901,1.35955
2026-05-04 09:45:00,1.35956,1.35988,1.35953,1.3596
2026-05-04 10:00:00,1.35959,1.35986,1.35958,1.35967
2026-05-04 10:15:00,1.35968,1.36045,1.35961,1.36042
2026-05-04 10:30:00,1.36041,1.36053,1.36022,1.36049
2026-05-04 10:45:00,1.3605,1.36067,1.3602400000000001,1.36054
2026-05-04 11:00:00,1.36053,1.36075,1.36037,1.36044
2026-05-04 11:15:00,1.36045,1.36056,1.36015,1.3602
2026-05-04 11:30:00,1.36021,1.36032,1.36014,1.3602699999999999
2026-05-04 11:45:00,1.3602699999999999,1.3603,1.36002,1.36012
2026-05-04 12:00:00,1.3601,1.36013,1.35977,1.3600400000000001
2026-05-04 12:15:00,1.3600400000000001,1.36033,1.35983,1.36025
2026-05-04 12:30:00,1.3602400000000001,1.36045,1.36007,1.36021
2026-05-04 12:45:00,1.36021,1.36048,1.36018,1.36039
2026-05-04 13:00:00,1.3604,1.36165,1.36032,1.36147
2026-05-04 13:15:00,1.36145,1.36192,1.36096,1.36096
2026-05-04 13:30:00,1.36096,1.36107,1.3602,1.36042
2026-05-04 13:45:00,1.36042,1.36045,1.36012,1.36035
2026-05-04 14:00:00,1.3603399999999999,1.36083,1.36011,1.36079
2026-05-04 14:15:00,1.36078,1.36112,1.3607,1.36107
2026-05-04 14:30:00,1.36107,1.3615300000000001,1.36105,1.36121
2026-05-04 14:45:00,1.36121,1.3618000000000001,1.36121,1.36166
2026-05-04 15:00:00,1.36167,1.36174,1.36134,1.36143
2026-05-04 15:15:00,1.36142,1.36152,1.36074,1.36091
2026-05-04 15:30:00,1.3609200000000001,1.36152,1.36087,1.3614
2026-05-04 15:45:00,1.3614,1.36172,1.36133,1.36166
2026-05-04 16:00:00,1.36167,1.36192,1.3608,1.36159
2026-05-04 16:15:00,1.3616,1.36174,1.36143,1.36144
2026-05-04 16:30:00,1.36142,1.36163,1.36111,1.3615300000000001
2026-05-04 16:45:00,1.3615300000000001,1.36161,1.36081,1.3608500000000001
2026-05-04 17:00:00,1.36087,1.36114,1.36077,1.36103
2026-05-04 17:15:00,1.36102,1.36106,1.36055,1.3605800000000001
2026-05-04 17:30:00,1.36059,1.3607,1.3602699999999999,1.3603399999999999
2026-05-04 17:45:00,1.3603399999999999,1.36104,1.3602400000000001,1.36077
2026-05-04 18:00:00,1.36077,1.36112,1.36028,1.36049
2026-05-04 18:15:00,1.36048,1.36121,1.36007,1.36047
2026-05-04 18:30:00,1.36045,1.3609200000000001,1.36019,1.36089
2026-05-04 18:45:00,1.3608799999999999,1.3616,1.36068,1.361
2026-05-04 19:00:00,1.36099,1.36174,1.36081,1.36169
2026-05-04 19:15:00,1.3617,1.36174,1.36086,1.3611
2026-05-04 19:30:00,1.36111,1.36135,1.36094,1.36134
2026-05-04 19:45:00,1.36134,1.36164,1.3612199999999999,1.3615599999999999
2026-05-04 20:00:00,1.36155,1.36158,1.36116,1.3612600000000001
2026-05-04 20:15:00,1.36127,1.36139,1.36093,1.3611900000000001
2026-05-04 20:30:00,1.3611900000000001,1.36132,1.3608500000000001,1.36101
2026-05-04 20:45:00,1.361,1.3612,1.36087,1.3611
2026-05-04 21:00:00,1.36109,1.36111,1.36052,1.36078
2026-05-04 21:15:00,1.36077,1.36089,1.36037,1.36039
2026-05-04 21:30:00,1.36039,1.3609,1.3603399999999999,1.3609
2026-05-04 21:45:00,1.36089,1.36105,1.36037,1.36039
2026-05-04 22:00:00,1.36037,1.361,1.3603399999999999,1.36079
2026-05-04 22:15:00,1.3608,1.36106,1.36072,1.36098
2026-05-04 22:30:00,1.36099,1.3611,1.36077,1.361
2026-05-04 22:45:00,1.361,1.36136,1.3609200000000001,1.36129
2026-05-04 23:00:00,1.36129,1.36193,1.36129,1.36192
2026-05-04 23:15:00,1.36192,1.36259,1.36192,1.36204
2026-05-04 23:30:00,1.36205,1.36242,1.362,1.36205
2026-05-04 23:45:00,1.36206,1.3625099999999999,1.36175,1.36226
2026-05-05 00:00:00,1.36198,1.36229,1.3608,1.36185
2026-05-05 00:15:00,1.36175,1.36195,1.36175,1.3618700000000001
2026-05-05 00:30:00,1.36188,1.36193,1.36178,1.36186
2026-05-05 00:45:00,1.3618000000000001,1.36189,1.36145,1.3615300000000001
2026-05-05 01:00:00,1.36151,1.36252,1.36151,1.3625099999999999
2026-05-05 01:15:00,1.36252,1.36257,1.36234,1.36235
2026-05-05 01:30:00,1.36236,1.36236,1.36216,1.36222
2026-05-05 01:45:00,1.36222,1.36246,1.36221,1.3624399999999999
2026-05-05 02:00:00,1.36239,1.36239,1.36221,1.36223
2026-05-05 02:15:00,1.36223,1.36226,1.3621400000000001,1.36223
2026-05-05 02:30:00,1.36223,1.36234,1.36215,1.36218
2026-05-05 02:45:00,1.3621699999999999,1.36222,1.362,1.36203
2026-05-05 03:00:00,1.36204,1.36226,1.36174,1.36197
2026-05-05 03:15:00,1.362,1.3624800000000001,1.362,1.36242
2026-05-05 03:30:00,1.36243,1.3627099999999999,1.3624100000000001,1.36262
2026-05-05 03:45:00,1.36263,1.36263,1.36235,1.36258
2026-05-05 04:00:00,1.36259,1.3628,1.36238,1.36239
2026-05-05 04:15:00,1.36239,1.36269,1.36238,1.36261
2026-05-05 04:30:00,1.3626,1.3626800000000001,1.36218,1.36233
2026-05-05 04:45:00,1.36232,1.36233,1.36203,1.3621400000000001
2026-05-05 05:00:00,1.36213,1.3622,1.36198,1.36212
2026-05-05 05:15:00,1.3620999999999999,1.36215,1.36193,1.36202
2026-05-05 05:30:00,1.36203,1.3620999999999999,1.36192,1.36203
2026-05-05 05:45:00,1.36204,1.3622,1.3618999999999999,1.36219
2026-05-05 06:00:00,1.36219,1.36233,1.3621400000000001,1.36219
2026-05-05 06:15:00,1.36219,1.36222,1.36202,1.36211
2026-05-05 06:30:00,1.36212,1.36237,1.36212,1.36229
2026-05-05 06:45:00,1.36229,1.3624800000000001,1.36228,1.3624399999999999
2026-05-05 07:00:00,1.3624399999999999,1.36245,1.36218,1.36228
2026-05-05 07:15:00,1.36229,1.3624100000000001,1.36222,1.36225
2026-05-05 07:30:00,1.36224,1.36235,1.36206,1.36231
2026-05-05 07:45:00,1.36231,1.36283,1.3623,1.3627799999999999
2026-05-05 08:00:00,1.3627799999999999,1.36298,1.36258,1.3626800000000001
2026-05-05 08:15:00,1.3627,1.36287,1.36256,1.36276
2026-05-05 08:30:00,1.36276,1.3628,1.36246,1.36258
2026-05-05 08:45:00,1.36257,1.36261,1.36236,1.36247
2026-05-05 09:00:00,1.3624800000000001,1.3626,1.36209,1.36219
2026-05-05 09:15:00,1.36219,1.36239,1.36198,1.36203
2026-05-05 09:30:00,1.36203,1.36204,1.36177,1.36179
2026-05-05 09:45:00,1.36177,1.36195,1.36166,1.36188
2026-05-05 10:00:00,1.36186,1.36216,1.36152,1.36189
2026-05-05 10:15:00,1.3618999999999999,1.36196,1.36172,1.36185
2026-05-05 10:30:00,1.36184,1.36188,1.36125,1.36128
2026-05-05 10:45:00,1.36127,1.36195,1.36124,1.36194
2026-05-05 11:00:00,1.36196,1.36199,1.36148,1.36164
2026-05-05 11:15:00,1.36165,1.36165,1.36114,1.36136
2026-05-05 11:30:00,1.36137,1.36169,1.36125,1.36143
2026-05-05 11:45:00,1.36142,1.36171,1.36127,1.36169
2026-05-05 12:00:00,1.36169,1.36195,1.36141,1.36165
2026-05-05 12:15:00,1.36165,1.362,1.36158,1.36181
2026-05-05 12:30:00,1.3618000000000001,1.362,1.3615300000000001,1.36162
2026-05-05 12:45:00,1.36163,1.36168,1.36105,1.36112
2026-05-05 13:00:00,1.36114,1.36139,1.36098,1.361
2026-05-05 13:15:00,1.36101,1.36111,1.36039,1.36045
2026-05-05 13:30:00,1.36047,1.36102,1.36042,1.361
2026-05-05 13:45:00,1.36098,1.36135,1.3609499999999999,1.3612
2026-05-05 14:00:00,1.36123,1.36192,1.3612,1.36165
2026-05-05 14:15:00,1.36164,1.36172,1.36078,1.36079
2026-05-05 14:30:00,1.36077,1.36133,1.36076,1.36125
2026-05-05 14:45:00,1.36125,1.36136,1.36094,1.36129
2026-05-05 15:00:00,1.36132,1.3617,1.36118,1.36169
2026-05-05 15:15:00,1.36168,1.36185,1.3614,1.36158
2026-05-05 15:30:00,1.36158,1.36243,1.36157,1.3624
2026-05-05 15:45:00,1.36239,1.3627,1.36222,1.36222
2026-05-05 16:00:00,1.36223,1.36223,1.36109,1.36115
2026-05-05 16:15:00,1.36115,1.36121,1.36078,1.36104
2026-05-05 16:30:00,1.36103,1.3618700000000001,1.36093,1.36164
2026-05-05 16:45:00,1.36164,1.36178,1.3611900000000001,1.36123
2026-05-05 17:00:00,1.36124,1.3615599999999999,1.36077,1.36147
2026-05-05 17:15:00,1.36148,1.36173,1.3607,1.36079
2026-05-05 17:30:00,1.36078,1.3612600000000001,1.36067,1.36098
2026-05-05 17:45:00,1.36097,1.3618000000000001,1.36091,1.36175
2026-05-05 18:00:00,1.36173,1.3620700000000001,1.36111,1.3613
2026-05-05 18:15:00,1.36131,1.3617,1.3611900000000001,1.3614
2026-05-05 18:30:00,1.3614,1.36169,1.36081,1.36083
2026-05-05 18:45:00,1.36083,1.36101,1.3606500000000001,1.36094
2026-05-05 19:00:00,1.36094,1.36154,1.36064,1.36145
2026-05-05 19:15:00,1.36145,1.36196,1.36145,1.36179
2026-05-05 19:30:00,1.36178,1.3621400000000001,1.3617,1.36171
2026-05-05 19:45:00,1.36172,1.36202,1.36168,1.36196
2026-05-05 20:00:00,1.36197,1.36254,1.36184,1.36253
2026-05-05 20:15:00,1.36253,1.36262,1.36228,1.3623
2026-05-05 20:30:00,1.3623,1.3623,1.36182,1.36205
2026-05-05 20:45:00,1.36202,1.3621400000000001,1.36175,1.36188
2026-05-05 21:00:00,1.36188,1.36195,1.36174,1.36185
2026-05-05 21:15:00,1.36186,1.36195,1.36177,1.3618000000000001
2026-05-05 21:30:00,1.36179,1.36197,1.36174,1.36184
2026-05-05 21:45:00,1.36182,1.36184,1.36158,1.36166
2026-05-05 22:00:00,1.36166,1.362,1.36161,1.36194
2026-05-05 22:15:00,1.36194,1.36199,1.36168,1.36199
2026-05-05 22:30:00,1.36198,1.36229,1.3618999999999999,1.36225
2026-05-05 22:45:00,1.36226,1.36245,1.36212,1.36234
2026-05-05 23:00:00,1.36235,1.36246,1.36209,1.3621400000000001
2026-05-05 23:15:00,1.36216,1.36216,1.36172,1.36193
2026-05-05 23:30:00,1.36193,1.3623,1.36193,1.36221
2026-05-05 23:45:00,1.36222,1.36238,1.36174,1.36178
2026-05-06 00:00:00,1.3614,1.3614,1.3607,1.36129
2026-05-06 00:15:00,1.36129,1.3615599999999999,1.36118,1.3615599999999999
2026-05-06 00:30:00,1.36151,1.36181,1.36143,1.36181
2026-05-06 00:45:00,1.3618000000000001,1.3618000000000001,1.36112,1.36128
2026-05-06 01:00:00,1.36136,1.36204,1.36136,1.36202
2026-05-06 01:15:00,1.36201,1.3621699999999999,1.36198,1.3620700000000001
2026-05-06 01:30:00,1.3620700000000001,1.3620700000000001,1.36197,1.36202
2026-05-06 01:45:00,1.36201,1.36204,1.36082,1.36096
2026-05-06 02:00:00,1.3609499999999999,1.36112,1.36007,1.36019
2026-05-06 02:15:00,1.36018,1.3602,1.35959,1.36012
2026-05-06 02:30:00,1.36012,1.36025,1.35984,1.36025
2026-05-06 02:45:00,1.36025,1.3605,1.36009,1.36044
2026-05-06 03:00:00,1.36045,1.3606500000000001,1.36022,1.36052
2026-05-06 03:15:00,1.36055,1.36078,1.36014,1.36055
2026-05-06 03:30:00,1.36054,1.3606500000000001,1.35984,1.35999
2026-05-06 03:45:00,1.35999,1.36002,1.35964,1.35971
2026-05-06 04:00:00,1.3597299999999999,1.35996,1.35962,1.35994
2026-05-06 04:15:00,1.35995,1.3599999999999999,1.35956,1.35971
2026-05-06 04:30:00,1.35972,1.36005,1.35971,1.35985
2026-05-06 04:45:00,1.35984,1.35985,1.35952,1.35975
2026-05-06 05:00:00,1.35975,1.35985,1.35962,1.3598
2026-05-06 05:15:00,1.35979,1.36003,1.35974,1.35999
2026-05-06 05:30:00,1.3599999999999999,1.3602699999999999,1.35996,1.3602699999999999
2026-05-06 05:45:00,1.36026,1.36032,1.3599999999999999,1.36012
2026-05-06 06:00:00,1.36012,1.36018,1.35969,1.35983
2026-05-06 06:15:00,1.35984,1.35999,1.35976,1.35998
2026-05-06 06:30:00,1.3599700000000001,1.36015,1.3598,1.3599700000000001
2026-05-06 06:45:00,1.35996,1.36008,1.35986,1.36003
2026-05-06 07:00:00,1.36002,1.36011,1.35992,1.35995
2026-05-06 07:15:00,1.35996,1.36008,1.35957,1.35961
2026-05-06 07:30:00,1.35961,1.35964,1.3589,1.35907
2026-05-06 07:45:00,1.35908,1.35915,1.3583,1.35869
2026-05-06 08:00:00,1.35869,1.3589,1.3585,1.35884
2026-05-06 08:15:00,1.35885,1.3593,1.35876,1.35903
2026-05-06 08:30:00,1.35904,1.35923,1.35893,1.35915
2026-05-06 08:45:00,1.35916,1.35917,1.35887,1.35892
2026-05-06 09:00:00,1.35891,1.35992,1.35888,1.35959
2026-05-06 09:15:00,1.35958,1.35972,1.35937,1.3595
2026-05-06 09:30:00,1.35951,1.35961,1.359,1.35904
2026-05-06 09:45:00,1.3590499999999999,1.35907,1.35854,1.35864
2026-05-06 10:00:00,1.35864,1.35946,1.35825,1.3593899999999999
2026-05-06 10:15:00,1.35937,1.3596,1.35919,1.3593
2026-05-06 10:30:00,1.3593,1.3596,1.35907,1.35957
2026-05-06 10:45:00,1.35958,1.3597000000000001,1.35913,1.35915
2026-05-06 11:00:00,1.35917,1.35975,1.35911,1.35942
2026-05-06 11:15:00,1.35942,1.35957,1.35903,1.35925
2026-05-06 11:30:00,1.35924,1.3593600000000001,1.35855,1.35866
2026-05-06 11:45:00,1.35866,1.35872,1.35777,1.35849
2026-05-06 12:00:00,1.3584800000000001,1.3595,1.35829,1.35944
2026-05-06 12:15:00,1.35944,1.35959,1.35884,1.35921
2026-05-06 12:30:00,1.3592,1.35937,1.35883,1.35926
2026-05-06 12:45:00,1.35925,1.3593600000000001,1.35904,1.3590499999999999
2026-05-06 13:00:00,1.3590499999999999,1.35951,1.35888,1.3595
2026-05-06 13:15:00,1.3595,1.36028,1.3595,1.36008
2026-05-06 13:30:00,1.36007,1.3602400000000001,1.35928,1.35949
2026-05-06 13:45:00,1.35949,1.35951,1.35829,1.35887
2026-05-06 14:00:00,1.35887,1.36006,1.35887,1.35995
2026-05-06 14:15:00,1.35994,1.36006,1.3594,1.35994
2026-05-06 14:30:00,1.35993,1.36023,1.35964,1.36016
2026-05-06 14:45:00,1.36015,1.36047,1.3593199999999999,1.35957
2026-05-06 15:00:00,1.35957,1.36075,1.3595,1.36048
2026-05-06 15:15:00,1.36049,1.3609499999999999,1.36006,1.3603100000000001
2026-05-06 15:30:00,1.3603,1.3612,1.36019,1.36094
2026-05-06 15:45:00,1.3609499999999999,1.36134,1.36071,1.36107
2026-05-06 16:00:00,1.36109,1.36169,1.3608799999999999,1.36124
2026-05-06 16:15:00,1.36123,1.3614,1.36067,1.3614
2026-05-06 16:30:00,1.36139,1.36178,1.36125,1.36154
2026-05-06 16:45:00,1.3615300000000001,1.36182,1.36132,1.36179
2026-05-06 17:00:00,1.36179,1.3623,1.36132,1.36227
2026-05-06 17:15:00,1.36227,1.36232,1.36175,1.36202
2026-05-06 17:30:00,1.36201,1.36204,1.36124,1.36151
2026-05-06 17:45:00,1.36152,1.36237,1.36141,1.36157
2026-05-06 18:00:00,1.36159,1.36252,1.36152,1.3624100000000001
2026-05-06 18:15:00,1.36242,1.36256,1.36196,1.3621699999999999
2026-05-06 18:30:00,1.3621699999999999,1.36239,1.36184,1.36203
2026-05-06 18:45:00,1.36205,1.36253,1.36197,1.36222
2026-05-06 19:00:00,1.36222,1.36296,1.36222,1.36285
2026-05-06 19:15:00,1.36285,1.36315,1.36281,1.36296
2026-05-06 19:30:00,1.36297,1.3630200000000001,1.36258,1.36289
2026-05-06 19:45:00,1.3629,1.36355,1.3628,1.36342
2026-05-06 20:00:00,1.36345,1.36383,1.36343,1.36377
2026-05-06 20:15:00,1.36378,1.36411,1.36324,1.3633199999999999
2026-05-06 20:30:00,1.3633199999999999,1.3639299999999999,1.36328,1.3639000000000001
2026-05-06 20:45:00,1.36389,1.3639999999999999,1.36375,1.36381
2026-05-06 21:00:00,1.36382,1.36396,1.36355,1.36365
2026-05-06 21:15:00,1.3636599999999999,1.3639700000000001,1.36358,1.3639000000000001
2026-05-06 21:30:00,1.3639000000000001,1.3641,1.36364,1.36394
2026-05-06 21:45:00,1.36395,1.36401,1.36337,1.36361
2026-05-06 22:00:00,1.3636,1.3637000000000001,1.36313,1.36327
2026-05-06 22:15:00,1.36326,1.3633199999999999,1.3630200000000001,1.36323
2026-05-06 22:30:00,1.36324,1.3633899999999999,1.36307,1.36337
2026-05-06 22:45:00,1.36337,1.36356,1.36324,1.36355
2026-05-06 23:00:00,1.36356,1.36386,1.36325,1.36327
2026-05-06 23:15:00,1.36327,1.3633199999999999,1.36286,1.36297
2026-05-06 23:30:00,1.36297,1.36318,1.36287,1.36299
2026-05-06 23:45:00,1.36297,1.36337,1.36296,1.36307
2026-05-07 00:00:00,1.36281,1.36281,1.36209,1.36234
2026-05-07 00:15:00,1.3624100000000001,1.3632,1.36237,1.36263
2026-05-07 00:30:00,1.36263,1.36303,1.36262,1.363
2026-05-07 00:45:00,1.363,1.3630900000000001,1.3628,1.36288
2026-05-07 01:00:00,1.36288,1.36342,1.36284,1.36323
2026-05-07 01:15:00,1.3632,1.3633199999999999,1.36316,1.3632900000000001
2026-05-07 01:30:00,1.3632900000000001,1.3633,1.3631199999999999,1.36317
2026-05-07 01:45:00,1.36318,1.3633600000000001,1.36316,1.3632900000000001
2026-05-07 02:00:00,1.36328,1.3633899999999999,1.36311,1.3632
2026-05-07 02:15:00,1.3632,1.36342,1.3632,1.3634
2026-05-07 02:30:00,1.3633899999999999,1.36356,1.3633899999999999,1.36351
2026-05-07 02:45:00,1.36349,1.36379,1.3633899999999999,1.36368
2026-05-07 03:00:00,1.36369,1.36391,1.36347,1.36351
2026-05-07 03:15:00,1.36353,1.36405,1.36351,1.36398
2026-05-07 03:30:00,1.3639700000000001,1.36415,1.3639299999999999,1.36402
2026-05-07 03:45:00,1.36404,1.36412,1.36369,1.3638
2026-05-07 04:00:00,1.36379,1.36398,1.36314,1.3633600000000001
2026-05-07 04:15:00,1.36334,1.3633600000000001,1.3630900000000001,1.36314
2026-05-07 04:30:00,1.36315,1.36326,1.36274,1.36283
2026-05-07 04:45:00,1.36284,1.36318,1.36284,1.36317
2026-05-07 05:00:00,1.36318,1.36367,1.36306,1.36357
2026-05-07 05:15:00,1.36356,1.36379,1.36349,1.36367
2026-05-07 05:30:00,1.3636599999999999,1.36416,1.36359,1.36407
2026-05-07 05:45:00,1.36406,1.36407,1.36359,1.36367
2026-05-07 06:00:00,1.36367,1.36378,1.36361,1.3637000000000001
2026-05-07 06:15:00,1.3637000000000001,1.36371,1.36355,1.36367
2026-05-07 06:30:00,1.36367,1.36385,1.36365,1.36372
2026-05-07 06:45:00,1.36371,1.36398,1.36371,1.36395
2026-05-07 07:00:00,1.36395,1.36398,1.36354,1.36357
2026-05-07 07:15:00,1.36357,1.36359,1.3633199999999999,1.36349
2026-05-07 07:30:00,1.36348,1.36349,1.36318,1.36322
2026-05-07 07:45:00,1.36323,1.36354,1.36323,1.36352
2026-05-07 08:00:00,1.36353,1.36359,1.3633899999999999,1.36352
2026-05-07 08:15:00,1.36353,1.3636599999999999,1.36349,1.36355
2026-05-07 08:30:00,1.36355,1.3636,1.36348,1.36352
2026-05-07 08:45:00,1.36352,1.36392,1.36349,1.3637000000000001
2026-05-07 09:00:00,1.3637000000000001,1.3639999999999999,1.36367,1.36398
2026-05-07 09:15:00,1.3639700000000001,1.36426,1.36384,1.36423
2026-05-07 09:30:00,1.36423,1.3643399999999999,1.3630900000000001,1.3631199999999999
2026-05-07 09:45:00,1.36313,1.36384,1.3631,1.36365
2026-05-07 10:00:00,1.3636599999999999,1.36367,1.36263,1.3626800000000001
2026-05-07 10:15:00,1.36269,1.36388,1.3625099999999999,1.36371
2026-05-07 10:30:00,1.36372,1.36383,1.36295,1.36307
2026-05-07 10:45:00,1.36307,1.36331,1.3624399999999999,1.36258
2026-05-07 11:00:00,1.36257,1.36281,1.36234,1.3624
2026-05-07 11:15:00,1.36239,1.36296,1.36238,1.36249
2026-05-07 11:30:00,1.3625,1.36272,1.36229,1.36254
2026-05-07 11:45:00,1.36255,1.3626800000000001,1.36239,1.36254
2026-05-07 12:00:00,1.36256,1.36279,1.36246,1.36255
2026-05-07 12:15:00,1.36255,1.36296,1.36254,1.36273
2026-05-07 12:30:00,1.36274,1.36284,1.3620700000000001,1.36209
2026-05-07 12:45:00,1.36208,1.36259,1.362,1.3624399999999999
2026-05-07 13:00:00,1.36245,1.36255,1.36225,1.3624399999999999
2026-05-07 13:15:00,1.3624399999999999,1.36246,1.36203,1.36218
2026-05-07 13:30:00,1.36219,1.36259,1.36211,1.3623
2026-05-07 13:45:00,1.36229,1.36289,1.36228,1.36261
2026-05-07 14:00:00,1.3626,1.36265,1.36212,1.36254
2026-05-07 14:15:00,1.36255,1.36285,1.3625,1.36264
2026-05-07 14:30:00,1.36263,1.36317,1.3624800000000001,1.36315
2026-05-07 14:45:00,1.36314,1.36322,1.3626800000000001,1.36293
2026-05-07 15:00:00,1.36293,1.36299,1.36239,1.3629
2026-05-07 15:15:00,1.3629,1.36351,1.36274,1.3631199999999999
2026-05-07 15:30:00,1.36313,1.36342,1.36294,1.36294
2026-05-07 15:45:00,1.36295,1.36356,1.36289,1.3633899999999999
2026-05-07 16:00:00,1.3634,1.36414,1.3634,1.3636599999999999
2026-05-07 16:15:00,1.36367,1.3638,1.36318,1.36322
2026-05-07 16:30:00,1.36322,1.36356,1.3630200000000001,1.36325
2026-05-07 16:45:00,1.36324,1.36392,1.36322,1.3639000000000001
2026-05-07 17:00:00,1.36392,1.36447,1.36354,1.36359
2026-05-07 17:15:00,1.36358,1.3639700000000001,1.3634,1.3635
2026-05-07 17:30:00,1.36347,1.36347,1.363,1.36304
2026-05-07 17:45:00,1.36303,1.36357,1.36282,1.36346
2026-05-07 18:00:00,1.36346,1.36353,1.3631199999999999,1.3633899999999999
2026-05-07 18:15:00,1.36338,1.3642699999999999,1.36337,1.36384
2026-05-07 18:30:00,1.36384,1.36388,1.3632900000000001,1.36371
2026-05-07 18:45:00,1.3637000000000001,1.36402,1.36357,1.36371
2026-05-07 19:00:00,1.36372,1.36418,1.36349,1.36394
2026-05-07 19:15:00,1.36395,1.36404,1.36313,1.36315
2026-05-07 19:30:00,1.36314,1.36333,1.36289,1.3631
2026-05-07 19:45:00,1.36308,1.36347,1.36303,1.3631199999999999
2026-05-07 20:00:00,1.3631199999999999,1.3633,1.36261,1.3629
2026-05-07 20:15:00,1.36291,1.36345,1.36282,1.36342
2026-05-07 20:30:00,1.36344,1.36389,1.3633199999999999,1.36382
2026-05-07 20:45:00,1.36381,1.36383,1.36345,1.36353
2026-05-07 21:00:00,1.36352,1.36375,1.36341,1.36352
2026-05-07 21:15:00,1.36352,1.36369,1.3634,1.36367
2026-05-07 21:30:00,1.3636599999999999,1.36435,1.36358,1.36419
2026-05-07 21:45:00,1.3642,1.36435,1.36355,1.36367
2026-05-07 22:00:00,1.3636599999999999,1.36377,1.36311,1.36335
2026-05-07 22:15:00,1.36334,1.36404,1.36334,1.36381
2026-05-07 22:30:00,1.3638,1.3639000000000001,1.36352,1.36372
2026-05-07 22:45:00,1.36371,1.36535,1.3636599999999999,1.36535
2026-05-07 23:00:00,1.36534,1.36552,1.36456,1.36507
2026-05-07 23:15:00,1.36507,1.36554,1.36502,1.36543
2026-05-07 23:30:00,1.36542,1.36582,1.36505,1.36581
2026-05-07 23:45:00,1.36581,1.36652,1.3657,1.36633
2026-05-08 00:00:00,1.366,1.36618,1.36533,1.36561
2026-05-08 00:15:00,1.36561,1.36567,1.36527,1.36527
2026-05-08 00:30:00,1.36527,1.36587,1.36527,1.36587
2026-05-08 00:45:00,1.36587,1.36589,1.3654899999999999,1.36554
2026-05-08 01:00:00,1.36552,1.36631,1.3654899999999999,1.3661699999999999
2026-05-08 01:15:00,1.36618,1.36627,1.36593,1.36603
2026-05-08 01:30:00,1.36603,1.36631,1.366,1.36628
2026-05-08 01:45:00,1.36628,1.3664100000000001,1.3662,1.36628
2026-05-08 02:00:00,1.36628,1.36642,1.36619,1.3662
2026-05-08 02:15:00,1.3662,1.36621,1.36609,1.3662
2026-05-08 02:30:00,1.36619,1.36626,1.36609,1.36609
2026-05-08 02:45:00,1.3660999999999999,1.36621,1.36591,1.36608
2026-05-08 03:00:00,1.36606,1.3660999999999999,1.36562,1.3657599999999999
2026-05-08 03:15:00,1.36577,1.3663,1.3657599999999999,1.36601
2026-05-08 03:30:00,1.36602,1.36605,1.3657599999999999,1.36582
2026-05-08 03:45:00,1.3658299999999999,1.36598,1.36578,1.36595
2026-05-08 04:00:00,1.36594,1.36595,1.36561,1.36562
2026-05-08 04:15:00,1.3656,1.36585,1.3655300000000001,1.36581
2026-05-08 04:30:00,1.36579,1.36588,1.36562,1.36578
2026-05-08 04:45:00,1.36579,1.36586,1.36563,1.36573
2026-05-08 05:00:00,1.36572,1.36592,1.3657,1.36582
2026-05-08 05:15:00,1.36582,1.36596,1.36572,1.36587
2026-05-08 05:30:00,1.36586,1.3663699999999999,1.3658299999999999,1.36625
2026-05-08 05:45:00,1.36625,1.36625,1.36585,1.36594
2026-05-08 06:00:00,1.36595,1.36605,1.3657599999999999,1.36596
2026-05-08 06:15:00,1.36595,1.36603,1.3658000000000001,1.36594
2026-05-08 06:30:00,1.36593,1.36595,1.3655300000000001,1.36561
2026-05-08 06:45:00,1.36562,1.36587,1.36559,1.36585
2026-05-08 07:00:00,1.36585,1.36601,1.36571,1.36588
2026-05-08 07:15:00,1.36589,1.36595,1.36573,1.36589
2026-05-08 07:30:00,1.36588,1.36598,1.3656,1.36561
2026-05-08 07:45:00,1.36563,1.36567,1.36543,1.36557
2026-05-08 08:00:00,1.36557,1.36562,1.36538,1.3655599999999999
2026-05-08 08:15:00,1.3655599999999999,1.36562,1.36532,1.36533
2026-05-08 08:30:00,1.36534,1.36554,1.36514,1.36536
2026-05-08 08:45:00,1.36537,1.36562,1.36532,1.36547
2026-05-08 09:00:00,1.3654600000000001,1.36552,1.3651,1.36542
2026-05-08 09:15:00,1.36544,1.36545,1.36501,1.36502
2026-05-08 09:30:00,1.36501,1.36531,1.36497,1.36516
2026-05-08 09:45:00,1.36516,1.36534,1.36509,1.36533
2026-05-08 10:00:00,1.36532,1.3655,1.36517,1.36547
2026-05-08 10:15:00,1.36548,1.36557,1.36531,1.3655
2026-05-08 10:30:00,1.3654899999999999,1.36557,1.36517,1.36539
2026-05-08 10:45:00,1.36538,1.36564,1.36526,1.36562
2026-05-08 11:00:00,1.36562,1.3659,1.36554,1.36588
2026-05-08 11:15:00,1.36589,1.36589,1.36547,1.36566
2026-05-08 11:30:00,1.36568,1.36569,1.36528,1.36545
2026-05-08 11:45:00,1.3654600000000001,1.3655300000000001,1.36505,1.36509
2026-05-08 12:00:00,1.3651,1.3651200000000001,1.36457,1.36469
2026-05-08 12:15:00,1.3647,1.36479,1.36453,1.36477
2026-05-08 12:30:00,1.36478,1.3649,1.36468,1.36489
2026-05-08 12:45:00,1.3648799999999999,1.36489,1.3645100000000001,1.36453
2026-05-08 13:00:00,1.3645399999999999,1.36463,1.36439,1.36447
2026-05-08 13:15:00,1.3645,1.36465,1.36439,1.3646
2026-05-08 13:30:00,1.3646,1.3649200000000001,1.3643399999999999,1.3649
2026-05-08 13:45:00,1.3649,1.3653,1.36474,1.36508
2026-05-08 14:00:00,1.36507,1.3652199999999999,1.3648500000000001,1.36493
2026-05-08 14:15:00,1.36494,1.36501,1.3645800000000001,1.36466
2026-05-08 14:30:00,1.36466,1.36468,1.36437,1.3646
2026-05-08 14:45:00,1.36459,1.3647,1.3642400000000001,1.3643399999999999
2026-05-08 15:00:00,1.36435,1.36602,1.3643,1.36592
2026-05-08 15:15:00,1.36593,1.36619,1.36543,1.3655599999999999
2026-05-08 15:30:00,1.36555,1.36855,1.3654600000000001,1.36817
2026-05-08 15:45:00,1.36817,1.36928,1.3678,1.36902
2026-05-08 16:00:00,1.36905,1.37051,1.36902,1.37046
2026-05-08 16:15:00,1.37045,1.37066,1.36969,1.3697
2026-05-08 16:30:00,1.36968,1.37008,1.36933,1.36985
2026-05-08 16:45:00,1.36986,1.37092,1.36982,1.37064
2026-05-08 17:00:00,1.37063,1.3709799999999999,1.36938,1.36944
2026-05-08 17:15:00,1.36944,1.36995,1.36943,1.36994
2026-05-08 17:30:00,1.36995,1.36996,1.36944,1.36992
2026-05-08 17:45:00,1.36992,1.36994,1.36881,1.36906
2026-05-08 18:00:00,1.36905,1.3694,1.36884,1.3693
2026-05-08 18:15:00,1.36929,1.3695300000000001,1.36886,1.3688799999999999
2026-05-08 18:30:00,1.3688799999999999,1.36908,1.3682699999999999,1.3687
2026-05-08 18:45:00,1.36869,1.36873,1.36768,1.36796
2026-05-08 19:00:00,1.3679700000000001,1.36862,1.36785,1.36859
2026-05-08 19:15:00,1.3686,1.36872,1.36837,1.36842
2026-05-08 19:30:00,1.36843,1.36896,1.36821,1.36874
2026-05-08 19:45:00,1.36873,1.36907,1.36873,1.3689200000000001
2026-05-08 20:00:00,1.3689200000000001,1.36895,1.36849,1.3688
2026-05-08 20:15:00,1.3688,1.3688500000000001,1.36829,1.36838
2026-05-08 20:30:00,1.36839,1.36848,1.36828,1.36834
2026-05-08 20:45:00,1.36834,1.36849,1.36829,1.36846
2026-05-08 21:00:00,1.36845,1.36855,1.36805,1.36822
2026-05-08 21:15:00,1.3682,1.36844,1.36812,1.36823
2026-05-08 21:30:00,1.36823,1.36837,1.3681,1.36821
2026-05-08 21:45:00,1.36822,1.36825,1.36785,1.36802
2026-05-08 22:00:00,1.36804,1.36816,1.36753,1.36768
2026-05-08 22:15:00,1.36768,1.36772,1.36755,1.36769
2026-05-08 22:30:00,1.36769,1.3677000000000001,1.36754,1.3676599999999999
2026-05-08 22:45:00,1.36765,1.3685,1.3676300000000001,1.36815
2026-05-08 23:00:00,1.36815,1.3682,1.36784,1.3679299999999999
2026-05-08 23:15:00,1.36795,1.36825,1.36757,1.36785
2026-05-08 23:30:00,1.36785,1.36801,1.36701,1.36723
2026-05-08 23:45:00,1.36722,1.36776,1.36708,1.36727
2026-05-11 00:00:00,1.3669799999999999,1.36782,1.3667,1.36777
2026-05-11 00:15:00,1.36787,1.36809,1.36778,1.36809
2026-05-11 00:30:00,1.36807,1.36819,1.36799,1.36812
2026-05-11 00:45:00,1.36807,1.36821,1.36802,1.36805
2026-05-11 01:00:00,1.36802,1.3691499999999999,1.36783,1.36886
2026-05-11 01:15:00,1.36886,1.36913,1.36877,1.36884
2026-05-11 01:30:00,1.36887,1.36893,1.36874,1.36875
2026-05-11 01:45:00,1.36874,1.36887,1.36874,1.36886
2026-05-11 02:00:00,1.36886,1.36887,1.3685800000000001,1.36866
2026-05-11 02:15:00,1.36865,1.36867,1.36833,1.36841
2026-05-11 02:30:00,1.36842,1.36845,1.36829,1.36834
2026-05-11 02:45:00,1.36835,1.36847,1.36817,1.36832
2026-05-11 03:00:00,1.3683100000000001,1.3686099999999999,1.36786,1.36847
2026-05-11 03:15:00,1.36846,1.3685,1.36826,1.36828
2026-05-11 03:30:00,1.36828,1.36835,1.36801,1.36825
2026-05-11 03:45:00,1.3682400000000001,1.36867,1.36822,1.3683100000000001
2026-05-11 04:00:00,1.36833,1.36884,1.3682,1.3685800000000001
2026-05-11 04:15:00,1.3685800000000001,1.36865,1.3683,1.36836
2026-05-11 04:30:00,1.36837,1.36898,1.36829,1.36868
2026-05-11 04:45:00,1.36869,1.36881,1.36855,1.3685800000000001
2026-05-11 05:00:00,1.36859,1.36869,1.36847,1.3686
2026-05-11 05:15:00,1.36859,1.3686,1.3683,1.36833
2026-05-11 05:30:00,1.36832,1.36869,1.36822,1.3686
2026-05-11 05:45:00,1.3686,1.36879,1.3685,1.3687
2026-05-11 06:00:00,1.36872,1.36875,1.36848,1.3685399999999999
2026-05-11 06:15:00,1.36853,1.36867,1.36847,1.36856
2026-05-11 06:30:00,1.36855,1.36868,1.36848,1.36852
2026-05-11 06:45:00,1.36853,1.3688500000000001,1.36852,1.3688500000000001
2026-05-11 07:00:00,1.3688500000000001,1.36903,1.36881,1.36891
2026-05-11 07:15:00,1.3689,1.36921,1.3689,1.3691900000000001
2026-05-11 07:30:00,1.3692,1.36943,1.36917,1.3694
2026-05-11 07:45:00,1.3694,1.36944,1.36934,1.36937
2026-05-11 08:00:00,1.36937,1.3694,1.36902,1.36904
2026-05-11 08:15:00,1.36903,1.36918,1.36901,1.3691
2026-05-11 08:30:00,1.36911,1.36927,1.36905,1.36923
2026-05-11 08:45:00,1.3692199999999999,1.36935,1.36914,1.36921
2026-05-11 09:00:00,1.3692,1.3692,1.3678,1.3679299999999999
2026-05-11 09:15:00,1.3679299999999999,1.36813,1.3676300000000001,1.36764
2026-05-11 09:30:00,1.3676300000000001,1.36791,1.36757,1.36771
2026-05-11 09:45:00,1.36772,1.36834,1.36768,1.36794
2026-05-11 10:00:00,1.36792,1.36792,1.3669,1.36699
2026-05-11 10:15:00,1.36697,1.3673,1.36679,1.36699
2026-05-11 10:30:00,1.36699,1.3670900000000001,1.36669,1.36695
2026-05-11 10:45:00,1.36695,1.36735,1.36694,1.36715
2026-05-11 11:00:00,1.36715,1.3673,1.36689,1.36716
2026-05-11 11:15:00,1.36716,1.3672,1.36676,1.367
2026-05-11 11:30:00,1.36699,1.3670200000000001,1.36663,1.36683
2026-05-11 11:45:00,1.36682,1.36707,1.3667,1.36689
2026-05-11 12:00:00,1.3669,1.36712,1.36676,1.36711
2026-05-11 12:15:00,1.36711,1.36713,1.36688,1.36708
2026-05-11 12:30:00,1.3670900000000001,1.36731,1.36679,1.36689
2026-05-11 12:45:00,1.36689,1.36699,1.3667500000000001,1.36689
2026-05-11 13:00:00,1.36692,1.3670900000000001,1.36667,1.36669
2026-05-11 13:15:00,1.36669,1.36679,1.36639,1.36651
2026-05-11 13:30:00,1.36652,1.36659,1.36627,1.36632
2026-05-11 13:45:00,1.36632,1.36638,1.36606,1.3661400000000001
2026-05-11 14:00:00,1.36613,1.36651,1.36613,1.36631
2026-05-11 14:15:00,1.36631,1.36643,1.36613,1.36619
2026-05-11 14:30:00,1.36619,1.3667,1.36611,1.3665
2026-05-11 14:45:00,1.3665,1.36697,1.36635,1.3667
2026-05-11 15:00:00,1.36669,1.36689,1.36638,1.36665
2026-05-11 15:15:00,1.36665,1.36692,1.36639,1.36692
2026-05-11 15:30:00,1.36693,1.36822,1.36679,1.3672
2026-05-11 15:45:00,1.36719,1.36749,1.36667,1.36669
2026-05-11 16:00:00,1.3666800000000001,1.36695,1.36651,1.36688
2026-05-11 16:15:00,1.3669,1.3669799999999999,1.36642,1.36662
2026-05-11 16:30:00,1.3666,1.36683,1.36615,1.36616
2026-05-11 16:45:00,1.3661699999999999,1.36619,1.36577,1.36589
2026-05-11 17:00:00,1.36589,1.36649,1.36581,1.36599
2026-05-11 17:15:00,1.36598,1.3662,1.36496,1.36503
2026-05-11 17:30:00,1.36502,1.3655599999999999,1.36478,1.36493
2026-05-11 17:45:00,1.36493,1.36677,1.36479,1.36645
2026-05-11 18:00:00,1.3664399999999999,1.36689,1.36629,1.36659
2026-05-11 18:15:00,1.36659,1.3668,1.36633,1.3666800000000001
2026-05-11 18:30:00,1.36669,1.3669,1.36646,1.36658
2026-05-11 18:45:00,1.36658,1.36685,1.36634,1.36652
2026-05-11 19:00:00,1.36652,1.36683,1.36642,1.36673
2026-05-11 19:15:00,1.36672,1.36689,1.3667,1.36684
2026-05-11 19:30:00,1.36683,1.36684,1.36621,1.36635
2026-05-11 19:45:00,1.36635,1.3664100000000001,1.36602,1.3663699999999999
2026-05-11 20:00:00,1.36638,1.36688,1.36631,1.36642
2026-05-11 20:15:00,1.3664100000000001,1.36652,1.36633,1.36643
2026-05-11 20:30:00,1.36645,1.36647,1.36621,1.36645
2026-05-11 20:45:00,1.3664399999999999,1.36657,1.36629,1.36652
2026-05-11 21:00:00,1.36652,1.36676,1.3663,1.3667
2026-05-11 21:15:00,1.36669,1.36707,1.36666,1.3670499999999999
2026-05-11 21:30:00,1.36704,1.3675,1.36703,1.3673600000000001
2026-05-11 21:45:00,1.36735,1.3674,1.36707,1.36722
2026-05-11 22:00:00,1.36723,1.36735,1.36711,1.36725
2026-05-11 22:15:00,1.36726,1.36757,1.367,1.3673899999999999
2026-05-11 22:30:00,1.36738,1.36774,1.36722,1.36769
2026-05-11 22:45:00,1.36771,1.3679700000000001,1.36742,1.36775
2026-05-11 23:00:00,1.36774,1.36809,1.36773,1.3679000000000001
2026-05-11 23:15:00,1.36789,1.36814,1.36772,1.36813
2026-05-11 23:30:00,1.36813,1.36814,1.3677000000000001,1.36782
2026-05-11 23:45:00,1.36784,1.36789,1.36756,1.3676
2026-05-12 00:00:00,1.3672900000000001,1.3673600000000001,1.3667500000000001,1.36727
2026-05-12 00:15:00,1.36727,1.36733,1.36722,1.36726
2026-05-12 00:30:00,1.36726,1.3673199999999999,1.36726,1.36731
2026-05-12 00:45:00,1.36731,1.3673199999999999,1.36726,1.36728
2026-05-12 01:00:00,1.36725,1.3674,1.3670200000000001,1.3673600000000001
2026-05-12 01:15:00,1.36735,1.36735,1.36715,1.36725
2026-05-12 01:30:00,1.3673,1.36741,1.3673,1.36738
2026-05-12 01:45:00,1.36737,1.36769,1.36737,1.36765
2026-05-12 02:00:00,1.3676599999999999,1.36777,1.3676,1.3676599999999999
2026-05-12 02:15:00,1.3676599999999999,1.3678,1.3676300000000001,1.3678
2026-05-12 02:30:00,1.36779,1.36787,1.36774,1.36784
2026-05-12 02:45:00,1.36786,1.3679700000000001,1.36779,1.36789
2026-05-12 03:00:00,1.3679000000000001,1.36823,1.3679000000000001,1.36812
2026-05-12 03:15:00,1.36811,1.36842,1.36806,1.3682400000000001
2026-05-12 03:30:00,1.3682400000000001,1.36852,1.36819,1.3685100000000001
2026-05-12 03:45:00,1.3685100000000001,1.3688500000000001,1.36833,1.36879
2026-05-12 04:00:00,1.3688,1.36895,1.36869,1.3689
2026-05-12 04:15:00,1.3689,1.36923,1.36884,1.36914
2026-05-12 04:30:00,1.36913,1.36937,1.36893,1.36897
2026-05-12 04:45:00,1.36897,1.36913,1.36879,1.36891
2026-05-12 05:00:00,1.3689,1.3691,1.36884,1.36908
2026-05-12 05:15:00,1.36906,1.36923,1.36901,1.36914
2026-05-12 05:30:00,1.3691499999999999,1.3692,1.36899,1.36906
2026-05-12 05:45:00,1.36905,1.36905,1.36872,1.36889
2026-05-12 06:00:00,1.3689,1.36916,1.36877,1.3691200000000001
2026-05-12 06:15:00,1.3691200000000001,1.36928,1.36903,1.36923
2026-05-12 06:30:00,1.36924,1.36932,1.3691200000000001,1.3692
2026-05-12 06:45:00,1.3691900000000001,1.36942,1.36918,1.36933
2026-05-12 07:00:00,1.36934,1.36937,1.36923,1.36931
2026-05-12 07:15:00,1.36931,1.36933,1.36916,1.36924
2026-05-12 07:30:00,1.36925,1.36925,1.36904,1.3691200000000001
2026-05-12 07:45:00,1.3691200000000001,1.36929,1.3691,1.36924
2026-05-12 08:00:00,1.36923,1.36936,1.36893,1.36929
2026-05-12 08:15:00,1.36928,1.36931,1.36909,1.3691900000000001
2026-05-12 08:30:00,1.36918,1.3693,1.36906,1.36924
2026-05-12 08:45:00,1.36924,1.36927,1.36867,1.36873
2026-05-12 09:00:00,1.36871,1.36898,1.36835,1.3689200000000001
2026-05-12 09:15:00,1.36893,1.36938,1.36891,1.3692199999999999
2026-05-12 09:30:00,1.36921,1.36951,1.36898,1.36941
2026-05-12 09:45:00,1.36941,1.36959,1.36913,1.36929
2026-05-12 10:00:00,1.36928,1.36982,1.36914,1.3694899999999999
2026-05-12 10:15:00,1.36947,1.36968,1.36926,1.3695300000000001
2026-05-12 10:30:00,1.36952,1.36993,1.3694899999999999,1.36992
2026-05-12 10:45:00,1.36992,1.37059,1.3699,1.37035
2026-05-12 11:00:00,1.37032,1.37084,1.37019,1.37084
2026-05-12 11:15:00,1.37082,1.37089,1.3701699999999999,1.37035
2026-05-12 11:30:00,1.3703400000000001,1.3709500000000001,1.37033,1.37092
2026-05-12 11:45:00,1.37092,1.37093,1.37029,1.37042
2026-05-12 12:00:00,1.37043,1.3706800000000001,1.37,1.37064
2026-05-12 12:15:00,1.37065,1.37087,1.37057,1.37062
2026-05-12 12:30:00,1.37061,1.37091,1.37043,1.37083
2026-05-12 12:45:00,1.37079,1.37107,1.3707099999999999,1.3709500000000001
2026-05-12 13:00:00,1.37096,1.37107,1.37084,1.37094
2026-05-12 13:15:00,1.3709500000000001,1.3711,1.37055,1.37058
2026-05-12 13:30:00,1.37058,1.3709,1.37051,1.37086
2026-05-12 13:45:00,1.37085,1.3710200000000001,1.37069,1.37091
2026-05-12 14:00:00,1.3709,1.37122,1.37084,1.3709500000000001
2026-05-12 14:15:00,1.37094,1.3711,1.3707500000000001,1.3709500000000001
2026-05-12 14:30:00,1.3709500000000001,1.37096,1.3700999999999999,1.37029
2026-05-12 14:45:00,1.37027,1.37036,1.37016,1.37032
2026-05-12 15:00:00,1.37032,1.37066,1.37024,1.37025
2026-05-12 15:15:00,1.37025,1.37057,1.37022,1.3704100000000001
2026-05-12 15:30:00,1.37039,1.3712,1.37031,1.37074
2026-05-12 15:45:00,1.3707500000000001,1.3708,1.37003,1.37012
2026-05-12 16:00:00,1.37011,1.37122,1.36984,1.37121
2026-05-12 16:15:00,1.37122,1.37175,1.37122,1.37137
2026-05-12 16:30:00,1.3714,1.37187,1.3709799999999999,1.37172
2026-05-12 16:45:00,1.3717,1.3717,1.3712,1.3715600000000001
2026-05-12 17:00:00,1.37155,1.3715600000000001,1.3707500000000001,1.37097
2026-05-12 17:15:00,1.3709799999999999,1.37127,1.37084,1.37091
2026-05-12 17:30:00,1.37092,1.3715,1.37081,1.37091
2026-05-12 17:45:00,1.37087,1.37179,1.37085,1.37085
2026-05-12 18:00:00,1.37086,1.37195,1.37077,1.37175
2026-05-12 18:15:00,1.37177,1.37242,1.37171,1.37215
2026-05-12 18:30:00,1.37216,1.37225,1.37109,1.3715
2026-05-12 18:45:00,1.37149,1.37164,1.3712,1.37131
2026-05-12 19:00:00,1.3713,1.3715,1.37093,1.37099
2026-05-12 19:15:00,1.371,1.37149,1.37096,1.37113
2026-05-12 19:30:00,1.37114,1.37145,1.37108,1.3714
2026-05-12 19:45:00,1.37142,1.37165,1.3713199999999999,1.3713199999999999
2026-05-12 20:00:00,1.3713199999999999,1.3715600000000001,1.3710200000000001,1.37145
2026-05-12 20:15:00,1.37145,1.37147,1.37097,1.3713199999999999
2026-05-12 20:30:00,1.37133,1.3715,1.37116,1.37125
2026-05-12 20:45:00,1.37125,1.3713600000000001,1.37112,1.37114
2026-05-12 21:00:00,1.37113,1.37137,1.3710200000000001,1.37104
2026-05-12 21:15:00,1.37104,1.3712,1.37067,1.3707
2026-05-12 21:30:00,1.37069,1.3707,1.37035,1.3704
2026-05-12 21:45:00,1.3704100000000001,1.37052,1.37,1.37003
2026-05-12 22:00:00,1.37003,1.3701400000000001,1.36938,1.36952
2026-05-12 22:15:00,1.36952,1.36986,1.36947,1.3697599999999999
2026-05-12 22:30:00,1.36975,1.36978,1.36932,1.36974
2026-05-12 22:45:00,1.36975,1.36995,1.36954,1.36991
2026-05-12 23:00:00,1.3699,1.37013,1.36988,1.37006
2026-05-12 23:15:00,1.37006,1.37015,1.36985,1.3700999999999999
2026-05-12 23:30:00,1.37012,1.37012,1.36992,1.36993
2026-05-12 23:45:00,1.36993,1.36998,1.36923,1.36944
2026-05-13 00:00:00,1.36914,1.3693,1.36875,1.36928
2026-05-13 00:15:00,1.36932,1.3694899999999999,1.36928,1.3694600000000001
2026-05-13 00:30:00,1.36947,1.36948,1.36921,1.36928
2026-05-13 00:45:00,1.36942,1.36959,1.36917,1.36923
2026-05-13 01:00:00,1.36927,1.36965,1.36921,1.36962
2026-05-13 01:15:00,1.36957,1.36957,1.36937,1.36938
2026-05-13 01:30:00,1.36938,1.36952,1.36937,1.3695
2026-05-13 01:45:00,1.3694899999999999,1.36955,1.36942,1.3694899999999999
2026-05-13 02:00:00,1.36948,1.36959,1.36932,1.3694
2026-05-13 02:15:00,1.36941,1.36952,1.36939,1.36939
2026-05-13 02:30:00,1.36939,1.36964,1.36937,1.36962
2026-05-13 02:45:00,1.36963,1.3698000000000001,1.3695599999999999,1.36975
2026-05-13 03:00:00,1.3697599999999999,1.36992,1.36954,1.36988
2026-05-13 03:15:00,1.36988,1.36989,1.36954,1.36971
2026-05-13 03:30:00,1.36971,1.36985,1.36964,1.36972
2026-05-13 03:45:00,1.36971,1.36991,1.36945,1.3694600000000001
2026-05-13 04:00:00,1.36947,1.36962,1.36938,1.36957
2026-05-13 04:15:00,1.36958,1.3697599999999999,1.36934,1.36936
2026-05-13 04:30:00,1.36935,1.3694600000000001,1.3688799999999999,1.3689200000000001
2026-05-13 04:45:00,1.36891,1.36897,1.36867,1.3688
2026-05-13 05:00:00,1.36881,1.36883,1.36839,1.36855
2026-05-13 05:15:00,1.36856,1.36869,1.36848,1.3685100000000001
2026-05-13 05:30:00,1.3685100000000001,1.36875,1.3685,1.36863
2026-05-13 05:45:00,1.36863,1.36876,1.3685800000000001,1.36872
2026-05-13 06:00:00,1.36872,1.3693,1.36872,1.3691
2026-05-13 06:15:00,1.36909,1.3691499999999999,1.36884,1.3689200000000001
2026-05-13 06:30:00,1.36891,1.36896,1.36878,1.3688500000000001
2026-05-13 06:45:00,1.36887,1.36907,1.3688,1.36899
2026-05-13 07:00:00,1.36898,1.36925,1.36897,1.36921
2026-05-13 07:15:00,1.3692,1.36943,1.36918,1.3694
2026-05-13 07:30:00,1.3694,1.3696,1.36936,1.3695
2026-05-13 07:45:00,1.3695,1.36955,1.3694,1.36945
2026-05-13 08:00:00,1.36945,1.36951,1.36935,1.3694600000000001
2026-05-13 08:15:00,1.36947,1.36962,1.36943,1.3695
2026-05-13 08:30:00,1.3694899999999999,1.36986,1.36948,1.36968
2026-05-13 08:45:00,1.36969,1.36982,1.3694899999999999,1.36962
2026-05-13 09:00:00,1.3696,1.3699,1.36943,1.36981
2026-05-13 09:15:00,1.3698000000000001,1.37005,1.36978,1.36987
2026-05-13 09:30:00,1.36989,1.37031,1.36985,1.36999
2026-05-13 09:45:00,1.37,1.3704399999999999,1.36999,1.37024
2026-05-13 10:00:00,1.37025,1.37087,1.37025,1.37065
2026-05-13 10:15:00,1.37064,1.37077,1.3704399999999999,1.37062
2026-05-13 10:30:00,1.37063,1.37103,1.37043,1.37072
2026-05-13 10:45:00,1.37072,1.37081,1.3703699999999999,1.37048
2026-05-13 11:00:00,1.37048,1.37092,1.37047,1.37053
2026-05-13 11:15:00,1.37052,1.37054,1.36999,1.37003
2026-05-13 11:30:00,1.37003,1.37048,1.36995,1.3701699999999999
2026-05-13 11:45:00,1.37015,1.37045,1.36993,1.36996
2026-05-13 12:00:00,1.36995,1.37049,1.3699,1.37035
2026-05-13 12:15:00,1.37035,1.37083,1.37032,1.37069
2026-05-13 12:30:00,1.3707,1.3707099999999999,1.37028,1.37043
2026-05-13 12:45:00,1.37042,1.37047,1.36987,1.3699
2026-05-13 13:00:00,1.36989,1.36992,1.36941,1.36954
2026-05-13 13:15:00,1.36954,1.3698000000000001,1.36931,1.3694899999999999
2026-05-13 13:30:00,1.3694899999999999,1.36972,1.36941,1.36948
2026-05-13 13:45:00,1.3694899999999999,1.36957,1.36902,1.36908
2026-05-13 14:00:00,1.36908,1.36952,1.36903,1.36933
2026-05-13 14:15:00,1.36932,1.36942,1.3691,1.36911
2026-05-13 14:30:00,1.3691200000000001,1.3693,1.36893,1.3693
2026-05-13 14:45:00,1.36929,1.3696,1.36917,1.36941
2026-05-13 15:00:00,1.36942,1.36947,1.36894,1.3694
2026-05-13 15:15:00,1.36943,1.37008,1.36934,1.36997
2026-05-13 15:30:00,1.36996,1.3703699999999999,1.36935,1.3694600000000001
2026-05-13 15:45:00,1.36945,1.36972,1.36933,1.36958
2026-05-13 16:00:00,1.36959,1.3699,1.36925,1.3695
2026-05-13 16:15:00,1.3695,1.36985,1.36936,1.36969
2026-05-13 16:30:00,1.36967,1.37119,1.36967,1.37079
2026-05-13 16:45:00,1.37079,1.37118,1.37058,1.37077
2026-05-13 17:00:00,1.37077,1.37113,1.37015,1.37023
2026-05-13 17:15:00,1.37023,1.37043,1.36927,1.36969
2026-05-13 17:30:00,1.3697,1.3700999999999999,1.36947,1.36991
2026-05-13 17:45:00,1.3699,1.37053,1.36984,1.37045
2026-05-13 18:00:00,1.37045,1.37048,1.36998,1.37022
2026-05-13 18:15:00,1.37022,1.37036,1.36972,1.3697599999999999
2026-05-13 18:30:00,1.3697599999999999,1.36992,1.3692,1.36941
2026-05-13 18:45:00,1.36941,1.37029,1.36937,1.37027
2026-05-13 19:00:00,1.37026,1.37029,1.36992,1.37006
2026-05-13 19:15:00,1.3700700000000001,1.3703,1.36958,1.3697599999999999
2026-05-13 19:30:00,1.36977,1.37008,1.36959,1.37004
2026-05-13 19:45:00,1.37004,1.37055,1.36994,1.37051
2026-05-13 20:00:00,1.37051,1.37057,1.37021,1.37036
2026-05-13 20:15:00,1.3703699999999999,1.37055,1.37021,1.3704399999999999
2026-05-13 20:30:00,1.37045,1.37067,1.37042,1.37062
2026-05-13 20:45:00,1.37061,1.37094,1.37052,1.37083
2026-05-13 21:00:00,1.37083,1.37093,1.37066,1.3707
2026-05-13 21:15:00,1.37069,1.37121,1.37056,1.37112
2026-05-13 21:30:00,1.37112,1.3714,1.37097,1.3713199999999999
2026-05-13 21:45:00,1.3713199999999999,1.37185,1.37116,1.37134
2026-05-13 22:00:00,1.37135,1.3713600000000001,1.3707799999999999,1.37082
2026-05-13 22:15:00,1.37081,1.37091,1.37059,1.37061
2026-05-13 22:30:00,1.37061,1.37062,1.37032,1.37033
2026-05-13 22:45:00,1.37033,1.37073,1.37025,1.37047
2026-05-13 23:00:00,1.37047,1.37076,1.37036,1.37051
2026-05-13 23:15:00,1.37051,1.3706,1.37032,1.37059
2026-05-13 23:30:00,1.37058,1.37077,1.3703,1.37033
2026-05-13 23:45:00,1.37032,1.37074,1.37027,1.37038
2026-05-14 00:00:00,1.37036,1.37036,1.36995,1.37027
2026-05-14 00:15:00,1.37022,1.37053,1.37015,1.37023
2026-05-14 00:30:00,1.3702,1.37042,1.3701400000000001,1.37038
2026-05-14 00:45:00,1.37038,1.37062,1.3702,1.37021
2026-05-14 01:00:00,1.37021,1.37054,1.37009,1.37047
2026-05-14 01:15:00,1.37047,1.37047,1.37027,1.37028
2026-05-14 01:30:00,1.37028,1.37038,1.3701400000000001,1.3703400000000001
2026-05-14 01:45:00,1.37033,1.37046,1.37032,1.37042
2026-05-14 02:00:00,1.37042,1.37047,1.3703400000000001,1.3703699999999999
2026-05-14 02:15:00,1.37038,1.37046,1.37036,1.37042
2026-05-14 02:30:00,1.37042,1.37056,1.3704100000000001,1.37052
2026-05-14 02:45:00,1.37051,1.37057,1.3704399999999999,1.37049
2026-05-14 03:00:00,1.3705,1.37074,1.3704100000000001,1.37054
2026-05-14 03:15:00,1.37055,1.37069,1.37043,1.37055
2026-05-14 03:30:00,1.37054,1.3706800000000001,1.3704100000000001,1.37062
2026-05-14 03:45:00,1.37061,1.37074,1.3705,1.37054
2026-05-14 04:00:00,1.37055,1.3706800000000001,1.3703699999999999,1.3706
2026-05-14 04:15:00,1.37061,1.37065,1.37052,1.3706
2026-05-14 04:30:00,1.37061,1.37067,1.3704,1.37065
2026-05-14 04:45:00,1.37065,1.37089,1.37056,1.3708
2026-05-14 05:00:00,1.3708,1.37086,1.37061,1.3707500000000001
2026-05-14 05:15:00,1.37074,1.37088,1.37072,1.37073
2026-05-14 05:30:00,1.37073,1.37077,1.37064,1.3706800000000001
2026-05-14 05:45:00,1.37067,1.37082,1.3706,1.37067
2026-05-14 06:00:00,1.37067,1.37085,1.37062,1.37076
2026-05-14 06:15:00,1.37077,1.37077,1.37059,1.3706
2026-05-14 06:30:00,1.37061,1.3707799999999999,1.37059,1.37077
2026-05-14 06:45:00,1.37077,1.37085,1.37072,1.37084
2026-05-14 07:00:00,1.37083,1.37089,1.3703699999999999,1.3704399999999999
2026-05-14 07:15:00,1.37045,1.3705,1.37029,1.3704399999999999
2026-05-14 07:30:00,1.3704399999999999,1.37055,1.37024,1.3703400000000001
2026-05-14 07:45:00,1.37035,1.37048,1.3702,1.3704399999999999
2026-05-14 08:00:00,1.37043,1.37074,1.37043,1.37065
2026-05-14 08:15:00,1.37065,1.3706800000000001,1.37054,1.37058
2026-05-14 08:30:00,1.37057,1.37064,1.37048,1.37052
2026-05-14 08:45:00,1.37051,1.37059,1.37025,1.37055
2026-05-14 09:00:00,1.37055,1.37076,1.3704,1.37074
2026-05-14 09:15:00,1.3707500000000001,1.37086,1.37035,1.37056
2026-05-14 09:30:00,1.37056,1.37059,1.3703400000000001,1.37043
2026-05-14 09:45:00,1.37042,1.37047,1.37013,1.37028
2026-05-14 10:00:00,1.3703,1.37052,1.37026,1.3705
2026-05-14 10:15:00,1.3705,1.37083,1.3705,1.37073
2026-05-14 10:30:00,1.37074,1.37082,1.37059,1.37082
2026-05-14 10:45:00,1.37082,1.3715600000000001,1.3707500000000001,1.37149
2026-05-14 11:00:00,1.3715,1.37153,1.37069,1.37074
2026-05-14 11:15:00,1.37073,1.37089,1.3706,1.37064
2026-05-14 11:30:00,1.37064,1.37092,1.3704,1.3707799999999999
2026-05-14 11:45:00,1.37077,1.3707799999999999,1.3704100000000001,1.37053
2026-05-14 12:00:00,1.37055,1.37065,1.37039,1.37048
2026-05-14 12:15:00,1.3705,1.37072,1.37049,1.37056
2026-05-14 12:30:00,1.37055,1.37093,1.37053,1.37059
2026-05-14 12:45:00,1.37061,1.37084,1.37053,1.37081
2026-05-14 13:00:00,1.37082,1.37118,1.37067,1.37112
2026-05-14 13:15:00,1.37113,1.37137,1.37112,1.3712900000000001
2026-05-14 13:30:00,1.37128,1.37169,1.37115,1.3715899999999999
2026-05-14 13:45:00,1.3716,1.37176,1.37147,1.3717
2026-05-14 14:00:00,1.37169,1.37206,1.37165,1.37185
2026-05-14 14:15:00,1.37187,1.37207,1.37165,1.37206
2026-05-14 14:30:00,1.37205,1.37216,1.37185,1.37212
2026-05-14 14:45:00,1.37212,1.37216,1.37202,1.37214
2026-05-14 15:00:00,1.37215,1.3724,1.37191,1.37218
2026-05-14 15:15:00,1.37219,1.37272,1.37206,1.3726
2026-05-14 15:30:00,1.3726,1.37267,1.37211,1.37263
2026-05-14 15:45:00,1.37264,1.37268,1.3723,1.37245
2026-05-14 16:00:00,1.37247,1.3726,1.3721999999999999,1.37237
2026-05-14 16:15:00,1.37238,1.37255,1.37222,1.37231
2026-05-14 16:30:00,1.37232,1.37277,1.37205,1.3721
2026-05-14 16:45:00,1.37211,1.37272,1.37174,1.37272
2026-05-14 17:00:00,1.37275,1.37287,1.37147,1.37149
2026-05-14 17:15:00,1.3715,1.3721700000000001,1.3713199999999999,1.37215
2026-05-14 17:30:00,1.37214,1.3725100000000001,1.37212,1.3724
2026-05-14 17:45:00,1.3724,1.3731200000000001,1.37234,1.373
2026-05-14 18:00:00,1.37301,1.37374,1.37299,1.37337
2026-05-14 18:15:00,1.37337,1.37354,1.37308,1.3733
2026-05-14 18:30:00,1.37331,1.37338,1.37228,1.37239
2026-05-14 18:45:00,1.37239,1.37264,1.37239,1.3725
2026-05-14 19:00:00,1.37249,1.37292,1.37222,1.37222
2026-05-14 19:15:00,1.37222,1.37297,1.37221,1.3728
2026-05-14 19:30:00,1.37282,1.37301,1.37245,1.3726
2026-05-14 19:45:00,1.37262,1.37276,1.37218,1.37219
2026-05-14 20:00:00,1.37219,1.37235,1.37191,1.37229
2026-05-14 20:15:00,1.3723,1.37275,1.3722699999999999,1.37272
2026-05-14 20:30:00,1.37272,1.3728500000000001,1.37221,1.37222
2026-05-14 20:45:00,1.37221,1.37244,1.3719999999999999,1.37244
2026-05-14 21:00:00,1.37243,1.373,1.37243,1.37244
2026-05-14 21:15:00,1.37244,1.37256,1.3721999999999999,1.37232
2026-05-14 21:30:00,1.37232,1.3728099999999999,1.37228,1.37262
2026-05-14 21:45:00,1.3726,1.37271,1.37229,1.37239
2026-05-14 22:00:00,1.3724,1.3726099999999999,1.3722699999999999,1.37242
2026-05-14 22:15:00,1.37243,1.37266,1.37241,1.37265
2026-05-14 22:30:00,1.37266,1.37291,1.37244,1.37283
2026-05-14 22:45:00,1.37282,1.37292,1.37233,1.3724
2026-05-14 23:00:00,1.37241,1.3726,1.3721700000000001,1.37245
2026-05-14 23:15:00,1.37244,1.37265,1.37214,1.37215
2026-05-14 23:30:00,1.37214,1.37235,1.37192,1.37233
2026-05-14 23:45:00,1.37232,1.37233,1.37171,1.37176
2026-05-15 00:00:00,1.3716599999999999,1.37191,1.3709799999999999,1.37165
2026-05-15 00:15:00,1.37168,1.37189,1.37168,1.3718
2026-05-15 00:30:00,1.3718,1.37205,1.37167,1.37184
2026-05-15 00:45:00,1.37186,1.37188,1.37152,1.3716
2026-05-15 01:00:00,1.37152,1.3717,1.37138,1.3716599999999999
2026-05-15 01:15:00,1.3716599999999999,1.3716599999999999,1.37152,1.37165
2026-05-15 01:30:00,1.37165,1.37173,1.37149,1.37154
2026-05-15 01:45:00,1.37155,1.3717,1.37153,1.37162
2026-05-15 02:00:00,1.37162,1.37219,1.37162,1.3721
2026-05-15 02:15:00,1.37211,1.37226,1.37199,1.37199
2026-05-15 02:30:00,1.37199,1.37222,1.37199,1.3721700000000001
2026-05-15 02:45:00,1.37218,1.37245,1.37204,1.3724
2026-05-15 03:00:00,1.3724,1.37272,1.37237,1.37265
2026-05-15 03:15:00,1.37264,1.3728,1.37249,1.37279
2026-05-15 03:30:00,1.37279,1.3734199999999999,1.37277,1.3734
2026-05-15 03:45:00,1.3734,1.37372,1.37329,1.37351
2026-05-15 04:00:00,1.3735,1.37366,1.37348,1.37358
2026-05-15 04:15:00,1.37358,1.3740700000000001,1.37358,1.37405
2026-05-15 04:30:00,1.37405,1.37425,1.37369,1.37389
2026-05-15 04:45:00,1.3739,1.37423,1.37385,1.37413
2026-05-15 05:00:00,1.37414,1.37423,1.37401,1.37402
2026-05-15 05:15:00,1.3740299999999999,1.3740700000000001,1.3737300000000001,1.37389
2026-05-15 05:30:00,1.37389,1.37393,1.37377,1.37379
2026-05-15 05:45:00,1.3738000000000001,1.37385,1.37356,1.37378
2026-05-15 06:00:00,1.3738000000000001,1.374,1.37369,1.37397
2026-05-15 06:15:00,1.37397,1.37404,1.37387,1.37388
2026-05-15 06:30:00,1.37389,1.37401,1.37379,1.37389
2026-05-15 06:45:00,1.37388,1.374,1.37382,1.37398
2026-05-15 07:00:00,1.37399,1.37413,1.37397,1.37398
2026-05-15 07:15:00,1.37397,1.37415,1.37397,1.37415
2026-05-15 07:30:00,1.37414,1.37449,1.37409,1.37449
2026-05-15 07:45:00,1.37449,1.3746399999999999,1.37439,1.37458
2026-05-15 08:00:00,1.37457,1.3757,1.37457,1.37554
2026-05-15 08:15:00,1.37555,1.3756,1.37507,1.37509
2026-05-15 08:30:00,1.37508,1.37527,1.37452,1.37482
2026-05-15 08:45:00,1.37482,1.37552,1.37482,1.3753
2026-05-15 09:00:00,1.3753,1.37535,1.37388,1.37414
2026-05-15 09:15:00,1.37414,1.37449,1.37395,1.37438
2026-05-15 09:30:00,1.3743699999999999,1.37457,1.37426,1.37426
2026-05-15 09:45:00,1.37427,1.37524,1.37424,1.37519
2026-05-15 10:00:00,1.3752,1.3755,1.37402,1.37402
2026-05-15 10:15:00,1.37402,1.3743699999999999,1.37389,1.37414
2026-05-15 10:30:00,1.37413,1.37466,1.37412,1.37424
2026-05-15 10:45:00,1.37426,1.37499,1.37424,1.37469
2026-05-15 11:00:00,1.37469,1.37514,1.3746,1.37507
2026-05-15 11:15:00,1.37508,1.37537,1.37463,1.37484
2026-05-15 11:30:00,1.37486,1.37504,1.37446,1.37458
2026-05-15 11:45:00,1.37458,1.37491,1.37454,1.3747500000000001
2026-05-15 12:00:00,1.37474,1.37542,1.37473,1.37537
2026-05-15 12:15:00,1.3753600000000001,1.3757,1.37519,1.3752
2026-05-15 12:30:00,1.3752,1.3757,1.37516,1.3757
2026-05-15 12:45:00,1.37569,1.37575,1.37531,1.37533
2026-05-15 13:00:00,1.3753199999999999,1.3754,1.37443,1.3745
2026-05-15 13:15:00,1.37451,1.3747500000000001,1.37415,1.37438
2026-05-15 13:30:00,1.37439,1.3744,1.37389,1.3740999999999999
2026-05-15 13:45:00,1.37411,1.37435,1.3734199999999999,1.37425
2026-05-15 14:00:00,1.37425,1.37455,1.37414,1.3743400000000001
2026-05-15 14:15:00,1.37435,1.37476,1.37415,1.37474
2026-05-15 14:30:00,1.37474,1.37528,1.37457,1.37524
2026-05-15 14:45:00,1.37522,1.37542,1.37499,1.37517
2026-05-15 15:00:00,1.37517,1.37572,1.37512,1.37542
2026-05-15 15:15:00,1.3754,1.37572,1.37524,1.37567
2026-05-15 15:30:00,1.37567,1.3759299999999999,1.37552,1.37572
2026-05-15 15:45:00,1.37574,1.37592,1.37506,1.37535
2026-05-15 16:00:00,1.37534,1.37576,1.37512,1.37533
2026-05-15 16:15:00,1.37533,1.37582,1.3753,1.37578
2026-05-15 16:30:00,1.37579,1.37662,1.37569,1.3766
2026-05-15 16:45:00,1.3766,1.37667,1.37573,1.3758
2026-05-15 17:00:00,1.3758,1.37647,1.37574,1.37591
2026-05-15 17:15:00,1.37591,1.37599,1.37523,1.37579
2026-05-15 17:30:00,1.37582,1.37585,1.37512,1.3755
2026-05-15 17:45:00,1.3755,1.37644,1.37547,1.37594
2026-05-15 18:00:00,1.37594,1.37642,1.37555,1.37574
2026-05-15 18:15:00,1.37573,1.37631,1.37564,1.37615
2026-05-15 18:30:00,1.37614,1.37614,1.37554,1.37571
2026-05-15 18:45:00,1.3757,1.37576,1.37508,1.37509
2026-05-15 19:00:00,1.37508,1.37535,1.37492,1.37492
2026-05-15 19:15:00,1.37493,1.37496,1.3743699999999999,1.37442
2026-05-15 19:30:00,1.37442,1.37443,1.3734,1.3734
2026-05-15 19:45:00,1.37341,1.37388,1.3733,1.37347
2026-05-15 20:00:00,1.3734899999999999,1.37366,1.37306,1.3731200000000001
2026-05-15 20:15:00,1.37311,1.37378,1.37311,1.3737599999999999
2026-05-15 20:30:00,1.3737599999999999,1.3743,1.37359,1.37422
2026-05-15 20:45:00,1.37421,1.3743,1.37399,1.37412
2026-05-15 21:00:00,1.37411,1.37485,1.3740700000000001,1.37482
2026-05-15 21:15:00,1.37482,1.37545,1.37482,1.3753
2026-05-15 21:30:00,1.3752900000000001,1.37576,1.37522,1.37538
2026-05-15 21:45:00,1.37537,1.37542,1.37511,1.37528
2026-05-15 22:00:00,1.37527,1.3755,1.37518,1.37538
2026-05-15 22:15:00,1.37537,1.37545,1.37514,1.37519
2026-05-15 22:30:00,1.37517,1.37551,1.3750200000000001,1.37549
2026-05-15 22:45:00,1.3755,1.37586,1.3752,1.37534
2026-05-15 23:00:00,1.37534,1.3758,1.37524,1.37572
2026-05-15 23:15:00,1.37571,1.37572,1.37541,1.37547
2026-05-15 23:30:00,1.37548,1.37575,1.3752,1.37551
2026-05-15 23:45:00,1.37553,1.37553,1.37447,1.37456
2026-05-18 00:00:00,1.374,1.374,1.37345,1.37394
2026-05-18 00:15:00,1.37396,1.37466,1.37396,1.37461
2026-05-18 00:30:00,1.37456,1.37483,1.37448,1.37479
2026-05-18 00:45:00,1.37479,1.37481,1.37455,1.37465
2026-05-18 01:00:00,1.37455,1.37501,1.37426,1.375
2026-05-18 01:15:00,1.3749799999999999,1.37523,1.37492,1.37517
2026-05-18 01:30:00,1.37521,1.3752900000000001,1.3750200000000001,1.37511
2026-05-18 01:45:00,1.37512,1.37531,1.3751,1.37526
2026-05-18 02:00:00,1.37527,1.37535,1.37507,1.37516
2026-05-18 02:15:00,1.37517,1.37545,1.37506,1.3754
2026-05-18 02:30:00,1.3754,1.3761999999999999,1.3754,1.37595
2026-05-18 02:45:00,1.37592,1.37634,1.37592,1.37622
2026-05-18 03:00:00,1.3761999999999999,1.3762400000000001,1.3756,1.37612
2026-05-18 03:15:00,1.37613,1.3761700000000001,1.3757,1.37606
2026-05-18 03:30:00,1.37606,1.37622,1.37584,1.37618
2026-05-18 03:45:00,1.37618,1.37633,1.37599,1.37604
2026-05-18 04:00:00,1.37605,1.37628,1.37567,1.37579
2026-05-18 04:15:00,1.3758,1.376,1.3756,1.37578
2026-05-18 04:30:00,1.37576,1.37598,1.37558,1.37588
2026-05-18 04:45:00,1.37587,1.3761,1.3754,1.37546
2026-05-18 05:00:00,1.37547,1.37608,1.37546,1.37571
2026-05-18 05:15:00,1.37572,1.37574,1.37541,1.37549
2026-05-18 05:30:00,1.37548,1.37575,1.3752900000000001,1.3755899999999999
2026-05-18 05:45:00,1.3755899999999999,1.37598,1.37557,1.37579
2026-05-18 06:00:00,1.37578,1.37579,1.37554,1.3755600000000001
2026-05-18 06:15:00,1.37557,1.37561,1.37527,1.37531
2026-05-18 06:30:00,1.37531,1.37553,1.37509,1.37509
2026-05-18 06:45:00,1.3751,1.3753199999999999,1.37501,1.3752
2026-05-18 07:00:00,1.37522,1.3753199999999999,1.37499,1.37504
2026-05-18 07:15:00,1.3750499999999999,1.37535,1.37499,1.3753
2026-05-18 07:30:00,1.3752900000000001,1.3753199999999999,1.37509,1.37513
2026-05-18 07:45:00,1.37515,1.37545,1.37509,1.37534
2026-05-18 08:00:00,1.37533,1.37547,1.37518,1.37542
2026-05-18 08:15:00,1.37543,1.3756,1.37501,1.37506
2026-05-18 08:30:00,1.3750499999999999,1.3754,1.37499,1.37524
2026-05-18 08:45:00,1.3752499999999999,1.3754,1.37512,1.37522
2026-05-18 09:00:00,1.37523,1.37534,1.37497,1.37507
2026-05-18 09:15:00,1.37507,1.37507,1.37454,1.37472
2026-05-18 09:30:00,1.37472,1.37478,1.3744399999999999,1.37461
2026-05-18 09:45:00,1.37462,1.37465,1.37408,1.37433
2026-05-18 10:00:00,1.37432,1.37473,1.37429,1.37452
2026-05-18 10:15:00,1.37453,1.37493,1.37401,1.37406
2026-05-18 10:30:00,1.37406,1.37428,1.37384,1.37426
2026-05-18 10:45:00,1.37425,1.3747,1.37416,1.37454
2026-05-18 11:00:00,1.37453,1.37466,1.37429,1.37432
2026-05-18 11:15:00,1.37432,1.3743400000000001,1.37369,1.37387
2026-05-18 11:30:00,1.37384,1.37401,1.3733,1.37401
2026-05-18 11:45:00,1.374,1.3740299999999999,1.37353,1.37367
2026-05-18 12:00:00,1.37368,1.37415,1.37356,1.37413
2026-05-18 12:15:00,1.37414,1.3743699999999999,1.374,1.3742
2026-05-18 12:30:00,1.37419,1.37431,1.3740299999999999,1.37412
2026-05-18 12:45:00,1.37413,1.37436,1.37397,1.37435
2026-05-18 13:00:00,1.37435,1.3746,1.37414,1.37418
2026-05-18 13:15:00,1.37418,1.3743,1.37396,1.3740700000000001
2026-05-18 13:30:00,1.37408,1.37431,1.37393,1.37426
2026-05-18 13:45:00,1.37426,1.3745,1.3740299999999999,1.3745
2026-05-18 14:00:00,1.37452,1.37497,1.3743400000000001,1.37494
2026-05-18 14:15:00,1.3749500000000001,1.37514,1.37485,1.37513
2026-05-18 14:30:00,1.37514,1.37534,1.37408,1.37412
2026-05-18 14:45:00,1.3740999999999999,1.37484,1.37399,1.37466
2026-05-18 15:00:00,1.3746399999999999,1.37481,1.37394,1.37408
2026-05-18 15:15:00,1.3740700000000001,1.3742,1.37384,1.37394
2026-05-18 15:30:00,1.37394,1.374,1.37329,1.37336
2026-05-18 15:45:00,1.37336,1.374,1.37318,1.3739
2026-05-18 16:00:00,1.37389,1.37413,1.3734199999999999,1.3738000000000001
2026-05-18 16:15:00,1.37382,1.37414,1.37359,1.37369
2026-05-18 16:30:00,1.37367,1.3743699999999999,1.37367,1.37408
2026-05-18 16:45:00,1.3740700000000001,1.37452,1.37374,1.37445
2026-05-18 17:00:00,1.3744399999999999,1.3750499999999999,1.37395,1.375
2026-05-18 17:15:00,1.37499,1.37515,1.37389,1.37393
2026-05-18 17:30:00,1.37394,1.37457,1.37375,1.3744399999999999
2026-05-18 17:45:00,1.3744399999999999,1.37466,1.37394,1.37415
2026-05-18 18:00:00,1.37414,1.37506,1.37404,1.37473
2026-05-18 18:15:00,1.37476,1.37496,1.37452,1.37463
2026-05-18 18:30:00,1.37462,1.37482,1.37419,1.3744399999999999
2026-05-18 18:45:00,1.37445,1.3747099999999999,1.3740999999999999,1.37429
2026-05-18 19:00:00,1.3743,1.37455,1.37388,1.3739
2026-05-18 19:15:00,1.37389,1.37463,1.37374,1.3746
2026-05-18 19:30:00,1.37459,1.3746800000000001,1.37393,1.37404
2026-05-18 19:45:00,1.37405,1.37425,1.37386,1.3740999999999999
2026-05-18 20:00:00,1.37411,1.37425,1.37387,1.37405
2026-05-18 20:15:00,1.37405,1.37412,1.37389,1.3740700000000001
2026-05-18 20:30:00,1.37406,1.37417,1.37392,1.37408
2026-05-18 20:45:00,1.37409,1.37409,1.37387,1.37394
2026-05-18 21:00:00,1.37392,1.37426,1.37388,1.37424
2026-05-18 21:15:00,1.37424,1.37477,1.37414,1.3746
2026-05-18 21:30:00,1.3746,1.3749,1.37451,1.3746399999999999
2026-05-18 21:45:00,1.3746399999999999,1.37504,1.37461,1.3749799999999999
2026-05-18 22:00:00,1.37499,1.37503,1.37358,1.37423
2026-05-18 22:15:00,1.37422,1.37431,1.37402,1.3740999999999999
2026-05-18 22:30:00,1.37411,1.37423,1.3738299999999999,1.37384
2026-05-18 22:45:00,1.3738299999999999,1.37395,1.37359,1.37388
2026-05-18 23:00:00,1.37387,1.37401,1.37367,1.37371
2026-05-18 23:15:00,1.3737,1.3737300000000001,1.37353,1.37357
2026-05-18 23:30:00,1.37357,1.37391,1.37357,1.37375
2026-05-18 23:45:00,1.37375,1.374,1.37368,1.37369
2026-05-19 00:00:00,1.3736,1.3737300000000001,1.37262,1.37354
2026-05-19 00:15:00,1.37352,1.37384,1.37352,1.37378
2026-05-19 00:30:00,1.3737300000000001,1.3739,1.37357,1.3739
2026-05-19 00:45:00,1.3739,1.37393,1.37362,1.37362
2026-05-19 01:00:00,1.37363,1.37375,1.37347,1.37372
2026-05-19 01:15:00,1.3737,1.37371,1.37359,1.3736
2026-05-19 01:30:00,1.37361,1.3737,1.3736,1.37369
2026-05-19 01:45:00,1.37369,1.37382,1.37369,1.3737300000000001
2026-05-19 02:00:00,1.37372,1.3738000000000001,1.37368,1.37375
2026-05-19 02:15:00,1.37375,1.37382,1.37365,1.3737300000000001
2026-05-19 02:30:00,1.37372,1.37379,1.37361,1.37365
2026-05-19 02:45:00,1.37364,1.37389,1.37364,1.37387
2026-05-19 03:00:00,1.37386,1.37426,1.37368,1.37424
2026-05-19 03:15:00,1.37423,1.37432,1.37387,1.3740999999999999
2026-05-19 03:30:00,1.3740999999999999,1.37459,1.3740700000000001,1.37454
2026-05-19 03:45:00,1.37454,1.37479,1.37447,1.3747500000000001
2026-05-19 04:00:00,1.37477,1.37489,1.37469,1.37479
2026-05-19 04:15:00,1.37478,1.37492,1.37466,1.37482
2026-05-19 04:30:00,1.37482,1.37503,1.3744,1.37445
2026-05-19 04:45:00,1.37446,1.37485,1.37439,1.3748
2026-05-19 05:00:00,1.37481,1.37515,1.37481,1.3750499999999999
2026-05-19 05:15:00,1.37504,1.3751,1.37465,1.37484
2026-05-19 05:30:00,1.37484,1.37491,1.3746800000000001,1.37473
2026-05-19 05:45:00,1.37473,1.3749,1.37457,1.3746399999999999
2026-05-19 06:00:00,1.3746399999999999,1.37476,1.3743400000000001,1.3744
2026-05-19 06:15:00,1.3744,1.37451,1.3743400000000001,1.37439
2026-05-19 06:30:00,1.3744100000000001,1.37451,1.37433,1.37451
2026-05-19 06:45:00,1.37451,1.3747,1.37451,1.3746399999999999
2026-05-19 07:00:00,1.37462,1.3748,1.3746,1.3747
2026-05-19 07:15:00,1.37469,1.37491,1.37465,1.37485
2026-05-19 07:30:00,1.37486,1.37519,1.37476,1.37515
2026-05-19 07:45:00,1.37514,1.3753,1.37509,1.37519
2026-05-19 08:00:00,1.3752,1.37528,1.37489,1.37496
2026-05-19 08:15:00,1.37496,1.37538,1.37494,1.37519
2026-05-19 08:30:00,1.37518,1.37528,1.37492,1.37497
2026-05-19 08:45:00,1.37497,1.37504,1.37454,1.37461
2026-05-19 09:00:00,1.37458,1.37472,1.37426,1.37449
2026-05-19 09:15:00,1.37449,1.3746399999999999,1.37432,1.37463
2026-05-19 09:30:00,1.3746399999999999,1.3748,1.37429,1.37429
2026-05-19 09:45:00,1.37429,1.37479,1.37429,1.37465
2026-05-19 10:00:00,1.37467,1.37496,1.37458,1.37474
2026-05-19 10:15:00,1.3747500000000001,1.3747500000000001,1.37442,1.37449
2026-05-19 10:30:00,1.37449,1.37478,1.37448,1.37477
2026-05-19 10:45:00,1.37477,1.37493,1.37436,1.37491
2026-05-19 11:00:00,1.37492,1.37524,1.37491,1.37514
2026-05-19 11:15:00,1.37513,1.37576,1.37509,1.3756
2026-05-19 11:30:00,1.3756,1.37564,1.37524,1.3755899999999999
2026-05-19 11:45:00,1.37558,1.37602,1.37541,1.37598
2026-05-19 12:00:00,1.37599,1.37635,1.37592,1.37623
2026-05-19 12:15:00,1.37623,1.37648,1.37619,1.37638
2026-05-19 12:30:00,1.37638,1.37647,1.37615,1.37644
2026-05-19 12:45:00,1.37644,1.37662,1.3763,1.37635
2026-05-19 13:00:00,1.37635,1.37645,1.37596,1.37634
2026-05-19 13:15:00,1.37633,1.3766,1.3763,1.37648
2026-05-19 13:30:00,1.37647,1.37717,1.37644,1.37711
2026-05-19 13:45:00,1.37711,1.37714,1.3761700000000001,1.37618
2026-05-19 14:00:00,1.37619,1.37623,1.3756,1.3756300000000001
2026-05-19 14:15:00,1.37564,1.37569,1.3746800000000001,1.37469
2026-05-19 14:30:00,1.37469,1.37484,1.37433,1.37442
2026-05-19 14:45:00,1.3744399999999999,1.37522,1.3744,1.3752
2026-05-19 15:00:00,1.37523,1.37588,1.3750200000000001,1.37562
2026-05-19 15:15:00,1.37562,1.37564,1.37494,1.375
2026-05-19 15:30:00,1.37501,1.37736,1.37489,1.3771499999999999
2026-05-19 15:45:00,1.3772,1.3772199999999999,1.37595,1.37649
2026-05-19 16:00:00,1.3765,1.37684,1.37612,1.37648
2026-05-19 16:15:00,1.37649,1.37699,1.37608,1.37628
2026-05-19 16:30:00,1.3762699999999999,1.37697,1.3759299999999999,1.37628
2026-05-19 16:45:00,1.37628,1.37675,1.37589,1.37645
2026-05-19 17:00:00,1.3765,1.37663,1.37576,1.37643
2026-05-19 17:15:00,1.37643,1.37697,1.37609,1.37661
2026-05-19 17:30:00,1.37662,1.37692,1.3762699999999999,1.37689
2026-05-19 17:45:00,1.3769,1.3771900000000001,1.37639,1.37702
2026-05-19 18:00:00,1.37702,1.37711,1.37675,1.37679
2026-05-19 18:15:00,1.3768,1.3768500000000001,1.37625,1.37632
2026-05-19 18:30:00,1.37633,1.37647,1.37569,1.37589
2026-05-19 18:45:00,1.37589,1.37599,1.37554,1.3755600000000001
2026-05-19 19:00:00,1.37555,1.37613,1.37531,1.37584
2026-05-19 19:15:00,1.37584,1.3759000000000001,1.37499,1.37507
2026-05-19 19:30:00,1.37507,1.37508,1.37465,1.3747
2026-05-19 19:45:00,1.3747,1.37506,1.37469,1.3749
2026-05-19 20:00:00,1.3749,1.37512,1.37478,1.37507
2026-05-19 20:15:00,1.37508,1.37524,1.37503,1.3751
2026-05-19 20:30:00,1.37509,1.3753,1.375,1.37511
2026-05-19 20:45:00,1.37511,1.3752499999999999,1.3750200000000001,1.37515
2026-05-19 21:00:00,1.37515,1.37516,1.37462,1.37483
2026-05-19 21:15:00,1.37484,1.3751,1.37482,1.375
2026-05-19 21:30:00,1.37499,1.37514,1.3747,1.37485
2026-05-19 21:45:00,1.37484,1.37497,1.37467,1.3749
2026-05-19 22:00:00,1.37492,1.3750499999999999,1.37459,1.37472
2026-05-19 22:15:00,1.3747,1.37516,1.37466,1.3749
2026-05-19 22:30:00,1.3749,1.37512,1.37431,1.37439
2026-05-19 22:45:00,1.3744,1.37521,1.37431,1.37494
2026-05-19 23:00:00,1.37494,1.37531,1.3747500000000001,1.37497
2026-05-19 23:15:00,1.3749799999999999,1.3752,1.37497,1.37507
2026-05-19 23:30:00,1.37506,1.3751,1.37476,1.37481
2026-05-19 23:45:00,1.3748,1.37488,1.37411,1.37418
2026-05-20 00:00:00,1.3740700000000001,1.37424,1.37398,1.37424
2026-05-20 00:15:00,1.37426,1.3743,1.37423,1.37427
2026-05-20 00:30:00,1.37426,1.37426,1.37418,1.37426
2026-05-20 00:45:00,1.37426,1.37426,1.37417,1.37417
2026-05-20 01:00:00,1.37417,1.37454,1.37417,1.37449
2026-05-20 01:15:00,1.37449,1.37451,1.3743400000000001,1.37439
2026-05-20 01:30:00,1.37438,1.37453,1.37438,1.3745
2026-05-20 01:45:00,1.37451,1.37451,1.3743699999999999,1.37438
2026-05-20 02:00:00,1.3743699999999999,1.3744100000000001,1.3743400000000001,1.37439
2026-05-20 02:15:00,1.37438,1.3744,1.3743,1.37432
2026-05-20 02:30:00,1.37433,1.37433,1.3742,1.37429
2026-05-20 02:45:00,1.3743,1.37491,1.3743,1.37488
2026-05-20 03:00:00,1.3749,1.3756300000000001,1.3749,1.37551
2026-05-20 03:15:00,1.37551,1.37564,1.37512,1.37538
2026-05-20 03:30:00,1.37537,1.37538,1.3750200000000001,1.37535
2026-05-20 03:45:00,1.3753600000000001,1.37584,1.37528,1.37577
2026-05-20 04:00:00,1.37584,1.37604,1.37568,1.37594
2026-05-20 04:15:00,1.3759299999999999,1.3759700000000001,1.37562,1.37587
2026-05-20 04:30:00,1.37589,1.3761,1.37558,1.37574
2026-05-20 04:45:00,1.37574,1.3758,1.3752,1.37553
2026-05-20 05:00:00,1.37552,1.3756,1.37531,1.37534
2026-05-20 05:15:00,1.37535,1.37555,1.37518,1.37542
2026-05-20 05:30:00,1.37543,1.37576,1.37538,1.37554
2026-05-20 05:45:00,1.37553,1.37573,1.37537,1.37554
2026-05-20 06:00:00,1.37554,1.37569,1.37548,1.37558
2026-05-20 06:15:00,1.37558,1.3755899999999999,1.37519,1.3752499999999999
2026-05-20 06:30:00,1.37526,1.37534,1.37517,1.37528
2026-05-20 06:45:00,1.37527,1.37551,1.37526,1.37549
2026-05-20 07:00:00,1.3755,1.3756300000000001,1.37513,1.3754
2026-05-20 07:15:00,1.37539,1.37572,1.37539,1.37567
2026-05-20 07:30:00,1.37568,1.37598,1.37564,1.37581
2026-05-20 07:45:00,1.37582,1.37594,1.37574,1.37592
2026-05-20 08:00:00,1.37591,1.3759299999999999,1.37557,1.37583
2026-05-20 08:15:00,1.37584,1.376,1.3757,1.37595
2026-05-20 08:30:00,1.3759299999999999,1.37594,1.37558,1.37575
2026-05-20 08:45:00,1.37576,1.376,1.37572,1.37578
2026-05-20 09:00:00,1.37577,1.37614,1.37577,1.37608
2026-05-20 09:15:00,1.37607,1.37607,1.37564,1.37572
2026-05-20 09:30:00,1.37572,1.37629,1.37569,1.37603
2026-05-20 09:45:00,1.37603,1.3766,1.37598,1.37646
2026-05-20 10:00:00,1.37647,1.37672,1.3762400000000001,1.3765100000000001
2026-05-20 10:15:00,1.37652,1.37665,1.376,1.37665
2026-05-20 10:30:00,1.37664,1.377,1.37655,1.37699
2026-05-20 10:45:00,1.37698,1.37723,1.37689,1.3772
2026-05-20 11:00:00,1.3771900000000001,1.37721,1.37656,1.3768
2026-05-20 11:15:00,1.3768099999999999,1.377,1.37646,1.37679
2026-05-20 11:30:00,1.3767800000000001,1.37706,1.3765800000000001,1.37662
2026-05-20 11:45:00,1.37662,1.37725,1.3765399999999999,1.37724
2026-05-20 12:00:00,1.37725,1.37726,1.3768799999999999,1.3771499999999999
2026-05-20 12:15:00,1.37718,1.37738,1.37714,1.37735
2026-05-20 12:30:00,1.37735,1.37754,1.37723,1.37747
2026-05-20 12:45:00,1.37747,1.3778299999999999,1.37745,1.37772
2026-05-20 13:00:00,1.3777300000000001,1.37782,1.37743,1.3775
2026-05-20 13:15:00,1.37751,1.37752,1.37704,1.37713
2026-05-20 13:30:00,1.37714,1.3771499999999999,1.37672,1.3768799999999999
2026-05-20 13:45:00,1.3768799999999999,1.37716,1.37676,1.37682
2026-05-20 14:00:00,1.37683,1.37702,1.37647,1.37664
2026-05-20 14:15:00,1.37662,1.37663,1.37584,1.37587
2026-05-20 14:30:00,1.37586,1.37589,1.3753,1.37562
2026-05-20 14:45:00,1.3756300000000001,1.3759700000000001,1.37534,1.37534
2026-05-20 15:00:00,1.37535,1.37582,1.37524,1.3756
2026-05-20 15:15:00,1.3756300000000001,1.37661,1.37537,1.37657
2026-05-20 15:30:00,1.37659,1.37659,1.37595,1.37595
2026-05-20 15:45:00,1.37595,1.37649,1.37586,1.37615
2026-05-20 16:00:00,1.37614,1.37641,1.3759000000000001,1.37629
2026-05-20 16:15:00,1.3763,1.37652,1.37588,1.37588
2026-05-20 16:30:00,1.37592,1.37618,1.37562,1.37613
2026-05-20 16:45:00,1.37614,1.37737,1.37594,1.37723
2026-05-20 17:00:00,1.37723,1.37759,1.37695,1.3774
2026-05-20 17:15:00,1.3774,1.37741,1.37549,1.37555
2026-05-20 17:30:00,1.3755600000000001,1.3755899999999999,1.37496,1.37506
2026-05-20 17:45:00,1.3750499999999999,1.3753199999999999,1.37387,1.37405
2026-05-20 18:00:00,1.37404,1.3753199999999999,1.37392,1.37523
2026-05-20 18:15:00,1.37523,1.3752499999999999,1.37305,1.3743
2026-05-20 18:30:00,1.37428,1.37431,1.3732199999999999,1.37384
2026-05-20 18:45:00,1.3738299999999999,1.37522,1.37377,1.37473
2026-05-20 19:00:00,1.37473,1.37479,1.37382,1.37401
2026-05-20 19:15:00,1.37402,1.37435,1.3737,1.37419
2026-05-20 19:30:00,1.3742,1.3745,1.3740299999999999,1.37404
2026-05-20 19:45:00,1.37404,1.37492,1.37377,1.37473
2026-05-20 20:00:00,1.37472,1.3754,1.3746,1.37511
2026-05-20 20:15:00,1.37511,1.37526,1.37483,1.3750499999999999
2026-05-20 20:30:00,1.37504,1.37534,1.37479,1.37534
2026-05-20 20:45:00,1.37534,1.3755,1.37519,1.3753199999999999
2026-05-20 21:00:00,1.37531,1.37551,1.37484,1.37493
2026-05-20 21:15:00,1.37494,1.37497,1.37446,1.37449
2026-05-20 21:30:00,1.37448,1.37488,1.3743699999999999,1.37488
2026-05-20 21:45:00,1.37488,1.37491,1.37429,1.37481
2026-05-20 22:00:00,1.37482,1.37491,1.37438,1.37467
2026-05-20 22:15:00,1.37466,1.3747099999999999,1.37447,1.37459
2026-05-20 22:30:00,1.37458,1.37462,1.37426,1.37448
2026-05-20 22:45:00,1.37449,1.3747,1.37414,1.37429
2026-05-20 23:00:00,1.37429,1.3745,1.37412,1.3744
2026-05-20 23:15:00,1.3744100000000001,1.37461,1.37421,1.37435
2026-05-20 23:30:00,1.3743400000000001,1.3745,1.37401,1.37445
2026-05-20 23:45:00,1.3744399999999999,1.37456,1.37422,1.37423
2026-05-21 00:00:00,1.37401,1.37401,1.3728500000000001,1.37368
2026-05-21 00:15:00,1.37395,1.37399,1.37368,1.3739
2026-05-21 00:30:00,1.3739,1.3740999999999999,1.37377,1.37387
2026-05-21 00:45:00,1.37389,1.37414,1.37385,1.37391
2026-05-21 01:00:00,1.37386,1.37473,1.3738299999999999,1.37448
2026-05-21 01:15:00,1.37447,1.37458,1.37447,1.37448
2026-05-21 01:30:00,1.37447,1.37455,1.37447,1.37454
2026-05-21 01:45:00,1.37455,1.37463,1.37452,1.37457
2026-05-21 02:00:00,1.37457,1.3746399999999999,1.37452,1.3746
2026-05-21 02:15:00,1.3746,1.3748,1.37459,1.3748
2026-05-21 02:30:00,1.37479,1.3749,1.37479,1.37488
2026-05-21 02:45:00,1.37489,1.3749,1.37457,1.37482
2026-05-21 03:00:00,1.3748,1.3750200000000001,1.3746800000000001,1.37482
2026-05-21 03:15:00,1.37482,1.37512,1.3747,1.37488
2026-05-21 03:30:00,1.37489,1.37506,1.37488,1.37499
2026-05-21 03:45:00,1.3749799999999999,1.3750200000000001,1.37479,1.37492
2026-05-21 04:00:00,1.3749,1.375,1.37462,1.37472
2026-05-21 04:15:00,1.37472,1.37481,1.37455,1.37477
2026-05-21 04:30:00,1.37477,1.37531,1.3747500000000001,1.37518
2026-05-21 04:45:00,1.37518,1.37591,1.37515,1.37571
2026-05-21 05:00:00,1.3757,1.3758,1.37552,1.37579
2026-05-21 05:15:00,1.37578,1.37615,1.3757,1.37615
2026-05-21 05:30:00,1.37614,1.3763,1.37592,1.37616
2026-05-21 05:45:00,1.37615,1.37662,1.37614,1.37644
2026-05-21 06:00:00,1.37643,1.37645,1.37615,1.37634
2026-05-21 06:15:00,1.37634,1.37642,1.37609,1.3762400000000001
2026-05-21 06:30:00,1.37625,1.37649,1.37618,1.3762699999999999
2026-05-21 06:45:00,1.3762699999999999,1.37639,1.37619,1.37635
2026-05-21 07:00:00,1.37637,1.3764,1.37614,1.3763
2026-05-21 07:15:00,1.3763,1.37635,1.37613,1.37613
2026-05-21 07:30:00,1.37612,1.3762400000000001,1.37606,1.37614
2026-05-21 07:45:00,1.37614,1.37629,1.37612,1.3762699999999999
2026-05-21 08:00:00,1.37625,1.37633,1.37611,1.37631
2026-05-21 08:15:00,1.37631,1.37662,1.3762699999999999,1.37659
2026-05-21 08:30:00,1.3765800000000001,1.37662,1.37644,1.3765
2026-05-21 08:45:00,1.37649,1.37671,1.3762699999999999,1.37632
2026-05-21 09:00:00,1.37633,1.3765,1.37619,1.37622
2026-05-21 09:15:00,1.37621,1.37629,1.37594,1.376
2026-05-21 09:30:00,1.376,1.3765,1.37591,1.37632
2026-05-21 09:45:00,1.37632,1.37649,1.37621,1.37638
2026-05-21 10:00:00,1.37637,1.3766,1.37626,1.3765
2026-05-21 10:15:00,1.3765,1.37716,1.3765,1.3771200000000001
2026-05-21 10:30:00,1.37709,1.37738,1.37704,1.37725
2026-05-21 10:45:00,1.37724,1.37738,1.3771499999999999,1.37735
2026-05-21 11:00:00,1.37735,1.37765,1.37666,1.37672
2026-05-21 11:15:00,1.37672,1.37679,1.3761999999999999,1.37623
2026-05-21 11:30:00,1.37623,1.3768,1.37619,1.37677
2026-05-21 11:45:00,1.37677,1.377,1.3765399999999999,1.37676
2026-05-21 12:00:00,1.37677,1.37699,1.37659,1.37667
2026-05-21 12:15:00,1.37667,1.37679,1.37636,1.37639
2026-05-21 12:30:00,1.3764,1.37659,1.37613,1.37659
2026-05-21 12:45:00,1.3765800000000001,1.3768,1.3765,1.37667
2026-05-21 13:00:00,1.37667,1.37674,1.37652,1.37667
2026-05-21 13:15:00,1.37668,1.3771499999999999,1.37662,1.37687
2026-05-21 13:30:00,1.37686,1.37735,1.37666,1.3767800000000001
2026-05-21 13:45:00,1.37677,1.3769,1.3762699999999999,1.37652
2026-05-21 14:00:00,1.37652,1.37661,1.37613,1.3764
2026-05-21 14:15:00,1.37641,1.37655,1.37604,1.37643
2026-05-21 14:30:00,1.37644,1.37653,1.37618,1.37629
2026-05-21 14:45:00,1.3763,1.37694,1.3762699999999999,1.37689
2026-05-21 15:00:00,1.3769,1.3773,1.37672,1.37705
2026-05-21 15:15:00,1.37704,1.37747,1.37693,1.37721
2026-05-21 15:30:00,1.37721,1.37734,1.37672,1.37684
2026-05-21 15:45:00,1.37684,1.37748,1.37655,1.37747
2026-05-21 16:00:00,1.3774899999999999,1.3784399999999999,1.37731,1.37842
2026-05-21 16:15:00,1.37842,1.37877,1.37826,1.37862
2026-05-21 16:30:00,1.3786100000000001,1.37892,1.37836,1.37888
2026-05-21 16:45:00,1.37887,1.37893,1.37825,1.37847
2026-05-21 17:00:00,1.37847,1.37942,1.3784399999999999,1.3792499999999999
2026-05-21 17:15:00,1.37923,1.37967,1.37913,1.37919
2026-05-21 17:30:00,1.37918,1.37998,1.3790200000000001,1.37991
2026-05-21 17:45:00,1.37992,1.37996,1.37831,1.37891
2026-05-21 18:00:00,1.3789,1.37946,1.37858,1.37881
2026-05-21 18:15:00,1.37879,1.3793199999999999,1.37856,1.37862
2026-05-21 18:30:00,1.3786100000000001,1.37919,1.3784,1.37888
2026-05-21 18:45:00,1.37888,1.3790200000000001,1.37867,1.37885
2026-05-21 19:00:00,1.37886,1.37926,1.37857,1.37903
2026-05-21 19:15:00,1.37904,1.37919,1.37874,1.37883
2026-05-21 19:30:00,1.37883,1.37906,1.37857,1.37897
2026-05-21 19:45:00,1.3789799999999999,1.37915,1.37838,1.37856
2026-05-21 20:00:00,1.37856,1.3788,1.37824,1.3784399999999999
2026-05-21 20:15:00,1.37845,1.37845,1.3774,1.37768
2026-05-21 20:30:00,1.37767,1.37793,1.3774199999999999,1.3777
2026-05-21 20:45:00,1.3777,1.37804,1.37738,1.37775
2026-05-21 21:00:00,1.37775,1.37785,1.37725,1.3776
2026-05-21 21:15:00,1.37759,1.37769,1.3767,1.3768500000000001
2026-05-21 21:30:00,1.3768500000000001,1.3774199999999999,1.3767800000000001,1.37734
2026-05-21 21:45:00,1.37734,1.37849,1.37728,1.37825
2026-05-21 22:00:00,1.37826,1.37835,1.37777,1.37802
2026-05-21 22:15:00,1.37801,1.3780999999999999,1.3777599999999999,1.37798
2026-05-21 22:30:00,1.37799,1.37799,1.37764,1.37796
2026-05-21 22:45:00,1.37796,1.37825,1.37767,1.37789
2026-05-21 23:00:00,1.37788,1.37808,1.37775,1.37794
2026-05-21 23:15:00,1.37794,1.37799,1.37764,1.37769
2026-05-21 23:30:00,1.3777,1.37789,1.37769,1.37784
2026-05-21 23:45:00,1.37784,1.3780000000000001,1.37753,1.37755
2026-05-22 00:00:00,1.37698,1.37736,1.3767800000000001,1.37733
2026-05-22 00:15:00,1.37733,1.3775,1.37726,1.37733
2026-05-22 00:30:00,1.37726,1.37741,1.37718,1.37731
2026-05-22 00:45:00,1.37728,1.37735,1.37714,1.37714
2026-05-22 01:00:00,1.37718,1.3777300000000001,1.37695,1.37772
2026-05-22 01:15:00,1.37771,1.37771,1.3776,1.37762
2026-05-22 01:30:00,1.37763,1.37764,1.3774,1.37745
2026-05-22 01:45:00,1.37744,1.37767,1.37737,1.37755
2026-05-22 02:00:00,1.37755,1.3777,1.37744,1.37764
2026-05-22 02:15:00,1.37764,1.37775,1.37762,1.37764
2026-05-22 02:30:00,1.37765,1.37777,1.37758,1.37774
2026-05-22 02:45:00,1.37775,1.37775,1.37758,1.37762
2026-05-22 03:00:00,1.3776,1.37878,1.37759,1.37858
2026-05-22 03:15:00,1.37859,1.3787,1.3784,1.37843
2026-05-22 03:30:00,1.37842,1.3786,1.37839,1.3784399999999999
2026-05-22 03:45:00,1.37843,1.37853,1.37827,1.37835
2026-05-22 04:00:00,1.3783400000000001,1.37886,1.3783,1.37857
2026-05-22 04:15:00,1.37858,1.3787,1.3784399999999999,1.37849
2026-05-22 04:30:00,1.3785,1.37858,1.3783699999999999,1.37851
2026-05-22 04:45:00,1.3785,1.37891,1.37831,1.37888
2026-05-22 05:00:00,1.37889,1.3789500000000001,1.37874,1.37892
2026-05-22 05:15:00,1.37891,1.37899,1.37873,1.37875
2026-05-22 05:30:00,1.37876,1.37879,1.37855,1.37874
2026-05-22 05:45:00,1.37873,1.3789799999999999,1.3786399999999999,1.37883
2026-05-22 06:00:00,1.37882,1.37914,1.37878,1.37908
2026-05-22 06:15:00,1.37907,1.37924,1.37889,1.3789
2026-05-22 06:30:00,1.3789,1.3789799999999999,1.37884,1.37894
2026-05-22 06:45:00,1.3789500000000001,1.37915,1.3789,1.37915
2026-05-22 07:00:00,1.37915,1.3792499999999999,1.37893,1.37894
2026-05-22 07:15:00,1.3789500000000001,1.3789799999999999,1.37873,1.37878
2026-05-22 07:30:00,1.37879,1.37912,1.37878,1.3790200000000001
2026-05-22 07:45:00,1.3790200000000001,1.3790499999999999,1.37881,1.37889
2026-05-22 08:00:00,1.3789,1.37896,1.37874,1.37885
2026-05-22 08:15:00,1.37883,1.3789799999999999,1.37882,1.3789500000000001
2026-05-22 08:30:00,1.37894,1.37916,1.37884,1.37912
2026-05-22 08:45:00,1.37911,1.37933,1.3783699999999999,1.37927
2026-05-22 09:00:00,1.37928,1.37936,1.379,1.37934
2026-05-22 09:15:00,1.37935,1.37947,1.3791,1.37912
2026-05-22 09:30:00,1.37911,1.37947,1.37909,1.3793
2026-05-22 09:45:00,1.3792900000000001,1.37942,1.37897,1.37897
2026-05-22 10:00:00,1.3789799999999999,1.37952,1.3789799999999999,1.37939
2026-05-22 10:15:00,1.3794,1.3795,1.37913,1.37917
2026-05-22 10:30:00,1.37916,1.37943,1.3791,1.37913
2026-05-22 10:45:00,1.37914,1.37924,1.37892,1.37903
2026-05-22 11:00:00,1.37903,1.37912,1.37892,1.3790200000000001
2026-05-22 11:15:00,1.37903,1.37906,1.3783400000000001,1.37853
2026-05-22 11:30:00,1.37853,1.3789799999999999,1.37833,1.3786399999999999
2026-05-22 11:45:00,1.3786399999999999,1.37865,1.3783400000000001,1.37845
2026-05-22 12:00:00,1.37845,1.3790200000000001,1.3783699999999999,1.379
2026-05-22 12:15:00,1.37899,1.37936,1.37899,1.37908
2026-05-22 12:30:00,1.37907,1.37934,1.3790499999999999,1.37931
2026-05-22 12:45:00,1.37931,1.37931,1.3790200000000001,1.37913
2026-05-22 13:00:00,1.37912,1.3792900000000001,1.37906,1.37917
2026-05-22 13:15:00,1.37916,1.37961,1.37915,1.3796
2026-05-22 13:30:00,1.37961,1.3798599999999999,1.3795,1.3798
2026-05-22 13:45:00,1.37981,1.37987,1.3797,1.37974
2026-05-22 14:00:00,1.37975,1.37997,1.37972,1.37988
2026-05-22 14:15:00,1.37989,1.3799000000000001,1.37954,1.3796300000000001
2026-05-22 14:30:00,1.37964,1.38002,1.3796300000000001,1.3799000000000001
2026-05-22 14:45:00,1.37989,1.3801700000000001,1.37948,1.38007
2026-05-22 15:00:00,1.38006,1.38022,1.3796599999999999,1.37991
2026-05-22 15:15:00,1.3799000000000001,1.38067,1.37989,1.38063
2026-05-22 15:30:00,1.38062,1.38064,1.37991,1.38031
2026-05-22 15:45:00,1.3803,1.38064,1.38005,1.38034
2026-05-22 16:00:00,1.38034,1.38042,1.37907,1.37939
2026-05-22 16:15:00,1.37939,1.37998,1.37939,1.37994
2026-05-22 16:30:00,1.37996,1.3804699999999999,1.37981,1.38002
2026-05-22 16:45:00,1.38003,1.38019,1.37973,1.37976
2026-05-22 17:00:00,1.37977,1.38083,1.37975,1.38077
2026-05-22 17:15:00,1.38079,1.38131,1.38074,1.38109
2026-05-22 17:30:00,1.38109,1.3816,1.38102,1.38138
2026-05-22 17:45:00,1.3813900000000001,1.38194,1.38124,1.3819
2026-05-22 18:00:00,1.38189,1.38211,1.38145,1.38163
2026-05-22 18:15:00,1.38163,1.38182,1.38148,1.3817
2026-05-22 18:30:00,1.3817,1.3820000000000001,1.3813900000000001,1.38192
2026-05-22 18:45:00,1.38192,1.38219,1.38168,1.38181
2026-05-22 19:00:00,1.38181,1.38222,1.38141,1.3814899999999999
2026-05-22 19:15:00,1.3814899999999999,1.38154,1.38111,1.3814199999999999
2026-05-22 19:30:00,1.3814199999999999,1.38145,1.38111,1.38124
2026-05-22 19:45:00,1.38122,1.38125,1.38077,1.3807800000000001
2026-05-22 20:00:00,1.3807800000000001,1.38098,1.38062,1.3808500000000001
2026-05-22 20:15:00,1.38086,1.38102,1.38048,1.38074
2026-05-22 20:30:00,1.38073,1.3813,1.38061,1.38126
2026-05-22 20:45:00,1.38125,1.3813900000000001,1.38099,1.38104
2026-05-22 21:00:00,1.38105,1.38124,1.38052,1.38059
2026-05-22 21:15:00,1.3806,1.38089,1.38057,1.3807
2026-05-22 21:30:00,1.38071,1.38075,1.38039,1.38069
2026-05-22 21:45:00,1.38068,1.3808799999999999,1.38052,1.3808799999999999
2026-05-22 22:00:00,1.38087,1.3811499999999999,1.38077,1.38095
2026-05-22 22:15:00,1.38097,1.381,1.38055,1.38067
2026-05-22 22:30:00,1.38066,1.38101,1.38063,1.38099
2026-05-22 22:45:00,1.381,1.38144,1.381,1.38143
2026-05-22 23:00:00,1.3814199999999999,1.38147,1.3811200000000001,1.38132
2026-05-22 23:15:00,1.3813,1.38151,1.3812,1.38147
2026-05-22 23:30:00,1.38147,1.38179,1.38145,1.38168
2026-05-22 23:45:00,1.38168,1.38238,1.3813,1.38164
2026-05-25 00:00:00,1.3799299999999999,1.38046,1.3795600000000001,1.37969
2026-05-25 00:15:00,1.37968,1.38053,1.37928,1.3804400000000001
2026-05-25 00:30:00,1.3804400000000001,1.381,1.3804400000000001,1.38068
2026-05-25 00:45:00,1.38077,1.3810799999999999,1.3804,1.38087
2026-05-25 01:00:00,1.38055,1.38114,1.38015,1.38055
2026-05-25 01:15:00,1.3805399999999999,1.38064,1.38015,1.3801999999999999
2026-05-25 01:30:00,1.38021,1.38022,1.3799000000000001,1.37998
2026-05-25 01:45:00,1.37998,1.38022,1.37989,1.38015
2026-05-25 02:00:00,1.38016,1.38016,1.37987,1.37994
2026-05-25 02:15:00,1.37994,1.37996,1.37979,1.37989
2026-05-25 02:30:00,1.37989,1.38018,1.37987,1.3801700000000001
2026-05-25 02:45:00,1.38016,1.38041,1.38007,1.3802400000000001
2026-05-25 03:00:00,1.38023,1.38058,1.38022,1.38046
2026-05-25 03:15:00,1.3804699999999999,1.38074,1.38045,1.38056
2026-05-25 03:30:00,1.38055,1.38077,1.38048,1.38068
2026-05-25 03:45:00,1.38067,1.38071,1.38011,1.38035
2026-05-25 04:00:00,1.38035,1.38058,1.37978,1.37978
2026-05-25 04:15:00,1.37977,1.37989,1.37953,1.37958
2026-05-25 04:30:00,1.3795600000000001,1.3799000000000001,1.37953,1.37973
2026-05-25 04:45:00,1.37974,1.37991,1.3796599999999999,1.3799000000000001
2026-05-25 05:00:00,1.3799000000000001,1.3799000000000001,1.37957,1.37973
2026-05-25 05:15:00,1.37972,1.37987,1.37965,1.37979
2026-05-25 05:30:00,1.37978,1.37989,1.37972,1.37982
2026-05-25 05:45:00,1.37982,1.38012,1.3798,1.38002
2026-05-25 06:00:00,1.38002,1.38022,1.37992,1.38019
2026-05-25 06:15:00,1.3801999999999999,1.3805,1.3801700000000001,1.3804699999999999
2026-05-25 06:30:00,1.38046,1.38076,1.38039,1.38076
2026-05-25 06:45:00,1.38075,1.38099,1.38072,1.3808500000000001
2026-05-25 07:00:00,1.38086,1.381,1.3807,1.38097
2026-05-25 07:15:00,1.38099,1.38105,1.3808500000000001,1.3809
2026-05-25 07:30:00,1.38092,1.38094,1.38066,1.38074
2026-05-25 07:45:00,1.38074,1.38074,1.38048,1.38058
2026-05-25 08:00:00,1.38057,1.3806,1.38036,1.38053
2026-05-25 08:15:00,1.3805399999999999,1.38074,1.3804699999999999,1.38067
2026-05-25 08:30:00,1.38067,1.3808,1.38055,1.38062
2026-05-25 08:45:00,1.38063,1.38109,1.38059,1.38097
2026-05-25 09:00:00,1.38096,1.38135,1.38095,1.38121
2026-05-25 09:15:00,1.3812,1.38135,1.38087,1.38109
2026-05-25 09:30:00,1.38109,1.38118,1.38083,1.38096
2026-05-25 09:45:00,1.38097,1.38099,1.38079,1.38096
2026-05-25 10:00:00,1.38095,1.38155,1.38093,1.38133
2026-05-25 10:15:00,1.38133,1.3820299999999999,1.38128,1.38167
2026-05-25 10:30:00,1.38166,1.3817300000000001,1.38144,1.38168
2026-05-25 10:45:00,1.3816899999999999,1.3817300000000001,1.38152,1.38153
2026-05-25 11:00:00,1.38152,1.38202,1.3814600000000001,1.38153
2026-05-25 11:15:00,1.38154,1.38162,1.38141,1.38158
2026-05-25 11:30:00,1.38158,1.38161,1.38126,1.38152
2026-05-25 11:45:00,1.38152,1.38155,1.38117,1.38123
2026-05-25 12:00:00,1.38123,1.3814,1.3810799999999999,1.3814
2026-05-25 12:15:00,1.3813900000000001,1.38156,1.38135,1.3814199999999999
2026-05-25 12:30:00,1.3814199999999999,1.38144,1.3811,1.3811200000000001
2026-05-25 12:45:00,1.38111,1.3814199999999999,1.3811,1.38141
2026-05-25 13:00:00,1.38141,1.38148,1.3812,1.3813900000000001
2026-05-25 13:15:00,1.3813900000000001,1.3815,1.38134,1.3814199999999999
2026-05-25 13:30:00,1.3814199999999999,1.38156,1.38132,1.3813900000000001
2026-05-25 13:45:00,1.3813900000000001,1.38154,1.38127,1.38143
2026-05-25 14:00:00,1.3814199999999999,1.38177,1.3813900000000001,1.3817
2026-05-25 14:15:00,1.3816899999999999,1.3817,1.38114,1.3812
2026-05-25 14:30:00,1.38119,1.38131,1.38069,1.38073
2026-05-25 14:45:00,1.38073,1.38113,1.38069,1.38111
2026-05-25 15:00:00,1.38111,1.38135,1.3810799999999999,1.38117
2026-05-25 15:15:00,1.38116,1.38135,1.3810799999999999,1.38114
2026-05-25 15:30:00,1.38113,1.38116,1.38059,1.38073
2026-05-25 15:45:00,1.38072,1.38082,1.38045,1.38065
2026-05-25 16:00:00,1.38066,1.38073,1.38035,1.3804699999999999
2026-05-25 16:15:00,1.38049,1.38071,1.38016,1.38025
2026-05-25 16:30:00,1.38025,1.38072,1.38025,1.38069
2026-05-25 16:45:00,1.38069,1.38103,1.38067,1.3808799999999999
2026-05-25 17:00:00,1.38089,1.38093,1.38042,1.3804699999999999
2026-05-25 17:15:00,1.38048,1.3805100000000001,1.38008,1.38042
2026-05-25 17:30:00,1.38041,1.38045,1.3798300000000001,1.3798599999999999
2026-05-25 17:45:00,1.3798599999999999,1.38016,1.3798599999999999,1.38007
2026-05-25 18:00:00,1.38006,1.3802699999999999,1.37962,1.37992
2026-05-25 18:15:00,1.37992,1.38012,1.3797,1.3801
2026-05-25 18:30:00,1.38011,1.38014,1.37957,1.3796
2026-05-25 18:45:00,1.3795899999999999,1.37972,1.37945,1.3796599999999999
2026-05-25 19:00:00,1.3796599999999999,1.38,1.3796,1.37979
2026-05-25 19:15:00,1.37977,1.38002,1.37975,1.3799000000000001
2026-05-25 19:30:00,1.37989,1.38032,1.37987,1.3801999999999999
2026-05-25 19:45:00,1.3801999999999999,1.3804,1.3801700000000001,1.3802699999999999
2026-05-25 20:00:00,1.38026,1.38039,1.38005,1.38031
2026-05-25 20:15:00,1.38029,1.3805,1.3801700000000001,1.38018
2026-05-25 20:30:00,1.38019,1.38029,1.38005,1.38028
2026-05-25 20:45:00,1.38028,1.38039,1.38022,1.3803
2026-05-25 21:00:00,1.38029,1.38032,1.38014,1.3801700000000001
2026-05-25 21:15:00,1.3801999999999999,1.3803,1.38018,1.38026
2026-05-25 21:30:00,1.3802699999999999,1.38048,1.38025,1.3804699999999999
2026-05-25 21:45:00,1.3804699999999999,1.3804699999999999,1.38025,1.38042
2026-05-25 22:00:00,1.3804,1.3804699999999999,1.3802699999999999,1.38037
2026-05-25 22:15:00,1.3804,1.38042,1.38032,1.38037
2026-05-25 22:30:00,1.38037,1.38038,1.37997,1.38012
2026-05-25 22:45:00,1.38012,1.3801700000000001,1.37992,1.37997
2026-05-25 23:00:00,1.37997,1.38007,1.37987,1.37995
2026-05-25 23:15:00,1.37995,1.38016,1.37987,1.38015
2026-05-25 23:30:00,1.38014,1.38023,1.37994,1.38019
2026-05-25 23:45:00,1.38016,1.38021,1.37997,1.38002
2026-05-26 00:00:00,1.37994,1.37994,1.37949,1.3798300000000001
2026-05-26 00:15:00,1.3799000000000001,1.3799000000000001,1.37982,1.3798300000000001
2026-05-26 00:30:00,1.3798300000000001,1.38006,1.37981,1.38005
2026-05-26 00:45:00,1.38006,1.38034,1.38002,1.38014
2026-05-26 01:00:00,1.38014,1.38035,1.38002,1.3803
2026-05-26 01:15:00,1.38031,1.3805,1.38031,1.38036
2026-05-26 01:30:00,1.38036,1.38037,1.38032,1.38034
2026-05-26 01:45:00,1.38034,1.38034,1.3802400000000001,1.3803
2026-05-26 02:00:00,1.38029,1.3803,1.38022,1.38023
2026-05-26 02:15:00,1.38023,1.38034,1.38021,1.38032
2026-05-26 02:30:00,1.38033,1.38062,1.38032,1.3806
2026-05-26 02:45:00,1.3806,1.3807,1.38046,1.38059
2026-05-26 03:00:00,1.38058,1.38073,1.38034,1.38049
2026-05-26 03:15:00,1.3805,1.38087,1.38043,1.3807
2026-05-26 03:30:00,1.38069,1.3807,1.3805100000000001,1.38065
2026-05-26 03:45:00,1.38065,1.3807,1.38029,1.38033
2026-05-26 04:00:00,1.38034,1.3805399999999999,1.38025,1.38033
2026-05-26 04:15:00,1.38033,1.38056,1.38022,1.3805
2026-05-26 04:30:00,1.38048,1.38095,1.38046,1.38083
2026-05-26 04:45:00,1.38082,1.3808799999999999,1.38066,1.38077
2026-05-26 05:00:00,1.3807800000000001,1.38082,1.38068,1.38079
2026-05-26 05:15:00,1.3807800000000001,1.38083,1.38072,1.38079
2026-05-26 05:30:00,1.3808,1.381,1.38075,1.38097
2026-05-26 05:45:00,1.38098,1.3810799999999999,1.38083,1.3809
2026-05-26 06:00:00,1.38091,1.38093,1.38073,1.3808
2026-05-26 06:15:00,1.38082,1.38083,1.38062,1.38077
2026-05-26 06:30:00,1.38077,1.38082,1.38072,1.38076
2026-05-26 06:45:00,1.3807800000000001,1.38084,1.38063,1.38064
2026-05-26 07:00:00,1.38063,1.38089,1.38061,1.38061
2026-05-26 07:15:00,1.38062,1.3807800000000001,1.38061,1.38077
2026-05-26 07:30:00,1.3807800000000001,1.38097,1.38074,1.38094
2026-05-26 07:45:00,1.38095,1.3811,1.38087,1.38109
2026-05-26 08:00:00,1.38109,1.38131,1.38106,1.38129
2026-05-26 08:15:00,1.3813,1.3814,1.3812,1.38122
2026-05-26 08:30:00,1.38124,1.38137,1.38116,1.38128
2026-05-26 08:45:00,1.38129,1.3814199999999999,1.38122,1.3813900000000001
2026-05-26 09:00:00,1.3813900000000001,1.38151,1.38109,1.38123
2026-05-26 09:15:00,1.38122,1.38127,1.38084,1.38098
2026-05-26 09:30:00,1.38099,1.38106,1.38075,1.38084
2026-05-26 09:45:00,1.38084,1.38117,1.38072,1.3811200000000001
2026-05-26 10:00:00,1.38113,1.3814899999999999,1.38087,1.3809
2026-05-26 10:15:00,1.3809,1.3811499999999999,1.3809,1.38097
2026-05-26 10:30:00,1.38096,1.38101,1.3804400000000001,1.3804400000000001
2026-05-26 10:45:00,1.38043,1.38066,1.38022,1.38046
2026-05-26 11:00:00,1.38045,1.38061,1.38008,1.38025
2026-05-26 11:15:00,1.3802699999999999,1.3802699999999999,1.37987,1.38001
2026-05-26 11:30:00,1.38001,1.38032,1.37987,1.3803
2026-05-26 11:45:00,1.38029,1.38042,1.38012,1.3803
2026-05-26 12:00:00,1.38028,1.3806,1.3802400000000001,1.38031
2026-05-26 12:15:00,1.3803,1.38045,1.3801700000000001,1.38023
2026-05-26 12:30:00,1.38023,1.38042,1.38005,1.38018
2026-05-26 12:45:00,1.3801700000000001,1.38018,1.37991,1.37992
2026-05-26 13:00:00,1.3799299999999999,1.38036,1.37992,1.38009
2026-05-26 13:15:00,1.38008,1.3803,1.38003,1.38025
2026-05-26 13:30:00,1.3802400000000001,1.3805399999999999,1.38016,1.38036
2026-05-26 13:45:00,1.38035,1.3804400000000001,1.37989,1.38
2026-05-26 14:00:00,1.38001,1.38033,1.37996,1.38022
2026-05-26 14:15:00,1.38022,1.3805100000000001,1.38013,1.3804699999999999
2026-05-26 14:30:00,1.3804699999999999,1.3811,1.3804,1.3811
2026-05-26 14:45:00,1.38109,1.38123,1.38083,1.3812
2026-05-26 15:00:00,1.38121,1.38143,1.38114,1.38127
2026-05-26 15:15:00,1.38126,1.3818,1.38124,1.38166
2026-05-26 15:30:00,1.38165,1.38202,1.38151,1.3820000000000001
2026-05-26 15:45:00,1.38199,1.38211,1.38174,1.38177
2026-05-26 16:00:00,1.38177,1.38186,1.38147,1.38165
2026-05-26 16:15:00,1.38165,1.3818,1.38143,1.38166
2026-05-26 16:30:00,1.38165,1.38175,1.38052,1.38082
2026-05-26 16:45:00,1.38083,1.3811200000000001,1.38041,1.38062
2026-05-26 17:00:00,1.38059,1.38066,1.37995,1.38007
2026-05-26 17:15:00,1.38007,1.38058,1.38001,1.38042
2026-05-26 17:30:00,1.38045,1.38062,1.38009,1.3802400000000001
2026-05-26 17:45:00,1.38025,1.3811499999999999,1.38,1.38064
2026-05-26 18:00:00,1.38065,1.38125,1.38064,1.38098
2026-05-26 18:15:00,1.38098,1.38144,1.38091,1.381
2026-05-26 18:30:00,1.381,1.38121,1.38053,1.38062
2026-05-26 18:45:00,1.38061,1.3807,1.38041,1.38042
2026-05-26 19:00:00,1.38038,1.3807,1.38033,1.38033
2026-05-26 19:15:00,1.38033,1.38067,1.38004,1.38067
2026-05-26 19:30:00,1.38067,1.38118,1.38053,1.38059
2026-05-26 19:45:00,1.38058,1.38132,1.38032,1.3812
2026-05-26 20:00:00,1.3812,1.38129,1.38084,1.38092
2026-05-26 20:15:00,1.38092,1.38119,1.38082,1.3811499999999999
2026-05-26 20:30:00,1.38117,1.38166,1.3811499999999999,1.3816
2026-05-26 20:45:00,1.38159,1.38195,1.38156,1.38178
2026-05-26 21:00:00,1.38179,1.38184,1.38138,1.3815
2026-05-26 21:15:00,1.38147,1.38177,1.38138,1.38148
2026-05-26 21:30:00,1.3814899999999999,1.38171,1.38145,1.38162
2026-05-26 21:45:00,1.38162,1.38162,1.38119,1.38127
2026-05-26 22:00:00,1.38128,1.38166,1.38126,1.38165
2026-05-26 22:15:00,1.38163,1.38167,1.38137,1.38148
2026-05-26 22:30:00,1.38148,1.38151,1.38132,1.38147
2026-05-26 22:45:00,1.3814600000000001,1.38157,1.38098,1.38098
2026-05-26 23:00:00,1.38101,1.3812,1.38083,1.38113
2026-05-26 23:15:00,1.3811200000000001,1.38132,1.3811,1.38125
2026-05-26 23:30:00,1.38126,1.38134,1.38102,1.38109
2026-05-26 23:45:00,1.3811,1.3814199999999999,1.38093,1.38094
2026-05-27 00:00:00,1.38071,1.38072,1.38032,1.38069
2026-05-27 00:15:00,1.38069,1.38087,1.38064,1.3808
2026-05-27 00:30:00,1.38086,1.38106,1.38062,1.38073
2026-05-27 00:45:00,1.38073,1.38083,1.38048,1.38062
2026-05-27 01:00:00,1.38061,1.3811499999999999,1.38058,1.38105
2026-05-27 01:15:00,1.38104,1.38131,1.38098,1.38126
2026-05-27 01:30:00,1.38126,1.38128,1.38116,1.38117
2026-05-27 01:45:00,1.38118,1.38126,1.38092,1.38093
2026-05-27 02:00:00,1.38094,1.38109,1.38084,1.3808500000000001
2026-05-27 02:15:00,1.38084,1.3808500000000001,1.38072,1.38073
2026-05-27 02:30:00,1.38073,1.38076,1.38041,1.38041
2026-05-27 02:45:00,1.38042,1.38084,1.38036,1.3807800000000001
2026-05-27 03:00:00,1.3807800000000001,1.38099,1.38063,1.38083
2026-05-27 03:15:00,1.38084,1.3809,1.38055,1.38055
2026-05-27 03:30:00,1.38056,1.3806,1.38039,1.38043
2026-05-27 03:45:00,1.38042,1.38077,1.38032,1.38069
2026-05-27 04:00:00,1.38072,1.38103,1.38062,1.38087
2026-05-27 04:15:00,1.38086,1.38104,1.38079,1.38101
2026-05-27 04:30:00,1.381,1.38145,1.381,1.38123
2026-05-27 04:45:00,1.38124,1.38143,1.38122,1.38132
2026-05-27 05:00:00,1.38132,1.38134,1.3808,1.38102
2026-05-27 05:15:00,1.381,1.38113,1.38095,1.38109
2026-05-27 05:30:00,1.3810799999999999,1.3811499999999999,1.38101,1.38107
2026-05-27 05:45:00,1.3810799999999999,1.38113,1.38086,1.38109
2026-05-27 06:00:00,1.3811,1.38111,1.38073,1.38101
2026-05-27 06:15:00,1.38103,1.38114,1.38098,1.38107
2026-05-27 06:30:00,1.38107,1.38122,1.38102,1.38118
2026-05-27 06:45:00,1.38118,1.38119,1.38106,1.38116
2026-05-27 07:00:00,1.38117,1.3812,1.38101,1.38105
2026-05-27 07:15:00,1.38104,1.38113,1.38099,1.3811
2026-05-27 07:30:00,1.38111,1.3811200000000001,1.38097,1.38098
2026-05-27 07:45:00,1.38097,1.38101,1.3808500000000001,1.3808799999999999
2026-05-27 08:00:00,1.38089,1.38096,1.3808099999999999,1.38086
2026-05-27 08:15:00,1.38087,1.381,1.38087,1.38092
2026-05-27 08:30:00,1.38093,1.38126,1.3808799999999999,1.38119
2026-05-27 08:45:00,1.38119,1.38143,1.38113,1.3813900000000001
2026-05-27 09:00:00,1.3814,1.38171,1.38127,1.38168
2026-05-27 09:15:00,1.3816899999999999,1.38177,1.38134,1.38145
2026-05-27 09:30:00,1.38144,1.38165,1.38133,1.38148
2026-05-27 09:45:00,1.38147,1.38194,1.38129,1.38188
2026-05-27 10:00:00,1.38187,1.38204,1.38154,1.3819
2026-05-27 10:15:00,1.38191,1.38236,1.38191,1.38228
2026-05-27 10:30:00,1.38229,1.38247,1.38219,1.38221
2026-05-27 10:45:00,1.38222,1.38278,1.38213,1.38274
2026-05-27 11:00:00,1.38273,1.38289,1.38245,1.38246
2026-05-27 11:15:00,1.38247,1.3827099999999999,1.38227,1.38244
2026-05-27 11:30:00,1.38244,1.38273,1.38219,1.3827
2026-05-27 11:45:00,1.3827099999999999,1.38293,1.3826800000000001,1.3828
2026-05-27 12:00:00,1.38281,1.38288,1.38258,1.3826100000000001
2026-05-27 12:15:00,1.38262,1.38262,1.38228,1.38231
2026-05-27 12:30:00,1.38232,1.38252,1.38225,1.3822999999999999
2026-05-27 12:45:00,1.38231,1.38243,1.38208,1.3823699999999999
2026-05-27 13:00:00,1.38238,1.3826800000000001,1.38233,1.3826
2026-05-27 13:15:00,1.3826100000000001,1.38297,1.38254,1.38288
2026-05-27 13:30:00,1.38287,1.3834,1.38287,1.38338
2026-05-27 13:45:00,1.38337,1.38365,1.38336,1.38351
2026-05-27 14:00:00,1.3835,1.38364,1.3833,1.3833199999999999
2026-05-27 14:15:00,1.3833199999999999,1.38382,1.38314,1.3838
2026-05-27 14:30:00,1.38378,1.3839299999999999,1.38348,1.3835
2026-05-27 14:45:00,1.3835,1.3836,1.38328,1.3832900000000001
2026-05-27 15:00:00,1.38328,1.38361,1.38318,1.38345
2026-05-27 15:15:00,1.38344,1.38364,1.38248,1.38254
2026-05-27 15:30:00,1.38254,1.38255,1.38199,1.3824
2026-05-27 15:45:00,1.38242,1.3829,1.3823400000000001,1.38277
2026-05-27 16:00:00,1.38278,1.38297,1.38242,1.38297
2026-05-27 16:15:00,1.38297,1.38374,1.38283,1.38344
2026-05-27 16:30:00,1.38347,1.38355,1.3829,1.38344
2026-05-27 16:45:00,1.38343,1.38345,1.3826399999999999,1.38265
2026-05-27 17:00:00,1.3826399999999999,1.38334,1.38258,1.38279
2026-05-27 17:15:00,1.38279,1.38296,1.38233,1.3827
2026-05-27 17:30:00,1.3827099999999999,1.38305,1.38236,1.38238
2026-05-27 17:45:00,1.38239,1.3852,1.38227,1.38492
2026-05-27 18:00:00,1.38492,1.385,1.38334,1.38353
2026-05-27 18:15:00,1.38352,1.38367,1.38312,1.38333
2026-05-27 18:30:00,1.3833199999999999,1.38349,1.38293,1.38308
2026-05-27 18:45:00,1.38309,1.38361,1.38294,1.383
2026-05-27 19:00:00,1.38299,1.3835,1.38292,1.38294
2026-05-27 19:15:00,1.38292,1.3829500000000001,1.38236,1.38273
2026-05-27 19:30:00,1.38272,1.38306,1.38272,1.38289
2026-05-27 19:45:00,1.38288,1.38296,1.38254,1.38259
2026-05-27 20:00:00,1.38259,1.38343,1.38259,1.38327
2026-05-27 20:15:00,1.38327,1.38334,1.38288,1.38314
2026-05-27 20:30:00,1.38314,1.38324,1.38282,1.38292
2026-05-27 20:45:00,1.38292,1.38318,1.38283,1.38304
2026-05-27 21:00:00,1.38305,1.38361,1.38301,1.38345
2026-05-27 21:15:00,1.38346,1.38364,1.3834,1.38347
2026-05-27 21:30:00,1.38346,1.38355,1.3833199999999999,1.38349
2026-05-27 21:45:00,1.38349,1.3835899999999999,1.38323,1.38344
2026-05-27 22:00:00,1.38345,1.38353,1.38285,1.38296
2026-05-27 22:15:00,1.3829500000000001,1.3832200000000001,1.38293,1.38305
2026-05-27 22:30:00,1.38305,1.38335,1.3830200000000001,1.38331
2026-05-27 22:45:00,1.3833,1.38349,1.38307,1.38317
2026-05-27 23:00:00,1.38317,1.38339,1.38287,1.3832499999999999
2026-05-27 23:15:00,1.38324,1.38347,1.38309,1.38345
2026-05-27 23:30:00,1.38343,1.38409,1.38334,1.384
2026-05-27 23:45:00,1.38405,1.38405,1.38371,1.38384
2026-05-28 00:00:00,1.3835,1.38373,1.38292,1.38366
2026-05-28 00:15:00,1.38372,1.38374,1.38352,1.38352
2026-05-28 00:30:00,1.38358,1.38377,1.38358,1.38367
2026-05-28 00:45:00,1.38373,1.3838599999999999,1.38357,1.38385
2026-05-28 01:00:00,1.38382,1.3838599999999999,1.38357,1.38366
2026-05-28 01:15:00,1.38366,1.38378,1.38364,1.38378
2026-05-28 01:30:00,1.3838300000000001,1.38385,1.38374,1.38379
2026-05-28 01:45:00,1.38379,1.3839299999999999,1.38377,1.38385
2026-05-28 02:00:00,1.38389,1.38389,1.38377,1.38384
2026-05-28 02:15:00,1.38385,1.38423,1.38376,1.38418
2026-05-28 02:30:00,1.3841700000000001,1.38437,1.38415,1.38422
2026-05-28 02:45:00,1.38421,1.3845,1.3841999999999999,1.3844400000000001
2026-05-28 03:00:00,1.38446,1.38492,1.38437,1.3848500000000001
2026-05-28 03:15:00,1.38484,1.38484,1.38443,1.38453
2026-05-28 03:30:00,1.38453,1.3847800000000001,1.3844699999999999,1.38473
2026-05-28 03:45:00,1.38472,1.38493,1.38466,1.38475
2026-05-28 04:00:00,1.38475,1.38492,1.38468,1.38487
2026-05-28 04:15:00,1.3848799999999999,1.38501,1.3847,1.38492
2026-05-28 04:30:00,1.38493,1.3851200000000001,1.3848799999999999,1.38502
2026-05-28 04:45:00,1.38501,1.38547,1.38499,1.3853900000000001
2026-05-28 05:00:00,1.38538,1.38544,1.38522,1.3853
2026-05-28 05:15:00,1.38531,1.38534,1.38516,1.38523
2026-05-28 05:30:00,1.38524,1.38551,1.38518,1.38543
2026-05-28 05:45:00,1.38543,1.38551,1.3852,1.38521
2026-05-28 06:00:00,1.3852,1.38535,1.3850500000000001,1.38535
2026-05-28 06:15:00,1.38535,1.38582,1.38532,1.38568
2026-05-28 06:30:00,1.38567,1.38694,1.3856600000000001,1.38673
2026-05-28 06:45:00,1.38674,1.3869099999999999,1.38658,1.38687
2026-05-28 07:00:00,1.38687,1.38693,1.38651,1.38658
2026-05-28 07:15:00,1.38657,1.38665,1.38639,1.38656
2026-05-28 07:30:00,1.38655,1.38656,1.3860299999999999,1.38617
2026-05-28 07:45:00,1.38616,1.38625,1.3860700000000001,1.38612
2026-05-28 08:00:00,1.38611,1.38648,1.38609,1.38619
2026-05-28 08:15:00,1.3862,1.38625,1.3860299999999999,1.38609
2026-05-28 08:30:00,1.38609,1.38614,1.38562,1.3857599999999999
2026-05-28 08:45:00,1.38575,1.38582,1.38552,1.3858
2026-05-28 09:00:00,1.38582,1.3859,1.38534,1.38547
2026-05-28 09:15:00,1.38548,1.38563,1.38513,1.38532
2026-05-28 09:30:00,1.38531,1.38552,1.38524,1.38525
2026-05-28 09:45:00,1.38525,1.38541,1.38495,1.38516
2026-05-28 10:00:00,1.38516,1.38518,1.38455,1.38462
2026-05-28 10:15:00,1.38462,1.38531,1.3845,1.38531
2026-05-28 10:30:00,1.38531,1.38579,1.38519,1.38541
2026-05-28 10:45:00,1.38541,1.3854899999999999,1.3851200000000001,1.38547
2026-05-28 11:00:00,1.38547,1.38558,1.3850799999999999,1.38548
2026-05-28 11:15:00,1.38547,1.38625,1.38547,1.38598
2026-05-28 11:30:00,1.38598,1.38622,1.38592,1.38617
2026-05-28 11:45:00,1.38616,1.3862,1.38577,1.38599
2026-05-28 12:00:00,1.38599,1.38611,1.38572,1.38587
2026-05-28 12:15:00,1.38586,1.38592,1.3854600000000001,1.3856899999999999
2026-05-28 12:30:00,1.3856899999999999,1.38615,1.38564,1.38614
2026-05-28 12:45:00,1.38614,1.38683,1.38614,1.38655
2026-05-28 13:00:00,1.38656,1.38694,1.38649,1.38662
2026-05-28 13:15:00,1.38663,1.38683,1.38625,1.38652
2026-05-28 13:30:00,1.38651,1.38697,1.38639,1.3869
2026-05-28 13:45:00,1.3869099999999999,1.3869500000000001,1.38622,1.3863400000000001
2026-05-28 14:00:00,1.38635,1.38642,1.38579,1.38588
2026-05-28 14:15:00,1.38588,1.38606,1.3852,1.38522
2026-05-28 14:30:00,1.38521,1.38552,1.38507,1.38527
2026-05-28 14:45:00,1.38526,1.38543,1.3847800000000001,1.38493
2026-05-28 15:00:00,1.38494,1.38537,1.3848799999999999,1.385
2026-05-28 15:15:00,1.38501,1.38502,1.38463,1.38468
2026-05-28 15:30:00,1.38469,1.38513,1.38399,1.38421
2026-05-28 15:45:00,1.38426,1.38456,1.38398,1.38438
2026-05-28 16:00:00,1.38416,1.38466,1.38366,1.3845399999999999
2026-05-28 16:15:00,1.38452,1.38514,1.3844699999999999,1.38471
2026-05-28 16:30:00,1.3847,1.38482,1.38382,1.3838599999999999
2026-05-28 16:45:00,1.38387,1.38518,1.38357,1.38473
2026-05-28 17:00:00,1.38473,1.3850500000000001,1.38265,1.38369
2026-05-28 17:15:00,1.38368,1.3838300000000001,1.38232,1.38258
2026-05-28 17:30:00,1.38257,1.38265,1.38184,1.38188
2026-05-28 17:45:00,1.38187,1.3826100000000001,1.3816,1.38183
2026-05-28 18:00:00,1.38179,1.38182,1.38004,1.38011
2026-05-28 18:15:00,1.38011,1.38056,1.38007,1.38049
2026-05-28 18:30:00,1.38048,1.38066,1.38008,1.38049
2026-05-28 18:45:00,1.38048,1.3805,1.37984,1.37992
2026-05-28 19:00:00,1.37992,1.38016,1.37957,1.38
2026-05-28 19:15:00,1.38002,1.3801,1.37917,1.3794
2026-05-28 19:30:00,1.37941,1.37955,1.37912,1.37939
2026-05-28 19:45:00,1.37939,1.37954,1.37889,1.37913
2026-05-28 20:00:00,1.37914,1.3792,1.3782,1.37842
2026-05-28 20:15:00,1.37843,1.37896,1.37843,1.37872
2026-05-28 20:30:00,1.37872,1.3790499999999999,1.37858,1.37885
2026-05-28 20:45:00,1.37886,1.3789500000000001,1.37843,1.37855
2026-05-28 21:00:00,1.37855,1.37857,1.37799,1.37819
2026-05-28 21:15:00,1.37818,1.37865,1.37802,1.37863
2026-05-28 21:30:00,1.37866,1.37872,1.37829,1.37838
2026-05-28 21:45:00,1.37839,1.3784399999999999,1.37805,1.37833
2026-05-28 22:00:00,1.3783400000000001,1.37843,1.37813,1.37819
2026-05-28 22:15:00,1.37819,1.37819,1.3778299999999999,1.37786
2026-05-28 22:30:00,1.37786,1.37786,1.37736,1.37777
2026-05-28 22:45:00,1.37778,1.37832,1.37754,1.37827
2026-05-28 23:00:00,1.37828,1.3784,1.37802,1.37821
2026-05-28 23:15:00,1.37821,1.37839,1.37812,1.3783699999999999
2026-05-28 23:30:00,1.37838,1.3786800000000001,1.37825,1.37836
2026-05-28 23:45:00,1.3783699999999999,1.37854,1.37812,1.37814
2026-05-29 00:00:00,1.37795,1.37795,1.37725,1.37734
2026-05-29 00:15:00,1.37735,1.37779,1.37735,1.37752
2026-05-29 00:30:00,1.37747,1.3780299999999999,1.37741,1.37789
2026-05-29 00:45:00,1.3779,1.37855,1.37771,1.37814
2026-05-29 01:00:00,1.3782,1.37846,1.3780700000000001,1.3783699999999999
2026-05-29 01:15:00,1.37836,1.3783699999999999,1.37826,1.37831
2026-05-29 01:30:00,1.3783,1.37838,1.37829,1.3783
2026-05-29 01:45:00,1.3783,1.37836,1.37826,1.37835
2026-05-29 02:00:00,1.37836,1.37836,1.37812,1.37818
2026-05-29 02:15:00,1.37818,1.37825,1.37813,1.37825
2026-05-29 02:30:00,1.37831,1.37831,1.37815,1.37824
2026-05-29 02:45:00,1.37825,1.37839,1.37819,1.37829
2026-05-29 03:00:00,1.37825,1.3783,1.37801,1.3780999999999999
2026-05-29 03:15:00,1.3780999999999999,1.37818,1.37794,1.37798
2026-05-29 03:30:00,1.37798,1.37831,1.37798,1.3780999999999999
2026-05-29 03:45:00,1.37809,1.37854,1.37809,1.37839
2026-05-29 04:00:00,1.37839,1.37846,1.37795,1.37797
2026-05-29 04:15:00,1.37798,1.37802,1.37781,1.37799
2026-05-29 04:30:00,1.37801,1.37812,1.37798,1.37811
2026-05-29 04:45:00,1.3780999999999999,1.37853,1.3780999999999999,1.37849
2026-05-29 05:00:00,1.37847,1.37847,1.37817,1.37819
2026-05-29 05:15:00,1.3782,1.37832,1.37817,1.37831
2026-05-29 05:30:00,1.37832,1.37843,1.37821,1.37835
2026-05-29 05:45:00,1.3783400000000001,1.37856,1.37825,1.37853
2026-05-29 06:00:00,1.37854,1.37891,1.3785,1.37885
2026-05-29 06:15:00,1.37885,1.37888,1.37875,1.37882
2026-05-29 06:30:00,1.37882,1.37915,1.37877,1.3790200000000001
2026-05-29 06:45:00,1.3790200000000001,1.37906,1.37891,1.37893
2026-05-29 07:00:00,1.37892,1.37893,1.37872,1.37882
2026-05-29 07:15:00,1.37882,1.37899,1.37873,1.37897
2026-05-29 07:30:00,1.3789799999999999,1.3790499999999999,1.37866,1.3787099999999999
2026-05-29 07:45:00,1.3787,1.37893,1.37866,1.37889
2026-05-29 08:00:00,1.37889,1.37903,1.3786399999999999,1.3786399999999999
2026-05-29 08:15:00,1.37865,1.37876,1.37852,1.37866
2026-05-29 08:30:00,1.37865,1.37877,1.37855,1.3786399999999999
2026-05-29 08:45:00,1.37867,1.37877,1.3784399999999999,1.37869
2026-05-29 09:00:00,1.3787,1.3789500000000001,1.37843,1.3784399999999999
2026-05-29 09:15:00,1.37843,1.37924,1.37842,1.37923
2026-05-29 09:30:00,1.37926,1.3795899999999999,1.37912,1.37955
2026-05-29 09:45:00,1.3795600000000001,1.37957,1.37917,1.3793199999999999
2026-05-29 10:00:00,1.37934,1.37991,1.3793,1.37981
2026-05-29 10:15:00,1.37982,1.38005,1.3795,1.38001
2026-05-29 10:30:00,1.38,1.38031,1.37973,1.37997
2026-05-29 10:45:00,1.37997,1.38009,1.37979,1.38005
2026-05-29 11:00:00,1.38006,1.38074,1.38006,1.38058
2026-05-29 11:15:00,1.38059,1.3807,1.3801999999999999,1.38025
2026-05-29 11:30:00,1.3802400000000001,1.38028,1.37992,1.38012
2026-05-29 11:45:00,1.38011,1.38073,1.38011,1.38053
2026-05-29 12:00:00,1.38052,1.38067,1.38035,1.38042
2026-05-29 12:15:00,1.38043,1.3809,1.38042,1.3808
2026-05-29 12:30:00,1.3808099999999999,1.38091,1.38071,1.38075
2026-05-29 12:45:00,1.38074,1.3808,1.3805399999999999,1.38077
2026-05-29 13:00:00,1.38076,1.38104,1.38065,1.38066
2026-05-29 13:15:00,1.38066,1.38082,1.38053,1.38056
2026-05-29 13:30:00,1.38056,1.38095,1.38043,1.38092
2026-05-29 13:45:00,1.38093,1.38102,1.38073,1.3808
2026-05-29 14:00:00,1.38083,1.38123,1.3808099999999999,1.38121
2026-05-29 14:15:00,1.3812,1.38144,1.3808099999999999,1.38119
2026-05-29 14:30:00,1.3812,1.38141,1.38056,1.38062
2026-05-29 14:45:00,1.38062,1.38063,1.3799299999999999,1.38001
2026-05-29 15:00:00,1.38,1.38067,1.3799299999999999,1.38018
2026-05-29 15:15:00,1.38018,1.3809,1.38011,1.38063
2026-05-29 15:30:00,1.38062,1.38245,1.38061,1.38243
2026-05-29 15:45:00,1.38244,1.3829,1.3817599999999999,1.38177
2026-05-29 16:00:00,1.38177,1.38206,1.38143,1.3816899999999999
2026-05-29 16:15:00,1.38168,1.38168,1.38048,1.3808799999999999
2026-05-29 16:30:00,1.38087,1.3811200000000001,1.3801700000000001,1.38082
2026-05-29 16:45:00,1.38082,1.3817,1.38075,1.38123
2026-05-29 17:00:00,1.38124,1.3816,1.37994,1.3809
2026-05-29 17:15:00,1.3809,1.38102,1.38011,1.38035
2026-05-29 17:30:00,1.38037,1.38102,1.37968,1.37999
2026-05-29 17:45:00,1.37999,1.3802400000000001,1.377,1.37756
2026-05-29 18:00:00,1.37757,1.37865,1.37738,1.3783400000000001
2026-05-29 18:15:00,1.37833,1.37883,1.37822,1.37847
2026-05-29 18:30:00,1.37848,1.37849,1.37757,1.37818
