datetime,open,high,low,close
2026-04-30 18:30:00,0.91693,0.91719,0.91651,0.91711
2026-04-30 18:45:00,0.91711,0.91775,0.91706,0.91767
2026-04-30 19:00:00,0.91768,0.91808,0.91751,0.91794
2026-04-30 19:15:00,0.91794,0.91802,0.91746,0.91747
2026-04-30 19:30:00,0.91747,0.91774,0.91739,0.91756
2026-04-30 19:45:00,0.91756,0.91776,0.91748,0.91751
2026-04-30 20:00:00,0.9175,0.91782,0.91729,0.91729
2026-04-30 20:15:00,0.91731,0.91755,0.91706,0.91706
2026-04-30 20:30:00,0.91706,0.91754,0.917,0.9175
2026-04-30 20:45:00,0.91751,0.91756,0.91714,0.91727
2026-04-30 21:00:00,0.91727,0.91749,0.91722,0.91735
2026-04-30 21:15:00,0.91736,0.91736,0.91697,0.91707
2026-04-30 21:30:00,0.91707,0.91719,0.91699,0.91707
2026-04-30 21:45:00,0.91706,0.91715,0.91686,0.91696
2026-04-30 22:00:00,0.91694,0.91697,0.91647,0.91654
2026-04-30 22:15:00,0.91654,0.91703,0.91652,0.91694
2026-04-30 22:30:00,0.91695,0.91708,0.91685,0.91696
2026-04-30 22:45:00,0.91695,0.917,0.91687,0.91687
2026-04-30 23:00:00,0.91688,0.91693,0.91663,0.91664
2026-04-30 23:15:00,0.91664,0.91674,0.91656,0.91666
2026-04-30 23:30:00,0.91665,0.91689,0.91657,0.91669
2026-04-30 23:45:00,0.9167,0.91697,0.91652,0.91654
2026-05-01 00:00:00,0.91561,0.91692,0.91496,0.9162
2026-05-01 00:15:00,0.91628,0.9166,0.91598,0.91629
2026-05-01 00:30:00,0.91629,0.91659,0.91592,0.91643
2026-05-01 00:45:00,0.91645,0.91669,0.91594,0.91642
2026-05-01 01:00:00,0.91665,0.91703,0.91644,0.91699
2026-05-01 01:15:00,0.91699,0.91701,0.91686,0.91687
2026-05-01 01:30:00,0.91688,0.9169,0.91678,0.9168
2026-05-01 01:45:00,0.9168,0.91682,0.91666,0.91667
2026-05-01 02:00:00,0.91669,0.91681,0.91666,0.91672
2026-05-01 02:15:00,0.91672,0.91674,0.91666,0.91671
2026-05-01 02:30:00,0.91671,0.91676,0.91668,0.91672
2026-05-01 02:45:00,0.91672,0.91681,0.9167,0.91678
2026-05-01 03:00:00,0.91679,0.91688,0.91648,0.91651
2026-05-01 03:15:00,0.9165,0.91673,0.91648,0.91671
2026-05-01 03:30:00,0.9167,0.91671,0.91652,0.91663
2026-05-01 03:45:00,0.91663,0.91674,0.91647,0.91661
2026-05-01 04:00:00,0.91662,0.91689,0.91661,0.91686
2026-05-01 04:15:00,0.91685,0.91691,0.91675,0.9168
2026-05-01 04:30:00,0.91681,0.9169,0.91674,0.91689
2026-05-01 04:45:00,0.91689,0.91696,0.91674,0.9168
2026-05-01 05:00:00,0.91681,0.91687,0.91664,0.91677
2026-05-01 05:15:00,0.91678,0.91684,0.91667,0.91682
2026-05-01 05:30:00,0.91683,0.91696,0.91681,0.91692
2026-05-01 05:45:00,0.91691,0.91697,0.91683,0.91687
2026-05-01 06:00:00,0.91689,0.91697,0.91686,0.91691
2026-05-01 06:15:00,0.91692,0.91696,0.91683,0.91689
2026-05-01 06:30:00,0.91691,0.91696,0.91673,0.91682
2026-05-01 06:45:00,0.91683,0.91686,0.91679,0.91682
2026-05-01 07:00:00,0.91683,0.9169,0.91681,0.91689
2026-05-01 07:15:00,0.91688,0.91702,0.91686,0.917
2026-05-01 07:30:00,0.91702,0.91705,0.91693,0.91705
2026-05-01 07:45:00,0.91706,0.91733,0.91705,0.91724
2026-05-01 08:00:00,0.91725,0.91738,0.91722,0.91733
2026-05-01 08:15:00,0.91734,0.91749,0.9173,0.91747
2026-05-01 08:30:00,0.91746,0.91752,0.91737,0.9175
2026-05-01 08:45:00,0.91749,0.91761,0.91742,0.91746
2026-05-01 09:00:00,0.91746,0.9176,0.91724,0.91742
2026-05-01 09:15:00,0.91743,0.91763,0.91739,0.91756
2026-05-01 09:30:00,0.91757,0.91761,0.9173,0.91732
2026-05-01 09:45:00,0.91733,0.91733,0.9156,0.91641
2026-05-01 10:00:00,0.9164,0.91723,0.9164,0.9171
2026-05-01 10:15:00,0.9171,0.91728,0.91674,0.91687
2026-05-01 10:30:00,0.91688,0.91729,0.91679,0.91721
2026-05-01 10:45:00,0.91723,0.91756,0.91723,0.91738
2026-05-01 11:00:00,0.91739,0.91755,0.91718,0.91753
2026-05-01 11:15:00,0.91753,0.91754,0.91709,0.91716
2026-05-01 11:30:00,0.91715,0.9177,0.91702,0.9175
2026-05-01 11:45:00,0.91751,0.91766,0.91699,0.91702
2026-05-01 12:00:00,0.91703,0.91732,0.91691,0.91729
2026-05-01 12:15:00,0.91729,0.91747,0.91712,0.91729
2026-05-01 12:30:00,0.91729,0.91745,0.91703,0.9171
2026-05-01 12:45:00,0.91713,0.91725,0.91661,0.91682
2026-05-01 13:00:00,0.91682,0.91723,0.91682,0.91714
2026-05-01 13:15:00,0.91713,0.91717,0.91677,0.91685
2026-05-01 13:30:00,0.91685,0.91708,0.91684,0.91704
2026-05-01 13:45:00,0.91704,0.91714,0.91694,0.91699
2026-05-01 14:00:00,0.91699,0.91734,0.91689,0.91727
2026-05-01 14:15:00,0.91726,0.91732,0.9169,0.91705
2026-05-01 14:30:00,0.91704,0.91724,0.91699,0.91719
2026-05-01 14:45:00,0.91718,0.9172,0.91704,0.91718
2026-05-01 15:00:00,0.91716,0.91734,0.91699,0.91704
2026-05-01 15:15:00,0.91705,0.91711,0.91661,0.91703
2026-05-01 15:30:00,0.91703,0.9173,0.91695,0.91719
2026-05-01 15:45:00,0.91719,0.91745,0.91717,0.91729
2026-05-01 16:00:00,0.9173,0.91777,0.91718,0.91774
2026-05-01 16:15:00,0.91774,0.91774,0.91733,0.91747
2026-05-01 16:30:00,0.91749,0.91761,0.91724,0.91727
2026-05-01 16:45:00,0.91728,0.91781,0.91708,0.91709
2026-05-01 17:00:00,0.91708,0.9173,0.91663,0.9168
2026-05-01 17:15:00,0.9168,0.91709,0.91665,0.91677
2026-05-01 17:30:00,0.91678,0.91719,0.91674,0.91709
2026-05-01 17:45:00,0.9171,0.91737,0.91645,0.91647
2026-05-01 18:00:00,0.91646,0.91698,0.91644,0.91679
2026-05-01 18:15:00,0.91679,0.91691,0.91664,0.91683
2026-05-01 18:30:00,0.91684,0.91688,0.91665,0.91668
2026-05-01 18:45:00,0.91668,0.91694,0.9163,0.91637
2026-05-01 19:00:00,0.91638,0.91643,0.91612,0.91613
2026-05-01 19:15:00,0.91612,0.91636,0.91607,0.91623
2026-05-01 19:30:00,0.91622,0.91629,0.91594,0.91619
2026-05-01 19:45:00,0.91619,0.91627,0.9161,0.91621
2026-05-01 20:00:00,0.91622,0.91626,0.91605,0.91607
2026-05-01 20:15:00,0.91608,0.91624,0.91601,0.91623
2026-05-01 20:30:00,0.91624,0.91629,0.91604,0.91623
2026-05-01 20:45:00,0.91623,0.91627,0.91612,0.91618
2026-05-01 21:00:00,0.91618,0.91618,0.91587,0.91608
2026-05-01 21:15:00,0.91608,0.91609,0.91589,0.91594
2026-05-01 21:30:00,0.91594,0.91611,0.91585,0.91608
2026-05-01 21:45:00,0.91607,0.91613,0.9159,0.91609
2026-05-01 22:00:00,0.9161,0.91621,0.91606,0.91609
2026-05-01 22:15:00,0.91609,0.91614,0.91605,0.91608
2026-05-01 22:30:00,0.91608,0.91616,0.91607,0.91615
2026-05-01 22:45:00,0.91616,0.91618,0.91608,0.91608
2026-05-01 23:00:00,0.91608,0.91617,0.91604,0.91611
2026-05-01 23:15:00,0.91612,0.91619,0.91597,0.91597
2026-05-01 23:30:00,0.91597,0.91602,0.91592,0.91599
2026-05-01 23:45:00,0.91598,0.91627,0.91596,0.91609
2026-05-04 00:00:00,0.91397,0.91575,0.91395,0.91575
2026-05-04 00:15:00,0.91575,0.91575,0.91575,0.91575
2026-05-04 00:45:00,0.91575,0.9166,0.91575,0.91621
2026-05-04 01:00:00,0.91592,0.91669,0.91592,0.91621
2026-05-04 01:15:00,0.91621,0.91625,0.91618,0.91621
2026-05-04 01:30:00,0.91621,0.91631,0.91617,0.91621
2026-05-04 01:45:00,0.91621,0.91621,0.91601,0.91618
2026-05-04 02:00:00,0.91619,0.91621,0.91605,0.91621
2026-05-04 02:15:00,0.91621,0.91621,0.91604,0.91618
2026-05-04 02:30:00,0.91617,0.9162,0.916,0.91616
2026-05-04 02:45:00,0.91606,0.91621,0.91599,0.91609
2026-05-04 03:00:00,0.91618,0.91621,0.91592,0.91601
2026-05-04 03:15:00,0.91602,0.91634,0.916,0.91622
2026-05-04 03:30:00,0.91621,0.91622,0.91605,0.91621
2026-05-04 03:45:00,0.91621,0.91623,0.91578,0.9158
2026-05-04 04:00:00,0.91579,0.91622,0.91575,0.91614
2026-05-04 04:15:00,0.91614,0.91633,0.91594,0.91633
2026-05-04 04:30:00,0.91632,0.91644,0.91614,0.91617
2026-05-04 04:45:00,0.91617,0.91619,0.91599,0.91601
2026-05-04 05:00:00,0.91602,0.91605,0.91591,0.91596
2026-05-04 05:15:00,0.91596,0.916,0.91583,0.91596
2026-05-04 05:30:00,0.91597,0.91607,0.91585,0.91598
2026-05-04 05:45:00,0.91597,0.91602,0.91587,0.91587
2026-05-04 06:00:00,0.91587,0.91604,0.91583,0.91598
2026-05-04 06:15:00,0.91598,0.91599,0.91587,0.91596
2026-05-04 06:30:00,0.91596,0.91609,0.91594,0.91606
2026-05-04 06:45:00,0.91606,0.91606,0.91553,0.91585
2026-05-04 07:00:00,0.91587,0.91594,0.91581,0.91582
2026-05-04 07:15:00,0.91582,0.91596,0.9158,0.91594
2026-05-04 07:30:00,0.91594,0.91599,0.91581,0.91598
2026-05-04 07:45:00,0.91597,0.91603,0.91596,0.91596
2026-05-04 08:00:00,0.91596,0.91601,0.91582,0.91592
2026-05-04 08:15:00,0.91592,0.91601,0.91581,0.91596
2026-05-04 08:30:00,0.91595,0.91599,0.91582,0.91595
2026-05-04 08:45:00,0.91595,0.91601,0.91585,0.91592
2026-05-04 09:00:00,0.91591,0.91619,0.91581,0.91613
2026-05-04 09:15:00,0.91613,0.91623,0.91598,0.91619
2026-05-04 09:30:00,0.91621,0.91634,0.91605,0.91614
2026-05-04 09:45:00,0.91614,0.91639,0.91611,0.91634
2026-05-04 10:00:00,0.91635,0.91662,0.91623,0.91649
2026-05-04 10:15:00,0.91649,0.91701,0.91646,0.91694
2026-05-04 10:30:00,0.91695,0.9172,0.91675,0.91718
2026-05-04 10:45:00,0.91719,0.91745,0.91698,0.9172
2026-05-04 11:00:00,0.9172,0.9175,0.91711,0.91749
2026-05-04 11:15:00,0.91749,0.91783,0.91732,0.91776
2026-05-04 11:30:00,0.91774,0.91779,0.9172,0.9174
2026-05-04 11:45:00,0.9174,0.91753,0.91688,0.91699
2026-05-04 12:00:00,0.91701,0.91739,0.91685,0.91713
2026-05-04 12:15:00,0.91714,0.91734,0.91693,0.91716
2026-05-04 12:30:00,0.91718,0.91743,0.91705,0.91733
2026-05-04 12:45:00,0.91733,0.91769,0.91718,0.91754
2026-05-04 13:00:00,0.91755,0.91783,0.91698,0.91718
2026-05-04 13:15:00,0.91719,0.91743,0.91706,0.91722
2026-05-04 13:30:00,0.91723,0.91746,0.91693,0.91727
2026-05-04 13:45:00,0.91727,0.91747,0.91726,0.9174
2026-05-04 14:00:00,0.91739,0.91752,0.91724,0.91727
2026-05-04 14:15:00,0.91727,0.91735,0.91704,0.91725
2026-05-04 14:30:00,0.91725,0.91757,0.91723,0.91749
2026-05-04 14:45:00,0.91748,0.91755,0.91707,0.91707
2026-05-04 15:00:00,0.91706,0.91742,0.91694,0.9174
2026-05-04 15:15:00,0.91739,0.91741,0.91712,0.91718
2026-05-04 15:30:00,0.91719,0.91725,0.91681,0.91687
2026-05-04 15:45:00,0.91688,0.91719,0.91686,0.91706
2026-05-04 16:00:00,0.91704,0.91712,0.91644,0.91674
2026-05-04 16:15:00,0.91674,0.9168,0.91618,0.91627
2026-05-04 16:30:00,0.91627,0.9171,0.91626,0.9169
2026-05-04 16:45:00,0.9169,0.91698,0.91662,0.91681
2026-05-04 17:00:00,0.91681,0.91699,0.91662,0.91666
2026-05-04 17:15:00,0.91665,0.9167,0.9163,0.91646
2026-05-04 17:30:00,0.91646,0.91682,0.91639,0.91663
2026-05-04 17:45:00,0.91662,0.91678,0.91614,0.91619
2026-05-04 18:00:00,0.91622,0.9165,0.916,0.9162
2026-05-04 18:15:00,0.91621,0.91651,0.91605,0.91626
2026-05-04 18:30:00,0.91626,0.91639,0.91599,0.91638
2026-05-04 18:45:00,0.91638,0.91664,0.91637,0.91648
2026-05-04 19:00:00,0.91649,0.91654,0.91628,0.91644
2026-05-04 19:15:00,0.91643,0.91659,0.91631,0.91654
2026-05-04 19:30:00,0.91652,0.91678,0.91645,0.9165
2026-05-04 19:45:00,0.9165,0.91669,0.91642,0.91668
2026-05-04 20:00:00,0.91668,0.91675,0.91656,0.91662
2026-05-04 20:15:00,0.91661,0.91662,0.91625,0.91626
2026-05-04 20:30:00,0.91626,0.91639,0.91616,0.91621
2026-05-04 20:45:00,0.9162,0.91636,0.91617,0.91629
2026-05-04 21:00:00,0.91626,0.91627,0.91611,0.9162
2026-05-04 21:15:00,0.91619,0.91625,0.91613,0.91617
2026-05-04 21:30:00,0.91615,0.91634,0.91611,0.91628
2026-05-04 21:45:00,0.91628,0.91636,0.9161,0.91613
2026-05-04 22:00:00,0.91614,0.9164,0.91609,0.91636
2026-05-04 22:15:00,0.91637,0.91653,0.91636,0.91653
2026-05-04 22:30:00,0.91653,0.91661,0.91646,0.91656
2026-05-04 22:45:00,0.91656,0.91658,0.91641,0.91647
2026-05-04 23:00:00,0.91648,0.91663,0.91639,0.91662
2026-05-04 23:15:00,0.91661,0.91673,0.91657,0.91662
2026-05-04 23:30:00,0.91662,0.91664,0.91659,0.91663
2026-05-04 23:45:00,0.91662,0.91662,0.91642,0.91647
2026-05-05 00:00:00,0.91593,0.91649,0.91559,0.91649
2026-05-05 00:15:00,0.91647,0.91647,0.91593,0.91612
2026-05-05 00:30:00,0.91612,0.91624,0.91595,0.91598
2026-05-05 00:45:00,0.91598,0.91639,0.91586,0.91639
2026-05-05 01:00:00,0.91659,0.91666,0.91609,0.91658
2026-05-05 01:15:00,0.91658,0.91664,0.91647,0.9165
2026-05-05 01:30:00,0.9165,0.91653,0.91644,0.91651
2026-05-05 01:45:00,0.91653,0.91664,0.91651,0.91656
2026-05-05 02:00:00,0.91656,0.91667,0.91656,0.91666
2026-05-05 02:15:00,0.91666,0.91667,0.91663,0.91663
2026-05-05 02:30:00,0.91664,0.91667,0.91661,0.91667
2026-05-05 02:45:00,0.91667,0.91667,0.91663,0.91666
2026-05-05 03:00:00,0.91667,0.91679,0.91657,0.91674
2026-05-05 03:15:00,0.91674,0.91681,0.91668,0.91671
2026-05-05 03:30:00,0.91671,0.9168,0.91666,0.91669
2026-05-05 03:45:00,0.9167,0.9167,0.91652,0.91666
2026-05-05 04:00:00,0.91666,0.91669,0.91642,0.91644
2026-05-05 04:15:00,0.91645,0.91649,0.91635,0.91639
2026-05-05 04:30:00,0.91639,0.91644,0.91624,0.91639
2026-05-05 04:45:00,0.91638,0.91657,0.91634,0.91636
2026-05-05 05:00:00,0.91636,0.91652,0.91635,0.91642
2026-05-05 05:15:00,0.91644,0.91645,0.91632,0.91636
2026-05-05 05:30:00,0.91636,0.91646,0.91635,0.91639
2026-05-05 05:45:00,0.91638,0.91651,0.91638,0.91649
2026-05-05 06:00:00,0.91648,0.9165,0.91638,0.91639
2026-05-05 06:15:00,0.91639,0.91639,0.91627,0.91627
2026-05-05 06:30:00,0.91627,0.91632,0.91625,0.91627
2026-05-05 06:45:00,0.91626,0.91627,0.91616,0.91623
2026-05-05 07:00:00,0.91622,0.91628,0.91619,0.91622
2026-05-05 07:15:00,0.91622,0.91624,0.91616,0.91619
2026-05-05 07:30:00,0.91618,0.91644,0.91618,0.91632
2026-05-05 07:45:00,0.91632,0.91641,0.91624,0.91634
2026-05-05 08:00:00,0.91633,0.91642,0.91629,0.9163
2026-05-05 08:15:00,0.91628,0.91631,0.91617,0.9162
2026-05-05 08:30:00,0.91619,0.91631,0.91602,0.9161
2026-05-05 08:45:00,0.9161,0.9163,0.9161,0.91629
2026-05-05 09:00:00,0.91628,0.91646,0.91623,0.91632
2026-05-05 09:15:00,0.91631,0.91646,0.91611,0.91635
2026-05-05 09:30:00,0.91637,0.91679,0.91633,0.91656
2026-05-05 09:45:00,0.91657,0.91662,0.9163,0.91641
2026-05-05 10:00:00,0.91641,0.91672,0.91616,0.91623
2026-05-05 10:15:00,0.91622,0.91632,0.91594,0.91628
2026-05-05 10:30:00,0.91627,0.91628,0.91592,0.91595
2026-05-05 10:45:00,0.91594,0.91606,0.91584,0.91586
2026-05-05 11:00:00,0.91585,0.91587,0.91547,0.91564
2026-05-05 11:15:00,0.91565,0.91585,0.9154,0.91584
2026-05-05 11:30:00,0.91583,0.91589,0.91534,0.91549
2026-05-05 11:45:00,0.9155,0.91581,0.91537,0.91575
2026-05-05 12:00:00,0.91575,0.91589,0.91562,0.91576
2026-05-05 12:15:00,0.91575,0.91584,0.91556,0.91579
2026-05-05 12:30:00,0.91579,0.91606,0.91558,0.91604
2026-05-05 12:45:00,0.91604,0.91606,0.91556,0.91556
2026-05-05 13:00:00,0.91555,0.91561,0.91531,0.91539
2026-05-05 13:15:00,0.91538,0.91566,0.91535,0.91547
2026-05-05 13:30:00,0.91547,0.91551,0.91515,0.91544
2026-05-05 13:45:00,0.91544,0.91562,0.91542,0.91547
2026-05-05 14:00:00,0.91548,0.91602,0.91546,0.91597
2026-05-05 14:15:00,0.91596,0.91624,0.91589,0.91609
2026-05-05 14:30:00,0.91609,0.91629,0.91596,0.91628
2026-05-05 14:45:00,0.91627,0.91644,0.91594,0.91604
2026-05-05 15:00:00,0.91603,0.91644,0.91595,0.91629
2026-05-05 15:15:00,0.91628,0.91629,0.91588,0.91611
2026-05-05 15:30:00,0.91609,0.91642,0.91599,0.91622
2026-05-05 15:45:00,0.91623,0.91633,0.91615,0.91626
2026-05-05 16:00:00,0.91627,0.91635,0.91592,0.91602
2026-05-05 16:15:00,0.91603,0.91639,0.91592,0.91637
2026-05-05 16:30:00,0.91637,0.91658,0.91635,0.9164
2026-05-05 16:45:00,0.91641,0.91643,0.91602,0.91608
2026-05-05 17:00:00,0.91605,0.91636,0.9159,0.91617
2026-05-05 17:15:00,0.91617,0.91639,0.91578,0.9158
2026-05-05 17:30:00,0.9158,0.9159,0.91548,0.91562
2026-05-05 17:45:00,0.91561,0.91577,0.91499,0.91506
2026-05-05 18:00:00,0.91504,0.91533,0.91497,0.91529
2026-05-05 18:15:00,0.91528,0.91534,0.91501,0.91527
2026-05-05 18:30:00,0.91526,0.91531,0.91494,0.91519
2026-05-05 18:45:00,0.91519,0.91593,0.91513,0.91571
2026-05-05 19:00:00,0.91569,0.91581,0.91544,0.91568
2026-05-05 19:15:00,0.91568,0.91584,0.91546,0.91569
2026-05-05 19:30:00,0.91568,0.91586,0.91566,0.91571
2026-05-05 19:45:00,0.91572,0.91594,0.9157,0.91592
2026-05-05 20:00:00,0.91591,0.91603,0.91585,0.91593
2026-05-05 20:15:00,0.91592,0.91593,0.91578,0.91586
2026-05-05 20:30:00,0.91585,0.91587,0.91568,0.91569
2026-05-05 20:45:00,0.91568,0.91583,0.9156,0.91572
2026-05-05 21:00:00,0.91572,0.91578,0.91563,0.91574
2026-05-05 21:15:00,0.91574,0.91579,0.91566,0.91566
2026-05-05 21:30:00,0.91567,0.91598,0.91566,0.91577
2026-05-05 21:45:00,0.91578,0.9158,0.91565,0.91576
2026-05-05 22:00:00,0.91576,0.91581,0.91571,0.91577
2026-05-05 22:15:00,0.91577,0.9159,0.91576,0.91577
2026-05-05 22:30:00,0.91577,0.91585,0.91577,0.91581
2026-05-05 22:45:00,0.9158,0.9159,0.91575,0.91585
2026-05-05 23:00:00,0.91586,0.91595,0.91568,0.91572
2026-05-05 23:15:00,0.91572,0.91573,0.91558,0.91558
2026-05-05 23:30:00,0.91558,0.91574,0.91558,0.91573
2026-05-05 23:45:00,0.91572,0.91573,0.91561,0.91562
2026-05-06 00:00:00,0.91419,0.91522,0.91415,0.91509
2026-05-06 00:15:00,0.91504,0.91575,0.91495,0.91544
2026-05-06 00:30:00,0.91544,0.91584,0.91521,0.91584
2026-05-06 00:45:00,0.91584,0.91601,0.91579,0.9158
2026-05-06 01:00:00,0.9158,0.91589,0.91545,0.91585
2026-05-06 01:15:00,0.91584,0.91586,0.91581,0.91582
2026-05-06 01:30:00,0.91581,0.91582,0.91569,0.91575
2026-05-06 01:45:00,0.91575,0.91583,0.91538,0.91558
2026-05-06 02:00:00,0.91557,0.91571,0.91541,0.91567
2026-05-06 02:15:00,0.91567,0.91567,0.9155,0.91564
2026-05-06 02:30:00,0.91564,0.91569,0.91559,0.91566
2026-05-06 02:45:00,0.91565,0.91569,0.91544,0.91544
2026-05-06 03:00:00,0.91544,0.91571,0.91541,0.91563
2026-05-06 03:15:00,0.91564,0.91581,0.91559,0.9157
2026-05-06 03:30:00,0.9157,0.91581,0.91562,0.91573
2026-05-06 03:45:00,0.91573,0.91576,0.91562,0.91569
2026-05-06 04:00:00,0.9157,0.91579,0.91563,0.91572
2026-05-06 04:15:00,0.91573,0.91584,0.91572,0.91573
2026-05-06 04:30:00,0.91573,0.91582,0.9157,0.91575
2026-05-06 04:45:00,0.91575,0.91591,0.91575,0.91588
2026-05-06 05:00:00,0.91587,0.91596,0.9158,0.91582
2026-05-06 05:15:00,0.91583,0.91595,0.9158,0.91588
2026-05-06 05:30:00,0.91588,0.91605,0.91587,0.91597
2026-05-06 05:45:00,0.91598,0.91605,0.91592,0.91598
2026-05-06 06:00:00,0.91599,0.916,0.91586,0.91594
2026-05-06 06:15:00,0.91594,0.916,0.91587,0.91588
2026-05-06 06:30:00,0.91589,0.91598,0.91582,0.91588
2026-05-06 06:45:00,0.91589,0.91589,0.9158,0.91583
2026-05-06 07:00:00,0.91583,0.91586,0.91577,0.91584
2026-05-06 07:15:00,0.91584,0.91588,0.91554,0.91561
2026-05-06 07:30:00,0.9156,0.91563,0.91508,0.91516
2026-05-06 07:45:00,0.91516,0.91523,0.91458,0.91495
2026-05-06 08:00:00,0.91497,0.91516,0.9148,0.91512
2026-05-06 08:15:00,0.91513,0.91541,0.91513,0.91536
2026-05-06 08:30:00,0.91536,0.91545,0.9153,0.91534
2026-05-06 08:45:00,0.91534,0.91538,0.91522,0.91532
2026-05-06 09:00:00,0.91531,0.91553,0.91521,0.91543
2026-05-06 09:15:00,0.91543,0.91552,0.91539,0.91547
2026-05-06 09:30:00,0.91546,0.91593,0.91543,0.91576
2026-05-06 09:45:00,0.91576,0.91591,0.91556,0.91576
2026-05-06 10:00:00,0.91576,0.91638,0.91575,0.91627
2026-05-06 10:15:00,0.91626,0.91665,0.91594,0.91649
2026-05-06 10:30:00,0.91649,0.91692,0.91644,0.91648
2026-05-06 10:45:00,0.91649,0.91651,0.91508,0.91531
2026-05-06 11:00:00,0.9153,0.91618,0.91526,0.91608
2026-05-06 11:15:00,0.91609,0.91615,0.91584,0.91593
2026-05-06 11:30:00,0.91593,0.91643,0.91581,0.91617
2026-05-06 11:45:00,0.91618,0.91627,0.91584,0.9161
2026-05-06 12:00:00,0.91611,0.91719,0.91598,0.9171
2026-05-06 12:15:00,0.91711,0.9176,0.91699,0.91743
2026-05-06 12:30:00,0.91743,0.91751,0.91704,0.91749
2026-05-06 12:45:00,0.91748,0.91758,0.91711,0.91711
2026-05-06 13:00:00,0.9171,0.91715,0.91679,0.91697
2026-05-06 13:15:00,0.91697,0.91717,0.91679,0.9169
2026-05-06 13:30:00,0.91689,0.91712,0.91672,0.91709
2026-05-06 13:45:00,0.91709,0.91717,0.91657,0.91665
2026-05-06 14:00:00,0.91666,0.9171,0.91651,0.91709
2026-05-06 14:15:00,0.91711,0.91713,0.91663,0.9168
2026-05-06 14:30:00,0.91681,0.91685,0.91644,0.91655
2026-05-06 14:45:00,0.91655,0.91671,0.91616,0.91632
2026-05-06 15:00:00,0.91632,0.91647,0.91606,0.91606
2026-05-06 15:15:00,0.91616,0.91657,0.91587,0.91604
2026-05-06 15:30:00,0.91604,0.91607,0.91589,0.91603
2026-05-06 15:45:00,0.91604,0.91627,0.91592,0.91595
2026-05-06 16:00:00,0.91597,0.91642,0.91594,0.91638
2026-05-06 16:15:00,0.91639,0.91643,0.91618,0.91632
2026-05-06 16:30:00,0.91633,0.91651,0.91621,0.9165
2026-05-06 16:45:00,0.91649,0.91658,0.91634,0.91643
2026-05-06 17:00:00,0.91643,0.91664,0.91636,0.91649
2026-05-06 17:15:00,0.91649,0.91651,0.91626,0.91628
2026-05-06 17:30:00,0.91629,0.91634,0.91602,0.91604
2026-05-06 17:45:00,0.91605,0.91622,0.91577,0.9158
2026-05-06 18:00:00,0.91579,0.91595,0.91553,0.91577
2026-05-06 18:15:00,0.91575,0.91589,0.91567,0.9158
2026-05-06 18:30:00,0.9158,0.91604,0.91574,0.91599
2026-05-06 18:45:00,0.91599,0.91604,0.91561,0.91595
2026-05-06 19:00:00,0.91594,0.91628,0.91594,0.91619
2026-05-06 19:15:00,0.91619,0.91627,0.91604,0.91612
2026-05-06 19:30:00,0.91613,0.91614,0.91587,0.91591
2026-05-06 19:45:00,0.91592,0.91601,0.91571,0.91577
2026-05-06 20:00:00,0.91578,0.91581,0.91556,0.9156
2026-05-06 20:15:00,0.91561,0.91562,0.91549,0.9155
2026-05-06 20:30:00,0.9155,0.91557,0.9153,0.91536
2026-05-06 20:45:00,0.91537,0.91554,0.91513,0.91542
2026-05-06 21:00:00,0.91542,0.91542,0.91506,0.91514
2026-05-06 21:15:00,0.91515,0.91519,0.915,0.91506
2026-05-06 21:30:00,0.91506,0.91509,0.91487,0.91488
2026-05-06 21:45:00,0.91489,0.91495,0.91478,0.91481
2026-05-06 22:00:00,0.91479,0.91504,0.91475,0.91501
2026-05-06 22:15:00,0.915,0.91511,0.91494,0.91511
2026-05-06 22:30:00,0.9151,0.91516,0.91491,0.91492
2026-05-06 22:45:00,0.91493,0.91495,0.91473,0.91475
2026-05-06 23:00:00,0.91476,0.91486,0.91466,0.91479
2026-05-06 23:15:00,0.9148,0.91488,0.91475,0.91486
2026-05-06 23:30:00,0.91486,0.91502,0.91486,0.91493
2026-05-06 23:45:00,0.91492,0.91507,0.9148,0.91493
2026-05-07 00:00:00,0.91442,0.9149,0.91435,0.9149
2026-05-07 00:15:00,0.91471,0.91499,0.91445,0.91469
2026-05-07 00:30:00,0.91469,0.915,0.91449,0.91487
2026-05-07 00:45:00,0.91487,0.91487,0.91487,0.91487
2026-05-07 01:00:00,0.91487,0.9149,0.91464,0.91479
2026-05-07 01:15:00,0.91479,0.91485,0.91478,0.91479
2026-05-07 01:30:00,0.91479,0.91484,0.91474,0.91482
2026-05-07 01:45:00,0.91481,0.91487,0.91478,0.91484
2026-05-07 02:00:00,0.91486,0.91492,0.91484,0.91491
2026-05-07 02:15:00,0.91491,0.91494,0.91486,0.91486
2026-05-07 02:30:00,0.91486,0.91491,0.91486,0.91488
2026-05-07 02:45:00,0.91487,0.91502,0.91486,0.915
2026-05-07 03:00:00,0.91499,0.91523,0.91499,0.91509
2026-05-07 03:15:00,0.91511,0.91534,0.91509,0.91531
2026-05-07 03:30:00,0.91531,0.91549,0.91524,0.91539
2026-05-07 03:45:00,0.91539,0.91542,0.91526,0.91526
2026-05-07 04:00:00,0.91527,0.9154,0.9151,0.91516
2026-05-07 04:15:00,0.91517,0.91522,0.91509,0.91511
2026-05-07 04:30:00,0.91511,0.91515,0.91502,0.91502
2026-05-07 04:45:00,0.91503,0.91514,0.91496,0.91509
2026-05-07 05:00:00,0.91509,0.91542,0.91509,0.91539
2026-05-07 05:15:00,0.91539,0.91551,0.91532,0.91546
2026-05-07 05:30:00,0.91547,0.91551,0.9153,0.91532
2026-05-07 05:45:00,0.91531,0.9155,0.91531,0.91537
2026-05-07 06:00:00,0.91537,0.9155,0.91531,0.91546
2026-05-07 06:15:00,0.91546,0.9155,0.9153,0.91534
2026-05-07 06:30:00,0.91533,0.91545,0.91529,0.91541
2026-05-07 06:45:00,0.91542,0.91548,0.91535,0.91544
2026-05-07 07:00:00,0.91547,0.91554,0.91547,0.91547
2026-05-07 07:15:00,0.91547,0.9155,0.91538,0.9154
2026-05-07 07:30:00,0.9154,0.91541,0.91523,0.91526
2026-05-07 07:45:00,0.91527,0.91542,0.91526,0.91537
2026-05-07 08:00:00,0.91538,0.91545,0.91535,0.91541
2026-05-07 08:15:00,0.91543,0.91549,0.91537,0.9154
2026-05-07 08:30:00,0.9154,0.9154,0.91528,0.91533
2026-05-07 08:45:00,0.91534,0.91564,0.91533,0.91545
2026-05-07 09:00:00,0.91544,0.91544,0.91522,0.91537
2026-05-07 09:15:00,0.91537,0.91544,0.91528,0.91538
2026-05-07 09:30:00,0.91538,0.91539,0.91473,0.91478
2026-05-07 09:45:00,0.91479,0.91502,0.9145,0.91455
2026-05-07 10:00:00,0.91456,0.91504,0.91454,0.91495
2026-05-07 10:15:00,0.91496,0.91521,0.91484,0.91517
2026-05-07 10:30:00,0.91518,0.91527,0.91465,0.91503
2026-05-07 10:45:00,0.91503,0.91532,0.91497,0.915
2026-05-07 11:00:00,0.91501,0.91522,0.91493,0.91509
2026-05-07 11:15:00,0.91509,0.91529,0.91493,0.91499
2026-05-07 11:30:00,0.91499,0.91536,0.91498,0.91528
2026-05-07 11:45:00,0.91528,0.91549,0.91521,0.91531
2026-05-07 12:00:00,0.91532,0.91544,0.91507,0.91521
2026-05-07 12:15:00,0.91521,0.91535,0.91509,0.91528
2026-05-07 12:30:00,0.91529,0.91543,0.91516,0.91539
2026-05-07 12:45:00,0.91539,0.91547,0.91508,0.91509
2026-05-07 13:00:00,0.91509,0.91544,0.91509,0.91533
2026-05-07 13:15:00,0.91532,0.91544,0.91519,0.91522
2026-05-07 13:30:00,0.91522,0.91529,0.9149,0.91504
2026-05-07 13:45:00,0.91505,0.91543,0.91504,0.91532
2026-05-07 14:00:00,0.91534,0.91537,0.915,0.91509
2026-05-07 14:15:00,0.91508,0.91526,0.91499,0.91516
2026-05-07 14:30:00,0.91516,0.91543,0.91506,0.91531
2026-05-07 14:45:00,0.91531,0.91576,0.91529,0.91559
2026-05-07 15:00:00,0.9156,0.91576,0.91529,0.91533
2026-05-07 15:15:00,0.91532,0.9154,0.9151,0.9151
2026-05-07 15:30:00,0.9151,0.91546,0.91495,0.91525
2026-05-07 15:45:00,0.91525,0.91552,0.9149,0.91509
2026-05-07 16:00:00,0.91512,0.91524,0.91498,0.91509
2026-05-07 16:15:00,0.91508,0.91513,0.91471,0.91471
2026-05-07 16:30:00,0.91471,0.91508,0.9146,0.91476
2026-05-07 16:45:00,0.91475,0.9149,0.91454,0.91454
2026-05-07 17:00:00,0.91455,0.91489,0.91448,0.91468
2026-05-07 17:15:00,0.91469,0.91509,0.91464,0.91474
2026-05-07 17:30:00,0.91478,0.91509,0.91472,0.91498
2026-05-07 17:45:00,0.91498,0.91507,0.91459,0.91461
2026-05-07 18:00:00,0.91462,0.91509,0.91458,0.91507
2026-05-07 18:15:00,0.91509,0.91539,0.91504,0.91521
2026-05-07 18:30:00,0.91521,0.91525,0.91494,0.91508
2026-05-07 18:45:00,0.91507,0.91519,0.91484,0.91489
2026-05-07 19:00:00,0.91489,0.91505,0.91479,0.91498
2026-05-07 19:15:00,0.91499,0.915,0.91464,0.9148
2026-05-07 19:30:00,0.91479,0.91512,0.91477,0.91504
2026-05-07 19:45:00,0.91504,0.91529,0.91492,0.91528
2026-05-07 20:00:00,0.91529,0.91542,0.91521,0.9154
2026-05-07 20:15:00,0.91541,0.91555,0.91528,0.91541
2026-05-07 20:30:00,0.91542,0.91548,0.91501,0.91537
2026-05-07 20:45:00,0.91536,0.91547,0.91514,0.91519
2026-05-07 21:00:00,0.91519,0.91521,0.91505,0.91506
2026-05-07 21:15:00,0.91505,0.91519,0.91503,0.91509
2026-05-07 21:30:00,0.91509,0.91524,0.91502,0.91518
2026-05-07 21:45:00,0.91518,0.91535,0.91513,0.91522
2026-05-07 22:00:00,0.91522,0.91533,0.91516,0.91524
2026-05-07 22:15:00,0.91525,0.91538,0.91523,0.91526
2026-05-07 22:30:00,0.91527,0.9153,0.91515,0.9152
2026-05-07 22:45:00,0.9152,0.91551,0.91518,0.91544
2026-05-07 23:00:00,0.91544,0.91556,0.91543,0.91552
2026-05-07 23:15:00,0.91552,0.91554,0.91538,0.91541
2026-05-07 23:30:00,0.91542,0.91556,0.91535,0.91536
2026-05-07 23:45:00,0.91537,0.91542,0.91516,0.91518
2026-05-08 00:00:00,0.91458,0.91469,0.91422,0.91466
2026-05-08 00:15:00,0.91466,0.91487,0.91429,0.91471
2026-05-08 00:30:00,0.91471,0.91486,0.91412,0.91427
2026-05-08 00:45:00,0.91437,0.91498,0.91412,0.91441
2026-05-08 01:00:00,0.91462,0.91537,0.91427,0.91527
2026-05-08 01:15:00,0.91526,0.91538,0.91524,0.91535
2026-05-08 01:30:00,0.91534,0.91544,0.91529,0.91538
2026-05-08 01:45:00,0.91538,0.91541,0.91532,0.91539
2026-05-08 02:00:00,0.91539,0.91556,0.91537,0.91552
2026-05-08 02:15:00,0.91553,0.91559,0.91545,0.91547
2026-05-08 02:30:00,0.91546,0.91549,0.9154,0.91548
2026-05-08 02:45:00,0.91551,0.91557,0.91545,0.91556
2026-05-08 03:00:00,0.91556,0.91559,0.91532,0.91549
2026-05-08 03:15:00,0.91549,0.91566,0.91549,0.91562
2026-05-08 03:30:00,0.91562,0.91565,0.91544,0.91545
2026-05-08 03:45:00,0.91545,0.91555,0.91524,0.91531
2026-05-08 04:00:00,0.91531,0.91545,0.9152,0.91523
2026-05-08 04:15:00,0.91523,0.91528,0.91514,0.91524
2026-05-08 04:30:00,0.91523,0.91538,0.91521,0.91531
2026-05-08 04:45:00,0.91531,0.91547,0.91527,0.91545
2026-05-08 05:00:00,0.91545,0.91553,0.91542,0.9155
2026-05-08 05:15:00,0.9155,0.91557,0.91545,0.91555
2026-05-08 05:30:00,0.91555,0.91562,0.91543,0.91545
2026-05-08 05:45:00,0.91545,0.91551,0.9154,0.91543
2026-05-08 06:00:00,0.91543,0.91568,0.91541,0.91564
2026-05-08 06:15:00,0.91564,0.91569,0.91556,0.91558
2026-05-08 06:30:00,0.91559,0.9156,0.91542,0.91554
2026-05-08 06:45:00,0.91554,0.91563,0.91547,0.91548
2026-05-08 07:00:00,0.91547,0.91557,0.91547,0.91554
2026-05-08 07:15:00,0.91553,0.91557,0.9155,0.91555
2026-05-08 07:30:00,0.91556,0.91562,0.91517,0.91519
2026-05-08 07:45:00,0.9152,0.91533,0.91517,0.91519
2026-05-08 08:00:00,0.91519,0.91532,0.91508,0.91526
2026-05-08 08:15:00,0.91527,0.9153,0.91516,0.91522
2026-05-08 08:30:00,0.91521,0.91528,0.91507,0.91522
2026-05-08 08:45:00,0.91521,0.91527,0.91515,0.91523
2026-05-08 09:00:00,0.91524,0.91538,0.91499,0.91501
2026-05-08 09:15:00,0.91501,0.91511,0.91489,0.91491
2026-05-08 09:30:00,0.91493,0.91526,0.9149,0.91509
2026-05-08 09:45:00,0.9151,0.91535,0.91507,0.91511
2026-05-08 10:00:00,0.9151,0.91533,0.91508,0.91519
2026-05-08 10:15:00,0.9152,0.91534,0.91511,0.91529
2026-05-08 10:30:00,0.91528,0.91537,0.91501,0.91521
2026-05-08 10:45:00,0.91521,0.91522,0.91501,0.91501
2026-05-08 11:00:00,0.915,0.91513,0.91495,0.91506
2026-05-08 11:15:00,0.91504,0.91515,0.91496,0.91508
2026-05-08 11:30:00,0.91506,0.91525,0.91502,0.91512
2026-05-08 11:45:00,0.91511,0.91549,0.91502,0.91544
2026-05-08 12:00:00,0.91544,0.91547,0.91521,0.91532
2026-05-08 12:15:00,0.91532,0.91556,0.91523,0.91555
2026-05-08 12:30:00,0.91555,0.91564,0.91532,0.91551
2026-05-08 12:45:00,0.91551,0.91558,0.91539,0.91544
2026-05-08 13:00:00,0.91544,0.91576,0.91542,0.91563
2026-05-08 13:15:00,0.91564,0.91576,0.91549,0.9156
2026-05-08 13:30:00,0.9156,0.91573,0.91554,0.91564
2026-05-08 13:45:00,0.91565,0.91586,0.91565,0.91569
2026-05-08 14:00:00,0.91569,0.91593,0.91566,0.9159
2026-05-08 14:15:00,0.91589,0.91604,0.91582,0.91596
2026-05-08 14:30:00,0.91596,0.9161,0.91562,0.91565
2026-05-08 14:45:00,0.91566,0.91569,0.91538,0.91541
2026-05-08 15:00:00,0.91541,0.91559,0.91533,0.91551
2026-05-08 15:15:00,0.91552,0.91577,0.91551,0.91551
2026-05-08 15:30:00,0.91559,0.91569,0.91532,0.91543
2026-05-08 15:45:00,0.91543,0.91562,0.91526,0.91554
2026-05-08 16:00:00,0.91555,0.91574,0.91529,0.91543
2026-05-08 16:15:00,0.91542,0.91567,0.91537,0.91546
2026-05-08 16:30:00,0.91543,0.9156,0.91524,0.91556
2026-05-08 16:45:00,0.91557,0.91575,0.91538,0.91555
2026-05-08 17:00:00,0.91554,0.91576,0.91549,0.91564
2026-05-08 17:15:00,0.91564,0.91594,0.91556,0.91562
2026-05-08 17:30:00,0.9156,0.91583,0.91526,0.91563
2026-05-08 17:45:00,0.91563,0.91583,0.91527,0.91529
2026-05-08 18:00:00,0.9153,0.9155,0.91522,0.91539
2026-05-08 18:15:00,0.91539,0.91549,0.9153,0.91531
2026-05-08 18:30:00,0.91532,0.91539,0.91518,0.91524
2026-05-08 18:45:00,0.91525,0.91542,0.91514,0.91515
2026-05-08 19:00:00,0.91515,0.91521,0.915,0.91514
2026-05-08 19:15:00,0.91514,0.91516,0.91505,0.91506
2026-05-08 19:30:00,0.91506,0.91519,0.91506,0.91514
2026-05-08 19:45:00,0.91516,0.91517,0.91483,0.91484
2026-05-08 20:00:00,0.91484,0.91494,0.91474,0.91489
2026-05-08 20:15:00,0.91489,0.91489,0.91471,0.91473
2026-05-08 20:30:00,0.91473,0.91492,0.91467,0.91474
2026-05-08 20:45:00,0.91474,0.91493,0.91471,0.91484
2026-05-08 21:00:00,0.91484,0.91486,0.91471,0.91476
2026-05-08 21:15:00,0.91475,0.91483,0.91471,0.91474
2026-05-08 21:30:00,0.91475,0.91482,0.91452,0.91454
2026-05-08 21:45:00,0.91454,0.91471,0.91442,0.91463
2026-05-08 22:00:00,0.91464,0.9147,0.9146,0.91464
2026-05-08 22:15:00,0.91463,0.91468,0.91451,0.91458
2026-05-08 22:30:00,0.91459,0.9147,0.91453,0.91453
2026-05-08 22:45:00,0.91454,0.91521,0.91453,0.91521
2026-05-08 23:00:00,0.91522,0.91535,0.91499,0.91499
2026-05-08 23:15:00,0.915,0.91504,0.91487,0.91494
2026-05-08 23:30:00,0.91493,0.91504,0.91492,0.91494
2026-05-08 23:45:00,0.91493,0.91512,0.91478,0.91491
2026-05-11 00:00:00,0.91305,0.91363,0.91277,0.91363
2026-05-11 00:15:00,0.91352,0.91403,0.91352,0.91403
2026-05-11 00:30:00,0.91405,0.9142,0.91384,0.91415
2026-05-11 00:45:00,0.91405,0.91432,0.91361,0.9139
2026-05-11 01:00:00,0.91374,0.91489,0.91373,0.91486
2026-05-11 01:15:00,0.91488,0.91493,0.91476,0.91493
2026-05-11 01:30:00,0.91493,0.91524,0.91493,0.9151
2026-05-11 01:45:00,0.91511,0.91514,0.91502,0.91507
2026-05-11 02:00:00,0.91507,0.91515,0.91499,0.9151
2026-05-11 02:15:00,0.9151,0.91524,0.91505,0.91523
2026-05-11 02:30:00,0.91524,0.91526,0.91513,0.91516
2026-05-11 02:45:00,0.91516,0.91529,0.91515,0.91524
2026-05-11 03:00:00,0.91523,0.91534,0.91517,0.91531
2026-05-11 03:15:00,0.9153,0.9154,0.91525,0.9154
2026-05-11 03:30:00,0.91539,0.91558,0.91539,0.91551
2026-05-11 03:45:00,0.91552,0.91573,0.9154,0.91554
2026-05-11 04:00:00,0.91554,0.9157,0.91553,0.91565
2026-05-11 04:15:00,0.91566,0.91575,0.91563,0.91565
2026-05-11 04:30:00,0.91565,0.91592,0.91564,0.9157
2026-05-11 04:45:00,0.9157,0.91578,0.91564,0.91567
2026-05-11 05:00:00,0.91567,0.91581,0.91567,0.91574
2026-05-11 05:15:00,0.91574,0.91581,0.91571,0.91571
2026-05-11 05:30:00,0.91571,0.91587,0.91571,0.91576
2026-05-11 05:45:00,0.91575,0.91585,0.91573,0.91576
2026-05-11 06:00:00,0.91576,0.91581,0.91571,0.91571
2026-05-11 06:15:00,0.91571,0.91578,0.9157,0.91572
2026-05-11 06:30:00,0.91572,0.91583,0.9157,0.91579
2026-05-11 06:45:00,0.91579,0.91593,0.91579,0.91587
2026-05-11 07:00:00,0.91587,0.9159,0.91581,0.91583
2026-05-11 07:15:00,0.91583,0.91589,0.9158,0.91587
2026-05-11 07:30:00,0.91588,0.91598,0.91586,0.91592
2026-05-11 07:45:00,0.91594,0.91599,0.91583,0.91585
2026-05-11 08:00:00,0.91585,0.9159,0.91565,0.91567
2026-05-11 08:15:00,0.91568,0.9159,0.91567,0.91589
2026-05-11 08:30:00,0.91589,0.91592,0.91577,0.91578
2026-05-11 08:45:00,0.91579,0.91586,0.91575,0.91576
2026-05-11 09:00:00,0.91576,0.91587,0.91551,0.91572
2026-05-11 09:15:00,0.91572,0.91581,0.91548,0.91549
2026-05-11 09:30:00,0.91551,0.91558,0.91502,0.91504
2026-05-11 09:45:00,0.91506,0.91534,0.91501,0.91522
2026-05-11 10:00:00,0.91521,0.91557,0.91512,0.91544
2026-05-11 10:15:00,0.91544,0.91569,0.91528,0.91565
2026-05-11 10:30:00,0.91565,0.91586,0.91559,0.91581
2026-05-11 10:45:00,0.91581,0.91616,0.91577,0.9161
2026-05-11 11:00:00,0.9161,0.91658,0.91603,0.91651
2026-05-11 11:15:00,0.9165,0.91669,0.91608,0.91622
2026-05-11 11:30:00,0.91621,0.91621,0.9159,0.91601
2026-05-11 11:45:00,0.91601,0.91633,0.91588,0.91632
2026-05-11 12:00:00,0.91634,0.91649,0.91621,0.91641
2026-05-11 12:15:00,0.91641,0.91655,0.91636,0.91649
2026-05-11 12:30:00,0.91649,0.91662,0.91636,0.91636
2026-05-11 12:45:00,0.91637,0.91651,0.91627,0.91649
2026-05-11 13:00:00,0.91649,0.9166,0.91634,0.91648
2026-05-11 13:15:00,0.91647,0.91652,0.91615,0.9162
2026-05-11 13:30:00,0.9162,0.9164,0.91616,0.9163
2026-05-11 13:45:00,0.91629,0.91639,0.91614,0.91628
2026-05-11 14:00:00,0.91628,0.91639,0.91617,0.91633
2026-05-11 14:15:00,0.91632,0.91639,0.91609,0.91609
2026-05-11 14:30:00,0.91609,0.91635,0.91606,0.91629
2026-05-11 14:45:00,0.91629,0.91643,0.91624,0.91631
2026-05-11 15:00:00,0.91631,0.91636,0.91617,0.91628
2026-05-11 15:15:00,0.91629,0.91655,0.91625,0.91633
2026-05-11 15:30:00,0.91634,0.9164,0.91625,0.91632
2026-05-11 15:45:00,0.91631,0.91643,0.91623,0.91629
2026-05-11 16:00:00,0.91629,0.91652,0.91628,0.91639
2026-05-11 16:15:00,0.9164,0.91643,0.91623,0.91629
2026-05-11 16:30:00,0.91629,0.91644,0.91623,0.91637
2026-05-11 16:45:00,0.91638,0.91652,0.91611,0.91621
2026-05-11 17:00:00,0.9162,0.91627,0.916,0.91608
2026-05-11 17:15:00,0.91608,0.91613,0.9157,0.91578
2026-05-11 17:30:00,0.91577,0.9162,0.91569,0.91572
2026-05-11 17:45:00,0.91574,0.91589,0.91546,0.91547
2026-05-11 18:00:00,0.91548,0.91577,0.91544,0.91555
2026-05-11 18:15:00,0.91555,0.9156,0.91546,0.91557
2026-05-11 18:30:00,0.91557,0.91576,0.91553,0.91563
2026-05-11 18:45:00,0.91563,0.91567,0.9155,0.91562
2026-05-11 19:00:00,0.91562,0.91582,0.9155,0.91566
2026-05-11 19:15:00,0.91566,0.91573,0.91551,0.9157
2026-05-11 19:30:00,0.91571,0.91594,0.91568,0.91583
2026-05-11 19:45:00,0.91583,0.91589,0.91575,0.91578
2026-05-11 20:00:00,0.91578,0.91599,0.91575,0.91594
2026-05-11 20:15:00,0.91592,0.91604,0.91584,0.91599
2026-05-11 20:30:00,0.91599,0.91606,0.91584,0.91603
2026-05-11 20:45:00,0.91603,0.91603,0.91588,0.91598
2026-05-11 21:00:00,0.916,0.91608,0.91589,0.91607
2026-05-11 21:15:00,0.91607,0.91619,0.91605,0.91616
2026-05-11 21:30:00,0.91616,0.91641,0.91608,0.91636
2026-05-11 21:45:00,0.91636,0.91638,0.91624,0.91633
2026-05-11 22:00:00,0.91634,0.91652,0.91627,0.91643
2026-05-11 22:15:00,0.91644,0.91648,0.9163,0.9164
2026-05-11 22:30:00,0.9164,0.91648,0.91637,0.91647
2026-05-11 22:45:00,0.91647,0.91653,0.91641,0.91652
2026-05-11 23:00:00,0.91652,0.91663,0.91648,0.91653
2026-05-11 23:15:00,0.91654,0.91661,0.91649,0.91655
2026-05-11 23:30:00,0.91656,0.91663,0.91655,0.91656
2026-05-11 23:45:00,0.91657,0.91675,0.91657,0.91664
2026-05-12 00:00:00,0.91591,0.91634,0.91558,0.91633
2026-05-12 00:15:00,0.91622,0.91677,0.91603,0.91606
2026-05-12 00:30:00,0.91606,0.91653,0.91604,0.91641
2026-05-12 00:45:00,0.9164,0.9166,0.91626,0.91645
2026-05-12 01:00:00,0.91645,0.91688,0.91617,0.91687
2026-05-12 01:15:00,0.91684,0.91689,0.91675,0.91676
2026-05-12 01:30:00,0.91675,0.91682,0.91675,0.9168
2026-05-12 01:45:00,0.91681,0.91683,0.91678,0.91681
2026-05-12 02:00:00,0.91681,0.91686,0.9168,0.9168
2026-05-12 02:15:00,0.91681,0.91681,0.91672,0.91675
2026-05-12 02:30:00,0.91674,0.91677,0.91661,0.91668
2026-05-12 02:45:00,0.91669,0.91676,0.91657,0.91664
2026-05-12 03:00:00,0.91664,0.91676,0.91653,0.91665
2026-05-12 03:15:00,0.91665,0.91671,0.91658,0.91668
2026-05-12 03:30:00,0.91667,0.91671,0.91658,0.9167
2026-05-12 03:45:00,0.91669,0.91678,0.91654,0.91667
2026-05-12 04:00:00,0.91667,0.91678,0.91664,0.91669
2026-05-12 04:15:00,0.91669,0.91683,0.91667,0.91681
2026-05-12 04:30:00,0.91681,0.91689,0.91668,0.91684
2026-05-12 04:45:00,0.91684,0.91699,0.91684,0.91687
2026-05-12 05:00:00,0.91686,0.91699,0.91686,0.91688
2026-05-12 05:15:00,0.91689,0.91694,0.91687,0.91691
2026-05-12 05:30:00,0.91692,0.917,0.9169,0.91697
2026-05-12 05:45:00,0.91698,0.91701,0.91695,0.91696
2026-05-12 06:00:00,0.91697,0.91697,0.91682,0.91689
2026-05-12 06:15:00,0.91688,0.91689,0.9168,0.91681
2026-05-12 06:30:00,0.91682,0.91689,0.91671,0.91687
2026-05-12 06:45:00,0.91688,0.9169,0.9168,0.91689
2026-05-12 07:00:00,0.91688,0.91699,0.91688,0.91692
2026-05-12 07:15:00,0.91693,0.91695,0.9169,0.91691
2026-05-12 07:30:00,0.9169,0.91692,0.91683,0.91684
2026-05-12 07:45:00,0.91685,0.91686,0.91676,0.9168
2026-05-12 08:00:00,0.9168,0.91684,0.91674,0.9168
2026-05-12 08:15:00,0.91679,0.91685,0.91675,0.91677
2026-05-12 08:30:00,0.91677,0.91682,0.91669,0.91678
2026-05-12 08:45:00,0.91678,0.91687,0.91616,0.91652
2026-05-12 09:00:00,0.91653,0.9166,0.91631,0.91656
2026-05-12 09:15:00,0.91657,0.91684,0.91652,0.91678
2026-05-12 09:30:00,0.91677,0.91689,0.91653,0.91685
2026-05-12 09:45:00,0.91686,0.91686,0.91662,0.91664
2026-05-12 10:00:00,0.91665,0.91679,0.91648,0.91663
2026-05-12 10:15:00,0.91662,0.91706,0.91653,0.91678
2026-05-12 10:30:00,0.91678,0.91698,0.91658,0.91684
2026-05-12 10:45:00,0.91683,0.91727,0.91683,0.91725
2026-05-12 11:00:00,0.91725,0.91727,0.91677,0.91699
2026-05-12 11:15:00,0.91698,0.91699,0.91669,0.91687
2026-05-12 11:30:00,0.91686,0.91711,0.91675,0.91682
2026-05-12 11:45:00,0.91683,0.91693,0.91674,0.91682
2026-05-12 12:00:00,0.91683,0.91726,0.91683,0.91722
2026-05-12 12:15:00,0.91722,0.9174,0.91704,0.91718
2026-05-12 12:30:00,0.91718,0.91746,0.91704,0.91728
2026-05-12 12:45:00,0.91729,0.91745,0.91706,0.9172
2026-05-12 13:00:00,0.91719,0.9174,0.91708,0.91738
2026-05-12 13:15:00,0.91738,0.91741,0.91719,0.91722
2026-05-12 13:30:00,0.91721,0.91732,0.91708,0.91712
2026-05-12 13:45:00,0.91712,0.91728,0.91702,0.91708
2026-05-12 14:00:00,0.91708,0.9173,0.91705,0.91716
2026-05-12 14:15:00,0.91717,0.91727,0.917,0.91702
2026-05-12 14:30:00,0.91704,0.91721,0.91688,0.91711
2026-05-12 14:45:00,0.91711,0.9173,0.91698,0.91728
2026-05-12 15:00:00,0.91727,0.91734,0.91709,0.91724
2026-05-12 15:15:00,0.91724,0.91724,0.91693,0.91693
2026-05-12 15:30:00,0.91693,0.91725,0.91685,0.91697
2026-05-12 15:45:00,0.91695,0.91709,0.91674,0.91679
2026-05-12 16:00:00,0.91679,0.917,0.91676,0.91688
2026-05-12 16:15:00,0.91687,0.91738,0.91685,0.91738
2026-05-12 16:30:00,0.91737,0.91747,0.91729,0.91736
2026-05-12 16:45:00,0.91735,0.91741,0.91714,0.91727
2026-05-12 17:00:00,0.91727,0.91737,0.91706,0.91724
2026-05-12 17:15:00,0.91724,0.91732,0.91709,0.91718
2026-05-12 17:30:00,0.91716,0.91726,0.91691,0.91698
2026-05-12 17:45:00,0.91697,0.91719,0.91661,0.91688
2026-05-12 18:00:00,0.91687,0.91711,0.91671,0.91704
2026-05-12 18:15:00,0.91705,0.91715,0.91674,0.91712
2026-05-12 18:30:00,0.91712,0.91719,0.91696,0.917
2026-05-12 18:45:00,0.91699,0.91723,0.91698,0.91718
2026-05-12 19:00:00,0.91717,0.91751,0.91714,0.91743
2026-05-12 19:15:00,0.91744,0.9175,0.91721,0.9174
2026-05-12 19:30:00,0.91739,0.91741,0.91721,0.91726
2026-05-12 19:45:00,0.91726,0.91736,0.91715,0.91718
2026-05-12 20:00:00,0.91717,0.91721,0.91701,0.9171
2026-05-12 20:15:00,0.91709,0.9171,0.91685,0.91691
2026-05-12 20:30:00,0.9169,0.91709,0.9169,0.91708
2026-05-12 20:45:00,0.91708,0.9171,0.91696,0.91696
2026-05-12 21:00:00,0.91697,0.91707,0.91686,0.9169
2026-05-12 21:15:00,0.91689,0.91692,0.91657,0.91663
2026-05-12 21:30:00,0.91664,0.9168,0.91661,0.91671
2026-05-12 21:45:00,0.91672,0.91679,0.91666,0.91668
2026-05-12 22:00:00,0.91668,0.91674,0.91658,0.91661
2026-05-12 22:15:00,0.91661,0.91667,0.91653,0.91662
2026-05-12 22:30:00,0.91663,0.91664,0.91657,0.91659
2026-05-12 22:45:00,0.91658,0.9166,0.91652,0.91658
2026-05-12 23:00:00,0.91659,0.91663,0.91654,0.91655
2026-05-12 23:15:00,0.91655,0.91657,0.91649,0.91657
2026-05-12 23:30:00,0.91656,0.91661,0.91647,0.91647
2026-05-12 23:45:00,0.91647,0.91647,0.91631,0.91631
2026-05-13 00:00:00,0.916,0.91632,0.916,0.91618
2026-05-13 00:15:00,0.9162,0.91633,0.9161,0.91618
2026-05-13 00:30:00,0.91616,0.91641,0.916,0.91626
2026-05-13 00:45:00,0.91638,0.91641,0.91611,0.91622
2026-05-13 01:00:00,0.91628,0.91645,0.91611,0.91634
2026-05-13 01:15:00,0.91639,0.91639,0.91622,0.91622
2026-05-13 01:30:00,0.91622,0.91643,0.91619,0.91621
2026-05-13 01:45:00,0.91621,0.9163,0.91621,0.91629
2026-05-13 02:00:00,0.91627,0.91634,0.91622,0.91632
2026-05-13 02:15:00,0.91633,0.91633,0.91617,0.91621
2026-05-13 02:30:00,0.91621,0.91626,0.9161,0.91612
2026-05-13 02:45:00,0.91612,0.91625,0.91611,0.91614
2026-05-13 03:00:00,0.91612,0.9162,0.91607,0.91614
2026-05-13 03:15:00,0.91614,0.91624,0.9161,0.91621
2026-05-13 03:30:00,0.91621,0.91631,0.91615,0.91617
2026-05-13 03:45:00,0.91617,0.91623,0.91586,0.9159
2026-05-13 04:00:00,0.91591,0.91606,0.91586,0.91599
2026-05-13 04:15:00,0.91598,0.91611,0.91596,0.91608
2026-05-13 04:30:00,0.91608,0.91616,0.91596,0.91599
2026-05-13 04:45:00,0.91599,0.91603,0.91593,0.91597
2026-05-13 05:00:00,0.91598,0.9161,0.91597,0.91603
2026-05-13 05:15:00,0.91604,0.91614,0.91601,0.91604
2026-05-13 05:30:00,0.91603,0.9161,0.91603,0.91607
2026-05-13 05:45:00,0.91606,0.91614,0.91591,0.91602
2026-05-13 06:00:00,0.91602,0.91607,0.91598,0.91605
2026-05-13 06:15:00,0.91605,0.9161,0.91599,0.91604
2026-05-13 06:30:00,0.91605,0.9161,0.91597,0.91599
2026-05-13 06:45:00,0.91599,0.91608,0.91596,0.91598
2026-05-13 07:00:00,0.91598,0.91601,0.91593,0.916
2026-05-13 07:15:00,0.916,0.91607,0.91598,0.91606
2026-05-13 07:30:00,0.91606,0.91608,0.91602,0.91603
2026-05-13 07:45:00,0.91603,0.91607,0.91597,0.91604
2026-05-13 08:00:00,0.91603,0.91612,0.91603,0.91608
2026-05-13 08:15:00,0.91608,0.91608,0.91584,0.91586
2026-05-13 08:30:00,0.91586,0.91589,0.91578,0.91582
2026-05-13 08:45:00,0.91582,0.91588,0.9158,0.91581
2026-05-13 09:00:00,0.91582,0.91588,0.91565,0.9157
2026-05-13 09:15:00,0.91572,0.91581,0.91551,0.91558
2026-05-13 09:30:00,0.91559,0.91589,0.91559,0.91572
2026-05-13 09:45:00,0.91571,0.91584,0.91567,0.91571
2026-05-13 10:00:00,0.91571,0.91577,0.91549,0.91551
2026-05-13 10:15:00,0.91552,0.91562,0.91531,0.91549
2026-05-13 10:30:00,0.91549,0.91554,0.91536,0.91543
2026-05-13 10:45:00,0.91544,0.91556,0.9151,0.91511
2026-05-13 11:00:00,0.91511,0.9153,0.91504,0.91527
2026-05-13 11:15:00,0.91527,0.91536,0.91514,0.91536
2026-05-13 11:30:00,0.91535,0.9157,0.91535,0.91567
2026-05-13 11:45:00,0.91566,0.91575,0.91535,0.91549
2026-05-13 12:00:00,0.91547,0.91556,0.91515,0.9155
2026-05-13 12:15:00,0.9155,0.91577,0.91543,0.91572
2026-05-13 12:30:00,0.91571,0.91583,0.91556,0.91563
2026-05-13 12:45:00,0.91564,0.91564,0.91548,0.91553
2026-05-13 13:00:00,0.91552,0.91554,0.91502,0.9154
2026-05-13 13:15:00,0.9154,0.91559,0.91523,0.91559
2026-05-13 13:30:00,0.91559,0.91562,0.91536,0.91542
2026-05-13 13:45:00,0.91539,0.91561,0.91537,0.91547
2026-05-13 14:00:00,0.91548,0.91568,0.91546,0.9156
2026-05-13 14:15:00,0.91559,0.91566,0.91538,0.91548
2026-05-13 14:30:00,0.91547,0.91564,0.91542,0.91561
2026-05-13 14:45:00,0.91561,0.91561,0.91534,0.91541
2026-05-13 15:00:00,0.91542,0.91554,0.91533,0.91546
2026-05-13 15:15:00,0.91548,0.91556,0.91535,0.91539
2026-05-13 15:30:00,0.9154,0.91596,0.91538,0.91589
2026-05-13 15:45:00,0.91588,0.91608,0.91582,0.91598
2026-05-13 16:00:00,0.91599,0.91629,0.91593,0.91597
2026-05-13 16:15:00,0.91596,0.91604,0.91577,0.91584
2026-05-13 16:30:00,0.91583,0.91597,0.91547,0.91555
2026-05-13 16:45:00,0.91554,0.91589,0.91554,0.91581
2026-05-13 17:00:00,0.91582,0.91612,0.91579,0.91589
2026-05-13 17:15:00,0.91591,0.91645,0.91589,0.91624
2026-05-13 17:30:00,0.91625,0.9166,0.91623,0.91649
2026-05-13 17:45:00,0.9165,0.9166,0.91626,0.91635
2026-05-13 18:00:00,0.91636,0.91654,0.91621,0.91642
2026-05-13 18:15:00,0.91643,0.91656,0.91628,0.91647
2026-05-13 18:30:00,0.91646,0.91665,0.91634,0.9164
2026-05-13 18:45:00,0.9164,0.91659,0.91634,0.91648
2026-05-13 19:00:00,0.91646,0.91653,0.91625,0.91626
2026-05-13 19:15:00,0.91625,0.91629,0.91615,0.91618
2026-05-13 19:30:00,0.91619,0.91635,0.91602,0.91617
2026-05-13 19:45:00,0.91617,0.91636,0.91616,0.91625
2026-05-13 20:00:00,0.91625,0.91626,0.91608,0.91612
2026-05-13 20:15:00,0.91612,0.91613,0.91595,0.91598
2026-05-13 20:30:00,0.91596,0.91604,0.91596,0.91604
2026-05-13 20:45:00,0.91603,0.91609,0.91591,0.91592
2026-05-13 21:00:00,0.91591,0.91593,0.9158,0.91581
2026-05-13 21:15:00,0.91581,0.9159,0.91579,0.91581
2026-05-13 21:30:00,0.91581,0.91589,0.91577,0.91587
2026-05-13 21:45:00,0.91587,0.91595,0.91582,0.91591
2026-05-13 22:00:00,0.91592,0.91595,0.9158,0.91581
2026-05-13 22:15:00,0.9158,0.91587,0.91569,0.9157
2026-05-13 22:30:00,0.91572,0.91575,0.91558,0.91562
2026-05-13 22:45:00,0.91561,0.91566,0.91554,0.91559
2026-05-13 23:00:00,0.91559,0.91565,0.91555,0.91557
2026-05-13 23:15:00,0.91558,0.9157,0.91556,0.91567
2026-05-13 23:30:00,0.91567,0.91573,0.91565,0.91571
2026-05-13 23:45:00,0.91572,0.91579,0.91568,0.91573
2026-05-14 00:00:00,0.91542,0.91575,0.91541,0.91554
2026-05-14 00:15:00,0.91554,0.91564,0.91547,0.91554
2026-05-14 00:30:00,0.91554,0.91569,0.91548,0.91558
2026-05-14 00:45:00,0.91557,0.91576,0.91553,0.91569
2026-05-14 01:00:00,0.91569,0.91589,0.91565,0.91569
2026-05-14 01:15:00,0.9157,0.91572,0.91567,0.9157
2026-05-14 01:30:00,0.9157,0.91578,0.9157,0.91577
2026-05-14 01:45:00,0.91576,0.91581,0.91574,0.91577
2026-05-14 02:00:00,0.91578,0.91579,0.91574,0.91578
2026-05-14 02:15:00,0.91579,0.91581,0.91575,0.91579
2026-05-14 02:30:00,0.9158,0.91587,0.91577,0.91585
2026-05-14 02:45:00,0.91586,0.91587,0.91579,0.9158
2026-05-14 03:00:00,0.91579,0.91585,0.91571,0.91581
2026-05-14 03:15:00,0.91581,0.91581,0.91569,0.9157
2026-05-14 03:30:00,0.9157,0.91577,0.91569,0.9157
2026-05-14 03:45:00,0.91571,0.91572,0.91559,0.91566
2026-05-14 04:00:00,0.91565,0.91566,0.91553,0.91555
2026-05-14 04:15:00,0.91556,0.91561,0.91544,0.91556
2026-05-14 04:30:00,0.91556,0.91562,0.91545,0.91555
2026-05-14 04:45:00,0.91555,0.91556,0.91549,0.91551
2026-05-14 05:00:00,0.91552,0.91565,0.91548,0.91563
2026-05-14 05:15:00,0.91563,0.9157,0.91563,0.91567
2026-05-14 05:30:00,0.91568,0.91571,0.91556,0.9156
2026-05-14 05:45:00,0.91561,0.91567,0.91556,0.91561
2026-05-14 06:00:00,0.91561,0.91568,0.91557,0.91567
2026-05-14 06:15:00,0.91567,0.91568,0.91557,0.9156
2026-05-14 06:30:00,0.9156,0.91579,0.9156,0.91575
2026-05-14 06:45:00,0.91575,0.91578,0.91572,0.91573
2026-05-14 07:00:00,0.91572,0.91578,0.91563,0.9157
2026-05-14 07:15:00,0.91569,0.91574,0.91568,0.91568
2026-05-14 07:30:00,0.91568,0.91577,0.91568,0.91576
2026-05-14 07:45:00,0.91575,0.91582,0.91569,0.91578
2026-05-14 08:00:00,0.91578,0.91583,0.91574,0.91575
2026-05-14 08:15:00,0.91575,0.91585,0.91574,0.91584
2026-05-14 08:30:00,0.91584,0.91586,0.9158,0.91583
2026-05-14 08:45:00,0.91584,0.91585,0.91574,0.91576
2026-05-14 09:00:00,0.91575,0.91582,0.91542,0.91554
2026-05-14 09:15:00,0.91554,0.91564,0.91545,0.91563
2026-05-14 09:30:00,0.91563,0.91564,0.91527,0.9153
2026-05-14 09:45:00,0.9153,0.91534,0.91512,0.91515
2026-05-14 10:00:00,0.91516,0.91551,0.91509,0.91542
2026-05-14 10:15:00,0.91542,0.91565,0.91533,0.91563
2026-05-14 10:30:00,0.91562,0.91577,0.91557,0.91564
2026-05-14 10:45:00,0.91564,0.91586,0.91563,0.91586
2026-05-14 11:00:00,0.91586,0.91598,0.91573,0.91577
2026-05-14 11:15:00,0.91578,0.91588,0.91573,0.91578
2026-05-14 11:30:00,0.91576,0.91586,0.91573,0.91574
2026-05-14 11:45:00,0.91574,0.91582,0.91563,0.91573
2026-05-14 12:00:00,0.91572,0.91585,0.91564,0.91582
2026-05-14 12:15:00,0.91583,0.91586,0.91557,0.9156
2026-05-14 12:30:00,0.91561,0.91566,0.91544,0.91552
2026-05-14 12:45:00,0.91552,0.91553,0.91524,0.91533
2026-05-14 13:00:00,0.91533,0.91541,0.91521,0.91524
2026-05-14 13:15:00,0.91524,0.91539,0.91522,0.9153
2026-05-14 13:30:00,0.91528,0.9155,0.9152,0.91543
2026-05-14 13:45:00,0.91543,0.91554,0.91532,0.9154
2026-05-14 14:00:00,0.9154,0.91542,0.9152,0.91522
2026-05-14 14:15:00,0.91522,0.91525,0.91503,0.91508
2026-05-14 14:30:00,0.91507,0.91511,0.91499,0.915
2026-05-14 14:45:00,0.915,0.91521,0.91495,0.91504
2026-05-14 15:00:00,0.91503,0.91511,0.91487,0.91489
2026-05-14 15:15:00,0.91489,0.915,0.9148,0.91491
2026-05-14 15:30:00,0.91491,0.91499,0.91473,0.91476
2026-05-14 15:45:00,0.91477,0.9149,0.91473,0.91476
2026-05-14 16:00:00,0.91476,0.91491,0.91464,0.91473
2026-05-14 16:15:00,0.91472,0.91483,0.91458,0.91461
2026-05-14 16:30:00,0.9146,0.91486,0.91447,0.91465
2026-05-14 16:45:00,0.91465,0.91474,0.91437,0.91445
2026-05-14 17:00:00,0.91449,0.91473,0.91443,0.91459
2026-05-14 17:15:00,0.9146,0.91505,0.9146,0.9149
2026-05-14 17:30:00,0.91491,0.91496,0.91475,0.9148
2026-05-14 17:45:00,0.91481,0.91484,0.91437,0.91444
2026-05-14 18:00:00,0.91443,0.91474,0.91439,0.91452
2026-05-14 18:15:00,0.91451,0.91462,0.91445,0.91453
2026-05-14 18:30:00,0.91453,0.91461,0.9144,0.9145
2026-05-14 18:45:00,0.91449,0.91451,0.91432,0.91432
2026-05-14 19:00:00,0.91433,0.91442,0.91424,0.91439
2026-05-14 19:15:00,0.9144,0.91448,0.91429,0.91437
2026-05-14 19:30:00,0.91437,0.91452,0.91433,0.9145
2026-05-14 19:45:00,0.9145,0.91456,0.91445,0.91449
2026-05-14 20:00:00,0.91448,0.91454,0.91442,0.91451
2026-05-14 20:15:00,0.91451,0.91464,0.91448,0.9146
2026-05-14 20:30:00,0.91461,0.91471,0.91456,0.91469
2026-05-14 20:45:00,0.9147,0.91471,0.9146,0.91463
2026-05-14 21:00:00,0.91463,0.91476,0.91462,0.91469
2026-05-14 21:15:00,0.91468,0.9148,0.91468,0.91479
2026-05-14 21:30:00,0.91479,0.91481,0.91472,0.91477
2026-05-14 21:45:00,0.91477,0.9148,0.9147,0.91475
2026-05-14 22:00:00,0.91475,0.91481,0.91471,0.91475
2026-05-14 22:15:00,0.91476,0.91481,0.91472,0.91474
2026-05-14 22:30:00,0.91474,0.91486,0.91469,0.9148
2026-05-14 22:45:00,0.91479,0.91486,0.91462,0.91463
2026-05-14 23:00:00,0.91463,0.91477,0.91461,0.91468
2026-05-14 23:15:00,0.91468,0.91474,0.91461,0.91463
2026-05-14 23:30:00,0.91461,0.9147,0.9146,0.91462
2026-05-14 23:45:00,0.91462,0.91463,0.91455,0.91457
2026-05-15 00:00:00,0.91338,0.91408,0.91298,0.91403
2026-05-15 00:15:00,0.91403,0.91424,0.91398,0.91422
2026-05-15 00:30:00,0.91422,0.91445,0.91418,0.91436
2026-05-15 00:45:00,0.91432,0.91447,0.91423,0.91447
2026-05-15 01:00:00,0.91446,0.91469,0.91441,0.91467
2026-05-15 01:15:00,0.91467,0.9147,0.91465,0.91468
2026-05-15 01:30:00,0.91468,0.91469,0.91462,0.91468
2026-05-15 01:45:00,0.91467,0.91476,0.91463,0.91474
2026-05-15 02:00:00,0.91478,0.91479,0.91451,0.91451
2026-05-15 02:15:00,0.91451,0.91463,0.91448,0.91456
2026-05-15 02:30:00,0.91455,0.91456,0.91449,0.91451
2026-05-15 02:45:00,0.91452,0.91461,0.91451,0.91456
2026-05-15 03:00:00,0.91458,0.91467,0.9144,0.91457
2026-05-15 03:15:00,0.91456,0.91468,0.91456,0.91463
2026-05-15 03:30:00,0.91464,0.91474,0.91456,0.91462
2026-05-15 03:45:00,0.91463,0.91471,0.91459,0.91463
2026-05-15 04:00:00,0.91462,0.91481,0.91459,0.9148
2026-05-15 04:15:00,0.91479,0.9149,0.91474,0.91486
2026-05-15 04:30:00,0.91487,0.91492,0.91471,0.91485
2026-05-15 04:45:00,0.91485,0.91496,0.91483,0.91488
2026-05-15 05:00:00,0.91487,0.91499,0.91482,0.91487
2026-05-15 05:15:00,0.91488,0.91489,0.91461,0.91471
2026-05-15 05:30:00,0.91471,0.9148,0.91467,0.91473
2026-05-15 05:45:00,0.91472,0.9148,0.91467,0.91477
2026-05-15 06:00:00,0.91476,0.91484,0.91471,0.91471
2026-05-15 06:15:00,0.91471,0.91476,0.91467,0.91469
2026-05-15 06:30:00,0.91469,0.91478,0.91466,0.91476
2026-05-15 06:45:00,0.91475,0.91487,0.91474,0.91482
2026-05-15 07:00:00,0.91483,0.91488,0.91477,0.9148
2026-05-15 07:15:00,0.91481,0.91485,0.91479,0.91483
2026-05-15 07:30:00,0.91484,0.91491,0.91482,0.9149
2026-05-15 07:45:00,0.91491,0.9152,0.91486,0.91506
2026-05-15 08:00:00,0.91507,0.91514,0.915,0.91502
2026-05-15 08:15:00,0.91503,0.91504,0.91494,0.91499
2026-05-15 08:30:00,0.91499,0.91504,0.91492,0.91496
2026-05-15 08:45:00,0.91495,0.91496,0.9146,0.91462
2026-05-15 09:00:00,0.91461,0.91482,0.91432,0.91453
2026-05-15 09:15:00,0.91453,0.91456,0.91424,0.91433
2026-05-15 09:30:00,0.91432,0.9145,0.9143,0.91433
2026-05-15 09:45:00,0.91432,0.91445,0.9143,0.91434
2026-05-15 10:00:00,0.91434,0.91435,0.91376,0.91384
2026-05-15 10:15:00,0.91384,0.91413,0.91377,0.91377
2026-05-15 10:30:00,0.91378,0.91378,0.91353,0.9136
2026-05-15 10:45:00,0.91361,0.91382,0.91357,0.91374
2026-05-15 11:00:00,0.91374,0.91407,0.9137,0.9139
2026-05-15 11:15:00,0.9139,0.91408,0.91375,0.91406
2026-05-15 11:30:00,0.91405,0.91406,0.9137,0.91386
2026-05-15 11:45:00,0.91386,0.91414,0.91382,0.91399
2026-05-15 12:00:00,0.91398,0.91419,0.9138,0.91383
2026-05-15 12:15:00,0.91382,0.91427,0.91381,0.9139
2026-05-15 12:30:00,0.9139,0.91417,0.9139,0.914
2026-05-15 12:45:00,0.914,0.91415,0.91386,0.91405
2026-05-15 13:00:00,0.91406,0.91412,0.9135,0.91363
2026-05-15 13:15:00,0.91363,0.91368,0.91349,0.91357
2026-05-15 13:30:00,0.91356,0.91386,0.91354,0.91372
2026-05-15 13:45:00,0.91372,0.91378,0.91354,0.91377
2026-05-15 14:00:00,0.91376,0.91395,0.91371,0.91389
2026-05-15 14:15:00,0.91389,0.91418,0.91381,0.91412
2026-05-15 14:30:00,0.91413,0.91449,0.91406,0.91434
2026-05-15 14:45:00,0.91434,0.91438,0.91416,0.91431
2026-05-15 15:00:00,0.91432,0.91454,0.91422,0.91448
2026-05-15 15:15:00,0.91449,0.9146,0.91439,0.91454
2026-05-15 15:30:00,0.91454,0.91463,0.9142,0.91446
2026-05-15 15:45:00,0.91447,0.91469,0.91435,0.91461
2026-05-15 16:00:00,0.91459,0.91466,0.91432,0.91456
2026-05-15 16:15:00,0.91457,0.91474,0.91453,0.91459
2026-05-15 16:30:00,0.91458,0.91459,0.91432,0.91455
2026-05-15 16:45:00,0.91456,0.91467,0.91433,0.91433
2026-05-15 17:00:00,0.91434,0.91454,0.91406,0.91421
2026-05-15 17:15:00,0.91422,0.91426,0.91393,0.91408
2026-05-15 17:30:00,0.91407,0.91441,0.91396,0.91439
2026-05-15 17:45:00,0.91439,0.91466,0.91435,0.91454
2026-05-15 18:00:00,0.91454,0.91465,0.91425,0.91428
2026-05-15 18:15:00,0.91426,0.91452,0.91412,0.91448
2026-05-15 18:30:00,0.91448,0.91472,0.91445,0.91468
2026-05-15 18:45:00,0.91468,0.91508,0.91466,0.9148
2026-05-15 19:00:00,0.91481,0.91483,0.91466,0.91474
2026-05-15 19:15:00,0.91475,0.91486,0.91467,0.91476
2026-05-15 19:30:00,0.91476,0.91485,0.91471,0.91479
2026-05-15 19:45:00,0.91479,0.91479,0.91461,0.91476
2026-05-15 20:00:00,0.91476,0.91489,0.91472,0.91474
2026-05-15 20:15:00,0.91474,0.91481,0.91455,0.91471
2026-05-15 20:30:00,0.91471,0.91472,0.91462,0.91463
2026-05-15 20:45:00,0.91462,0.91463,0.91454,0.91455
2026-05-15 21:00:00,0.91455,0.9146,0.9145,0.91458
2026-05-15 21:15:00,0.91458,0.91469,0.91454,0.91459
2026-05-15 21:30:00,0.91458,0.91466,0.91451,0.91456
2026-05-15 21:45:00,0.91456,0.91462,0.91443,0.91452
2026-05-15 22:00:00,0.91452,0.91456,0.91445,0.91453
2026-05-15 22:15:00,0.91453,0.91464,0.91453,0.91456
2026-05-15 22:30:00,0.91456,0.91459,0.91441,0.91442
2026-05-15 22:45:00,0.91442,0.91447,0.91418,0.91418
2026-05-15 23:00:00,0.91419,0.91439,0.91411,0.91436
2026-05-15 23:15:00,0.91436,0.91451,0.91434,0.91446
2026-05-15 23:30:00,0.91447,0.91448,0.91437,0.9144
2026-05-15 23:45:00,0.9144,0.91467,0.91437,0.91462
2026-05-18 00:00:00,0.91275,0.91385,0.91246,0.91379
2026-05-18 00:15:00,0.91379,0.91384,0.91379,0.91379
2026-05-18 00:30:00,0.91379,0.9141,0.91371,0.91374
2026-05-18 00:45:00,0.91385,0.91406,0.9138,0.91403
2026-05-18 01:00:00,0.914,0.9146,0.914,0.91452
2026-05-18 01:15:00,0.91452,0.91455,0.91433,0.91441
2026-05-18 01:30:00,0.91443,0.91458,0.91441,0.91451
2026-05-18 01:45:00,0.91451,0.91462,0.91446,0.91448
2026-05-18 02:00:00,0.9145,0.91452,0.91428,0.91434
2026-05-18 02:15:00,0.91435,0.91446,0.91433,0.91446
2026-05-18 02:30:00,0.91445,0.91452,0.91428,0.91435
2026-05-18 02:45:00,0.91435,0.91443,0.91433,0.91435
2026-05-18 03:00:00,0.91436,0.91444,0.91401,0.91418
2026-05-18 03:15:00,0.91417,0.91424,0.914,0.91418
2026-05-18 03:30:00,0.91419,0.91429,0.91412,0.91427
2026-05-18 03:45:00,0.91426,0.9143,0.9141,0.91427
2026-05-18 04:00:00,0.91426,0.91458,0.91425,0.91456
2026-05-18 04:15:00,0.91456,0.9146,0.91433,0.91434
2026-05-18 04:30:00,0.91434,0.91436,0.91421,0.91433
2026-05-18 04:45:00,0.91434,0.91442,0.91429,0.91437
2026-05-18 05:00:00,0.91438,0.91451,0.9143,0.91431
2026-05-18 05:15:00,0.91432,0.91435,0.91425,0.91428
2026-05-18 05:30:00,0.91427,0.91439,0.91425,0.91435
2026-05-18 05:45:00,0.91436,0.91437,0.91418,0.91422
2026-05-18 06:00:00,0.91423,0.9145,0.91421,0.91439
2026-05-18 06:15:00,0.91441,0.91441,0.91429,0.91436
2026-05-18 06:30:00,0.91436,0.91437,0.91427,0.91427
2026-05-18 06:45:00,0.91427,0.91438,0.91425,0.91437
2026-05-18 07:00:00,0.91438,0.91444,0.91429,0.91436
2026-05-18 07:15:00,0.91436,0.91444,0.91431,0.9144
2026-05-18 07:30:00,0.91441,0.91443,0.91436,0.91438
2026-05-18 07:45:00,0.9144,0.91443,0.91435,0.91441
2026-05-18 08:00:00,0.91441,0.91442,0.91434,0.91436
2026-05-18 08:15:00,0.91436,0.91439,0.91411,0.91415
2026-05-18 08:30:00,0.91416,0.91442,0.91412,0.91437
2026-05-18 08:45:00,0.91436,0.91439,0.91429,0.91439
2026-05-18 09:00:00,0.91437,0.91451,0.91429,0.9145
2026-05-18 09:15:00,0.91451,0.91453,0.91417,0.9144
2026-05-18 09:30:00,0.91439,0.91447,0.91416,0.9142
2026-05-18 09:45:00,0.9142,0.91427,0.91387,0.91395
2026-05-18 10:00:00,0.91396,0.91413,0.91389,0.91399
2026-05-18 10:15:00,0.91398,0.914,0.91349,0.91352
2026-05-18 10:30:00,0.91352,0.91373,0.91337,0.91361
2026-05-18 10:45:00,0.91362,0.91372,0.91331,0.91344
2026-05-18 11:00:00,0.91343,0.91354,0.91324,0.91343
2026-05-18 11:15:00,0.91343,0.91358,0.91336,0.91352
2026-05-18 11:30:00,0.91351,0.91371,0.91344,0.91361
2026-05-18 11:45:00,0.91361,0.91378,0.91357,0.91369
2026-05-18 12:00:00,0.91369,0.91398,0.91367,0.91384
2026-05-18 12:15:00,0.91385,0.91398,0.91376,0.91397
2026-05-18 12:30:00,0.91398,0.91416,0.91388,0.91395
2026-05-18 12:45:00,0.91394,0.91404,0.91381,0.91399
2026-05-18 13:00:00,0.91399,0.91414,0.91374,0.91387
2026-05-18 13:15:00,0.91386,0.91395,0.91378,0.91395
2026-05-18 13:30:00,0.91396,0.91404,0.91378,0.91385
2026-05-18 13:45:00,0.91384,0.9142,0.9138,0.9142
2026-05-18 14:00:00,0.91421,0.91429,0.91389,0.91429
2026-05-18 14:15:00,0.9143,0.91468,0.91422,0.91466
2026-05-18 14:30:00,0.91465,0.91475,0.91397,0.91411
2026-05-18 14:45:00,0.91411,0.91445,0.91407,0.91435
2026-05-18 15:00:00,0.91433,0.91459,0.91425,0.91457
2026-05-18 15:15:00,0.91455,0.91456,0.91431,0.9144
2026-05-18 15:30:00,0.9144,0.91457,0.91433,0.91448
2026-05-18 15:45:00,0.91448,0.91466,0.91443,0.9146
2026-05-18 16:00:00,0.91459,0.91476,0.91438,0.91459
2026-05-18 16:15:00,0.91459,0.91464,0.91438,0.91438
2026-05-18 16:30:00,0.91438,0.91449,0.91414,0.91418
2026-05-18 16:45:00,0.91419,0.91467,0.91414,0.91457
2026-05-18 17:00:00,0.91458,0.91464,0.91431,0.91449
2026-05-18 17:15:00,0.91448,0.91448,0.91412,0.91426
2026-05-18 17:30:00,0.91425,0.91456,0.91425,0.91449
2026-05-18 17:45:00,0.91449,0.91491,0.91445,0.91488
2026-05-18 18:00:00,0.91487,0.9151,0.91481,0.91497
2026-05-18 18:15:00,0.91496,0.91509,0.91489,0.91503
2026-05-18 18:30:00,0.91503,0.91533,0.91502,0.91532
2026-05-18 18:45:00,0.91532,0.91534,0.91505,0.9151
2026-05-18 19:00:00,0.9151,0.9151,0.91475,0.9148
2026-05-18 19:15:00,0.91479,0.9149,0.91474,0.91486
2026-05-18 19:30:00,0.91487,0.9149,0.9145,0.91455
2026-05-18 19:45:00,0.91456,0.91469,0.91439,0.91442
2026-05-18 20:00:00,0.91443,0.91453,0.91436,0.91445
2026-05-18 20:15:00,0.91447,0.91448,0.91436,0.91443
2026-05-18 20:30:00,0.91443,0.91445,0.9143,0.91431
2026-05-18 20:45:00,0.91432,0.91432,0.91408,0.91409
2026-05-18 21:00:00,0.91409,0.91423,0.91408,0.91413
2026-05-18 21:15:00,0.91414,0.91428,0.91413,0.91417
2026-05-18 21:30:00,0.91418,0.91423,0.9141,0.91416
2026-05-18 21:45:00,0.91416,0.9142,0.91406,0.91413
2026-05-18 22:00:00,0.91413,0.91422,0.91389,0.91408
2026-05-18 22:15:00,0.91408,0.91412,0.91396,0.91401
2026-05-18 22:30:00,0.914,0.91407,0.91394,0.91404
2026-05-18 22:45:00,0.91404,0.91405,0.91378,0.91402
2026-05-18 23:00:00,0.91402,0.91416,0.91395,0.9141
2026-05-18 23:15:00,0.9141,0.91424,0.91406,0.91412
2026-05-18 23:30:00,0.91412,0.9142,0.91411,0.91418
2026-05-18 23:45:00,0.91417,0.91429,0.91417,0.91424
2026-05-19 00:00:00,0.91352,0.91397,0.91286,0.91388
2026-05-19 00:15:00,0.91385,0.91398,0.91383,0.91392
2026-05-19 00:30:00,0.91392,0.91438,0.91392,0.91415
2026-05-19 00:45:00,0.91431,0.91445,0.9141,0.91438
2026-05-19 01:00:00,0.91442,0.91442,0.9141,0.91419
2026-05-19 01:15:00,0.9142,0.91423,0.91417,0.91419
2026-05-19 01:30:00,0.91419,0.91424,0.91414,0.91419
2026-05-19 01:45:00,0.91419,0.91426,0.91417,0.91425
2026-05-19 02:00:00,0.91426,0.91426,0.91414,0.91416
2026-05-19 02:15:00,0.91416,0.9142,0.91414,0.91418
2026-05-19 02:30:00,0.91418,0.91423,0.91415,0.91419
2026-05-19 02:45:00,0.91419,0.91431,0.91416,0.9143
2026-05-19 03:00:00,0.9143,0.91441,0.91426,0.91433
2026-05-19 03:15:00,0.91434,0.9144,0.91422,0.91425
2026-05-19 03:30:00,0.91426,0.91436,0.91421,0.9143
2026-05-19 03:45:00,0.9143,0.91441,0.91426,0.91436
2026-05-19 04:00:00,0.91436,0.91446,0.91434,0.91445
2026-05-19 04:15:00,0.91445,0.91454,0.91444,0.91454
2026-05-19 04:30:00,0.91453,0.91456,0.91443,0.91446
2026-05-19 04:45:00,0.91446,0.91456,0.91444,0.91447
2026-05-19 05:00:00,0.91446,0.91461,0.91444,0.91461
2026-05-19 05:15:00,0.91462,0.91464,0.91454,0.91457
2026-05-19 05:30:00,0.91456,0.91469,0.91456,0.91459
2026-05-19 05:45:00,0.91459,0.9147,0.91459,0.9147
2026-05-19 06:00:00,0.91469,0.91471,0.91459,0.91459
2026-05-19 06:15:00,0.91459,0.91468,0.91456,0.91466
2026-05-19 06:30:00,0.91467,0.91471,0.91461,0.9147
2026-05-19 06:45:00,0.9147,0.91474,0.91465,0.91471
2026-05-19 07:00:00,0.91471,0.91475,0.9147,0.91473
2026-05-19 07:15:00,0.91472,0.91476,0.91452,0.91454
2026-05-19 07:30:00,0.91454,0.91458,0.91449,0.91453
2026-05-19 07:45:00,0.91453,0.91454,0.91443,0.91446
2026-05-19 08:00:00,0.91446,0.91448,0.91439,0.91441
2026-05-19 08:15:00,0.91441,0.91453,0.91441,0.91452
2026-05-19 08:30:00,0.91451,0.91458,0.91438,0.91445
2026-05-19 08:45:00,0.91445,0.91451,0.91439,0.91443
2026-05-19 09:00:00,0.91443,0.91472,0.91436,0.91459
2026-05-19 09:15:00,0.91459,0.91459,0.9143,0.91443
2026-05-19 09:30:00,0.91444,0.91449,0.91426,0.91442
2026-05-19 09:45:00,0.91442,0.9146,0.91441,0.91448
2026-05-19 10:00:00,0.91448,0.91457,0.91418,0.9143
2026-05-19 10:15:00,0.9143,0.91434,0.91402,0.91408
2026-05-19 10:30:00,0.91408,0.91408,0.91377,0.91395
2026-05-19 10:45:00,0.91396,0.91401,0.91359,0.91365
2026-05-19 11:00:00,0.91365,0.91378,0.91348,0.91369
2026-05-19 11:15:00,0.91369,0.91397,0.91369,0.91389
2026-05-19 11:30:00,0.91388,0.91456,0.91388,0.91454
2026-05-19 11:45:00,0.91458,0.91481,0.91448,0.91457
2026-05-19 12:00:00,0.91457,0.91479,0.91442,0.91474
2026-05-19 12:15:00,0.91473,0.91474,0.9145,0.91459
2026-05-19 12:30:00,0.9146,0.91464,0.91441,0.91449
2026-05-19 12:45:00,0.9145,0.91475,0.91442,0.91459
2026-05-19 13:00:00,0.91458,0.91464,0.91438,0.91455
2026-05-19 13:15:00,0.91455,0.91464,0.91444,0.91464
2026-05-19 13:30:00,0.91464,0.91498,0.91455,0.91493
2026-05-19 13:45:00,0.91493,0.91501,0.91457,0.91464
2026-05-19 14:00:00,0.91463,0.91469,0.9145,0.91469
2026-05-19 14:15:00,0.91468,0.91469,0.91452,0.91464
2026-05-19 14:30:00,0.91464,0.91485,0.91464,0.9148
2026-05-19 14:45:00,0.9148,0.91501,0.91477,0.91496
2026-05-19 15:00:00,0.91497,0.91509,0.91483,0.91504
2026-05-19 15:15:00,0.91504,0.9152,0.91485,0.915
2026-05-19 15:30:00,0.91499,0.91529,0.91497,0.91526
2026-05-19 15:45:00,0.91526,0.9153,0.91499,0.91521
2026-05-19 16:00:00,0.9152,0.91561,0.91519,0.91538
2026-05-19 16:15:00,0.91539,0.91603,0.91534,0.91597
2026-05-19 16:30:00,0.91596,0.91629,0.91584,0.91628
2026-05-19 16:45:00,0.91627,0.91645,0.91617,0.9162
2026-05-19 17:00:00,0.9162,0.91674,0.9162,0.9165
2026-05-19 17:15:00,0.91649,0.91681,0.91643,0.91654
2026-05-19 17:30:00,0.91653,0.91654,0.91618,0.91637
2026-05-19 17:45:00,0.91638,0.91691,0.91637,0.9166
2026-05-19 18:00:00,0.91659,0.91662,0.91602,0.91639
2026-05-19 18:15:00,0.9164,0.91643,0.91592,0.91614
2026-05-19 18:30:00,0.91614,0.91624,0.91595,0.916
2026-05-19 18:45:00,0.91599,0.91626,0.9159,0.91618
2026-05-19 19:00:00,0.91619,0.9163,0.91595,0.91596
2026-05-19 19:15:00,0.91596,0.91614,0.91563,0.91564
2026-05-19 19:30:00,0.91564,0.91572,0.9155,0.91552
2026-05-19 19:45:00,0.91553,0.91579,0.91551,0.91572
2026-05-19 20:00:00,0.91572,0.91579,0.9156,0.91568
2026-05-19 20:15:00,0.91567,0.91569,0.91559,0.91564
2026-05-19 20:30:00,0.91564,0.91573,0.91559,0.91561
2026-05-19 20:45:00,0.9156,0.91579,0.91551,0.91565
2026-05-19 21:00:00,0.91566,0.91573,0.91558,0.91569
2026-05-19 21:15:00,0.9157,0.9159,0.91567,0.91584
2026-05-19 21:30:00,0.91584,0.91591,0.9157,0.91578
2026-05-19 21:45:00,0.91578,0.91581,0.91567,0.91572
2026-05-19 22:00:00,0.91573,0.91574,0.91557,0.91558
2026-05-19 22:15:00,0.91559,0.91574,0.91556,0.91567
2026-05-19 22:30:00,0.91566,0.9157,0.9155,0.91552
2026-05-19 22:45:00,0.91551,0.91568,0.91546,0.91559
2026-05-19 23:00:00,0.91559,0.91562,0.91545,0.91546
2026-05-19 23:15:00,0.91546,0.91555,0.91546,0.91554
2026-05-19 23:30:00,0.91555,0.91565,0.91554,0.91562
2026-05-19 23:45:00,0.9156,0.91572,0.91556,0.91559
2026-05-20 00:00:00,0.91434,0.91528,0.91417,0.91528
2026-05-20 00:15:00,0.91532,0.91541,0.91519,0.9153
2026-05-20 00:30:00,0.91534,0.91565,0.91527,0.91561
2026-05-20 00:45:00,0.91547,0.91553,0.9153,0.91532
2026-05-20 01:00:00,0.91536,0.91559,0.9153,0.91556
2026-05-20 01:15:00,0.91556,0.91571,0.91553,0.9157
2026-05-20 01:30:00,0.91569,0.9158,0.91568,0.91575
2026-05-20 01:45:00,0.91575,0.91582,0.91574,0.91578
2026-05-20 02:00:00,0.91578,0.91579,0.91572,0.91574
2026-05-20 02:15:00,0.91573,0.91574,0.91559,0.91563
2026-05-20 02:30:00,0.91562,0.91566,0.91556,0.91563
2026-05-20 02:45:00,0.91564,0.91565,0.91556,0.91557
2026-05-20 03:00:00,0.91557,0.91582,0.91557,0.91576
2026-05-20 03:15:00,0.91577,0.91583,0.9156,0.91565
2026-05-20 03:30:00,0.91566,0.91568,0.91555,0.91561
2026-05-20 03:45:00,0.91561,0.9158,0.91554,0.91575
2026-05-20 04:00:00,0.91576,0.91585,0.91572,0.91577
2026-05-20 04:15:00,0.91576,0.91583,0.91568,0.91581
2026-05-20 04:30:00,0.91582,0.91601,0.91578,0.91594
2026-05-20 04:45:00,0.91593,0.91606,0.91585,0.91604
2026-05-20 05:00:00,0.91604,0.91609,0.91599,0.91603
2026-05-20 05:15:00,0.91603,0.91616,0.91592,0.91602
2026-05-20 05:30:00,0.91603,0.91613,0.91597,0.91607
2026-05-20 05:45:00,0.91607,0.91613,0.91605,0.91609
2026-05-20 06:00:00,0.91609,0.91622,0.91607,0.91616
2026-05-20 06:15:00,0.91616,0.9162,0.91608,0.91612
2026-05-20 06:30:00,0.91613,0.91614,0.91597,0.9161
2026-05-20 06:45:00,0.91611,0.91614,0.91596,0.91602
2026-05-20 07:00:00,0.91601,0.91605,0.91595,0.91597
2026-05-20 07:15:00,0.91597,0.91612,0.91596,0.91607
2026-05-20 07:30:00,0.91607,0.91611,0.91601,0.91606
2026-05-20 07:45:00,0.91608,0.91617,0.91606,0.91609
2026-05-20 08:00:00,0.9161,0.91611,0.91596,0.91602
2026-05-20 08:15:00,0.91602,0.91605,0.91592,0.91592
2026-05-20 08:30:00,0.91592,0.91597,0.91586,0.91596
2026-05-20 08:45:00,0.91597,0.91624,0.91594,0.91615
2026-05-20 09:00:00,0.91614,0.91636,0.91612,0.91624
2026-05-20 09:15:00,0.91623,0.91637,0.916,0.91618
2026-05-20 09:30:00,0.91617,0.91639,0.91604,0.91639
2026-05-20 09:45:00,0.91639,0.91659,0.91629,0.91656
2026-05-20 10:00:00,0.91657,0.91676,0.91651,0.91663
2026-05-20 10:15:00,0.91663,0.91674,0.91653,0.91658
2026-05-20 10:30:00,0.91659,0.9168,0.9165,0.91651
2026-05-20 10:45:00,0.91651,0.91654,0.91624,0.91631
2026-05-20 11:00:00,0.91632,0.91632,0.91594,0.91596
2026-05-20 11:15:00,0.91599,0.91609,0.91567,0.91592
2026-05-20 11:30:00,0.91592,0.91629,0.91589,0.91624
2026-05-20 11:45:00,0.91623,0.91636,0.91575,0.91587
2026-05-20 12:00:00,0.91586,0.91629,0.91586,0.91624
2026-05-20 12:15:00,0.91625,0.91639,0.91619,0.91627
2026-05-20 12:30:00,0.91627,0.91644,0.91624,0.91626
2026-05-20 12:45:00,0.91626,0.91629,0.91604,0.91605
2026-05-20 13:00:00,0.91604,0.91614,0.91597,0.91598
2026-05-20 13:15:00,0.91598,0.91613,0.91588,0.91608
2026-05-20 13:30:00,0.91609,0.91613,0.91596,0.91607
2026-05-20 13:45:00,0.91606,0.91613,0.91595,0.9161
2026-05-20 14:00:00,0.91612,0.91656,0.91607,0.91655
2026-05-20 14:15:00,0.91654,0.91669,0.91653,0.91665
2026-05-20 14:30:00,0.91665,0.91665,0.91643,0.91662
2026-05-20 14:45:00,0.91661,0.91678,0.91646,0.91661
2026-05-20 15:00:00,0.91661,0.91669,0.91642,0.91644
2026-05-20 15:15:00,0.91643,0.91678,0.91631,0.91677
2026-05-20 15:30:00,0.91677,0.91698,0.91671,0.91679
2026-05-20 15:45:00,0.91679,0.91681,0.91648,0.91655
2026-05-20 16:00:00,0.91654,0.91658,0.91622,0.91628
2026-05-20 16:15:00,0.91629,0.91636,0.9161,0.91616
2026-05-20 16:30:00,0.91616,0.91641,0.91606,0.91633
2026-05-20 16:45:00,0.91631,0.91653,0.91621,0.91629
2026-05-20 17:00:00,0.91629,0.91631,0.91567,0.91594
2026-05-20 17:15:00,0.91595,0.91632,0.91579,0.91608
2026-05-20 17:30:00,0.91609,0.9161,0.91555,0.91597
2026-05-20 17:45:00,0.91597,0.91607,0.91456,0.91481
2026-05-20 18:00:00,0.91481,0.91547,0.91468,0.91536
2026-05-20 18:15:00,0.91535,0.91542,0.91474,0.91509
2026-05-20 18:30:00,0.9151,0.91533,0.9148,0.91497
2026-05-20 18:45:00,0.91497,0.91523,0.91488,0.91518
2026-05-20 19:00:00,0.91519,0.91535,0.91507,0.91509
2026-05-20 19:15:00,0.91511,0.91532,0.91507,0.91526
2026-05-20 19:30:00,0.91524,0.91543,0.91512,0.91519
2026-05-20 19:45:00,0.91521,0.91525,0.9151,0.91519
2026-05-20 20:00:00,0.91519,0.91522,0.915,0.91512
2026-05-20 20:15:00,0.9151,0.91512,0.91497,0.91507
2026-05-20 20:30:00,0.91507,0.91518,0.91502,0.91514
2026-05-20 20:45:00,0.91514,0.9153,0.91506,0.9151
2026-05-20 21:00:00,0.91507,0.91526,0.91505,0.91512
2026-05-20 21:15:00,0.91513,0.91521,0.91506,0.91516
2026-05-20 21:30:00,0.91516,0.91529,0.91514,0.91529
2026-05-20 21:45:00,0.91529,0.91531,0.91508,0.91515
2026-05-20 22:00:00,0.91514,0.91523,0.91507,0.91509
2026-05-20 22:15:00,0.9151,0.91511,0.91499,0.91509
2026-05-20 22:30:00,0.91507,0.91511,0.91499,0.91508
2026-05-20 22:45:00,0.91508,0.91514,0.91499,0.91506
2026-05-20 23:00:00,0.91506,0.91506,0.91497,0.91502
2026-05-20 23:15:00,0.91503,0.91506,0.91493,0.91503
2026-05-20 23:30:00,0.91502,0.91514,0.915,0.91511
2026-05-20 23:45:00,0.9151,0.91523,0.91507,0.91508
2026-05-21 00:00:00,0.91442,0.91481,0.91442,0.91481
2026-05-21 00:15:00,0.91481,0.91481,0.91481,0.91481
2026-05-21 00:30:00,0.91481,0.9149,0.91481,0.91481
2026-05-21 00:45:00,0.91481,0.91493,0.9148,0.91481
2026-05-21 01:00:00,0.91481,0.91497,0.91462,0.91497
2026-05-21 01:15:00,0.91497,0.91506,0.91494,0.91499
2026-05-21 01:30:00,0.91498,0.91499,0.91489,0.9149
2026-05-21 01:45:00,0.9149,0.91492,0.91487,0.91489
2026-05-21 02:00:00,0.9149,0.91493,0.91483,0.91493
2026-05-21 02:15:00,0.91493,0.91497,0.9149,0.91495
2026-05-21 02:30:00,0.91494,0.91507,0.9149,0.91506
2026-05-21 02:45:00,0.91506,0.91506,0.91496,0.91503
2026-05-21 03:00:00,0.91503,0.91528,0.91501,0.91522
2026-05-21 03:15:00,0.91523,0.91532,0.91521,0.91528
2026-05-21 03:30:00,0.91529,0.91529,0.91517,0.91521
2026-05-21 03:45:00,0.91521,0.91527,0.91516,0.91519
2026-05-21 04:00:00,0.91519,0.91523,0.91499,0.91499
2026-05-21 04:15:00,0.915,0.91505,0.91485,0.9149
2026-05-21 04:30:00,0.91489,0.91491,0.91461,0.91472
2026-05-21 04:45:00,0.91472,0.91473,0.91443,0.91453
2026-05-21 05:00:00,0.91452,0.91452,0.9144,0.91445
2026-05-21 05:15:00,0.91444,0.91452,0.91442,0.91452
2026-05-21 05:30:00,0.91452,0.91476,0.91451,0.91473
2026-05-21 05:45:00,0.91472,0.91486,0.91472,0.91479
2026-05-21 06:00:00,0.91479,0.9148,0.91467,0.91467
2026-05-21 06:15:00,0.91467,0.91469,0.91455,0.91456
2026-05-21 06:30:00,0.91456,0.91468,0.91455,0.91459
2026-05-21 06:45:00,0.91459,0.9147,0.91457,0.91467
2026-05-21 07:00:00,0.91466,0.91468,0.91456,0.91456
2026-05-21 07:15:00,0.91457,0.91457,0.91443,0.91449
2026-05-21 07:30:00,0.9145,0.91454,0.91441,0.91442
2026-05-21 07:45:00,0.91441,0.91461,0.91441,0.91455
2026-05-21 08:00:00,0.91454,0.91459,0.91443,0.91451
2026-05-21 08:15:00,0.91452,0.91463,0.91451,0.91455
2026-05-21 08:30:00,0.91456,0.91469,0.91455,0.91458
2026-05-21 08:45:00,0.91458,0.9147,0.91445,0.91446
2026-05-21 09:00:00,0.91446,0.91485,0.91446,0.91461
2026-05-21 09:15:00,0.91461,0.91491,0.91456,0.91481
2026-05-21 09:30:00,0.91482,0.91496,0.91474,0.9148
2026-05-21 09:45:00,0.91479,0.91487,0.91474,0.91481
2026-05-21 10:00:00,0.91482,0.91489,0.91455,0.91463
2026-05-21 10:15:00,0.91458,0.91459,0.91401,0.91408
2026-05-21 10:30:00,0.91406,0.91432,0.91392,0.91399
2026-05-21 10:45:00,0.91398,0.91424,0.91388,0.91409
2026-05-21 11:00:00,0.91408,0.91443,0.91396,0.91441
2026-05-21 11:15:00,0.91442,0.91471,0.91433,0.91438
2026-05-21 11:30:00,0.91438,0.91486,0.9143,0.91476
2026-05-21 11:45:00,0.91476,0.91492,0.91452,0.9148
2026-05-21 12:00:00,0.91481,0.91484,0.91452,0.91464
2026-05-21 12:15:00,0.91465,0.91467,0.91414,0.91427
2026-05-21 12:30:00,0.91426,0.91449,0.91425,0.91441
2026-05-21 12:45:00,0.91441,0.91449,0.91411,0.91416
2026-05-21 13:00:00,0.91417,0.91419,0.91378,0.91389
2026-05-21 13:15:00,0.91387,0.91425,0.91377,0.91411
2026-05-21 13:30:00,0.91409,0.9145,0.91399,0.91439
2026-05-21 13:45:00,0.91439,0.91466,0.91429,0.91461
2026-05-21 14:00:00,0.91463,0.91465,0.91411,0.91412
2026-05-21 14:15:00,0.91413,0.91453,0.91413,0.91449
2026-05-21 14:30:00,0.91453,0.91453,0.91426,0.91429
2026-05-21 14:45:00,0.91428,0.9144,0.91402,0.91423
2026-05-21 15:00:00,0.91424,0.91457,0.91415,0.91454
2026-05-21 15:15:00,0.91455,0.91472,0.91443,0.9146
2026-05-21 15:30:00,0.91458,0.91482,0.91447,0.91461
2026-05-21 15:45:00,0.91461,0.91485,0.91454,0.91478
2026-05-21 16:00:00,0.91478,0.91497,0.91467,0.91495
2026-05-21 16:15:00,0.91496,0.9152,0.91493,0.91497
2026-05-21 16:30:00,0.91496,0.91519,0.9149,0.91504
2026-05-21 16:45:00,0.91502,0.91529,0.91479,0.91492
2026-05-21 17:00:00,0.91492,0.91515,0.91483,0.91484
2026-05-21 17:15:00,0.91485,0.91496,0.91468,0.91468
2026-05-21 17:30:00,0.91469,0.91478,0.91447,0.91468
2026-05-21 17:45:00,0.91468,0.91482,0.91434,0.91449
2026-05-21 18:00:00,0.91449,0.91458,0.91424,0.91429
2026-05-21 18:15:00,0.91429,0.91451,0.91426,0.91432
2026-05-21 18:30:00,0.91432,0.91452,0.91431,0.91443
2026-05-21 18:45:00,0.91443,0.91472,0.91443,0.91469
2026-05-21 19:00:00,0.91468,0.91472,0.91452,0.91464
2026-05-21 19:15:00,0.91464,0.91475,0.91463,0.91474
2026-05-21 19:30:00,0.91474,0.91482,0.91467,0.91473
2026-05-21 19:45:00,0.91472,0.91485,0.91467,0.9147
2026-05-21 20:00:00,0.91469,0.91476,0.91434,0.91447
2026-05-21 20:15:00,0.91446,0.91461,0.91421,0.91429
2026-05-21 20:30:00,0.91428,0.91428,0.9139,0.91393
2026-05-21 20:45:00,0.91393,0.91408,0.91381,0.91395
2026-05-21 21:00:00,0.91396,0.91419,0.91386,0.91413
2026-05-21 21:15:00,0.91413,0.91414,0.91392,0.91408
2026-05-21 21:30:00,0.91409,0.91414,0.91392,0.91394
2026-05-21 21:45:00,0.91393,0.91431,0.91392,0.9142
2026-05-21 22:00:00,0.91422,0.91424,0.91398,0.91411
2026-05-21 22:15:00,0.9141,0.91411,0.91383,0.91395
2026-05-21 22:30:00,0.91395,0.91396,0.91372,0.91386
2026-05-21 22:45:00,0.91386,0.91388,0.91361,0.91363
2026-05-21 23:00:00,0.91364,0.91378,0.9136,0.91376
2026-05-21 23:15:00,0.91376,0.91384,0.91369,0.91381
2026-05-21 23:30:00,0.91381,0.91388,0.91375,0.91387
2026-05-21 23:45:00,0.91386,0.91391,0.91381,0.91382
2026-05-22 00:00:00,0.91342,0.9139,0.91342,0.91371
2026-05-22 00:15:00,0.91371,0.9139,0.91347,0.91347
2026-05-22 00:30:00,0.91353,0.91421,0.91345,0.91397
2026-05-22 00:45:00,0.91397,0.91415,0.91352,0.91352
2026-05-22 01:00:00,0.91363,0.91399,0.91362,0.91386
2026-05-22 01:15:00,0.91384,0.91391,0.91378,0.91384
2026-05-22 01:30:00,0.91383,0.91389,0.91383,0.91386
2026-05-22 01:45:00,0.91387,0.91387,0.91376,0.91377
2026-05-22 02:00:00,0.91378,0.91388,0.91374,0.91386
2026-05-22 02:15:00,0.91386,0.91391,0.91381,0.91384
2026-05-22 02:30:00,0.91383,0.91394,0.91382,0.91393
2026-05-22 02:45:00,0.91394,0.91394,0.91381,0.91383
2026-05-22 03:00:00,0.91382,0.91385,0.91377,0.91378
2026-05-22 03:15:00,0.91377,0.91392,0.91377,0.91383
2026-05-22 03:30:00,0.91383,0.9139,0.91376,0.91389
2026-05-22 03:45:00,0.9139,0.91395,0.91379,0.91394
2026-05-22 04:00:00,0.91394,0.91397,0.91382,0.91395
2026-05-22 04:15:00,0.91395,0.91402,0.91392,0.91397
2026-05-22 04:30:00,0.91397,0.91399,0.91386,0.91387
2026-05-22 04:45:00,0.91387,0.91388,0.91377,0.91381
2026-05-22 05:00:00,0.91382,0.91385,0.91376,0.91382
2026-05-22 05:15:00,0.91381,0.91382,0.91371,0.91373
2026-05-22 05:30:00,0.91373,0.91374,0.91357,0.91362
2026-05-22 05:45:00,0.91362,0.91365,0.91349,0.9135
2026-05-22 06:00:00,0.91351,0.91353,0.91348,0.91352
2026-05-22 06:15:00,0.91352,0.91354,0.9135,0.91353
2026-05-22 06:30:00,0.91354,0.91361,0.91353,0.91359
2026-05-22 06:45:00,0.91358,0.91359,0.91352,0.91358
2026-05-22 07:00:00,0.91359,0.91361,0.91339,0.91342
2026-05-22 07:15:00,0.91342,0.91343,0.91328,0.91332
2026-05-22 07:30:00,0.91331,0.91344,0.9133,0.91341
2026-05-22 07:45:00,0.91341,0.91342,0.9133,0.91335
2026-05-22 08:00:00,0.91335,0.91343,0.91332,0.9134
2026-05-22 08:15:00,0.9134,0.91356,0.91336,0.91353
2026-05-22 08:30:00,0.91352,0.91354,0.91345,0.91351
2026-05-22 08:45:00,0.91351,0.91375,0.91351,0.9137
2026-05-22 09:00:00,0.9137,0.9138,0.91346,0.91358
2026-05-22 09:15:00,0.91358,0.91362,0.9134,0.91349
2026-05-22 09:30:00,0.91349,0.91358,0.91345,0.91354
2026-05-22 09:45:00,0.91354,0.91369,0.91336,0.91337
2026-05-22 10:00:00,0.91337,0.91375,0.9133,0.91373
2026-05-22 10:15:00,0.91372,0.91385,0.91316,0.91321
2026-05-22 10:30:00,0.91322,0.91325,0.9126,0.91273
2026-05-22 10:45:00,0.91272,0.91275,0.91253,0.91267
2026-05-22 11:00:00,0.91267,0.91282,0.91254,0.91268
2026-05-22 11:15:00,0.91269,0.91275,0.91236,0.91236
2026-05-22 11:30:00,0.91238,0.91245,0.91213,0.91219
2026-05-22 11:45:00,0.91219,0.91264,0.91218,0.91264
2026-05-22 12:00:00,0.91264,0.91264,0.91208,0.91214
2026-05-22 12:15:00,0.91216,0.91226,0.91197,0.91226
2026-05-22 12:30:00,0.91224,0.91232,0.912,0.91204
2026-05-22 12:45:00,0.91203,0.91244,0.91203,0.91228
2026-05-22 13:00:00,0.91228,0.91236,0.91192,0.91193
2026-05-22 13:15:00,0.91192,0.91207,0.91188,0.91199
2026-05-22 13:30:00,0.91198,0.91232,0.91198,0.91217
2026-05-22 13:45:00,0.91217,0.91247,0.91213,0.91247
2026-05-22 14:00:00,0.91247,0.91252,0.91225,0.91251
2026-05-22 14:15:00,0.91251,0.91255,0.91223,0.91231
2026-05-22 14:30:00,0.91231,0.91248,0.91229,0.91242
2026-05-22 14:45:00,0.91241,0.91241,0.91185,0.91187
2026-05-22 15:00:00,0.91186,0.91196,0.91168,0.91172
2026-05-22 15:15:00,0.91172,0.91193,0.91162,0.91178
2026-05-22 15:30:00,0.91178,0.91204,0.91177,0.91197
2026-05-22 15:45:00,0.91198,0.91204,0.91178,0.91186
2026-05-22 16:00:00,0.91186,0.91193,0.91152,0.91159
2026-05-22 16:15:00,0.91159,0.91164,0.91142,0.91155
2026-05-22 16:30:00,0.91156,0.9116,0.91132,0.91156
2026-05-22 16:45:00,0.91156,0.91198,0.9115,0.91183
2026-05-22 17:00:00,0.91183,0.91214,0.91181,0.91199
2026-05-22 17:15:00,0.912,0.91239,0.91197,0.91229
2026-05-22 17:30:00,0.91229,0.91255,0.91223,0.91249
2026-05-22 17:45:00,0.91249,0.91253,0.91144,0.9115
2026-05-22 18:00:00,0.91151,0.91183,0.91151,0.91179
2026-05-22 18:15:00,0.9118,0.91182,0.91158,0.91169
2026-05-22 18:30:00,0.9117,0.91172,0.91142,0.91159
2026-05-22 18:45:00,0.91159,0.91174,0.91152,0.91166
2026-05-22 19:00:00,0.91167,0.9117,0.91113,0.91129
2026-05-22 19:15:00,0.91129,0.91143,0.91074,0.91097
2026-05-22 19:30:00,0.91096,0.91098,0.91057,0.9108
2026-05-22 19:45:00,0.91079,0.9108,0.91054,0.91066
2026-05-22 20:00:00,0.91067,0.91081,0.91045,0.91073
2026-05-22 20:15:00,0.91073,0.91093,0.9107,0.91084
2026-05-22 20:30:00,0.91084,0.91088,0.91059,0.91088
2026-05-22 20:45:00,0.91087,0.91107,0.91082,0.91098
2026-05-22 21:00:00,0.91098,0.91105,0.91081,0.91104
2026-05-22 21:15:00,0.91106,0.91107,0.91093,0.91098
2026-05-22 21:30:00,0.91099,0.91101,0.91075,0.9108
2026-05-22 21:45:00,0.9108,0.91091,0.91071,0.91089
2026-05-22 22:00:00,0.91088,0.9111,0.91082,0.91098
2026-05-22 22:15:00,0.91098,0.91101,0.91091,0.91096
2026-05-22 22:30:00,0.91096,0.91102,0.91094,0.91097
2026-05-22 22:45:00,0.91097,0.91102,0.91085,0.9109
2026-05-22 23:00:00,0.91089,0.91093,0.9108,0.91086
2026-05-22 23:15:00,0.91087,0.91088,0.91078,0.91083
2026-05-22 23:30:00,0.91084,0.91085,0.91064,0.91071
2026-05-22 23:45:00,0.9107,0.91086,0.91054,0.9107
2026-05-25 00:00:00,0.91188,0.91213,0.91097,0.91207
2026-05-25 00:15:00,0.91206,0.91227,0.91175,0.91215
2026-05-25 00:30:00,0.91214,0.91214,0.91176,0.9119
2026-05-25 00:45:00,0.91182,0.91231,0.91161,0.9123
2026-05-25 01:00:00,0.91231,0.91231,0.91058,0.91082
2026-05-25 01:15:00,0.9108,0.91089,0.91069,0.91069
2026-05-25 01:30:00,0.91067,0.91072,0.91053,0.91057
2026-05-25 01:45:00,0.91056,0.91059,0.91049,0.9105
2026-05-25 02:00:00,0.9105,0.91061,0.91047,0.91055
2026-05-25 02:15:00,0.91056,0.9106,0.91049,0.91055
2026-05-25 02:30:00,0.91055,0.91065,0.91045,0.91056
2026-05-25 02:45:00,0.91057,0.91076,0.91051,0.91074
2026-05-25 03:00:00,0.91074,0.91078,0.91047,0.91055
2026-05-25 03:15:00,0.91056,0.91067,0.91052,0.91059
2026-05-25 03:30:00,0.9106,0.91064,0.91053,0.91057
2026-05-25 03:45:00,0.91057,0.91059,0.9104,0.91047
2026-05-25 04:00:00,0.91048,0.9105,0.91034,0.91034
2026-05-25 04:15:00,0.91034,0.91045,0.91028,0.91035
2026-05-25 04:30:00,0.91034,0.9104,0.91029,0.91032
2026-05-25 04:45:00,0.91032,0.91039,0.91028,0.91035
2026-05-25 05:00:00,0.91034,0.91036,0.9102,0.91021
2026-05-25 05:15:00,0.91021,0.91025,0.91019,0.91024
2026-05-25 05:30:00,0.91024,0.91025,0.91018,0.91023
2026-05-25 05:45:00,0.91023,0.91029,0.91015,0.9102
2026-05-25 06:00:00,0.9102,0.91025,0.91014,0.91015
2026-05-25 06:15:00,0.91014,0.91028,0.91014,0.91022
2026-05-25 06:30:00,0.91022,0.91022,0.91013,0.91015
2026-05-25 06:45:00,0.91014,0.9103,0.91014,0.91027
2026-05-25 07:00:00,0.91028,0.91037,0.91026,0.91031
2026-05-25 07:15:00,0.9103,0.91037,0.91026,0.91028
2026-05-25 07:30:00,0.91027,0.91033,0.91026,0.91031
2026-05-25 07:45:00,0.91031,0.91038,0.91027,0.91027
2026-05-25 08:00:00,0.91028,0.91031,0.91016,0.91022
2026-05-25 08:15:00,0.91022,0.9103,0.91017,0.9103
2026-05-25 08:30:00,0.91031,0.91036,0.91026,0.91031
2026-05-25 08:45:00,0.91032,0.91037,0.91028,0.91034
2026-05-25 09:00:00,0.91034,0.91043,0.91016,0.91016
2026-05-25 09:15:00,0.91016,0.91016,0.91005,0.91011
2026-05-25 09:30:00,0.9101,0.91011,0.9099,0.90999
2026-05-25 09:45:00,0.90998,0.91017,0.90988,0.9099
2026-05-25 10:00:00,0.9099,0.90997,0.90971,0.90973
2026-05-25 10:15:00,0.90975,0.90999,0.90973,0.90991
2026-05-25 10:30:00,0.90991,0.90999,0.90986,0.90999
2026-05-25 10:45:00,0.90999,0.91003,0.90988,0.91
2026-05-25 11:00:00,0.90999,0.91009,0.90987,0.90994
2026-05-25 11:15:00,0.90995,0.91027,0.90993,0.91026
2026-05-25 11:30:00,0.91027,0.91037,0.91015,0.91033
2026-05-25 11:45:00,0.91034,0.91038,0.91015,0.91017
2026-05-25 12:00:00,0.91017,0.91022,0.90984,0.90984
2026-05-25 12:15:00,0.90984,0.90994,0.90978,0.90992
2026-05-25 12:30:00,0.90991,0.90993,0.90972,0.90978
2026-05-25 12:45:00,0.90977,0.90993,0.90975,0.90986
2026-05-25 13:00:00,0.90986,0.90994,0.90979,0.90986
2026-05-25 13:15:00,0.90987,0.90989,0.9098,0.90984
2026-05-25 13:30:00,0.90984,0.90987,0.90964,0.90968
2026-05-25 13:45:00,0.90969,0.90982,0.90964,0.90978
2026-05-25 14:00:00,0.90978,0.90982,0.90969,0.90972
2026-05-25 14:15:00,0.90973,0.90983,0.90969,0.90978
2026-05-25 14:30:00,0.90979,0.90993,0.90972,0.90983
2026-05-25 14:45:00,0.90984,0.90992,0.90974,0.9098
2026-05-25 15:00:00,0.90982,0.90993,0.90967,0.9099
2026-05-25 15:15:00,0.90989,0.90993,0.90969,0.90974
2026-05-25 15:30:00,0.90975,0.90989,0.90966,0.90982
2026-05-25 15:45:00,0.90981,0.9099,0.90975,0.90981
2026-05-25 16:00:00,0.9098,0.91015,0.90979,0.91013
2026-05-25 16:15:00,0.91012,0.91086,0.91012,0.91084
2026-05-25 16:30:00,0.91085,0.91189,0.91082,0.91128
2026-05-25 16:45:00,0.91127,0.91167,0.91127,0.91148
2026-05-25 17:00:00,0.91149,0.91171,0.91144,0.91166
2026-05-25 17:15:00,0.91166,0.91177,0.91161,0.91166
2026-05-25 17:30:00,0.91166,0.91181,0.9116,0.9116
2026-05-25 17:45:00,0.9116,0.91174,0.91154,0.91157
2026-05-25 18:00:00,0.91157,0.91207,0.91157,0.91164
2026-05-25 18:15:00,0.91162,0.91169,0.91151,0.91158
2026-05-25 18:30:00,0.91158,0.9117,0.91154,0.91157
2026-05-25 18:45:00,0.91157,0.91158,0.91136,0.91142
2026-05-25 19:00:00,0.91141,0.91166,0.91141,0.91157
2026-05-25 19:15:00,0.91158,0.91165,0.91154,0.91157
2026-05-25 19:30:00,0.91156,0.91173,0.91154,0.91165
2026-05-25 19:45:00,0.91165,0.91166,0.9115,0.9115
2026-05-25 20:00:00,0.91151,0.91157,0.91148,0.91152
2026-05-25 20:15:00,0.91151,0.91151,0.9114,0.91145
2026-05-25 20:30:00,0.91145,0.91148,0.91129,0.91129
2026-05-25 20:45:00,0.91129,0.91131,0.91123,0.91123
2026-05-25 21:00:00,0.91123,0.91125,0.91118,0.91118
2026-05-25 21:15:00,0.9112,0.91122,0.91117,0.91117
2026-05-25 21:30:00,0.91117,0.91121,0.91114,0.91116
2026-05-25 21:45:00,0.91115,0.91117,0.91109,0.91113
2026-05-25 22:00:00,0.91113,0.91119,0.91113,0.91119
2026-05-25 22:15:00,0.91119,0.91119,0.91113,0.91116
2026-05-25 22:30:00,0.91116,0.91118,0.91109,0.91111
2026-05-25 22:45:00,0.91111,0.91114,0.9111,0.91112
2026-05-25 23:00:00,0.91112,0.91114,0.9111,0.91114
2026-05-25 23:15:00,0.91114,0.91119,0.91113,0.91119
2026-05-25 23:30:00,0.91119,0.9113,0.91115,0.9113
2026-05-25 23:45:00,0.91129,0.9113,0.91117,0.91117
2026-05-26 00:00:00,0.90948,0.91104,0.90935,0.91104
2026-05-26 00:15:00,0.91104,0.91104,0.91102,0.91104
2026-05-26 00:30:00,0.91104,0.91121,0.91104,0.91111
2026-05-26 00:45:00,0.91106,0.91127,0.91102,0.91119
2026-05-26 01:00:00,0.91121,0.91143,0.91104,0.91119
2026-05-26 01:15:00,0.9112,0.91125,0.91114,0.91125
2026-05-26 01:30:00,0.91125,0.91125,0.91117,0.91121
2026-05-26 01:45:00,0.91122,0.91128,0.91121,0.91124
2026-05-26 02:00:00,0.91123,0.91131,0.91123,0.91128
2026-05-26 02:15:00,0.91129,0.91133,0.91126,0.91131
2026-05-26 02:30:00,0.91131,0.9114,0.9113,0.9113
2026-05-26 02:45:00,0.9113,0.9114,0.91129,0.9114
2026-05-26 03:00:00,0.9114,0.91172,0.91139,0.91167
2026-05-26 03:15:00,0.91167,0.91179,0.91162,0.91167
2026-05-26 03:30:00,0.91166,0.91169,0.91153,0.9116
2026-05-26 03:45:00,0.9116,0.91171,0.91152,0.91164
2026-05-26 04:00:00,0.91165,0.91166,0.9115,0.91157
2026-05-26 04:15:00,0.91157,0.91162,0.91145,0.91151
2026-05-26 04:30:00,0.9115,0.91165,0.91147,0.91155
2026-05-26 04:45:00,0.91156,0.91159,0.91145,0.91146
2026-05-26 05:00:00,0.91145,0.9115,0.91141,0.91143
2026-05-26 05:15:00,0.91144,0.91158,0.91141,0.9115
2026-05-26 05:30:00,0.9115,0.91154,0.91141,0.91145
2026-05-26 05:45:00,0.91145,0.91152,0.91142,0.91148
2026-05-26 06:00:00,0.91149,0.91149,0.91136,0.91137
2026-05-26 06:15:00,0.91138,0.91141,0.91122,0.91126
2026-05-26 06:30:00,0.91127,0.9113,0.9112,0.91124
2026-05-26 06:45:00,0.91125,0.91126,0.91102,0.91106
2026-05-26 07:00:00,0.91106,0.91112,0.91097,0.91097
2026-05-26 07:15:00,0.91097,0.91105,0.9109,0.91103
2026-05-26 07:30:00,0.91104,0.9111,0.91102,0.91106
2026-05-26 07:45:00,0.91107,0.91117,0.91107,0.91116
2026-05-26 08:00:00,0.91116,0.91122,0.911,0.91106
2026-05-26 08:15:00,0.91105,0.91124,0.91103,0.91116
2026-05-26 08:30:00,0.91115,0.91139,0.91112,0.91139
2026-05-26 08:45:00,0.91139,0.91148,0.91134,0.91144
2026-05-26 09:00:00,0.91145,0.91174,0.91142,0.91169
2026-05-26 09:15:00,0.91168,0.91179,0.91157,0.91176
2026-05-26 09:30:00,0.91177,0.91244,0.91176,0.91227
2026-05-26 09:45:00,0.91227,0.91345,0.91227,0.91315
2026-05-26 10:00:00,0.91313,0.91316,0.91258,0.91263
2026-05-26 10:15:00,0.91263,0.91313,0.91254,0.91308
2026-05-26 10:30:00,0.91308,0.91325,0.91287,0.91293
2026-05-26 10:45:00,0.91292,0.913,0.91277,0.91281
2026-05-26 11:00:00,0.91282,0.91293,0.91274,0.91283
2026-05-26 11:15:00,0.91284,0.91316,0.91273,0.91289
2026-05-26 11:30:00,0.91288,0.91312,0.91288,0.91301
2026-05-26 11:45:00,0.913,0.91312,0.91293,0.91301
2026-05-26 12:00:00,0.913,0.91305,0.91257,0.91303
2026-05-26 12:15:00,0.91303,0.91325,0.91295,0.91295
2026-05-26 12:30:00,0.91296,0.91307,0.91277,0.91305
2026-05-26 12:45:00,0.91304,0.91305,0.9128,0.91303
2026-05-26 13:00:00,0.91305,0.91323,0.91303,0.91312
2026-05-26 13:15:00,0.91313,0.91318,0.9129,0.91294
2026-05-26 13:30:00,0.91294,0.91307,0.91276,0.91297
2026-05-26 13:45:00,0.91297,0.91343,0.91281,0.9133
2026-05-26 14:00:00,0.91333,0.91343,0.91322,0.91328
2026-05-26 14:15:00,0.91328,0.9134,0.91324,0.91335
2026-05-26 14:30:00,0.91335,0.91376,0.91327,0.91369
2026-05-26 14:45:00,0.9137,0.91371,0.91347,0.9137
2026-05-26 15:00:00,0.91371,0.91374,0.91343,0.91361
2026-05-26 15:15:00,0.91359,0.91361,0.91324,0.91347
2026-05-26 15:30:00,0.91348,0.91359,0.91342,0.91349
2026-05-26 15:45:00,0.91349,0.9135,0.91314,0.9132
2026-05-26 16:00:00,0.91318,0.91335,0.91305,0.91332
2026-05-26 16:15:00,0.91332,0.91342,0.91299,0.9131
2026-05-26 16:30:00,0.91309,0.9131,0.91263,0.9128
2026-05-26 16:45:00,0.91279,0.91301,0.91272,0.91284
2026-05-26 17:00:00,0.91286,0.91299,0.91236,0.91242
2026-05-26 17:15:00,0.91243,0.91286,0.91236,0.91259
2026-05-26 17:30:00,0.91259,0.91262,0.91231,0.91249
2026-05-26 17:45:00,0.91249,0.91309,0.91244,0.91306
2026-05-26 18:00:00,0.91306,0.91323,0.91302,0.91306
2026-05-26 18:15:00,0.91306,0.91323,0.913,0.91322
2026-05-26 18:30:00,0.91322,0.91358,0.91318,0.91357
2026-05-26 18:45:00,0.91356,0.91357,0.91332,0.91332
2026-05-26 19:00:00,0.9133,0.91355,0.91329,0.91352
2026-05-26 19:15:00,0.91352,0.91361,0.91326,0.91335
2026-05-26 19:30:00,0.91336,0.91343,0.91323,0.91338
2026-05-26 19:45:00,0.91337,0.9134,0.91332,0.91337
2026-05-26 20:00:00,0.91337,0.91352,0.91331,0.91351
2026-05-26 20:15:00,0.91351,0.91356,0.9133,0.91336
2026-05-26 20:30:00,0.91337,0.91348,0.91332,0.91344
2026-05-26 20:45:00,0.91343,0.91356,0.91341,0.91354
2026-05-26 21:00:00,0.91354,0.91361,0.91352,0.91355
2026-05-26 21:15:00,0.91355,0.91361,0.91349,0.91359
2026-05-26 21:30:00,0.91359,0.91372,0.91358,0.9137
2026-05-26 21:45:00,0.91371,0.91375,0.91354,0.91369
2026-05-26 22:00:00,0.91369,0.9138,0.91368,0.91379
2026-05-26 22:15:00,0.91379,0.91386,0.91374,0.91378
2026-05-26 22:30:00,0.91378,0.91384,0.91372,0.9138
2026-05-26 22:45:00,0.9138,0.91405,0.91377,0.91401
2026-05-26 23:00:00,0.91401,0.91404,0.91383,0.91387
2026-05-26 23:15:00,0.91388,0.91394,0.91383,0.91388
2026-05-26 23:30:00,0.91387,0.91392,0.91385,0.91386
2026-05-26 23:45:00,0.91387,0.91388,0.9138,0.91383
2026-05-27 00:00:00,0.91264,0.9138,0.91172,0.9138
2026-05-27 00:15:00,0.9138,0.9138,0.91351,0.91361
2026-05-27 00:30:00,0.9136,0.91395,0.91351,0.91364
2026-05-27 00:45:00,0.91364,0.91394,0.91361,0.91371
2026-05-27 01:00:00,0.91383,0.91391,0.9137,0.91371
2026-05-27 01:15:00,0.91373,0.91388,0.91369,0.91374
2026-05-27 01:30:00,0.91374,0.91382,0.91373,0.91375
2026-05-27 01:45:00,0.91376,0.91377,0.9137,0.9137
2026-05-27 02:00:00,0.91372,0.91378,0.9137,0.91375
2026-05-27 02:15:00,0.91374,0.91374,0.91367,0.91372
2026-05-27 02:30:00,0.91372,0.91376,0.91368,0.91369
2026-05-27 02:45:00,0.91369,0.91372,0.91362,0.91367
2026-05-27 03:00:00,0.91366,0.91375,0.9136,0.91371
2026-05-27 03:15:00,0.91372,0.91375,0.91366,0.91369
2026-05-27 03:30:00,0.9137,0.91379,0.91363,0.91377
2026-05-27 03:45:00,0.91377,0.91393,0.91375,0.9138
2026-05-27 04:00:00,0.91379,0.91383,0.91369,0.9138
2026-05-27 04:15:00,0.91379,0.91397,0.91379,0.91397
2026-05-27 04:30:00,0.91396,0.91398,0.91384,0.91387
2026-05-27 04:45:00,0.91386,0.91395,0.91385,0.9139
2026-05-27 05:00:00,0.9139,0.9139,0.91375,0.91386
2026-05-27 05:15:00,0.91386,0.91392,0.91379,0.91383
2026-05-27 05:30:00,0.91383,0.91397,0.91381,0.91391
2026-05-27 05:45:00,0.91393,0.91409,0.91392,0.91405
2026-05-27 06:00:00,0.91406,0.91407,0.91386,0.91387
2026-05-27 06:15:00,0.91388,0.91401,0.91384,0.91397
2026-05-27 06:30:00,0.91396,0.91404,0.9139,0.91402
2026-05-27 06:45:00,0.91402,0.91403,0.91395,0.91403
2026-05-27 07:00:00,0.91402,0.91405,0.91398,0.91403
2026-05-27 07:15:00,0.91402,0.91405,0.91397,0.91398
2026-05-27 07:30:00,0.91398,0.91401,0.91394,0.91396
2026-05-27 07:45:00,0.91397,0.914,0.91395,0.91399
2026-05-27 08:00:00,0.914,0.91403,0.91394,0.91399
2026-05-27 08:15:00,0.91399,0.91409,0.91396,0.91406
2026-05-27 08:30:00,0.91405,0.91409,0.914,0.91408
2026-05-27 08:45:00,0.91407,0.9142,0.914,0.91406
2026-05-27 09:00:00,0.91407,0.91414,0.91399,0.91413
2026-05-27 09:15:00,0.91412,0.91435,0.9141,0.9143
2026-05-27 09:30:00,0.9143,0.91456,0.91399,0.91401
2026-05-27 09:45:00,0.91403,0.9141,0.91397,0.91397
2026-05-27 10:00:00,0.91397,0.9142,0.91384,0.9141
2026-05-27 10:15:00,0.91409,0.91411,0.91376,0.91379
2026-05-27 10:30:00,0.91379,0.91445,0.91373,0.91443
2026-05-27 10:45:00,0.91444,0.91478,0.9144,0.91452
2026-05-27 11:00:00,0.91451,0.91472,0.91434,0.91464
2026-05-27 11:15:00,0.91464,0.91482,0.9146,0.91472
2026-05-27 11:30:00,0.91471,0.91526,0.91458,0.91503
2026-05-27 11:45:00,0.91504,0.91547,0.91493,0.91544
2026-05-27 12:00:00,0.91543,0.91544,0.91504,0.91506
2026-05-27 12:15:00,0.91506,0.91521,0.91481,0.91482
2026-05-27 12:30:00,0.91483,0.91513,0.9148,0.91511
2026-05-27 12:45:00,0.91512,0.91512,0.91478,0.91495
2026-05-27 13:00:00,0.91494,0.9151,0.91483,0.91497
2026-05-27 13:15:00,0.91496,0.91509,0.91483,0.91486
2026-05-27 13:30:00,0.91486,0.91496,0.9146,0.91467
2026-05-27 13:45:00,0.91468,0.9149,0.91461,0.91488
2026-05-27 14:00:00,0.91487,0.91516,0.9148,0.91509
2026-05-27 14:15:00,0.91509,0.91528,0.91507,0.91516
2026-05-27 14:30:00,0.91515,0.91542,0.91514,0.91524
2026-05-27 14:45:00,0.91525,0.91531,0.9151,0.91525
2026-05-27 15:00:00,0.91526,0.91534,0.91505,0.91509
2026-05-27 15:15:00,0.91508,0.9153,0.9144,0.91472
2026-05-27 15:30:00,0.91471,0.91483,0.91434,0.91442
2026-05-27 15:45:00,0.91443,0.91451,0.91423,0.91434
2026-05-27 16:00:00,0.91436,0.91444,0.91415,0.91421
2026-05-27 16:15:00,0.91421,0.91455,0.91411,0.91442
2026-05-27 16:30:00,0.91444,0.9145,0.91413,0.91416
2026-05-27 16:45:00,0.91416,0.91443,0.91416,0.91427
2026-05-27 17:00:00,0.91425,0.91438,0.91419,0.91428
2026-05-27 17:15:00,0.91427,0.91449,0.91402,0.91439
2026-05-27 17:30:00,0.91439,0.91477,0.91434,0.91467
2026-05-27 17:45:00,0.91466,0.91485,0.91457,0.91458
2026-05-27 18:00:00,0.91459,0.91494,0.91446,0.91471
2026-05-27 18:15:00,0.91471,0.91491,0.91459,0.91481
2026-05-27 18:30:00,0.91481,0.91512,0.9147,0.91511
2026-05-27 18:45:00,0.9151,0.91539,0.91497,0.91538
2026-05-27 19:00:00,0.91538,0.91561,0.9153,0.91537
2026-05-27 19:15:00,0.91538,0.91549,0.91495,0.9151
2026-05-27 19:30:00,0.9151,0.91525,0.915,0.91501
2026-05-27 19:45:00,0.91502,0.91505,0.9149,0.91492
2026-05-27 20:00:00,0.91491,0.91521,0.91489,0.91493
2026-05-27 20:15:00,0.91492,0.91503,0.9149,0.91499
2026-05-27 20:30:00,0.91498,0.915,0.91489,0.91489
2026-05-27 20:45:00,0.91488,0.91506,0.91488,0.91501
2026-05-27 21:00:00,0.915,0.91517,0.91499,0.91517
2026-05-27 21:15:00,0.91516,0.91517,0.91501,0.91504
2026-05-27 21:30:00,0.91505,0.91505,0.91483,0.9149
2026-05-27 21:45:00,0.91489,0.91503,0.9148,0.91501
2026-05-27 22:00:00,0.91501,0.91503,0.9149,0.91494
2026-05-27 22:15:00,0.91494,0.91501,0.91492,0.91493
2026-05-27 22:30:00,0.91494,0.91506,0.91492,0.91499
2026-05-27 22:45:00,0.91499,0.91518,0.91499,0.91511
2026-05-27 23:00:00,0.91512,0.91519,0.91501,0.91506
2026-05-27 23:15:00,0.91505,0.91515,0.91505,0.91511
2026-05-27 23:30:00,0.91513,0.91515,0.91503,0.91507
2026-05-27 23:45:00,0.91506,0.91515,0.91499,0.91501
2026-05-28 00:00:00,0.91323,0.91474,0.91323,0.91474
2026-05-28 00:15:00,0.91473,0.91476,0.91462,0.91467
2026-05-28 00:30:00,0.91465,0.91501,0.91465,0.91483
2026-05-28 00:45:00,0.91483,0.91504,0.91459,0.91482
2026-05-28 01:00:00,0.91483,0.9151,0.91472,0.91508
2026-05-28 01:15:00,0.91508,0.91512,0.91499,0.91502
2026-05-28 01:30:00,0.91503,0.91509,0.915,0.91502
2026-05-28 01:45:00,0.91502,0.91504,0.91498,0.915
2026-05-28 02:00:00,0.91501,0.91511,0.915,0.9151
2026-05-28 02:15:00,0.91511,0.91525,0.91508,0.91523
2026-05-28 02:30:00,0.91524,0.91536,0.9152,0.91534
2026-05-28 02:45:00,0.91535,0.91537,0.91523,0.91531
2026-05-28 03:00:00,0.9153,0.91556,0.91529,0.91555
2026-05-28 03:15:00,0.91555,0.91565,0.91549,0.91562
2026-05-28 03:30:00,0.91562,0.91564,0.91551,0.91554
2026-05-28 03:45:00,0.91554,0.91556,0.91543,0.91549
2026-05-28 04:00:00,0.91548,0.9156,0.91547,0.91555
2026-05-28 04:15:00,0.91554,0.91564,0.91554,0.91561
2026-05-28 04:30:00,0.91561,0.91572,0.91556,0.91569
2026-05-28 04:45:00,0.9157,0.91578,0.91558,0.9156
2026-05-28 05:00:00,0.9156,0.91563,0.91548,0.91549
2026-05-28 05:15:00,0.91549,0.91554,0.91539,0.9154
2026-05-28 05:30:00,0.91541,0.91552,0.91535,0.91551
2026-05-28 05:45:00,0.91551,0.91567,0.91551,0.91565
2026-05-28 06:00:00,0.91564,0.91568,0.91552,0.91552
2026-05-28 06:15:00,0.91552,0.91576,0.91543,0.91565
2026-05-28 06:30:00,0.91565,0.91601,0.91561,0.91571
2026-05-28 06:45:00,0.9157,0.91572,0.91522,0.91522
2026-05-28 07:00:00,0.91521,0.91546,0.91518,0.91527
2026-05-28 07:15:00,0.91528,0.91538,0.91524,0.91526
2026-05-28 07:30:00,0.91527,0.9153,0.91512,0.91522
2026-05-28 07:45:00,0.91521,0.91527,0.91518,0.91522
2026-05-28 08:00:00,0.91521,0.91524,0.91507,0.91508
2026-05-28 08:15:00,0.91508,0.91513,0.915,0.91509
2026-05-28 08:30:00,0.91509,0.91509,0.91485,0.91504
2026-05-28 08:45:00,0.91503,0.91509,0.91476,0.9148
2026-05-28 09:00:00,0.91481,0.91498,0.9148,0.91489
2026-05-28 09:15:00,0.91489,0.91496,0.9148,0.91482
2026-05-28 09:30:00,0.91482,0.91482,0.91448,0.91458
2026-05-28 09:45:00,0.91457,0.91464,0.91446,0.91458
2026-05-28 10:00:00,0.91457,0.91488,0.91444,0.91484
2026-05-28 10:15:00,0.91485,0.91494,0.91478,0.91492
2026-05-28 10:30:00,0.91492,0.91527,0.91484,0.91513
2026-05-28 10:45:00,0.91514,0.91537,0.91496,0.9153
2026-05-28 11:00:00,0.9153,0.91593,0.91525,0.9159
2026-05-28 11:15:00,0.91589,0.91605,0.9157,0.91594
2026-05-28 11:30:00,0.91593,0.91641,0.91591,0.91636
2026-05-28 11:45:00,0.91637,0.91646,0.91627,0.91631
2026-05-28 12:00:00,0.9163,0.91633,0.91577,0.91585
2026-05-28 12:15:00,0.91584,0.91635,0.91581,0.9163
2026-05-28 12:30:00,0.9163,0.91656,0.9163,0.91652
2026-05-28 12:45:00,0.91652,0.91667,0.91643,0.91648
2026-05-28 13:00:00,0.91648,0.91695,0.91647,0.91677
2026-05-28 13:15:00,0.91676,0.91683,0.91667,0.91671
2026-05-28 13:30:00,0.91671,0.91686,0.91668,0.91673
2026-05-28 13:45:00,0.91673,0.91681,0.91644,0.91645
2026-05-28 14:00:00,0.91646,0.91652,0.91634,0.91635
2026-05-28 14:15:00,0.91635,0.9165,0.91622,0.91623
2026-05-28 14:30:00,0.91623,0.91644,0.91618,0.91634
2026-05-28 14:45:00,0.91635,0.91679,0.91629,0.91645
2026-05-28 15:00:00,0.91645,0.91672,0.91638,0.91644
2026-05-28 15:15:00,0.91645,0.91651,0.91613,0.91614
2026-05-28 15:30:00,0.91613,0.91627,0.91568,0.91582
2026-05-28 15:45:00,0.91592,0.91592,0.91543,0.91565
2026-05-28 16:00:00,0.91555,0.91579,0.91538,0.91554
2026-05-28 16:15:00,0.91554,0.91589,0.91532,0.91534
2026-05-28 16:30:00,0.91534,0.91557,0.91515,0.91525
2026-05-28 16:45:00,0.91526,0.91564,0.91511,0.91544
2026-05-28 17:00:00,0.91544,0.91578,0.91476,0.91504
2026-05-28 17:15:00,0.91505,0.91538,0.91487,0.91523
2026-05-28 17:30:00,0.91523,0.91531,0.91468,0.9147
2026-05-28 17:45:00,0.91471,0.91487,0.91396,0.91413
2026-05-28 18:00:00,0.91414,0.91434,0.91387,0.91399
2026-05-28 18:15:00,0.91398,0.91414,0.91383,0.91386
2026-05-28 18:30:00,0.91385,0.91401,0.91374,0.91376
2026-05-28 18:45:00,0.91377,0.91401,0.91373,0.91383
2026-05-28 19:00:00,0.91385,0.91393,0.91374,0.91382
2026-05-28 19:15:00,0.91381,0.91389,0.91345,0.91369
2026-05-28 19:30:00,0.91368,0.91376,0.91338,0.91354
2026-05-28 19:45:00,0.91354,0.91364,0.91338,0.91342
2026-05-28 20:00:00,0.91342,0.91363,0.91339,0.91355
2026-05-28 20:15:00,0.91356,0.91364,0.91344,0.91347
2026-05-28 20:30:00,0.91347,0.91348,0.91333,0.9134
2026-05-28 20:45:00,0.91339,0.91343,0.9132,0.9132
2026-05-28 21:00:00,0.9132,0.91323,0.913,0.91305
2026-05-28 21:15:00,0.91306,0.91318,0.913,0.91314
2026-05-28 21:30:00,0.91315,0.91329,0.91314,0.91322
2026-05-28 21:45:00,0.91321,0.91335,0.91319,0.91331
2026-05-28 22:00:00,0.91331,0.91333,0.91306,0.91307
2026-05-28 22:15:00,0.91307,0.91315,0.91305,0.91312
2026-05-28 22:30:00,0.91313,0.9132,0.91299,0.913
2026-05-28 22:45:00,0.91301,0.91305,0.91293,0.91302
2026-05-28 23:00:00,0.91302,0.91303,0.91295,0.91296
2026-05-28 23:15:00,0.91296,0.91305,0.91296,0.91299
2026-05-28 23:30:00,0.913,0.91317,0.91299,0.91314
2026-05-28 23:45:00,0.91314,0.91332,0.91311,0.91326
2026-05-29 00:00:00,0.91317,0.91329,0.91287,0.91323
2026-05-29 00:15:00,0.91323,0.91323,0.91297,0.91297
2026-05-29 00:30:00,0.91303,0.91343,0.91297,0.9131
2026-05-29 00:45:00,0.91311,0.91337,0.91297,0.91321
2026-05-29 01:00:00,0.9132,0.91333,0.91307,0.91323
2026-05-29 01:15:00,0.91321,0.91321,0.91316,0.9132
2026-05-29 01:30:00,0.9132,0.91332,0.9132,0.91326
2026-05-29 01:45:00,0.91325,0.91334,0.91324,0.91333
2026-05-29 02:00:00,0.91333,0.91337,0.91326,0.91329
2026-05-29 02:15:00,0.91329,0.91333,0.91323,0.91323
2026-05-29 02:30:00,0.91324,0.91335,0.91323,0.91333
2026-05-29 02:45:00,0.91333,0.91336,0.91329,0.91335
2026-05-29 03:00:00,0.91334,0.9134,0.91325,0.91339
2026-05-29 03:15:00,0.91343,0.91344,0.91326,0.9133
2026-05-29 03:30:00,0.91329,0.91331,0.91312,0.91314
2026-05-29 03:45:00,0.91314,0.91328,0.91305,0.91307
2026-05-29 04:00:00,0.91307,0.91308,0.91283,0.91284
2026-05-29 04:15:00,0.91284,0.91289,0.91274,0.91276
2026-05-29 04:30:00,0.91277,0.91293,0.91273,0.91286
2026-05-29 04:45:00,0.91286,0.913,0.91282,0.91291
2026-05-29 05:00:00,0.9129,0.91294,0.91281,0.9129
2026-05-29 05:15:00,0.91291,0.91301,0.9129,0.91297
2026-05-29 05:30:00,0.91298,0.91303,0.91294,0.91297
2026-05-29 05:45:00,0.91297,0.91304,0.91295,0.91302
2026-05-29 06:00:00,0.91301,0.91309,0.91297,0.91299
2026-05-29 06:15:00,0.91299,0.91312,0.91298,0.91301
2026-05-29 06:30:00,0.91301,0.91306,0.9129,0.91292
2026-05-29 06:45:00,0.91292,0.91298,0.91287,0.91293
2026-05-29 07:00:00,0.91292,0.91296,0.91276,0.91277
2026-05-29 07:15:00,0.91278,0.91278,0.91259,0.91262
2026-05-29 07:30:00,0.91261,0.91268,0.91258,0.91263
2026-05-29 07:45:00,0.91263,0.91268,0.9126,0.9126
2026-05-29 08:00:00,0.91261,0.91268,0.91259,0.91262
2026-05-29 08:15:00,0.91264,0.91271,0.9126,0.91262
2026-05-29 08:30:00,0.91263,0.91269,0.9126,0.91262
2026-05-29 08:45:00,0.91263,0.91269,0.91259,0.91261
2026-05-29 09:00:00,0.91259,0.91279,0.91251,0.91264
2026-05-29 09:15:00,0.91264,0.91279,0.91261,0.91277
2026-05-29 09:30:00,0.91277,0.91319,0.91276,0.91288
2026-05-29 09:45:00,0.91288,0.91295,0.91279,0.91282
2026-05-29 10:00:00,0.91284,0.91299,0.91272,0.91272
2026-05-29 10:15:00,0.91272,0.91283,0.91252,0.91277
2026-05-29 10:30:00,0.91277,0.91289,0.91248,0.91251
2026-05-29 10:45:00,0.91252,0.91262,0.91219,0.9124
2026-05-29 11:00:00,0.91238,0.9127,0.9121,0.91269
2026-05-29 11:15:00,0.91269,0.91285,0.91248,0.91253
2026-05-29 11:30:00,0.91253,0.91263,0.91233,0.91255
2026-05-29 11:45:00,0.91255,0.91256,0.91194,0.91204
2026-05-29 12:00:00,0.91205,0.91208,0.91178,0.91203
2026-05-29 12:15:00,0.91203,0.91208,0.91184,0.91189
2026-05-29 12:30:00,0.91188,0.91245,0.9118,0.91241
2026-05-29 12:45:00,0.91241,0.91245,0.91204,0.91206
2026-05-29 13:00:00,0.91205,0.91227,0.91196,0.91204
2026-05-29 13:15:00,0.91204,0.91205,0.9118,0.91183
2026-05-29 13:30:00,0.91182,0.91187,0.91163,0.91167
2026-05-29 13:45:00,0.91166,0.91175,0.91129,0.91131
2026-05-29 14:00:00,0.9113,0.9115,0.91104,0.91138
2026-05-29 14:15:00,0.91136,0.91149,0.91109,0.91134
2026-05-29 14:30:00,0.91134,0.91137,0.91093,0.91115
2026-05-29 14:45:00,0.91115,0.91134,0.91101,0.91104
2026-05-29 15:00:00,0.91103,0.91122,0.91051,0.91054
2026-05-29 15:15:00,0.91054,0.91094,0.91054,0.91067
2026-05-29 15:30:00,0.91067,0.91096,0.91056,0.91074
2026-05-29 15:45:00,0.91073,0.91073,0.91004,0.91023
2026-05-29 16:00:00,0.91022,0.91076,0.90997,0.91074
2026-05-29 16:15:00,0.91073,0.91077,0.9103,0.9103
2026-05-29 16:30:00,0.91031,0.91037,0.90991,0.91005
2026-05-29 16:45:00,0.91006,0.91017,0.90972,0.91009
2026-05-29 17:00:00,0.91009,0.91077,0.91008,0.91043
2026-05-29 17:15:00,0.91044,0.91071,0.91026,0.91069
2026-05-29 17:30:00,0.91068,0.91145,0.91063,0.91137
2026-05-29 17:45:00,0.91137,0.91236,0.90985,0.91231
2026-05-29 18:00:00,0.91232,0.91276,0.91157,0.91269
2026-05-29 18:15:00,0.91268,0.91311,0.91234,0.91258
2026-05-29 18:30:00,0.91258,0.91263,0.91224,0.91227
